ts,cpu_total,cpu_max_core,ram_used_gb,cpu_server_pct,cpu_client_pct,gpu0_util,gpu0_memutil,gpu0_mem_mib,gpu0_power_w
1785127439.467,2.1,100.0,62.70,0.0,0.0,0,0,0,33.20
1785127440.467,6.0,100.0,62.74,21.0,0.0,0,0,0,33.11
1785127441.467,4.8,100.0,62.82,18.0,0.0,0,0,0,33.26
1785127442.468,3.7,100.0,62.83,10.0,0.0,0,0,0,33.36
1785127443.468,4.2,100.0,62.85,15.0,0.0,0,0,0,33.22
1785127444.468,6.6,100.0,62.94,27.0,0.0,0,0,0,33.21
1785127445.468,5.8,100.0,63.02,44.0,0.0,0,0,0,33.25
1785127446.468,7.7,100.0,63.15,186.1,0.0,0,0,0,33.25
1785127447.468,5.7,100.0,63.24,29.0,0.0,0,0,0,33.25
1785127448.468,12.3,100.0,63.31,27.1,0.0,0,0,0,33.20
1785127449.468,11.9,100.0,63.51,35.9,0.0,0,0,0,33.24
1785127450.468,14.1,100.0,63.63,20.0,0.0,0,0,0,33.24
1785127451.468,13.4,100.0,63.73,30.0,0.0,0,0,0,33.19
1785127452.468,7.1,100.0,63.77,17.0,0.0,0,0,0,33.19
1785127453.469,5.4,100.0,63.77,34.0,0.0,0,0,0,33.19
1785127454.469,5.5,100.0,63.77,18.0,0.0,0,0,0,33.19
1785127455.469,6.8,100.0,63.78,31.2,0.0,0,0,0,33.20
1785127456.469,6.0,100.0,63.78,70.7,0.0,0,0,0,33.15
1785127457.469,7.3,100.0,63.81,16.0,0.0,0,0,0,33.20
1785127458.469,9.8,100.0,63.85,24.0,0.0,0,0,0,33.25
1785127459.469,4.7,100.0,63.90,32.0,0.0,0,0,0,33.25
1785127460.469,6.0,100.0,63.92,28.0,0.0,0,0,0,33.24
1785127461.469,5.5,100.0,63.94,23.1,0.0,0,0,0,33.10
1785127462.469,6.1,100.0,63.98,27.9,0.0,0,0,0,33.10
1785127463.470,7.3,100.0,63.96,16.0,0.0,0,0,0,33.29
1785127464.470,13.3,100.0,64.00,40.0,0.0,0,0,0,33.29
1785127465.470,12.0,100.0,64.14,22.0,0.0,0,0,0,33.20
1785127466.470,6.8,100.0,64.16,15.0,0.0,0,0,0,33.24
1785127467.470,6.6,100.0,64.13,32.1,0.0,0,0,0,33.29
1785127468.470,7.0,100.0,64.13,42.0,0.0,0,0,0,33.24
1785127469.470,9.1,100.0,64.07,39.0,0.0,0,0,0,33.19
1785127470.470,10.7,100.0,64.32,58.0,0.0,0,0,0,33.19
1785127471.470,7.7,100.0,64.35,22.0,0.0,0,0,0,33.19
1785127472.470,5.5,100.0,64.33,17.0,0.0,0,0,0,33.19
1785127473.470,7.1,100.0,64.26,15.0,0.0,0,0,0,33.24
1785127474.471,12.8,100.0,64.30,42.0,0.0,0,0,0,33.24
1785127475.471,14.3,100.0,64.38,56.1,0.0,0,0,0,33.19
1785127476.471,7.2,100.0,64.40,27.9,0.0,0,0,0,33.19
1785127477.471,6.5,100.0,64.41,42.0,0.0,0,0,0,33.24
1785127478.471,5.6,100.0,64.41,32.0,0.0,0,0,0,33.19
1785127479.471,5.5,100.0,64.40,40.0,0.0,0,0,0,33.15
1785127480.471,6.4,100.0,64.39,28.0,0.0,0,0,0,33.15
1785127481.471,9.2,100.0,64.42,26.0,0.0,0,0,0,33.14
1785127482.471,8.2,100.0,64.54,23.0,0.0,0,0,0,33.25
1785127483.471,10.7,100.0,64.45,29.0,0.0,0,0,0,33.25
1785127484.471,9.4,100.0,64.52,33.0,0.0,0,0,0,33.20
1785127485.472,7.4,100.0,64.52,30.0,0.0,0,0,0,33.19
1785127486.472,9.6,100.0,64.56,28.0,0.0,0,0,0,33.19
1785127487.472,6.0,100.0,64.57,24.0,0.0,0,0,0,33.19
1785127488.472,5.7,100.0,64.52,28.0,0.0,0,0,0,33.19
1785127489.472,6.4,100.0,64.51,32.0,0.0,0,0,0,33.19
1785127490.472,8.4,100.0,64.59,29.0,0.0,0,0,0,33.25
1785127491.472,12.1,100.0,64.66,21.9,0.0,0,0,0,33.21
1785127492.472,12.0,100.0,64.65,25.1,0.0,0,0,0,33.11
1785127493.472,7.4,100.0,64.66,28.0,0.0,0,0,0,33.15
1785127494.472,6.6,100.0,64.66,24.0,0.0,0,0,0,33.25
1785127495.473,6.4,100.0,64.65,29.0,0.0,0,0,0,33.35
1785127496.473,5.6,100.0,64.65,25.0,0.0,0,0,0,33.24
1785127497.473,7.0,100.0,64.63,22.0,0.0,0,0,0,33.15
1785127498.473,6.9,100.0,64.63,32.0,0.0,0,0,0,33.20
1785127499.473,12.8,100.0,64.73,24.0,0.0,0,0,0,33.20
1785127500.473,6.6,100.0,64.67,23.0,0.0,0,0,0,33.20
1785127501.473,11.7,100.0,64.75,27.0,0.0,0,0,0,33.20
1785127502.473,14.6,100.0,64.97,27.1,0.0,0,0,0,50.62
1785127504.583,9.7,100.0,65.00,13.8,0.0,0,0,0,50.62
1785127505.583,7.8,100.0,65.03,14.0,0.0,0,0,0,50.61
1785127506.583,7.2,100.0,65.42,14.0,0.0,0,0,3,33.41
1785127507.583,6.7,100.0,65.73,14.0,0.0,0,0,267,52.29
1785127508.583,6.7,100.0,66.09,15.0,0.0,0,0,267,103.30
1785127509.583,14.1,100.0,66.06,19.0,0.0,6,1,0,104.15
1785127510.583,12.7,100.0,65.20,12.0,0.0,0,0,0,104.17
1785127511.583,6.4,100.0,65.22,17.0,0.0,0,0,0,104.27
1785127512.583,6.6,100.0,65.21,9.0,0.0,0,0,0,104.28
1785127513.583,6.5,100.0,65.19,26.0,0.0,0,0,0,69.32
1785127514.584,10.3,100.0,65.04,20.0,0.0,0,0,0,34.07
1785127515.584,12.2,100.0,65.10,23.0,0.0,0,0,0,33.69
1785127516.584,13.1,100.0,65.15,22.0,0.0,0,0,0,33.54
1785127517.584,8.7,100.0,65.11,22.1,0.0,0,0,0,33.49
1785127518.584,12.4,100.0,65.17,24.9,0.0,0,0,0,33.54
1785127519.584,5.8,100.0,65.17,25.0,0.0,0,0,0,33.63
1785127520.584,6.5,100.0,65.19,17.0,0.0,0,0,0,33.58
1785127521.584,5.5,100.0,65.21,14.0,0.0,0,0,0,33.39
1785127522.584,5.6,100.0,65.22,19.0,0.0,0,0,0,33.39
1785127523.584,6.9,100.0,65.17,28.0,0.0,0,0,0,33.53
1785127524.585,11.8,100.0,65.30,35.1,0.0,0,0,0,33.58
1785127525.585,14.1,100.0,65.35,179.4,0.0,0,0,0,33.67
1785127526.585,13.2,100.0,65.36,20.1,0.0,0,0,0,33.53
1785127527.585,4.8,100.0,65.38,19.9,0.0,0,0,0,33.39
1785127528.585,6.4,100.0,65.38,15.0,0.0,0,0,0,33.49
1785127529.585,4.4,100.0,65.37,13.0,0.0,0,0,0,33.53
1785127530.585,6.4,100.0,65.38,33.0,0.0,0,0,0,33.53
1785127531.585,4.9,100.0,65.38,45.0,0.0,0,0,0,33.49
1785127532.585,6.3,100.0,65.53,32.0,0.0,0,0,0,33.49
1785127533.585,10.4,100.0,65.50,26.1,0.0,0,0,0,33.39
1785127534.585,6.7,100.0,65.55,28.9,0.0,0,0,0,33.35
1785127535.586,5.3,100.0,65.46,33.0,0.0,0,0,0,33.39
1785127536.586,10.5,100.0,65.42,33.0,0.0,0,0,0,33.45
1785127537.586,4.7,100.0,65.42,48.0,0.0,0,0,0,33.45
1785127538.586,4.6,100.0,65.43,36.0,0.0,0,0,0,33.39
1785127539.586,5.4,100.0,65.38,39.0,0.0,0,0,0,33.39
1785127540.586,4.7,100.0,65.39,51.0,0.0,0,0,0,33.45
1785127541.586,6.9,100.0,65.41,193.9,0.0,0,0,0,33.44
1785127542.586,4.9,100.0,65.43,29.0,0.0,0,0,0,33.34
1785127543.586,4.6,100.0,65.37,14.0,0.0,0,0,0,33.30
1785127544.586,5.5,100.0,65.36,17.0,0.0,0,0,0,33.35
1785127545.587,4.8,100.0,65.37,18.0,0.0,0,0,0,33.44
1785127546.587,5.5,100.0,65.46,24.0,0.0,0,0,0,33.59
1785127547.587,4.7,100.0,65.53,34.0,0.0,0,0,0,33.59
1785127548.587,5.5,100.0,65.59,32.0,0.0,0,0,0,33.39
1785127549.587,4.6,100.0,65.63,34.0,0.0,0,0,0,33.34
1785127550.587,3.5,100.0,65.62,45.0,0.0,0,0,0,33.45
1785127551.587,3.8,100.0,65.53,19.0,0.0,0,0,0,33.50
1785127552.587,4.1,100.0,65.50,47.0,0.0,0,0,0,33.44
1785127553.587,2.6,100.0,65.49,18.0,0.0,0,0,0,33.40
1785127554.587,3.0,100.0,65.49,19.0,0.0,0,0,0,33.41
1785127555.588,3.5,100.0,65.46,19.0,0.0,0,0,0,33.36
1785127556.588,3.7,100.0,65.59,17.0,0.0,0,0,0,33.36
1785127557.588,4.5,100.0,65.60,16.0,0.0,0,0,0,33.36
1785127558.588,3.4,100.0,65.58,16.0,0.0,0,0,0,33.36
1785127559.588,3.7,100.0,65.57,29.0,0.0,0,0,0,33.36
1785127560.588,3.6,90.0,65.59,50.0,0.0,0,0,0,33.41
1785127561.588,3.5,100.0,65.58,32.0,0.0,0,0,0,33.41
1785127562.588,4.7,100.0,65.59,28.0,0.0,0,0,0,33.31
1785127563.588,3.4,100.0,65.58,24.0,0.0,0,0,0,33.41
1785127564.588,3.4,100.0,65.58,20.0,0.0,0,0,0,33.51
1785127565.588,3.7,100.0,65.58,19.0,0.0,0,0,0,33.46
1785127566.589,4.5,100.0,65.84,48.0,0.0,0,0,0,33.36
1785127567.589,3.8,100.0,65.83,93.0,0.0,0,0,0,33.36
1785127568.589,3.6,100.0,65.92,101.0,0.0,0,0,0,33.41
1785127569.589,6.0,100.0,65.99,93.0,0.0,0,0,0,33.36
1785127570.589,7.1,100.0,65.97,14.0,0.0,0,0,0,33.31
1785127571.589,2.8,100.0,66.08,34.0,0.0,0,0,0,33.31
1785127572.589,4.5,100.0,66.16,192.0,0.0,0,0,0,33.36
1785127573.589,3.1,100.0,66.17,38.0,0.0,0,0,0,33.36
1785127574.589,3.2,100.0,66.14,35.0,0.0,0,0,0,33.31
1785127575.589,2.3,100.0,66.14,22.0,0.0,0,0,0,33.31
1785127576.589,2.5,100.0,66.15,27.0,0.0,0,0,0,33.41
1785127577.590,2.4,100.0,66.14,19.0,0.0,0,0,0,33.41
1785127578.590,7.0,100.0,66.15,21.0,0.0,0,0,0,33.31
1785127579.590,3.7,100.0,66.18,28.0,0.0,0,0,0,33.31
1785127580.590,3.0,100.0,66.19,17.0,0.0,0,0,0,33.36
1785127581.590,4.5,100.0,66.16,12.0,0.0,0,0,0,33.36
1785127582.590,3.4,100.0,66.16,4.0,0.0,0,0,0,33.31
1785127583.590,4.2,100.0,66.15,6.0,0.0,0,0,0,33.36
1785127584.590,4.5,100.0,66.12,45.0,0.0,0,0,0,33.36
1785127585.590,4.3,100.0,66.12,45.0,0.0,0,0,0,33.36
1785127586.590,3.7,100.0,66.14,37.0,0.0,0,0,0,33.36
1785127587.590,4.6,100.0,66.13,30.0,0.0,0,0,0,33.36
1785127588.591,3.6,100.0,66.13,41.0,0.0,0,0,0,33.41
1785127589.591,3.4,100.0,65.15,29.0,0.0,0,0,0,33.36
1785127590.591,3.5,100.0,63.87,35.0,0.0,0,0,0,33.31
1785127591.591,3.7,100.0,62.86,48.8,0.0,0,0,0,33.31
1785127592.591,4.2,100.0,62.83,22.1,0.0,0,0,0,33.31
1785127593.591,3.5,100.0,59.71,16.0,0.0,0,0,0,33.35
1785127594.591,3.8,100.0,56.39,34.0,0.0,0,0,0,33.36
1785127595.591,2.5,100.0,56.37,36.0,0.0,0,0,0,33.36
1785127596.591,6.6,100.0,56.38,42.0,0.0,0,0,0,33.36
1785127597.591,3.7,100.0,56.41,59.0,0.0,0,0,0,33.31
1785127598.592,3.3,100.0,56.40,41.0,0.0,0,0,0,33.31
1785127599.592,3.1,100.0,56.36,16.0,0.0,0,0,0,33.32
1785127600.592,2.2,100.0,56.38,19.0,0.0,0,0,0,33.32
1785127601.592,3.2,100.0,56.39,18.0,0.0,0,0,0,33.32
1785127602.592,2.7,100.0,55.17,19.0,0.0,0,0,0,33.32
1785127603.592,3.9,51.0,49.61,40.0,0.0,0,0,0,33.33
1785127604.592,2.5,24.5,49.63,43.0,0.0,0,0,0,33.33
1785127605.592,8.3,58.4,49.65,27.0,0.0,0,0,0,33.29
1785127606.592,4.0,54.5,49.67,25.0,0.0,0,0,0,33.29
1785127607.593,5.5,31.3,49.67,191.9,0.0,0,0,0,33.34
1785127608.593,4.0,23.8,49.67,29.0,0.0,0,0,0,33.29
1785127609.593,4.9,23.5,49.67,22.0,0.0,0,0,0,33.24
1785127610.593,4.1,28.2,49.65,30.0,0.0,0,0,0,33.35
1785127611.593,4.1,29.3,49.67,32.9,0.0,0,0,0,33.35
1785127612.593,4.7,39.0,49.72,50.0,0.0,0,0,0,33.30
1785127613.593,4.0,54.6,49.72,56.1,0.0,0,0,0,33.30
1785127614.593,5.1,27.7,49.72,32.0,0.0,0,0,0,33.30
1785127615.594,4.9,25.7,49.73,37.0,0.0,0,0,0,33.35
1785127616.594,5.1,24.2,49.76,134.0,0.0,0,0,0,33.40
1785127617.594,4.1,21.1,49.74,17.0,0.0,0,0,0,33.39
1785127618.594,6.7,27.3,49.65,15.0,0.0,0,0,0,33.34
1785127619.594,6.3,24.8,49.54,19.0,0.0,0,0,0,33.34
1785127620.594,5.7,35.4,49.48,15.0,0.0,0,0,0,33.30
1785127621.594,5.3,25.3,49.52,16.0,0.0,0,0,0,33.30
1785127622.594,4.9,32.0,49.54,16.0,0.0,0,0,0,33.35
1785127623.595,4.2,24.8,49.47,13.0,0.0,0,0,0,33.35
1785127624.595,3.7,24.5,49.49,15.0,0.0,0,0,0,33.33
1785127625.595,3.6,24.0,49.50,17.0,0.0,0,0,0,33.34
1785127626.595,5.5,26.0,49.48,22.0,0.0,0,0,0,33.39
1785127627.595,3.8,35.1,49.50,19.0,0.0,0,0,0,33.40
1785127628.595,3.7,23.2,49.52,22.0,0.0,0,0,0,33.35
1785127629.595,5.7,32.7,49.54,34.0,0.0,0,0,0,33.35
1785127630.596,4.2,23.0,49.49,16.0,0.0,0,0,0,33.35
1785127631.596,4.6,23.0,49.46,18.0,0.0,0,0,0,33.34
1785127632.596,3.6,22.9,49.44,15.0,0.0,0,0,0,33.34
1785127633.596,3.8,21.5,49.43,18.0,0.0,0,0,0,33.35
1785127634.596,3.9,22.3,49.41,20.0,0.0,0,0,0,33.34
1785127635.596,5.4,21.0,49.44,17.0,0.0,0,0,0,33.34
1785127636.596,3.8,22.4,49.46,17.0,0.0,0,0,0,33.39
1785127637.597,3.6,20.0,49.45,21.0,0.0,0,0,0,33.39
1785127638.597,9.7,34.4,49.46,16.0,0.0,0,0,0,33.39
1785127639.597,4.0,22.1,49.47,17.0,0.0,0,0,0,33.39
1785127640.597,5.4,34.0,49.46,18.0,0.0,0,0,0,33.39
1785127641.597,6.5,50.0,49.47,15.0,0.0,0,0,0,33.38
1785127642.597,4.8,78.6,49.51,17.0,0.0,0,0,0,33.38
1785127643.597,5.0,83.8,49.52,16.0,0.0,0,0,0,33.44
1785127644.598,5.4,100.0,49.64,15.0,0.0,0,0,0,33.39
1785127645.598,4.8,76.0,49.73,17.0,0.0,0,0,0,33.38
1785127646.598,5.5,66.0,49.79,16.0,0.0,0,0,0,33.48
1785127647.598,5.0,100.0,49.86,15.0,0.0,0,0,0,33.43
1785127648.598,5.3,83.0,50.07,19.0,0.0,0,0,0,33.38
1785127649.598,4.4,100.0,50.56,17.0,0.0,0,0,0,33.42
1785127650.598,4.8,100.0,51.07,21.0,0.0,0,0,0,33.42
1785127651.598,4.5,100.0,51.60,16.0,0.0,0,0,0,33.42
1785127652.598,3.2,100.0,51.62,19.0,0.0,0,0,0,33.42
1785127653.599,5.8,100.0,51.68,15.0,0.0,0,0,0,33.42
1785127654.599,10.0,100.0,52.07,13.0,0.0,0,0,0,33.47
1785127655.599,9.6,61.0,52.65,16.0,0.0,0,0,0,33.53
1785127656.599,9.3,47.0,53.08,17.0,0.0,0,0,0,33.44
1785127657.599,7.7,56.0,53.79,16.0,0.0,0,0,0,33.44
1785127658.599,2.4,100.0,55.64,11.0,0.0,0,0,0,33.44
1785127659.599,2.7,100.0,57.51,13.0,0.0,0,0,0,33.43
1785127660.599,2.9,100.0,59.71,12.0,0.0,0,0,0,33.43
1785127661.599,9.3,26.0,58.60,11.0,0.0,0,0,0,33.38
1785127662.600,5.2,80.0,57.04,15.0,0.0,0,0,0,33.38
1785127663.600,2.7,68.0,50.56,29.0,0.0,0,0,0,33.43
1785127664.600,5.3,57.0,50.30,23.0,0.0,0,0,0,33.48
1785127665.600,3.7,74.3,50.37,16.0,0.0,0,0,0,33.44
1785127666.600,5.1,41.7,50.44,16.0,0.0,0,0,0,33.39
1785127667.600,2.6,99.0,50.54,17.0,0.0,0,0,0,33.44
1785127668.600,4.6,80.0,50.73,16.0,0.0,0,0,0,33.44
1785127669.600,4.5,100.0,51.19,15.0,0.0,0,0,0,33.44
1785127670.601,3.5,100.0,51.68,17.0,0.0,0,0,0,33.49
1785127671.601,3.0,100.0,52.14,32.0,0.0,0,0,0,33.49
1785127672.601,2.5,100.0,52.26,17.0,0.0,0,0,0,33.44
1785127673.601,6.4,65.0,52.33,17.0,0.0,0,0,0,33.44
1785127674.601,7.2,42.6,52.68,15.0,0.0,0,0,0,33.49
1785127675.601,9.8,38.6,52.96,14.0,0.0,0,0,0,33.54
1785127676.601,7.8,64.0,53.56,11.0,0.0,0,0,0,33.49
1785127677.601,10.0,27.7,53.76,11.0,0.0,0,0,0,33.44
1785127678.601,4.0,81.8,54.94,7.0,0.0,0,0,0,33.49
1785127679.602,3.3,100.0,56.78,18.0,0.0,0,0,0,33.53
1785127680.602,2.7,100.0,58.59,19.0,0.0,0,0,0,33.63
1785127681.602,4.7,86.0,59.20,15.0,0.0,0,0,0,33.58
1785127682.602,10.3,26.3,59.20,12.0,0.0,0,0,0,33.49
1785127683.602,9.4,24.0,59.20,15.0,0.0,0,0,0,33.49
1785127684.602,4.1,90.0,56.15,14.0,0.0,0,0,0,33.59
1785127685.602,3.2,100.0,50.80,12.0,0.0,0,0,0,33.58
1785127686.602,2.5,26.5,50.51,17.0,0.0,0,0,0,33.58
1785127687.603,2.1,48.5,50.47,13.0,0.0,0,0,0,33.48
1785127688.603,3.1,37.0,50.56,16.0,0.0,0,0,0,33.48
1785127689.603,5.9,72.3,50.63,24.0,0.0,0,0,0,33.43
1785127690.603,3.4,66.0,50.78,34.0,0.0,0,0,0,33.58
1785127691.603,3.8,89.9,50.84,14.0,0.0,0,0,0,33.58
1785127692.603,6.1,61.0,51.09,15.0,0.0,0,0,0,33.63
1785127693.603,5.6,86.9,51.46,16.0,0.0,0,0,0,33.58
1785127694.603,4.9,43.4,51.56,22.0,0.0,0,0,0,33.53
1785127695.604,9.7,27.5,51.55,22.0,0.0,0,0,0,33.48
1785127696.604,8.8,45.0,51.63,22.0,0.0,0,0,0,33.48
1785127697.604,9.8,27.0,51.64,18.0,0.0,0,0,0,33.53
1785127698.604,13.9,39.4,51.64,11.0,0.0,0,0,0,33.58
1785127699.604,9.3,56.6,51.70,8.0,0.0,0,0,0,33.58
1785127700.604,11.1,76.0,51.68,9.0,0.0,0,0,0,33.52
1785127701.604,12.1,93.9,51.69,13.0,0.0,0,0,0,33.57
1785127702.604,10.7,99.0,51.71,21.0,0.0,0,0,0,33.57
1785127703.605,11.2,79.8,51.65,29.0,0.0,0,0,0,33.52
1785127704.605,11.9,99.0,51.56,25.0,0.0,0,0,0,33.52
1785127705.605,11.2,83.0,51.50,31.1,0.0,0,0,0,33.51
1785127706.605,11.2,85.0,51.49,24.9,0.0,0,0,0,33.57
1785127707.605,11.0,62.6,51.46,31.0,0.0,0,0,0,33.62
1785127708.605,11.7,98.0,51.44,21.0,0.0,0,0,0,33.56
1785127709.605,10.7,86.0,51.46,27.0,0.0,0,0,0,33.51
1785127710.605,10.3,86.0,51.37,41.1,0.0,0,0,0,33.51
1785127711.605,10.8,86.0,51.35,37.9,0.0,0,0,0,33.51
1785127712.605,10.4,62.0,51.34,22.0,0.0,0,0,0,33.56
1785127713.606,11.5,65.7,51.36,25.0,0.0,0,0,0,33.56
1785127714.606,10.7,94.0,51.29,34.0,0.0,0,0,0,33.51
1785127715.606,10.9,99.0,51.27,23.0,0.0,0,0,0,33.51
1785127716.606,11.5,79.6,51.24,28.0,0.0,0,0,0,33.47
1785127717.606,10.6,68.7,51.21,17.0,0.0,0,0,0,33.51
1785127718.606,11.6,59.6,51.20,15.0,0.0,0,0,0,33.61
1785127719.606,10.4,55.0,51.20,22.1,0.0,0,0,0,33.57
1785127720.606,11.2,99.0,51.20,29.9,0.0,0,0,0,33.52
1785127721.606,10.7,87.0,51.19,20.0,0.0,0,0,0,33.56
1785127722.607,11.2,99.0,51.18,15.0,0.0,0,0,0,33.61
1785127723.607,11.1,92.9,51.25,15.0,0.0,0,0,0,33.66
1785127724.607,10.4,80.0,51.15,13.0,0.0,0,0,0,33.60
1785127725.607,11.3,83.2,51.20,15.0,0.0,0,0,0,33.50
1785127726.607,9.9,86.0,51.14,14.0,0.0,0,0,0,33.51
1785127727.607,10.6,86.1,51.12,13.0,0.0,0,0,0,33.51
1785127728.607,9.4,49.5,51.16,13.0,0.0,0,0,0,33.52
1785127729.607,12.2,98.0,51.17,14.0,0.0,0,0,0,33.52
1785127730.607,9.0,54.5,51.14,13.0,0.0,0,0,0,33.51
1785127731.608,10.2,32.7,51.09,21.0,0.0,0,0,0,33.52
1785127732.608,9.8,26.2,51.07,13.0,0.0,0,0,0,33.52
1785127733.608,9.2,42.0,51.07,17.0,0.0,0,0,0,33.53
1785127734.608,10.0,33.3,51.07,42.2,0.0,0,0,0,33.57
1785127735.608,10.1,34.7,51.04,27.8,0.0,0,0,0,33.58
1785127736.608,10.0,33.0,51.03,24.0,0.0,0,0,0,33.58
1785127737.608,13.9,76.4,51.04,22.0,0.0,0,0,0,33.58
1785127738.608,9.9,86.0,51.01,20.0,0.0,0,0,0,33.53
1785127739.609,10.9,100.0,51.01,21.0,0.0,0,0,0,33.47
1785127740.609,11.0,100.0,51.06,23.0,0.0,0,0,0,33.46
1785127741.609,10.1,100.0,51.00,55.0,0.0,0,0,0,33.51
1785127742.609,11.8,81.8,51.01,15.0,0.0,0,0,0,33.51
1785127743.609,9.9,100.0,51.06,20.0,0.0,0,0,0,33.51
1785127744.609,12.5,100.0,51.19,65.0,0.0,0,0,0,33.57
1785127745.609,13.9,92.1,51.40,253.0,0.0,0,0,0,33.58
1785127746.609,12.4,38.0,51.45,233.1,0.0,0,0,0,33.53
1785127747.610,10.8,29.9,51.48,72.2,0.0,0,0,0,33.53
1785127748.610,10.2,41.2,51.49,73.7,0.0,0,0,0,33.48
1785127749.610,12.6,24.0,51.50,76.3,0.0,0,0,0,33.48
1785127750.610,10.9,37.0,51.56,55.7,0.0,0,0,0,33.53
1785127751.610,9.3,29.7,51.52,54.0,0.0,0,0,0,33.53
1785127752.610,10.8,26.0,51.53,71.0,0.0,0,0,0,33.53
1785127753.610,9.7,40.6,51.57,45.0,0.0,0,0,0,33.53
1785127754.610,12.1,58.8,51.62,114.0,0.0,0,0,17,36.91
1785127755.611,11.5,34.0,51.70,143.0,0.0,0,0,333,97.04
1785127756.611,10.5,47.0,51.89,82.1,0.0,0,0,1507,104.02
1785127757.611,11.3,100.0,51.88,144.7,0.0,0,0,1507,104.24
1785127758.611,14.2,35.1,51.85,44.0,0.0,0,0,1507,104.35
1785127759.611,9.1,38.4,51.84,39.0,0.0,0,0,1507,104.85
1785127760.611,11.2,24.0,51.84,37.0,0.0,0,0,1507,104.54
1785127761.611,10.9,26.0,51.84,53.0,0.0,0,0,1507,104.64
1785127762.611,11.3,31.3,51.85,89.0,0.0,0,0,1507,104.70
1785127763.612,11.6,48.0,51.88,130.0,0.0,0,0,1507,104.86
1785127764.612,10.6,38.6,51.89,99.6,0.0,0,0,1507,104.95
1785127765.612,11.3,28.3,51.87,48.3,0.0,0,0,1507,105.26
1785127766.612,11.0,30.7,51.90,63.7,0.0,0,0,1507,105.36
1785127767.612,10.0,38.0,51.91,62.0,0.0,0,0,1507,105.21
1785127768.612,11.7,35.4,51.91,77.0,0.0,0,0,7721,105.55
1785127769.612,10.8,36.0,51.95,76.0,0.0,0,0,13993,105.70
1785127770.612,9.0,34.0,51.90,54.0,0.0,0,0,13993,105.64
1785127771.612,10.7,26.5,51.91,65.0,0.0,0,0,15033,105.83
1785127772.613,10.6,31.0,51.97,29.0,0.0,0,0,15033,105.79
1785127773.613,9.8,33.0,52.01,91.8,0.0,0,0,15033,105.37
1785127774.613,18.5,83.7,53.17,683.5,0.0,0,0,15033,105.75
1785127775.613,18.7,81.0,53.17,731.8,0.0,0,0,15033,105.84
1785127776.613,14.5,100.0,52.61,733.5,0.0,0,0,15033,105.93
1785127777.613,12.1,91.0,53.53,743.8,0.0,0,0,15033,106.04
1785127778.613,13.6,100.0,54.81,720.3,0.0,0,0,15033,106.04
1785127779.613,11.5,100.0,55.79,661.8,0.0,0,0,15033,106.04
1785127780.614,12.8,100.0,56.96,746.5,0.0,0,0,15033,106.15
1785127781.614,14.7,100.0,56.81,760.7,0.0,0,0,15033,106.24
1785127782.614,11.0,100.0,55.64,507.5,0.0,0,0,15033,106.27
1785127783.614,5.4,100.0,52.64,91.2,0.0,44,2,15033,107.69
1785127784.614,4.1,99.0,53.40,104.6,0.0,34,1,15033,108.40
1785127785.614,4.2,100.0,54.02,101.7,0.0,0,0,15033,108.19
1785127786.614,3.5,100.0,54.62,77.2,0.0,0,0,15131,106.66
1785127787.614,2.8,100.0,55.23,39.0,0.0,0,0,15131,106.65
1785127788.614,2.8,100.0,55.76,14.0,0.0,0,0,15131,106.29
1785127789.615,2.6,100.0,56.38,36.0,0.0,0,0,15131,106.72
1785127790.615,3.2,92.0,56.99,59.0,0.0,0,0,15131,106.77
1785127791.615,2.9,100.0,57.50,27.0,0.0,0,0,15131,106.82
1785127792.615,3.4,100.0,58.14,74.0,0.0,0,0,15131,106.86
1785127793.615,3.2,100.0,58.80,103.0,0.0,0,0,15131,106.91
1785127794.615,7.1,68.0,59.17,102.3,0.0,0,0,15131,106.96
1785127795.615,12.0,99.0,59.19,102.0,0.0,0,0,15131,107.41
1785127796.615,11.5,99.0,59.27,81.0,0.0,0,0,15131,108.30
1785127797.615,11.8,93.9,59.22,47.0,0.0,0,0,15131,107.96
1785127798.616,11.0,69.0,59.17,34.9,0.0,0,0,15131,107.63
1785127799.616,8.8,66.0,58.45,8.0,0.0,0,0,15131,107.70
1785127800.616,3.4,98.0,55.64,8.0,0.0,0,0,15131,107.72
1785127801.616,4.3,99.0,55.59,8.0,0.0,0,0,15131,107.72
1785127802.616,4.6,98.0,55.59,6.0,0.0,0,0,15131,107.75
1785127803.616,5.1,51.5,55.56,10.0,0.0,0,0,15131,107.86
1785127804.616,7.3,89.9,55.51,7.0,0.0,0,0,15131,107.96
1785127805.616,6.0,58.0,55.49,9.0,0.0,0,0,15131,107.94
1785127806.616,6.3,78.0,55.49,8.0,0.0,0,0,15131,107.97
1785127807.616,7.3,83.0,55.46,7.0,0.0,0,0,15131,108.00
1785127808.617,5.2,84.8,55.41,7.0,0.0,0,0,15131,108.02
1785127809.617,6.4,92.1,55.35,10.0,0.0,0,0,15131,108.22
1785127810.617,3.7,88.0,55.34,8.0,0.0,0,0,15131,108.33
1785127811.617,4.4,92.1,55.32,8.0,0.0,0,0,15131,108.32
1785127812.617,4.0,100.0,55.29,10.0,0.0,0,0,15131,108.29
1785127813.617,3.3,100.0,55.28,8.0,0.0,0,0,15131,108.26
1785127814.617,3.1,100.0,55.25,7.0,0.0,0,0,15131,108.32
1785127815.617,4.3,85.0,55.23,9.0,0.0,0,0,15131,108.36
1785127816.617,5.2,100.0,55.18,8.0,0.0,0,0,15131,108.44
1785127817.617,4.3,96.0,55.18,8.0,0.0,0,0,15131,108.54
1785127818.618,5.7,100.0,55.17,7.0,0.0,0,0,15131,108.56
1785127819.618,3.4,100.0,55.18,9.0,0.0,0,0,15131,108.61
1785127820.618,3.0,100.0,55.18,8.0,0.0,0,0,15131,108.64
1785127821.618,7.2,78.8,55.19,28.0,0.0,0,0,15131,108.64
1785127822.618,4.9,97.0,55.19,44.0,0.0,0,0,15131,108.64
1785127823.618,5.6,100.0,55.21,78.0,0.0,0,0,15131,108.69
1785127824.618,3.8,100.0,55.18,59.0,0.0,0,0,15131,108.79
1785127825.618,3.9,100.0,55.14,40.0,0.0,0,0,15131,108.93
1785127826.618,5.0,87.1,55.15,62.0,0.0,0,0,15131,108.90
1785127827.618,3.0,100.0,55.18,32.9,0.0,0,0,15131,108.91
1785127828.619,3.4,100.0,55.16,32.0,0.0,0,0,15169,109.09
1785127829.619,2.7,69.0,55.15,31.0,0.0,0,0,15169,109.08
1785127830.619,2.9,100.0,55.16,61.0,0.0,29,30,15183,111.52
1785127831.619,3.0,100.0,55.15,79.0,0.0,0,0,15183,113.55
1785127832.619,3.7,100.0,55.14,85.1,0.0,0,0,16223,113.61
1785127833.619,3.6,100.0,55.13,96.0,0.0,0,0,16223,113.67
1785127834.619,3.0,100.0,55.11,75.0,0.0,0,0,16223,109.23
1785127835.619,3.1,100.0,55.12,98.0,0.0,0,0,16223,121.65
1785127836.619,3.8,100.0,55.11,91.9,0.0,0,0,16223,121.29
1785127837.620,2.8,100.0,55.14,69.0,0.0,0,0,16223,135.72
1785127838.620,2.7,100.0,55.14,31.0,0.0,0,0,16223,121.24
1785127839.620,4.3,100.0,55.12,27.0,0.0,0,0,16223,110.44
1785127840.620,2.4,100.0,55.11,37.0,0.0,0,0,16223,110.44
1785127841.620,4.0,100.0,55.10,104.0,0.0,0,0,16223,110.46
1785127842.620,3.5,100.0,55.07,103.0,0.0,0,0,16223,110.49
1785127843.620,3.0,100.0,55.13,84.0,0.0,0,0,16237,110.71
1785127844.620,3.4,100.0,55.27,88.0,0.0,1,1,16241,181.11
1785127845.621,3.8,100.0,55.33,29.0,0.0,0,0,16241,111.54
1785127846.621,3.2,100.0,55.33,70.1,0.0,0,0,16241,111.67
1785127847.621,2.4,100.0,55.32,30.0,0.0,0,0,41353,112.64
1785127848.621,5.4,68.0,55.32,58.0,0.0,74,50,41457,132.18
1785127849.621,5.8,99.0,55.33,104.0,0.0,66,55,41555,317.97
1785127850.621,4.3,100.0,55.38,96.0,0.0,45,47,41605,230.85
1785127851.621,6.0,98.0,55.46,100.9,0.0,39,43,41653,201.26
1785127852.621,6.0,79.8,55.48,84.0,0.0,0,0,41753,175.43
1785127853.622,3.5,100.0,55.50,102.0,0.0,44,47,41881,234.73
1785127854.622,3.8,100.0,55.52,104.0,0.0,57,63,41941,208.74
1785127855.622,4.0,100.0,55.54,23.0,0.0,0,0,41951,138.22
1785127856.622,4.9,97.0,55.58,16.0,0.0,0,0,41951,114.48
1785127857.622,3.4,100.0,55.61,24.0,0.0,0,0,41951,114.28
1785127858.622,4.0,51.0,55.67,12.0,0.0,0,0,41951,114.25
1785127859.622,3.0,100.0,55.69,13.0,0.0,0,0,41951,114.11
1785127860.623,6.0,81.8,55.69,25.0,0.0,0,0,41951,114.04
1785127861.623,4.5,98.0,55.70,56.0,0.0,60,35,41951,133.32
1785127862.623,4.8,78.0,55.70,18.0,0.0,0,0,42101,132.67
1785127863.623,7.0,70.7,54.22,17.0,0.0,0,0,42101,114.13
1785127864.623,7.0,77.8,51.93,23.0,0.0,0,0,42101,114.07
1785127865.623,4.9,100.0,50.49,13.0,0.0,0,0,42101,115.79
1785127866.623,3.7,100.0,50.55,14.0,0.0,0,0,42101,114.06
1785127867.623,3.9,94.0,50.58,25.8,0.0,0,0,42101,114.67
1785127868.624,4.9,63.3,50.51,31.0,0.0,0,0,42101,114.71
1785127869.624,7.2,73.3,50.50,42.7,0.0,0,0,42101,114.07
1785127870.624,5.4,73.7,50.49,75.3,0.0,0,0,42101,114.06
1785127871.624,4.2,93.0,50.48,49.0,0.0,0,0,42101,114.03
1785127872.624,6.3,79.2,50.48,55.0,0.0,0,0,42101,113.99
1785127873.624,5.0,56.6,50.47,45.0,0.0,0,0,42101,113.99
1785127874.624,5.1,58.2,50.49,42.0,0.0,0,0,42101,113.99
1785127875.624,5.1,48.0,50.69,72.0,0.0,0,0,42101,113.99
1785127876.624,5.6,97.0,51.00,84.0,0.0,0,0,42101,114.01
1785127877.625,7.0,60.4,51.14,63.0,0.0,0,0,42101,114.04
1785127878.625,7.8,100.0,51.47,73.0,0.0,0,0,42101,114.01
1785127879.625,10.2,40.0,51.58,60.3,0.0,0,0,42101,113.99
1785127880.625,10.6,46.1,51.80,535.3,0.0,0,0,42101,114.19
1785127881.625,11.8,52.5,51.82,64.0,0.0,0,0,42101,114.24
1785127882.625,11.9,100.0,52.03,160.1,0.0,0,0,42101,114.04
1785127883.625,10.6,78.8,52.16,549.5,0.0,0,0,42101,114.04
1785127884.626,12.7,100.0,52.22,156.1,0.0,0,0,42101,114.09
1785127885.626,11.8,53.0,52.24,152.9,0.0,0,0,42101,114.09
1785127886.626,10.1,58.6,52.29,171.0,0.0,0,0,42101,114.09
1785127887.626,11.6,56.3,52.39,178.0,0.0,0,0,42101,114.09
1785127888.626,12.3,100.0,52.00,104.8,0.0,0,0,42101,114.11
1785127889.626,9.7,100.0,52.02,131.2,0.0,0,0,42101,114.13
1785127890.626,11.6,100.0,52.01,148.0,0.0,0,0,42101,114.12
1785127891.626,10.4,93.1,52.02,139.4,0.0,0,0,42101,114.35
1785127892.626,11.5,71.4,52.03,141.4,0.0,0,0,42101,114.35
1785127893.627,10.9,100.0,52.02,137.2,0.0,0,0,42101,114.05
1785127894.627,10.4,100.0,52.10,171.1,0.0,0,0,42101,114.07
1785127895.627,11.7,45.0,51.86,57.2,0.0,0,0,42101,114.13
1785127896.627,11.3,35.6,51.87,67.8,0.0,0,0,42101,114.14
1785127897.627,9.7,36.4,51.91,59.0,0.0,0,0,42101,114.19
1785127898.627,10.6,27.7,51.93,57.2,0.0,0,0,42101,114.19
1785127899.627,11.5,36.4,51.99,72.8,0.0,0,0,42101,114.19
1785127900.628,9.6,31.7,51.96,58.0,0.0,0,0,42101,114.14
1785127901.628,12.0,27.0,52.02,71.0,0.0,0,0,42101,114.14
1785127902.628,9.1,31.4,51.99,62.0,0.0,0,0,42101,114.19
1785127903.628,11.0,41.8,51.99,80.1,0.0,0,0,42101,114.19
1785127904.628,10.8,45.0,52.09,101.8,0.0,0,0,42101,114.48
1785127905.628,11.4,69.0,52.24,17.0,0.0,0,0,42101,114.48
1785127906.628,11.7,100.0,52.64,203.4,0.0,0,0,42101,114.19
1785127907.628,11.5,100.0,53.00,203.6,0.0,0,0,42101,114.20
1785127908.628,10.7,100.0,53.41,204.0,0.0,0,0,42101,114.20
1785127909.629,11.4,97.0,52.80,4.0,0.0,0,0,42101,114.22
1785127910.629,10.2,100.0,53.06,204.2,0.0,0,0,42101,114.32
1785127911.629,12.0,100.0,53.60,200.8,0.0,0,0,42101,114.38
1785127912.629,12.5,100.0,53.93,202.0,0.0,0,0,42101,114.49
1785127913.629,12.3,100.0,53.95,204.0,0.0,0,0,42101,114.40
1785127914.629,13.2,100.0,53.98,202.0,0.0,0,0,42101,114.26
1785127915.629,12.2,100.0,53.95,204.0,0.0,0,0,42101,114.31
1785127916.629,12.6,100.0,53.88,202.0,0.0,0,0,42101,114.26
1785127917.629,11.6,100.0,53.77,202.0,0.0,0,0,42101,114.26
1785127918.630,13.1,100.0,53.75,204.0,0.0,0,0,42101,114.26
1785127919.630,11.9,100.0,53.65,202.0,0.0,0,0,42101,114.23
1785127920.630,12.9,100.0,53.53,101.0,0.0,0,0,42101,114.25
1785127921.630,12.0,100.0,53.54,103.0,0.0,0,0,42101,114.28
1785127922.630,12.3,100.0,53.52,102.0,0.0,0,0,42101,114.31
1785127923.630,12.5,100.0,53.55,104.0,0.0,0,0,42101,114.36
1785127924.630,11.7,100.0,53.53,102.9,0.0,0,0,42101,114.36
1785127925.630,11.9,100.0,53.40,101.1,0.0,0,0,42101,114.31
1785127926.630,12.7,100.0,53.52,102.9,0.0,0,0,42101,114.31
1785127927.630,12.8,100.0,53.61,202.2,0.0,0,0,42101,114.36
1785127928.631,12.1,100.0,53.67,201.8,0.0,0,0,42101,114.36
1785127929.631,14.1,100.0,53.58,205.2,0.0,0,0,42101,114.36
1785127930.631,11.9,100.0,53.23,102.1,0.0,0,0,42101,114.40
1785127931.631,10.6,100.0,53.07,102.1,0.0,0,0,42101,114.39
1785127932.631,11.0,100.0,52.95,103.9,0.0,0,0,42101,114.34
1785127933.631,11.3,100.0,52.99,99.6,0.0,0,0,42101,114.31
1785127934.631,10.3,100.0,52.95,103.4,0.0,0,0,42101,114.31
1785127935.631,10.9,100.0,52.94,102.0,0.0,0,0,42101,114.36
1785127936.631,10.9,100.0,52.92,102.0,0.0,0,0,42101,114.40
1785127937.631,11.4,100.0,52.91,102.0,0.0,0,0,42101,114.36
1785127938.631,12.6,100.0,52.87,103.0,0.0,0,0,42101,114.34
1785127939.632,11.4,100.0,52.87,101.0,0.0,0,0,42101,114.39
1785127940.632,11.2,100.0,52.84,103.0,0.0,0,0,42101,114.40
1785127941.632,12.2,100.0,52.82,101.8,0.0,0,0,42101,114.36
1785127942.632,10.8,100.0,52.77,103.2,0.0,0,0,42101,114.36
1785127943.632,11.6,100.0,52.81,102.0,0.0,0,0,42101,114.40
1785127944.632,12.2,100.0,52.74,102.3,0.0,0,0,42101,114.36
1785127945.632,12.1,100.0,52.69,102.3,0.0,0,0,42101,114.32
1785127946.632,10.7,90.0,52.68,101.1,0.0,0,0,42101,114.32
1785127947.632,11.6,86.9,52.50,3.0,0.0,0,0,42101,114.36
1785127948.632,10.6,100.0,52.71,1.0,0.0,0,0,42101,114.65
1785127949.632,11.8,100.0,52.80,3.0,0.0,0,0,42101,114.65
1785127950.633,10.8,100.0,52.76,3.0,0.0,0,0,42101,114.40
1785127951.633,11.2,100.0,52.74,3.0,0.0,0,0,42101,114.36
1785127952.633,10.4,100.0,52.69,1.0,0.0,0,0,42101,114.31
1785127953.633,5.2,100.0,51.55,4.0,0.0,0,0,42101,114.31
1785127954.633,6.3,100.0,51.56,3.0,0.0,0,0,42101,114.26
1785127955.633,6.5,100.0,51.54,1.0,0.0,0,0,42101,114.19
1785127956.633,4.3,100.0,51.56,3.0,0.0,0,0,42101,114.23
1785127957.633,6.4,100.0,51.55,2.0,0.0,0,0,42101,114.26
1785127958.633,7.5,100.0,51.50,3.0,0.0,0,0,42101,114.31
1785127959.633,5.1,100.0,51.49,1.0,0.0,0,0,42101,114.28
1785127960.633,7.2,100.0,51.50,4.0,0.0,0,0,42101,114.24
1785127961.634,5.9,100.0,51.48,2.0,0.0,0,0,42101,114.25
1785127962.634,4.8,100.0,51.46,3.0,0.0,0,0,42101,114.25
1785127963.634,4.2,100.0,51.43,2.0,0.0,0,0,42101,114.32
1785127964.634,3.9,100.0,51.03,865.4,0.0,0,0,42101,114.27
1785127965.634,4.0,100.0,51.09,102.1,0.0,0,0,42101,114.14
1785127966.634,4.0,100.0,51.15,103.0,0.0,0,0,42101,114.14
1785127967.634,3.9,100.0,51.19,102.0,0.0,0,0,42101,114.21
1785127968.634,4.1,100.0,51.17,103.0,0.0,0,0,42101,114.28
1785127969.634,3.1,100.0,51.20,102.0,0.0,0,0,42101,114.25
1785127970.634,3.1,100.0,51.22,103.0,0.0,0,0,42101,114.16
1785127971.634,3.5,100.0,51.21,100.0,0.0,0,0,42101,114.21
1785127972.635,3.7,100.0,51.21,104.0,0.0,0,0,42101,114.21
1785127973.635,3.0,100.0,50.98,38.0,0.0,1,0,42403,114.18
1785127974.635,3.1,100.0,50.98,15.0,0.0,0,0,42403,114.35
1785127975.635,3.9,100.0,51.04,29.0,0.0,0,0,42403,114.23
1785127976.635,4.6,97.0,51.03,55.1,0.0,0,0,42403,133.11
1785127977.635,5.1,82.7,51.07,62.0,0.0,0,0,42403,133.08
1785127978.635,5.4,54.0,51.05,19.0,0.0,0,0,42403,114.24
1785127979.635,3.4,98.0,51.00,17.0,0.0,0,0,42403,114.19
1785127980.635,3.8,100.0,50.96,20.1,0.0,0,0,42403,114.17
1785127981.636,2.8,100.0,50.92,35.8,0.0,0,0,42403,114.14
1785127982.636,3.0,100.0,50.91,39.0,0.0,0,0,42403,114.14
1785127983.636,2.8,100.0,50.87,32.0,0.0,0,0,42403,114.23
1785127984.636,2.8,100.0,50.91,51.0,0.0,0,0,42403,114.18
1785127985.636,3.1,100.0,50.88,30.0,0.0,0,0,42403,114.09
1785127986.636,2.5,100.0,50.84,45.0,0.0,0,0,42403,114.12
1785127987.636,2.3,100.0,50.83,1.0,0.0,0,0,42403,114.11
1785127988.636,2.9,100.0,50.82,3.0,0.0,0,0,42403,114.30
1785127989.637,4.1,100.0,50.84,3.0,0.0,0,0,42403,114.35
1785127990.637,2.2,100.0,50.83,4.0,0.0,0,0,42403,114.16
1785127991.637,3.3,100.0,50.99,3.0,55.0,0,0,42403,114.11
1785127992.637,5.3,100.0,51.01,1.0,187.0,0,0,42403,114.16
1785127993.637,5.9,79.0,51.02,3.0,32.0,0,0,42403,114.23
1785127994.637,4.3,82.8,51.03,4.0,33.0,0,0,42403,114.21
1785127995.637,3.4,100.0,50.99,2.0,20.0,0,0,42403,114.21
1785127996.637,4.3,100.0,51.00,2.0,29.0,0,0,42403,114.19
1785127997.638,3.3,100.0,51.00,4.0,18.0,0,0,42403,114.22
1785127998.638,7.2,68.3,51.03,3.0,29.0,0,0,42403,114.27
1785127999.638,2.8,100.0,51.04,5.0,12.0,0,0,42403,114.28
1785128000.638,2.5,100.0,51.04,3.0,13.0,0,0,42403,114.20
1785128001.638,4.2,100.0,51.04,3.0,14.0,0,0,42403,114.19
1785128002.638,2.5,100.0,51.03,3.0,16.0,0,0,42403,114.27
1785128003.638,6.0,69.0,51.04,6.0,19.0,0,0,42403,114.27
1785128004.639,6.1,77.8,51.02,3.0,51.0,0,0,42403,114.27
1785128005.639,5.7,80.0,51.02,4.0,48.0,0,0,42403,114.28
1785128006.639,2.8,100.0,51.03,4.0,14.0,0,0,42403,114.33
1785128007.639,5.6,81.8,51.05,2.0,28.0,0,0,42403,114.38
1785128008.639,4.1,92.0,51.03,5.0,18.0,0,0,42403,114.38
1785128009.639,5.4,49.5,51.04,4.0,21.0,0,0,42403,114.36
1785128010.639,2.8,100.0,51.05,4.0,28.0,0,0,42403,114.36
1785128011.640,3.3,100.0,51.04,4.0,21.0,0,0,42403,114.38
1785128012.640,2.6,100.0,51.03,4.0,15.0,0,0,42403,114.38
1785128013.640,2.8,100.0,51.00,3.0,17.0,0,0,42403,114.35
1785128014.640,2.7,100.0,51.00,5.0,25.0,0,0,42403,114.29
1785128015.640,3.3,100.0,50.99,1.0,22.0,0,0,42403,114.30
1785128016.640,2.7,100.0,50.99,4.0,37.0,0,0,42403,114.30
1785128017.640,2.6,100.0,50.99,2.0,17.0,0,0,42403,114.30
1785128018.640,3.4,100.0,50.97,4.0,12.0,0,0,42403,114.33
1785128019.640,4.1,100.0,50.98,3.0,12.0,0,0,42403,114.36
1785128020.640,5.2,100.0,50.99,2.0,35.0,0,0,42403,114.36
1785128021.641,5.0,100.0,51.00,3.0,41.0,0,0,42403,114.36
1785128022.641,4.6,100.0,51.02,2.0,25.0,0,0,42403,114.45
1785128023.641,3.7,100.0,51.03,3.0,56.9,0,0,42403,114.39
1785128024.641,3.7,100.0,51.03,4.0,28.0,0,0,42403,114.34
1785128025.641,4.2,100.0,51.03,2.0,18.0,0,0,42403,114.40
1785128026.641,5.1,100.0,51.04,2.0,16.0,0,0,42403,114.39
1785128027.641,4.0,100.0,51.05,3.0,20.0,0,0,42403,114.39
1785128028.641,5.3,100.0,51.05,4.0,48.0,0,0,42403,114.36
1785128029.641,5.5,100.0,51.06,3.0,43.0,0,0,42403,114.29
1785128030.641,6.3,100.0,51.07,3.0,33.0,0,0,42403,114.32
1785128031.642,4.6,100.0,51.09,1.0,34.0,0,0,42403,114.41
1785128032.642,4.6,100.0,51.09,3.0,35.0,0,0,42403,114.66
1785128033.642,6.4,100.0,51.10,2.0,38.0,0,0,42403,114.59
1785128034.642,5.3,99.0,51.10,4.0,27.0,0,0,42403,114.34
1785128035.642,6.4,100.0,51.11,2.0,16.0,0,0,42403,114.37
1785128036.642,5.4,100.0,51.10,3.0,18.0,0,0,42403,114.42
1785128037.642,5.4,80.2,51.10,4.0,17.0,0,0,42403,114.35
1785128038.642,5.7,100.0,51.11,3.0,20.0,0,0,42403,114.41
1785128039.642,5.3,100.0,51.09,3.0,21.0,0,0,42403,114.47
1785128040.642,4.4,100.0,51.08,1.0,25.0,0,0,42403,114.33
1785128041.643,3.5,100.0,51.06,4.0,25.0,0,0,42403,114.36
1785128042.643,4.4,100.0,51.07,1.0,24.0,0,0,42403,114.40
1785128043.643,3.0,100.0,51.09,3.0,24.0,0,0,42403,114.38
1785128044.643,3.1,100.0,51.07,4.0,23.0,0,0,42403,114.33
1785128045.643,3.3,100.0,51.06,1.0,23.0,0,0,42403,114.31
1785128046.643,3.6,100.0,51.04,3.0,28.0,0,0,42403,114.26
1785128047.643,4.6,96.0,51.04,3.0,24.0,0,0,42403,114.24
1785128048.643,4.5,94.0,51.06,2.0,22.0,0,0,42403,114.34
1785128049.643,5.3,100.0,51.08,3.0,28.0,0,0,42403,114.31
1785128050.644,2.7,100.0,51.09,2.0,24.0,0,0,42403,114.25
1785128051.644,3.3,91.9,51.07,2.0,22.0,0,0,42403,114.27
1785128052.644,2.5,100.0,51.08,4.0,27.0,0,0,42403,114.21
1785128053.644,2.6,100.0,51.07,3.0,22.0,0,0,42403,114.21
1785128054.644,2.7,100.0,51.08,2.0,20.0,0,0,42403,114.25
1785128055.644,3.3,100.0,51.09,2.0,24.0,0,0,42403,114.21
1785128056.644,2.5,100.0,51.07,4.0,20.0,0,0,42403,114.11
1785128057.644,2.4,100.0,51.05,2.0,18.0,0,0,42403,114.16
1785128058.644,5.3,100.0,51.07,4.0,27.0,0,0,42403,114.21
1785128059.644,2.6,100.0,51.08,1.0,35.0,0,0,42403,114.16
1785128060.645,2.5,100.0,51.10,3.0,21.0,0,0,42403,114.16
1785128061.645,2.5,55.0,51.08,2.0,20.0,0,0,42403,114.16
1785128062.645,3.7,100.0,51.06,4.0,20.0,0,0,42403,114.21
1785128063.645,3.0,100.0,51.08,2.0,19.0,0,0,42403,114.21
1785128064.645,4.4,86.9,51.07,3.0,22.0,0,0,42403,114.11
1785128065.645,6.7,70.0,51.06,3.0,17.0,0,0,42403,114.12
1785128066.645,3.7,100.0,51.06,4.0,9.0,0,0,42403,114.12
1785128067.645,2.9,100.0,51.08,4.0,9.0,0,0,42403,114.12
1785128068.646,2.7,100.0,51.06,3.0,11.0,0,0,42403,114.09
1785128069.646,3.4,100.0,51.06,4.0,21.0,0,0,42403,114.33
1785128070.646,3.1,100.0,51.04,3.0,18.0,0,0,42403,114.41
1785128071.646,2.6,100.0,51.03,3.0,17.0,0,0,42403,114.11
1785128072.646,2.3,100.0,51.03,2.0,17.0,0,0,42403,114.07
1785128073.646,6.8,44.9,51.07,4.0,14.0,0,0,42403,114.12
1785128074.646,6.1,92.9,51.09,3.0,15.0,0,0,42403,114.12
1785128075.646,6.1,100.0,51.23,3.0,19.0,0,0,42403,114.12
1785128076.647,3.8,95.0,51.33,5.0,14.0,0,0,42403,114.08
1785128077.647,7.6,78.0,51.63,4.0,15.0,0,0,42403,114.03
1785128078.647,5.4,94.0,51.92,3.0,24.0,0,0,42403,113.98
1785128079.647,10.6,100.0,52.02,2.0,14.0,0,0,42403,113.97
1785128080.647,9.9,99.0,52.20,3.0,13.0,0,0,42403,113.96
1785128081.647,11.4,100.0,52.20,1.0,13.0,0,0,42403,113.96
1785128082.647,10.8,54.5,52.27,2.0,16.0,0,0,42403,114.03
1785128083.647,10.1,100.0,52.33,3.0,24.0,0,0,42403,114.03
1785128084.647,10.8,93.9,52.34,3.0,36.0,0,0,42403,114.01
1785128085.647,11.8,100.0,52.39,2.0,24.0,0,0,42403,114.03
1785128086.648,12.4,99.0,52.47,2.0,178.0,0,0,42403,114.08
1785128087.648,9.4,70.0,52.43,3.0,23.0,0,0,42403,114.05
1785128088.648,9.7,21.8,52.40,4.0,14.0,0,0,42403,113.99
1785128089.648,9.9,30.3,52.47,3.0,29.0,0,0,42403,114.03
1785128090.648,9.4,24.0,52.45,5.0,18.0,0,0,42403,114.06
1785128091.648,10.2,35.6,52.45,3.0,8.0,0,0,42403,114.03
1785128092.648,7.5,45.0,52.41,4.0,10.0,0,0,42403,113.99
1785128093.648,9.6,27.0,52.40,4.0,7.0,0,0,42403,113.99
1785128094.649,9.9,36.0,52.43,4.0,8.0,0,0,42403,114.06
1785128095.649,11.4,98.0,52.41,3.0,25.1,0,0,42403,114.10
1785128096.649,11.5,93.9,52.39,2.0,19.9,0,0,42403,114.05
1785128097.649,9.7,98.0,52.40,6.0,34.0,0,0,42403,114.03
1785128098.649,12.0,85.1,52.38,2.0,20.1,0,0,42403,113.98
1785128099.649,10.0,84.2,52.35,2.0,28.8,0,0,42403,113.98
1785128100.649,11.0,82.8,52.36,3.0,17.0,0,0,42403,114.01
1785128101.649,10.1,47.5,52.40,4.0,23.0,0,0,42403,114.06
1785128102.649,11.1,55.4,52.38,3.0,20.0,0,0,42403,114.07
1785128103.649,10.1,33.0,52.37,5.0,28.0,0,0,42403,114.09
1785128104.650,10.2,99.0,52.34,3.0,34.0,0,0,42403,114.15
1785128105.650,11.2,97.0,52.32,3.0,47.0,0,0,42403,114.15
1785128106.650,10.6,77.8,52.32,3.0,25.0,0,0,42403,114.17
1785128107.650,10.8,81.0,52.37,3.0,27.0,0,0,42403,114.11
1785128108.650,10.8,82.0,52.38,3.0,31.0,0,0,42403,114.13
1785128109.650,11.8,83.0,52.36,3.0,31.8,0,0,42403,114.26
1785128110.650,11.6,82.0,52.31,3.0,46.3,0,0,42403,114.26
1785128111.650,11.9,56.6,52.40,2.0,178.0,0,0,42403,114.16
1785128112.650,10.2,85.0,52.37,4.0,20.0,0,0,42403,114.11
1785128113.650,10.2,77.2,52.35,2.0,10.0,0,0,42403,114.14
1785128114.650,10.5,90.0,52.40,3.0,11.0,0,0,42403,114.26
1785128115.651,10.5,85.9,52.39,2.0,11.0,0,0,42403,114.22
1785128116.651,10.3,82.0,52.37,3.0,12.0,0,0,42403,114.16
1785128117.651,10.2,58.0,52.37,3.0,14.0,0,0,42403,114.26
1785128118.651,12.7,92.9,52.36,2.0,13.0,0,0,42403,114.23
1785128119.651,10.5,83.2,52.35,3.0,13.0,0,0,42403,114.11
1785128120.651,10.2,85.9,52.39,2.0,13.0,0,0,42403,114.08
1785128121.651,10.7,73.0,52.40,4.0,14.0,0,0,42403,114.14
1785128122.651,8.9,86.9,52.36,3.0,19.0,0,0,42403,114.21
1785128123.651,12.3,83.2,52.38,3.0,15.0,0,0,42403,114.16
1785128124.651,10.4,64.4,52.42,2.0,24.0,0,0,42403,114.21
1785128125.652,11.3,70.0,52.42,3.0,20.0,0,0,42403,114.26
1785128126.652,9.3,70.7,52.43,3.0,27.0,0,0,42403,114.21
1785128127.652,11.6,56.4,52.39,3.0,25.0,0,0,42403,114.31
1785128128.652,9.2,88.9,52.35,3.0,33.0,0,0,42403,114.29
1785128129.652,11.2,71.3,52.40,4.0,23.0,0,0,42403,114.14
1785128130.652,8.7,33.7,52.35,3.0,40.0,0,0,42403,114.24
1785128131.652,11.0,33.3,52.36,4.0,21.0,0,0,42403,114.25
1785128132.652,9.7,28.7,52.38,2.0,13.0,0,0,42403,114.09
1785128133.652,9.4,40.6,52.38,5.0,12.0,0,0,42403,114.07
1785128134.652,9.8,25.0,52.37,3.0,16.0,0,0,42403,114.43
1785128135.653,9.6,28.0,52.38,2.0,15.0,0,0,42403,114.46
1785128136.653,9.4,34.0,52.35,6.0,12.0,0,0,42403,114.15
1785128137.653,9.3,26.0,52.35,3.0,12.0,0,0,42403,114.16
1785128138.653,8.9,44.6,52.29,4.0,14.0,0,0,42403,114.19
1785128139.653,9.7,27.7,52.29,4.0,14.0,0,0,42403,114.17
1785128140.653,10.3,32.0,52.33,2.0,18.0,0,0,42403,114.19
1785128141.653,9.7,36.0,52.34,3.0,33.0,0,0,42403,114.22
1785128142.653,11.8,39.4,52.33,6.0,50.0,0,0,42403,114.18
1785128143.654,8.5,34.7,52.32,3.0,28.0,0,0,42403,114.17
1785128144.654,10.1,26.0,52.35,4.0,23.0,0,0,42403,114.19
1785128145.654,10.7,27.7,52.34,3.0,15.0,0,0,42403,114.14
1785128146.654,8.5,39.0,52.33,5.0,19.0,0,0,42403,114.14
1785128147.654,10.6,27.7,52.30,2.0,13.0,0,0,42403,114.55
1785128148.654,10.1,31.7,52.31,7.0,20.9,0,0,42403,114.51
1785128149.654,8.9,38.0,52.31,3.0,20.1,0,0,42403,114.10
1785128150.654,10.5,26.7,52.34,2.0,34.0,0,0,42403,114.13
1785128151.654,9.3,34.0,52.36,5.0,14.0,0,0,42403,114.61
1785128152.655,9.2,29.0,52.36,4.0,25.0,0,0,42403,114.63
1785128153.655,9.8,25.7,52.37,4.0,24.0,0,0,42403,114.20
1785128154.655,7.4,58.0,52.32,5.0,31.0,0,0,42403,114.14
1785128155.655,4.2,100.0,51.53,2.0,31.0,0,0,42403,114.14
1785128156.655,4.8,75.2,51.43,5.0,14.0,0,0,42403,114.20
1785128157.655,2.8,100.0,51.43,4.0,15.0,0,0,42403,114.24
1785128158.656,2.8,88.8,51.42,4.0,23.0,0,0,42403,114.33
1785128159.656,4.4,95.0,51.45,3.0,42.0,0,0,42403,114.37
1785128160.656,3.3,100.0,51.55,7.0,91.0,0,0,42403,114.32
1785128161.656,3.7,92.9,51.54,24.0,15.0,0,0,42403,114.28
1785128162.656,2.7,100.0,51.55,32.0,1.0,88,99,42405,159.94
1785128163.656,3.0,100.0,51.55,31.0,4.0,88,99,42405,231.77
1785128164.656,3.2,100.0,51.55,38.0,6.0,100,61,42405,251.09
1785128165.656,2.5,100.0,51.53,36.0,6.0,87,98,42405,261.40
1785128166.656,2.7,100.0,51.50,38.0,7.0,88,99,42405,258.74
1785128167.657,2.9,100.0,50.75,7.0,0.0,0,0,42405,129.93
1785128168.657,3.3,100.0,50.87,4.0,42.0,0,0,42405,115.26
1785128169.657,6.2,100.0,50.95,2.0,205.0,0,0,42405,115.08
1785128170.657,2.5,100.0,50.94,3.0,33.0,0,0,42405,114.84
1785128171.657,4.4,100.0,50.96,3.0,36.0,0,0,42405,114.74
1785128172.657,4.7,100.0,50.94,3.0,21.0,0,0,42405,114.74
1785128173.657,5.0,99.0,50.94,2.0,26.0,0,0,42405,114.62
1785128174.657,3.4,100.0,50.92,4.0,26.0,0,0,42405,114.50
1785128175.657,3.6,100.0,50.95,2.0,22.0,0,0,42405,114.45
1785128176.658,4.2,100.0,50.91,3.0,14.0,0,0,42405,114.45
1785128177.658,4.4,100.0,50.91,4.0,30.0,0,0,42405,114.50
1785128178.658,6.5,98.0,50.90,2.0,64.0,0,0,42405,114.45
1785128179.658,6.7,81.6,50.92,3.0,21.0,0,0,42405,114.40
1785128180.658,5.6,83.0,50.94,3.0,17.0,0,0,42405,114.45
1785128181.658,6.1,72.7,50.99,5.0,30.0,0,0,42405,114.50
1785128182.658,5.6,100.0,51.01,3.0,21.0,0,0,42405,114.42
1785128183.658,7.1,99.0,51.03,6.0,21.0,0,0,42405,114.29
1785128184.658,5.9,100.0,51.03,3.0,34.0,0,0,42405,114.36
1785128185.659,5.8,73.0,51.02,3.0,15.0,0,0,42405,114.39
1785128186.659,4.9,78.8,51.00,3.0,19.0,0,0,42405,114.78
1785128187.659,4.2,100.0,51.02,5.0,25.0,0,0,42405,115.51
1785128188.659,4.3,76.2,51.03,4.0,18.0,0,0,42405,115.46
1785128189.659,3.8,98.0,51.04,3.0,24.0,0,0,42405,115.16
1785128190.659,4.5,81.0,51.04,5.0,35.0,0,0,42405,115.11
1785128191.659,5.5,68.7,51.03,3.0,19.0,0,0,42405,115.17
1785128192.659,4.9,73.0,51.04,6.0,13.0,0,0,42405,115.15
1785128193.660,4.2,97.0,51.01,3.0,14.0,0,0,42405,115.08
1785128194.660,3.2,100.0,51.02,4.0,13.0,0,0,42405,115.14
1785128195.660,3.3,100.0,51.03,4.0,15.0,0,0,42405,115.14
1785128196.660,3.0,94.9,51.02,3.0,14.0,0,0,42405,115.15
1785128197.660,4.4,45.0,51.01,6.0,25.0,0,0,42405,115.16
1785128198.660,5.8,71.7,51.03,3.0,41.0,0,0,42405,115.09
1785128199.660,5.7,82.0,51.05,3.0,26.0,0,0,42405,115.00
1785128200.660,6.3,62.6,51.05,5.0,32.0,0,0,42405,115.01
1785128201.660,2.7,100.0,51.05,3.0,32.0,0,0,42405,115.07
1785128202.661,4.9,100.0,51.06,5.0,56.0,0,0,42405,115.07
1785128203.661,3.9,92.1,51.06,3.0,34.0,0,0,42405,115.01
1785128204.661,2.9,100.0,51.06,4.0,14.0,0,0,42405,115.40
1785128205.661,2.5,100.0,51.04,3.0,21.0,0,0,42405,115.48
1785128206.661,3.4,100.0,51.02,3.0,17.0,0,0,42405,115.08
1785128207.661,3.9,66.7,51.03,3.0,16.0,0,0,42405,115.08
1785128208.661,3.6,100.0,51.04,5.0,34.1,0,0,42405,115.08
1785128209.661,3.5,56.6,51.03,3.0,46.0,0,0,42405,115.03
1785128210.662,7.1,84.2,51.08,2.0,40.0,0,0,42405,114.98
1785128211.662,6.3,90.0,51.11,3.0,34.0,0,0,42405,114.96
1785128212.662,3.7,100.0,51.12,2.0,38.0,0,0,42405,114.92
1785128213.662,3.6,100.0,51.10,3.0,37.0,0,0,42405,114.92
1785128214.662,3.6,100.0,51.09,2.0,44.0,0,0,42405,115.01
1785128215.662,4.8,100.0,51.07,3.0,30.0,0,0,42405,115.03
1785128216.662,2.6,100.0,51.09,3.0,26.0,0,0,42405,115.03
1785128217.662,2.8,100.0,51.10,2.0,25.0,0,0,42405,114.98
1785128218.662,2.5,100.0,51.09,3.0,28.0,0,0,42405,114.98
1785128219.662,3.4,100.0,51.10,2.0,27.0,0,0,42405,115.22
1785128220.663,2.4,100.0,51.08,2.0,24.0,0,0,42405,115.18
1785128221.663,2.7,98.0,51.09,5.0,26.0,0,0,42405,115.18
1785128222.663,2.6,100.0,51.09,1.0,20.0,0,0,42405,114.89
1785128223.663,2.6,100.0,51.07,4.0,23.0,0,0,42405,114.95
1785128224.663,3.1,100.0,51.08,3.0,22.0,0,0,42405,114.95
1785128225.663,3.4,95.0,51.08,0.0,22.0,0,0,42405,114.93
1785128226.663,3.5,100.0,51.11,5.0,24.0,0,0,42405,114.93
1785128227.663,3.1,100.0,51.12,3.0,22.0,0,0,42405,114.80
1785128228.663,2.6,100.0,51.12,2.0,25.0,0,0,42405,114.80
1785128229.664,4.4,100.0,51.12,3.0,24.0,0,0,42405,114.75
1785128230.664,3.8,89.8,51.13,4.0,23.0,0,0,42405,114.79
1785128231.664,2.5,100.0,51.10,1.0,21.0,0,0,42405,114.84
1785128232.664,3.3,100.0,51.11,4.0,25.0,0,0,42405,114.84
1785128233.664,2.5,100.0,51.09,2.0,25.0,0,0,42405,114.79
1785128234.664,2.5,100.0,51.08,2.0,21.9,0,0,42405,114.79
1785128235.664,2.5,100.0,51.09,4.0,25.1,0,0,42405,114.79
1785128236.664,3.4,100.0,51.08,3.0,21.0,0,0,42405,114.80
1785128237.664,2.5,100.0,51.08,3.0,23.0,0,0,42405,114.75
1785128238.665,4.6,100.0,51.07,2.0,32.0,0,0,42405,114.69
1785128239.665,2.7,100.0,51.06,2.0,33.0,0,0,42405,114.69
1785128240.665,3.2,100.0,51.09,3.0,18.0,0,0,42405,114.59
1785128241.665,3.0,100.0,51.09,4.0,20.0,0,0,42405,114.59
1785128242.665,2.9,100.0,51.10,2.0,17.0,0,0,42405,114.74
1785128243.665,3.5,100.0,51.10,3.0,21.0,0,0,42405,114.74
1785128244.665,2.7,100.0,51.09,4.0,20.0,0,0,42405,114.74
1785128245.665,3.2,100.0,51.10,1.0,19.0,0,0,42405,114.74
1785128246.665,3.5,100.0,51.09,3.0,22.0,0,0,42405,114.69
1785128247.665,3.5,94.1,51.11,2.0,19.0,0,0,42405,114.69
1785128248.666,3.4,83.2,51.11,4.0,14.0,0,0,42405,114.74
1785128249.666,4.0,59.2,51.13,4.0,11.0,0,0,42405,114.69
1785128250.666,4.3,89.9,51.13,1.0,12.0,0,0,42405,114.69
1785128251.666,7.1,78.0,51.13,4.0,22.0,0,0,42405,114.64
1785128252.666,4.8,70.7,51.26,4.0,14.0,0,0,42405,114.61
1785128253.666,3.9,100.0,51.41,3.0,14.0,0,0,42405,114.61
1785128254.666,7.4,99.0,51.64,6.0,16.0,0,0,42405,114.51
1785128255.666,6.4,91.0,51.90,3.0,14.0,0,0,42405,114.50
1785128256.666,8.5,99.0,51.99,4.0,15.0,0,0,42405,114.54
1785128257.667,11.0,66.7,51.99,2.0,14.0,0,0,42405,114.58
1785128258.667,9.8,55.4,52.16,3.0,15.0,0,0,42405,114.59
1785128259.667,11.1,38.8,52.15,3.0,17.0,0,0,42405,114.52
1785128260.667,10.2,79.2,52.22,3.0,18.0,0,0,42405,114.57
1785128261.667,11.1,85.1,52.22,2.0,17.0,0,0,42405,114.53
1785128262.667,10.1,84.8,52.26,3.0,16.0,0,0,42405,114.53
1785128263.667,12.1,85.0,52.25,2.0,10.0,0,0,42405,114.66
1785128264.667,10.3,82.0,52.33,2.0,10.0,0,0,42405,114.60
1785128265.667,10.6,58.0,52.34,3.0,11.0,0,0,42405,114.47
1785128266.667,9.9,69.3,52.27,3.0,15.0,0,0,42405,114.64
1785128267.667,10.5,86.9,52.28,3.0,24.0,0,0,42405,114.68
1785128268.668,10.5,86.1,52.29,4.0,35.0,0,0,42405,114.47
1785128269.668,10.9,82.8,52.29,1.0,24.0,0,0,42405,114.42
1785128270.668,11.0,84.8,52.31,3.0,159.9,0,0,42405,114.42
1785128271.668,11.0,83.0,52.29,4.0,29.0,0,0,42405,114.42
1785128272.668,9.6,59.0,52.30,1.0,35.0,0,0,42405,114.42
1785128273.668,11.7,82.0,52.31,5.0,16.0,0,0,42405,114.43
1785128274.668,10.6,68.0,52.27,2.0,9.0,0,0,42405,114.35
1785128275.668,10.6,100.0,52.29,4.0,7.0,0,0,42405,114.33
1785128276.668,11.5,98.0,52.27,4.0,10.0,0,0,42405,114.38
1785128277.669,10.5,100.0,52.34,2.0,26.0,0,0,42405,114.28
1785128278.669,10.6,86.0,52.27,4.0,23.0,0,0,42405,114.27
1785128279.669,10.3,75.0,52.25,3.0,23.0,0,0,42405,114.35
1785128280.669,10.1,27.5,52.26,3.0,23.0,0,0,42405,114.32
1785128281.669,9.9,26.3,52.30,4.0,25.0,0,0,42405,114.33
1785128282.669,9.6,35.6,52.28,3.0,27.0,0,0,42405,114.38
1785128283.669,10.2,25.3,52.24,2.0,37.0,0,0,42405,114.40
1785128284.669,8.2,32.0,52.23,6.0,42.0,0,0,42405,114.47
1785128285.669,10.0,34.0,52.21,2.0,37.0,0,0,42405,114.40
1785128286.669,9.4,31.0,52.23,4.0,33.9,0,0,42405,114.28
1785128287.670,10.5,31.0,52.26,3.0,31.0,0,0,42405,114.31
1785128288.670,10.4,25.7,52.29,2.0,36.1,0,0,42405,114.31
1785128289.670,11.5,51.5,52.32,6.0,50.8,0,0,42405,114.29
1785128290.670,11.4,27.6,52.30,2.0,180.0,0,0,42405,114.30
1785128291.670,9.3,38.0,52.31,4.0,27.0,0,0,42405,114.31
1785128292.670,10.0,26.0,52.32,3.0,15.0,0,0,42405,114.30
1785128293.670,8.3,34.7,52.33,2.0,14.0,0,0,42405,114.31
1785128294.670,9.7,28.0,52.30,6.0,16.0,0,0,42405,114.36
1785128295.670,10.5,30.7,52.26,2.0,15.0,0,0,42405,114.36
1785128296.671,8.7,39.0,52.29,4.0,15.0,0,0,42405,114.31
1785128297.671,9.7,24.0,52.30,3.0,15.0,0,0,42405,114.33
1785128298.671,10.8,30.7,52.29,4.0,15.0,0,0,42405,114.40
1785128299.671,9.4,33.0,52.31,3.0,14.0,0,0,42405,114.46
1785128300.671,10.2,25.3,52.30,5.0,14.0,0,0,42405,114.78
1785128301.671,8.4,36.6,52.31,4.0,15.0,0,0,42405,114.74
1785128302.671,10.2,29.0,52.30,3.0,15.0,0,0,42405,114.42
1785128303.671,10.9,28.7,52.31,3.0,14.0,0,0,42405,114.42
1785128304.671,9.2,33.7,52.26,3.0,21.0,0,0,42405,114.77
1785128305.672,11.3,27.3,52.24,2.0,17.1,0,0,42405,114.77
1785128306.672,9.2,43.6,52.30,5.0,28.8,0,0,42405,114.38
1785128307.672,10.5,24.2,52.29,3.0,20.0,0,0,42405,114.38
1785128308.672,9.9,40.0,52.28,3.0,35.0,0,0,42405,114.38
1785128309.672,9.2,35.0,52.31,3.0,30.0,0,0,42405,114.38
1785128310.672,10.0,29.6,52.29,5.0,31.0,0,0,42405,114.43
1785128311.672,9.7,34.3,52.29,3.0,32.0,0,0,42405,114.47
1785128312.672,9.4,42.9,52.33,4.0,44.0,0,0,42405,114.57
1785128313.673,9.8,30.3,52.30,2.0,18.0,0,0,42405,114.57
1785128314.673,8.5,43.0,52.29,4.0,14.0,0,0,42405,114.52
1785128315.673,9.9,27.5,52.31,3.0,18.0,0,0,42405,114.46
1785128316.673,9.4,39.8,52.38,6.0,20.0,0,0,42405,114.47
1785128317.673,10.9,74.3,52.35,2.0,11.0,0,0,42405,114.50
1785128318.673,10.6,76.0,52.38,4.0,15.0,0,0,42405,114.45
1785128319.673,9.7,83.0,52.36,3.0,11.0,0,0,42405,114.51
1785128320.673,10.7,57.6,52.37,3.0,14.0,0,0,42405,114.57
1785128321.674,9.7,52.5,52.37,3.0,52.2,0,0,42405,114.54
1785128322.674,11.0,64.6,52.37,3.0,41.9,0,0,42405,114.52
1785128323.674,10.4,99.0,52.39,4.0,27.0,0,0,42405,114.54
1785128324.674,11.7,31.3,52.39,3.0,26.0,0,0,42405,114.61
1785128325.674,10.7,75.8,52.39,3.0,26.9,0,0,42405,114.61
1785128326.674,10.7,32.0,52.39,4.0,16.0,0,0,42405,114.61
1785128327.674,10.5,62.0,52.41,3.0,33.0,0,0,42405,114.65
1785128328.674,9.2,35.0,52.35,3.0,31.1,0,0,42405,114.56
1785128329.674,9.8,27.7,52.37,3.0,17.9,0,0,42405,114.60
1785128330.675,10.4,35.0,52.37,3.0,23.0,0,0,42405,114.67
1785128331.675,2.7,88.0,51.27,6.0,16.0,0,0,42405,114.65
1785128332.675,4.6,88.8,51.26,4.0,38.0,0,0,42405,114.63
1785128333.675,5.6,73.3,51.40,5.0,71.0,0,0,42405,114.58
1785128334.675,6.7,74.7,51.73,3.0,47.0,0,0,42405,114.57
1785128335.675,7.0,87.0,52.01,4.0,42.0,0,0,42405,114.61
1785128336.675,4.1,100.0,52.55,3.0,84.0,0,0,42405,114.63
1785128337.675,3.7,100.0,52.57,5.0,100.0,0,0,42405,114.58
1785128338.676,3.5,100.0,52.94,4.0,100.0,0,0,42405,114.59
1785128339.676,3.4,100.0,52.88,5.0,100.0,0,0,42405,114.63
1785128340.676,4.9,92.0,52.79,20.0,74.1,92,58,42405,137.56
1785128341.676,3.4,85.9,52.79,25.0,1.0,86,96,42405,281.12
1785128342.676,2.4,100.0,52.79,26.0,3.0,87,98,42405,253.09
1785128343.676,2.4,100.0,52.78,25.0,3.0,90,100,42405,251.46
1785128344.676,3.2,100.0,52.78,26.0,4.0,89,100,42405,251.37
1785128345.676,2.3,100.0,52.76,26.0,5.0,45,51,42405,239.87
1785128346.676,2.7,100.0,52.76,31.0,2.0,89,100,42405,226.88
1785128347.677,2.7,100.0,52.75,42.0,4.0,92,73,42405,262.16
1785128348.677,3.0,100.0,52.71,36.0,5.0,83,92,42405,258.60
1785128349.677,4.8,100.0,52.71,45.0,7.0,83,93,42405,245.13
1785128350.677,2.7,100.0,52.71,50.0,8.0,86,92,42405,264.18
1785128351.677,3.1,100.0,52.69,48.0,8.0,90,70,42405,281.16
1785128352.677,3.3,100.0,52.67,43.0,7.0,82,79,42405,278.95
1785128353.677,2.6,100.0,52.68,45.0,9.0,85,97,42405,274.45
1785128354.677,2.7,100.0,52.66,52.0,10.0,85,95,42405,252.86
1785128355.677,3.6,93.0,52.67,44.0,10.0,82,89,42405,270.08
1785128356.678,3.7,61.0,52.63,43.0,9.0,81,93,42405,263.70
1785128357.678,5.8,83.8,52.65,56.0,10.0,79,89,42405,263.19
1785128358.678,6.8,80.2,52.66,68.0,11.0,80,90,42405,266.98
1785128359.678,3.0,100.0,52.64,50.0,11.0,81,92,42405,270.82
1785128360.678,4.4,85.9,52.63,51.0,11.0,88,100,42405,256.15
1785128361.678,3.9,87.0,52.65,47.0,13.0,87,99,42405,291.01
1785128362.678,3.9,88.9,52.62,55.0,13.0,84,96,42405,273.29
1785128363.678,4.5,100.0,52.61,48.0,12.0,83,83,42405,280.17
1785128364.679,3.1,100.0,52.58,52.0,12.0,80,90,42405,262.19
1785128365.679,3.9,100.0,52.57,49.0,11.0,91,74,42405,278.42
1785128366.679,4.0,90.0,52.56,45.9,12.0,85,84,42405,277.94
1785128367.679,6.2,58.4,52.58,46.2,11.0,80,81,42405,272.02
1785128368.679,3.3,100.0,52.55,51.0,11.0,78,88,42405,270.93
1785128369.679,3.0,100.0,52.56,53.0,11.0,80,91,42405,282.30
1785128370.679,5.0,99.0,52.55,61.0,15.0,75,85,42405,265.43
1785128371.679,3.1,100.0,52.55,59.0,11.0,82,91,42405,280.37
1785128372.679,2.8,100.0,52.53,57.0,15.0,82,93,42405,259.78
1785128373.680,3.0,100.0,52.50,50.0,12.0,86,97,42405,272.35
1785128374.680,3.4,100.0,52.51,55.0,14.0,89,71,42405,294.68
1785128375.680,2.8,100.0,52.50,56.0,14.0,84,96,42405,288.01
1785128376.680,4.8,83.2,52.50,46.0,14.0,82,93,42405,279.91
1785128377.680,4.3,63.0,52.47,47.0,11.0,84,95,42405,296.51
1785128378.680,6.0,54.1,52.47,61.0,15.0,79,90,42405,282.12
1785128379.680,4.2,90.0,52.48,60.0,14.0,85,96,42405,285.58
1785128380.680,2.9,100.0,52.48,61.0,15.0,78,89,42405,287.67
1785128381.681,4.6,96.0,52.47,53.0,14.0,87,98,42405,279.88
1785128382.681,3.9,100.0,52.45,57.0,13.0,76,81,42405,273.79
1785128383.681,3.9,100.0,52.42,53.0,13.0,80,91,42405,277.41
1785128384.681,6.0,78.0,52.43,48.0,12.0,91,100,42405,275.94
1785128385.681,4.7,84.8,52.42,50.0,12.0,81,92,42405,283.33
1785128386.681,5.4,58.6,52.42,45.0,11.0,80,91,42405,271.41
1785128387.681,5.9,54.0,52.41,48.0,10.0,81,92,42405,278.33
1785128388.681,4.9,81.8,52.41,45.0,10.0,82,94,42405,280.87
1785128389.682,5.3,43.4,52.39,42.0,9.0,84,96,42405,275.60
1785128390.682,4.6,80.8,52.37,40.0,8.0,81,91,42405,275.87
1785128391.682,3.8,69.0,52.39,41.0,7.0,81,92,42405,271.35
1785128392.682,3.8,100.0,52.40,41.0,7.0,82,92,42405,267.65
1785128393.682,2.7,100.0,52.37,36.0,6.0,82,93,42405,253.57
1785128394.682,2.9,100.0,52.38,35.0,5.0,83,94,42405,256.55
1785128395.682,4.0,100.0,52.36,31.0,3.0,87,98,42405,264.83
1785128396.682,3.8,100.0,52.32,28.0,4.0,88,99,42405,266.22
1785128397.683,4.3,100.0,52.32,29.0,2.0,87,98,42405,245.91
1785128398.683,5.4,100.0,52.31,25.0,3.0,89,100,42405,263.62
1785128399.683,3.3,100.0,52.31,29.0,3.0,89,100,42405,258.50
1785128400.683,3.6,100.0,52.30,27.0,2.0,88,99,42405,259.11
1785128401.683,4.4,84.0,52.31,26.0,3.0,88,99,42405,261.44
1785128402.683,6.2,92.0,52.37,27.0,2.0,90,100,42405,264.00
1785128404.333,3.9,100.0,52.17,26.2,2.4,90,100,42405,265.75
1785128405.333,4.9,89.0,52.20,27.9,3.0,85,96,42405,244.40
1785128406.333,5.9,100.0,52.59,26.0,0.0,85,96,42405,245.97
1785128407.333,3.7,100.0,52.92,24.0,1.0,91,100,42668,259.04
1785128408.333,4.5,100.0,53.20,29.1,1.0,87,98,42668,262.79
1785128409.333,7.9,99.0,51.69,10.0,0.0,7,1,42405,136.96
1785128410.333,6.1,100.0,50.87,4.0,0.0,0,0,42405,124.44
1785128411.334,3.5,97.0,50.88,3.0,0.0,0,0,42405,124.24
1785128412.334,6.6,76.2,50.91,2.0,0.0,0,0,42405,123.00
1785128413.334,4.0,100.0,51.02,3.0,31.0,0,0,42405,122.69
1785128414.409,6.3,100.0,51.09,3.8,180.5,0,0,42405,122.36
1785128415.409,3.5,100.0,51.09,4.0,14.0,0,0,42405,122.08
1785128416.409,3.4,100.0,51.09,4.0,26.0,0,0,42405,121.74
1785128417.409,3.7,100.0,51.09,2.0,27.0,0,0,42405,121.45
1785128418.410,7.0,100.0,51.09,2.0,27.0,0,0,42405,121.21
1785128419.410,3.6,100.0,51.09,2.0,14.0,0,0,42405,120.90
1785128420.410,4.1,99.0,51.08,3.0,27.0,0,0,42405,120.68
1785128421.410,3.5,100.0,51.09,2.0,12.0,0,0,42405,120.55
1785128422.410,5.1,82.2,51.09,3.0,23.0,0,0,42405,120.40
1785128423.410,5.5,91.1,51.08,3.0,21.0,0,0,42405,120.21
1785128424.410,3.7,100.0,51.07,2.0,10.0,0,0,42405,120.09
1785128425.410,4.6,100.0,51.04,3.0,9.0,0,0,42405,120.14
1785128426.410,3.6,100.0,51.06,2.0,22.0,0,0,42405,120.03
1785128427.410,3.8,100.0,51.05,3.0,43.0,0,0,42405,119.88
1785128428.411,3.9,100.0,51.06,3.0,43.0,0,0,42405,119.75
1785128429.411,5.0,100.0,51.06,1.0,13.0,0,0,42405,119.55
1785128430.411,3.9,100.0,51.07,3.0,6.0,0,0,42405,119.34
1785128431.411,4.1,81.2,51.07,3.0,22.0,0,0,42405,119.25
1785128432.411,3.4,100.0,51.05,4.0,9.0,0,0,42405,119.12
1785128433.411,3.1,100.0,51.04,3.0,16.0,0,0,42405,118.95
1785128434.411,4.9,94.0,51.04,3.0,22.0,0,0,42405,118.88
1785128435.411,2.9,63.3,51.05,3.0,15.0,0,0,42405,118.73
1785128436.411,3.2,100.0,51.08,1.0,18.0,0,0,42405,118.49
1785128437.411,3.2,93.0,51.08,3.0,24.0,0,0,42405,118.37
1785128438.412,5.0,68.7,51.13,2.0,21.0,0,0,42405,118.24
1785128439.412,3.9,53.5,51.27,5.0,11.0,0,0,42405,118.09
1785128440.412,4.2,88.1,51.56,3.0,24.0,0,0,42405,118.11
1785128441.412,6.7,56.0,51.65,4.0,19.0,0,0,42405,118.01
1785128442.412,2.9,92.9,51.90,3.0,15.0,0,0,42405,117.80
1785128443.412,9.8,34.3,51.96,3.0,11.0,0,0,42405,117.60
1785128444.412,9.1,36.4,51.98,5.0,7.0,0,0,42405,117.48
1785128445.412,11.3,42.0,52.15,3.0,5.0,0,0,42405,117.39
1785128446.413,9.5,27.7,52.17,4.0,8.0,0,0,42405,117.29
1785128447.413,9.1,41.6,52.25,3.0,11.0,0,0,42405,116.65
1785128448.413,10.2,26.5,52.26,4.0,9.0,0,0,42405,116.23
1785128449.413,9.4,26.0,52.25,2.0,8.0,0,0,42405,116.07
1785128450.413,9.4,48.5,52.32,5.0,16.0,0,0,42405,115.65
1785128451.413,11.1,100.0,52.32,4.0,29.0,0,0,42405,115.60
1785128452.413,10.3,57.0,52.29,3.0,24.0,0,0,42405,115.48
1785128453.413,10.0,51.0,52.29,3.0,23.0,0,0,42405,115.28
1785128454.414,10.6,61.6,52.28,5.0,20.0,0,0,42405,115.22
1785128455.414,10.0,91.9,52.24,2.0,28.0,0,0,42405,115.25
1785128456.414,11.0,56.0,52.22,5.0,55.0,0,0,42405,115.17
1785128457.414,10.4,35.6,52.22,3.0,20.0,0,0,42405,115.00
1785128458.414,8.9,28.0,52.21,4.0,8.0,0,0,42405,114.91
1785128459.414,9.5,31.0,52.20,3.0,9.0,0,0,42405,114.87
1785128460.414,8.6,36.0,52.23,5.0,12.0,0,0,42405,114.73
1785128461.414,10.2,29.4,52.24,3.0,10.0,0,0,42405,114.63
1785128462.415,9.0,39.0,52.20,5.0,7.0,0,0,42405,114.65
1785128463.415,9.4,34.3,52.26,3.0,8.0,0,0,42405,114.52
1785128464.415,9.5,27.7,52.24,3.0,11.0,0,0,42405,114.41
1785128465.415,9.8,30.0,52.30,3.0,10.0,0,0,42405,114.29
1785128466.415,9.0,36.0,52.28,5.0,26.0,0,0,42405,114.21
1785128467.415,9.7,28.7,52.28,4.0,36.0,0,0,42405,114.13
1785128468.415,9.6,37.4,52.26,3.0,26.0,0,0,42405,114.04
1785128469.415,11.5,30.0,52.26,2.0,17.0,0,0,42405,113.99
1785128470.416,10.2,30.7,52.28,5.0,10.0,0,0,42405,113.94
1785128471.416,8.9,33.0,52.19,4.0,17.0,0,0,42405,113.92
1785128472.416,10.0,25.7,52.19,4.0,15.0,0,0,42405,113.85
1785128473.416,8.8,40.0,52.19,3.0,17.0,0,0,42405,113.73
1785128474.416,9.6,29.6,52.20,3.0,30.0,0,0,42405,113.71
1785128475.416,9.6,28.3,52.26,5.0,17.0,0,0,42405,113.71
1785128476.416,9.4,36.6,52.21,3.0,20.9,0,0,42405,113.61
1785128477.416,10.5,31.0,52.22,4.0,24.0,0,0,42405,113.58
1785128478.416,10.8,39.6,52.21,5.0,18.0,0,0,42405,113.50
1785128479.417,9.7,26.3,52.21,4.0,9.0,0,0,42405,113.38
1785128480.417,10.5,29.7,52.22,3.0,11.0,0,0,42405,113.28
1785128481.417,8.9,45.5,52.22,3.0,18.0,0,0,42405,113.21
1785128482.417,9.6,22.0,52.23,5.0,9.0,0,0,42405,113.32
1785128483.417,10.0,29.4,52.28,3.0,8.0,0,0,42405,113.27
1785128484.417,9.5,25.0,52.24,3.0,13.0,0,0,42405,113.06
1785128485.417,10.4,28.7,52.23,4.0,16.0,0,0,42405,113.06
1785128486.418,9.4,40.0,52.20,3.0,13.0,0,0,42405,113.01
1785128487.418,10.1,31.7,52.19,3.0,12.0,0,0,42405,112.96
1785128488.418,10.0,24.8,52.19,4.0,16.0,0,0,42405,112.94
1785128489.418,8.8,38.0,52.23,2.0,11.0,0,0,42405,112.89
1785128490.418,9.6,27.0,52.21,5.0,13.0,0,0,42405,112.80
1785128491.418,10.5,35.6,52.19,3.0,12.0,0,0,42405,112.75
1785128492.418,9.2,27.0,52.24,3.0,15.0,0,0,42405,112.82
1785128493.418,9.9,26.3,52.26,4.0,12.0,0,0,42405,112.85
1785128494.419,8.2,39.6,52.22,3.0,10.0,0,0,42405,112.75
1785128495.419,10.8,26.0,52.18,4.0,12.0,0,0,42405,112.63
1785128496.419,9.7,33.0,52.18,4.0,13.0,0,0,42405,112.58
1785128497.419,9.1,42.0,52.20,3.0,10.0,0,0,42405,112.56
1785128498.419,9.6,26.7,52.18,4.0,11.0,0,0,42405,112.50
1785128499.419,10.3,35.0,52.19,3.0,15.1,0,0,42405,112.46
1785128500.419,8.9,35.0,52.17,4.0,14.9,0,0,42405,112.46
1785128501.419,10.1,26.0,52.16,3.0,14.0,0,0,42405,112.42
1785128502.420,9.7,32.7,52.18,5.0,14.0,0,0,42405,114.04
1785128503.420,8.9,24.5,52.14,3.0,13.1,0,0,42405,116.15
1785128504.420,10.3,31.7,52.14,2.0,11.0,0,0,42405,116.62
1785128505.420,8.7,38.0,52.18,4.0,11.9,0,0,42405,116.57
1785128506.420,11.0,31.3,52.20,4.0,11.0,0,0,42405,116.53
1785128507.420,9.7,30.3,52.26,3.0,13.0,0,0,42405,116.11
1785128508.420,9.7,38.0,52.21,3.0,11.0,0,0,42405,115.63
1785128509.420,10.5,21.0,52.21,6.0,21.0,0,0,42405,115.60
1785128510.420,9.6,35.0,52.25,3.0,14.0,0,0,42405,115.57
1785128511.421,8.8,34.7,52.20,5.0,16.0,0,0,42405,115.50
1785128512.421,10.0,30.0,52.18,2.0,15.0,0,0,42405,115.52
1785128513.421,9.0,25.7,52.14,4.0,16.0,0,0,42405,115.85
1785128514.421,9.8,20.8,52.14,3.0,14.0,0,0,42405,115.82
1785128515.421,10.1,26.3,52.23,4.0,14.0,0,0,42405,115.50
1785128516.421,8.9,32.7,52.19,4.0,17.1,0,0,42405,115.48
1785128517.421,10.8,35.0,52.20,3.0,11.0,0,0,42405,115.43
1785128518.421,8.9,38.0,52.22,4.0,11.0,0,0,42405,115.38
1785128519.422,9.7,23.8,52.15,3.0,12.0,0,0,42405,115.33
1785128520.422,9.7,29.3,52.13,3.0,17.0,0,0,42405,115.35
1785128521.422,9.5,42.2,52.15,5.0,12.0,0,0,42405,115.33
1785128522.422,9.8,25.3,52.14,3.0,12.0,0,0,42405,115.26
1785128523.422,8.6,40.6,52.20,5.0,14.0,0,0,42405,115.33
1785128524.422,10.4,28.3,52.22,3.0,12.0,0,0,42405,115.30
1785128525.422,10.1,28.0,52.22,3.0,12.0,0,0,42405,115.19
1785128526.423,5.6,86.1,52.12,4.0,13.0,0,0,42405,115.16
1785128527.423,3.5,64.0,51.07,5.0,13.0,0,0,42405,115.21
1785128528.423,5.4,75.5,51.09,3.0,16.0,0,0,42405,115.26
1785128529.423,5.8,85.0,51.08,5.0,13.0,0,0,42405,115.22
1785128530.423,4.9,72.4,51.07,4.0,12.0,0,0,42405,115.12
1785128531.423,4.4,85.1,51.07,3.0,11.0,0,0,42405,115.05
1785128532.423,2.6,100.0,51.10,4.0,14.0,0,0,42405,115.10
1785128533.424,4.4,100.0,51.10,3.0,13.0,0,0,42405,115.20
1785128534.424,3.4,88.0,51.10,5.0,15.0,0,0,42405,115.19
1785128535.424,4.2,58.6,51.09,3.0,20.0,0,0,42405,115.07
1785128536.424,2.8,100.0,51.09,5.0,26.0,0,0,42405,115.03
1785128537.424,3.5,100.0,51.07,3.0,17.0,0,0,42405,115.16
1785128538.424,4.7,100.0,51.05,3.0,15.0,0,0,42405,115.16
1785128539.424,2.7,100.0,51.08,2.0,17.0,0,0,42405,115.09
1785128540.424,2.6,100.0,51.11,3.0,15.0,0,0,42405,114.93
1785128541.424,3.1,100.0,51.11,3.0,14.0,0,0,42405,114.89
1785128542.425,2.4,100.0,51.12,3.0,17.0,0,0,42405,114.89
1785128543.425,3.1,100.0,51.13,4.0,20.0,0,0,42405,115.32
1785128544.425,3.2,100.0,51.12,1.0,14.0,0,0,42405,115.76
1785128545.425,2.9,100.0,51.11,3.0,13.0,0,0,42405,115.81
1785128546.425,2.6,100.0,51.13,4.0,12.0,0,0,42405,115.76
1785128547.425,2.7,100.0,51.12,1.0,22.1,0,0,42405,115.79
1785128548.425,3.5,100.0,51.10,2.0,20.9,0,0,42405,115.86
1785128549.425,2.4,100.0,51.08,4.0,17.0,0,0,42405,115.86
1785128550.425,2.5,100.0,51.06,2.0,17.0,0,0,42405,115.86
1785128551.426,2.3,100.0,51.07,3.0,16.0,0,0,42405,115.76
1785128552.426,4.0,97.0,51.08,3.0,21.0,0,0,42405,115.71
1785128553.426,2.7,100.0,51.08,1.0,21.1,0,0,42405,115.71
1785128554.426,5.0,58.0,51.08,3.0,13.9,0,0,42405,115.66
1785128555.426,5.9,48.0,51.09,4.0,13.0,0,0,42405,115.61
1785128556.426,2.6,100.0,51.08,3.0,14.0,0,0,42405,115.66
1785128557.426,3.8,100.0,51.08,5.0,11.0,0,0,42405,115.68
1785128558.427,2.6,100.0,51.06,4.0,13.0,0,0,42405,115.65
1785128559.427,3.9,88.9,51.06,4.0,11.0,0,0,42405,115.65
1785128560.427,4.7,81.8,51.05,3.0,12.0,0,0,42405,115.65
1785128561.427,3.6,100.0,51.05,4.0,15.0,0,0,42405,115.64
1785128562.427,2.8,100.0,51.04,5.0,21.0,0,0,42405,115.60
1785128563.427,2.9,100.0,51.05,2.0,34.0,0,0,42405,115.60
1785128564.427,2.5,100.0,51.06,3.0,26.0,0,0,42405,115.60
1785128565.427,4.6,100.0,51.07,4.0,184.0,0,0,42405,115.58
1785128566.427,3.8,100.0,51.06,3.0,26.0,0,0,42405,115.91
1785128567.428,3.8,100.0,51.08,3.0,35.0,0,0,42405,115.87
1785128568.428,2.3,100.0,51.10,2.0,16.0,0,0,42405,115.53
1785128569.428,2.3,100.0,51.10,5.0,5.0,0,0,42405,115.52
1785128570.428,2.5,100.0,51.11,2.0,13.0,0,0,42405,115.47
1785128571.428,4.0,100.0,51.15,4.0,40.0,0,0,42405,115.47
1785128572.428,2.8,100.0,51.16,3.0,35.0,0,0,42405,115.57
1785128573.428,2.3,100.0,51.15,3.0,29.0,0,0,42405,115.53
1785128574.428,2.5,100.0,51.17,3.0,28.0,0,0,42405,115.53
1785128575.429,3.0,100.0,51.17,4.0,27.0,0,0,42405,115.42
1785128576.429,3.4,100.0,51.18,4.0,32.0,0,0,42405,115.37
1785128577.429,2.9,100.0,51.18,2.0,42.0,0,0,42405,115.42
1785128578.429,6.0,65.0,51.17,4.0,40.0,0,0,42405,115.76
1785128579.429,4.9,62.0,51.16,4.0,36.0,0,0,42405,115.79
1785128580.429,6.1,86.0,51.15,1.0,42.0,0,0,42405,115.45
1785128581.429,6.8,70.7,51.18,5.6,139.0,0,0,42405,115.39
1785128582.429,3.0,100.0,51.20,2.2,25.0,0,0,42405,115.39
1785128583.429,4.1,86.0,51.20,3.0,13.0,0,0,42405,115.34
1785128584.430,3.5,99.0,51.18,4.0,14.0,0,0,42405,115.34
1785128585.430,3.6,87.0,51.19,4.0,15.0,0,0,42405,115.36
1785128586.430,2.8,100.0,51.17,4.0,13.0,0,0,42405,115.35
1785128587.430,2.9,100.0,51.18,3.0,14.0,0,0,42405,115.34
1785128588.430,2.7,100.0,51.18,4.0,14.0,0,0,42405,115.29
1785128589.430,5.0,82.8,51.19,2.0,12.0,0,0,42405,115.24
1785128590.430,3.2,100.0,51.19,4.0,21.0,0,0,42405,115.24
1785128591.430,3.5,95.0,51.20,4.0,18.0,0,0,42405,115.30
1785128592.431,2.8,100.0,51.22,4.0,25.0,0,0,42405,115.34
1785128593.431,3.4,86.0,51.24,3.0,20.0,0,0,42405,115.34
1785128594.431,5.3,90.0,51.22,4.0,27.0,0,0,42405,115.29
1785128595.431,3.5,91.0,51.22,5.0,21.0,0,0,42405,115.14
1785128596.431,2.7,100.0,51.21,2.0,24.0,0,0,42405,115.16
1785128597.431,2.9,100.0,51.22,5.0,44.0,0,0,42405,115.21
1785128598.431,6.4,100.0,51.23,4.0,12.0,0,0,42405,115.16
1785128599.431,2.9,100.0,51.25,4.0,44.0,0,0,42405,115.11
1785128600.432,2.3,100.0,51.24,2.0,18.0,0,0,42405,115.04
1785128601.432,2.5,100.0,51.26,4.0,17.0,0,0,42405,115.08
1785128602.432,2.9,100.0,51.27,4.0,14.0,0,0,42405,115.13
1785128603.432,2.7,100.0,51.27,2.0,9.0,0,0,42405,115.08
1785128604.432,4.4,58.0,51.29,3.0,14.0,0,0,42405,115.18
1785128605.432,3.4,100.0,51.30,4.0,44.0,0,0,42405,115.24
1785128606.432,3.8,100.0,51.27,2.0,36.0,0,0,42405,115.11
1785128607.432,2.7,100.0,51.29,5.0,34.0,0,0,42405,115.04
1785128608.433,2.8,100.0,51.30,3.0,22.0,0,0,42405,115.03
1785128609.433,3.5,92.9,51.30,2.0,25.0,0,0,42405,115.08
1785128610.433,2.5,96.0,51.32,3.0,31.0,0,0,42405,115.13
1785128611.433,3.5,93.9,51.31,3.0,26.0,0,0,42405,115.08
1785128612.433,3.4,92.0,51.32,3.0,28.0,0,0,42405,114.96
1785128613.433,3.0,85.0,51.35,3.0,19.0,0,0,42405,114.88
1785128614.433,4.6,77.0,51.35,2.0,34.0,0,0,42405,115.00
1785128615.433,5.4,91.9,51.86,4.0,92.9,0,0,42405,115.03
1785128616.433,3.4,100.0,52.76,5.0,101.0,0,0,42405,114.95
1785128617.434,3.5,100.0,52.73,5.0,99.0,0,0,42405,114.92
1785128618.434,3.8,100.0,52.95,3.0,100.1,0,0,42405,114.85
1785128619.434,3.8,100.0,52.81,4.0,98.0,0,0,42405,114.85
1785128620.434,2.5,100.0,52.79,30.0,1.0,100,60,42405,208.97
1785128621.434,2.3,100.0,52.80,30.0,3.0,88,99,42405,247.05
1785128622.434,3.9,100.0,52.78,31.0,4.0,91,100,42405,245.15
1785128623.434,4.3,100.0,52.78,28.0,3.0,87,98,42405,246.36
1785128624.434,3.5,100.0,52.77,30.0,4.0,87,98,42405,246.81
1785128625.435,5.6,88.0,52.76,56.0,8.0,95,62,42405,233.66
1785128626.435,5.6,87.9,52.74,48.8,9.0,94,53,42405,293.70
1785128627.435,7.6,83.0,52.75,55.2,11.0,85,87,42405,299.98
1785128628.435,5.1,94.0,52.74,72.0,19.0,81,77,42405,276.16
1785128629.435,5.1,98.0,52.74,79.0,19.0,77,87,42405,286.82
1785128630.435,4.0,100.0,52.74,62.0,12.0,88,65,42405,274.98
1785128631.435,5.1,100.0,52.73,71.0,16.0,100,66,42405,277.10
1785128632.436,4.2,100.0,52.73,72.0,19.0,94,73,42405,316.83
1785128633.436,4.2,100.0,52.70,59.0,15.0,100,65,42405,296.07
1785128634.436,4.1,100.0,52.71,69.0,18.0,98,78,42405,282.85
1785128635.436,5.1,100.0,52.71,67.0,24.0,85,92,42405,266.73
1785128636.436,4.2,100.0,52.71,65.0,24.0,81,91,42405,310.53
1785128637.436,4.2,100.0,52.73,70.0,22.0,76,85,42405,277.85
1785128638.436,5.2,95.0,52.71,63.0,24.0,82,92,42405,280.56
1785128639.436,5.1,83.2,52.86,63.0,18.0,86,96,42405,285.48
1785128640.436,6.0,99.0,52.82,61.0,22.0,83,92,42405,276.70
1785128641.436,7.3,68.0,52.96,62.0,17.0,85,95,42405,279.02
1785128642.437,7.9,64.4,53.11,58.0,17.0,84,93,42405,279.12
1785128643.437,11.0,51.0,53.16,56.0,17.0,82,91,42405,281.20
1785128644.437,10.5,72.7,53.32,52.0,15.0,83,92,42405,283.62
1785128645.437,11.0,80.2,53.32,49.2,15.0,78,86,42405,274.92
1785128646.437,9.9,90.9,53.31,54.0,14.0,83,93,42405,277.76
1785128647.437,11.1,78.0,53.29,46.0,12.0,83,95,42405,278.34
1785128648.437,12.0,86.1,53.34,50.0,12.0,79,90,42405,274.87
1785128649.437,11.1,31.3,53.34,50.0,12.0,80,91,42405,266.41
1785128650.437,10.5,32.0,53.32,46.0,9.0,78,89,42405,270.25
1785128651.437,9.3,35.6,53.37,46.0,10.0,79,90,42405,275.61
1785128652.438,10.2,21.0,53.37,38.0,8.0,85,97,42405,273.55
1785128653.438,8.4,34.7,53.32,43.0,8.0,80,91,42405,269.38
1785128654.438,9.7,29.0,53.32,38.0,7.0,87,98,42405,269.83
1785128655.438,10.0,27.7,53.31,36.0,6.0,83,94,42405,269.29
1785128656.438,8.9,41.0,53.28,37.9,5.0,88,99,42405,256.11
1785128657.438,10.4,32.0,53.29,36.0,5.0,84,94,42405,253.06
1785128658.438,11.3,41.0,53.28,34.1,5.0,84,95,42405,254.50
1785128659.438,9.8,41.6,53.29,31.0,3.0,85,96,42405,255.93
1785128660.439,10.3,27.7,53.30,33.0,4.0,86,97,42405,255.25
1785128661.439,9.2,33.7,53.30,32.0,3.0,84,95,42405,251.68
1785128662.439,9.1,33.0,53.30,32.0,3.0,87,98,42405,251.98
1785128663.439,10.1,26.0,53.29,29.0,2.0,85,96,42405,252.37
1785128664.439,8.5,38.0,53.30,31.0,1.0,86,97,42405,250.29
1785128665.439,11.1,28.0,53.30,28.0,1.0,83,94,42405,262.67
1785128666.439,10.7,27.7,53.28,30.0,2.0,88,99,42405,247.01
1785128667.439,9.7,44.4,53.28,30.0,1.0,86,97,42405,249.63
1785128668.440,10.0,24.8,53.25,27.0,1.0,83,93,42405,250.54
1785128669.440,9.7,26.7,53.23,31.0,2.0,86,97,42405,253.66
1785128670.440,9.3,40.4,53.24,28.0,1.0,84,95,42405,258.16
1785128671.440,10.4,33.3,53.26,27.0,1.0,87,98,42405,247.75
1785128672.440,8.2,34.3,53.27,29.0,1.0,84,94,42405,265.92
1785128673.440,10.8,52.5,53.13,18.0,48.1,0,0,42405,190.54
1785128674.440,10.0,33.3,51.71,3.0,0.0,0,0,42405,137.23
1785128675.441,8.6,37.6,51.72,3.0,0.0,0,0,42405,122.25
1785128676.441,10.1,27.7,51.73,5.0,0.0,0,0,42405,121.91
1785128677.441,9.9,49.5,51.91,3.0,50.0,0,0,42405,121.49
1785128678.441,10.1,22.0,51.91,3.0,188.0,0,0,42405,121.12
1785128679.441,9.8,29.0,51.93,3.0,27.0,0,0,42405,120.86
1785128680.441,10.0,25.7,51.96,3.0,25.0,0,0,42405,120.61
1785128681.441,10.2,26.0,51.99,5.0,32.0,0,0,42405,120.30
1785128682.441,9.2,36.0,51.97,4.0,18.0,0,0,42405,120.10
1785128683.441,9.8,27.7,51.94,3.0,17.0,0,0,42405,119.88
1785128684.442,9.4,25.7,51.94,4.0,27.0,0,0,42405,119.71
1785128685.442,9.2,39.0,51.97,2.0,12.0,0,0,42405,119.58
1785128686.442,10.7,29.0,51.98,4.0,15.0,0,0,42405,119.46
1785128687.442,10.4,40.0,52.05,4.0,28.9,0,0,42405,119.34
1785128688.442,9.2,34.0,52.10,4.0,13.0,0,0,42405,119.15
1785128689.442,10.1,34.0,52.10,4.0,11.0,0,0,42405,119.01
1785128690.442,9.3,37.0,52.00,3.0,13.0,0,0,42405,118.84
1785128691.442,9.5,20.8,52.00,3.0,14.0,0,0,42405,118.69
1785128692.442,9.8,32.3,52.02,3.0,43.0,0,0,42405,118.59
1785128693.442,9.4,44.0,52.16,4.0,67.0,0,0,42405,118.40
1785128694.443,11.8,99.0,52.14,4.0,15.0,0,0,42405,118.26
1785128695.443,11.9,99.0,52.16,4.0,16.0,0,0,42405,118.19
1785128696.443,10.5,96.0,52.11,2.0,30.0,0,0,42405,118.01
1785128697.443,10.5,79.0,52.12,5.0,21.1,0,0,42405,117.92
1785128698.443,10.9,82.0,52.17,1.0,32.0,0,0,42405,117.89
1785128699.443,10.8,80.0,52.11,4.0,19.9,0,0,42405,117.77
1785128700.443,10.7,49.0,52.13,3.0,17.0,0,0,42405,117.68
1785128701.443,10.6,61.0,52.17,3.0,24.0,0,0,42405,117.55
1785128702.443,10.1,82.0,52.16,2.0,22.0,0,0,42405,117.45
1785128703.444,11.3,83.0,52.17,4.0,30.0,0,0,42405,117.33
1785128704.444,9.6,39.4,52.16,3.0,25.0,0,0,42405,117.22
1785128705.444,10.2,77.0,52.16,3.0,14.0,0,0,42405,117.14
1785128706.444,10.5,76.0,52.15,2.0,13.0,0,0,42405,117.04
1785128707.444,11.1,77.0,52.06,3.0,12.0,0,0,42405,116.41
1785128708.444,10.3,76.8,52.07,3.0,12.0,0,0,42405,115.68
1785128709.444,12.3,80.2,52.11,4.0,32.9,0,0,42405,115.52
1785128710.444,11.1,85.0,52.11,2.0,27.0,0,0,42405,115.52
1785128711.444,8.9,65.0,52.19,3.0,30.0,0,0,42405,115.46
1785128712.444,12.1,45.0,52.22,4.0,25.0,0,0,42405,115.31
1785128713.444,10.9,72.3,52.20,3.0,50.0,0,0,42405,115.35
1785128714.445,9.9,93.9,52.18,4.0,41.0,0,0,42405,115.29
1785128715.445,11.0,98.0,52.18,3.0,13.0,0,0,42405,115.07
1785128716.445,9.9,88.1,52.13,3.0,17.9,0,0,42405,115.03
1785128717.445,11.3,85.0,52.20,4.0,14.1,0,0,42405,114.93
1785128718.445,11.4,82.0,52.16,2.0,14.9,0,0,42405,114.86
1785128719.445,10.7,51.5,52.11,3.0,15.0,0,0,42405,114.76
1785128720.445,10.7,58.0,52.13,4.0,29.0,0,0,42405,114.70
1785128721.445,10.0,81.8,52.16,3.0,45.2,0,0,42405,114.71
1785128722.446,11.8,97.0,52.18,2.0,29.0,0,0,42405,114.64
1785128723.446,9.3,84.8,52.16,5.0,27.9,0,0,42405,114.71
1785128724.446,5.2,82.2,51.08,3.0,20.0,0,0,42405,114.57
1785128725.446,5.8,83.0,51.07,3.0,33.0,0,0,42405,114.37
1785128726.446,3.8,100.0,51.07,3.0,27.0,0,0,42405,114.35
1785128727.446,4.5,94.0,51.06,4.0,33.0,0,0,42405,114.26
1785128728.446,5.0,84.0,51.06,3.0,18.1,0,0,42405,114.23
1785128729.446,6.9,97.0,51.06,2.0,20.9,0,0,42405,114.25
1785128730.446,3.6,100.0,51.06,6.0,18.0,0,0,42405,114.16
1785128731.447,5.0,86.9,51.08,3.0,15.0,0,0,42405,114.05
1785128732.447,4.8,50.0,51.07,3.0,15.0,0,0,42405,113.98
1785128733.447,5.2,67.0,51.08,4.0,16.0,0,0,42405,113.91
1785128734.447,6.7,61.0,51.08,4.0,17.0,0,0,42405,113.85
1785128735.447,3.5,52.5,51.08,3.0,18.0,0,0,42405,113.80
1785128736.447,2.6,100.0,51.08,5.0,18.0,0,0,42405,113.72
1785128737.447,3.8,100.0,51.07,4.0,19.0,0,0,42405,113.68
1785128738.448,3.5,100.0,51.06,3.0,16.0,0,0,42405,113.67
1785128739.448,3.4,89.0,51.03,5.0,18.0,0,0,42405,113.58
1785128740.448,2.5,100.0,51.04,2.0,24.0,0,0,42405,113.47
1785128741.448,2.4,100.0,51.05,3.0,23.0,0,0,42405,113.44
1785128742.448,5.0,95.0,51.05,2.0,24.0,0,0,42405,113.44
1785128743.448,3.9,90.0,51.09,3.0,18.0,0,0,42405,113.35
1785128744.448,2.4,100.0,51.09,2.0,22.0,0,0,42405,113.23
1785128745.448,2.8,100.0,51.08,3.0,22.0,0,0,42405,113.18
1785128746.448,2.6,100.0,51.06,2.0,21.0,0,0,42405,113.20
1785128747.449,3.1,100.0,51.04,3.0,24.0,0,0,42405,113.15
1785128748.449,3.8,100.0,51.03,2.0,23.0,0,0,42405,113.09
1785128749.449,2.6,100.0,51.02,5.0,22.0,0,0,42405,112.99
1785128750.449,2.2,100.0,51.02,1.0,23.0,0,0,42405,112.99
1785128751.449,2.5,100.0,51.03,2.0,27.0,0,0,42405,113.05
1785128752.449,2.8,100.0,51.04,3.0,21.0,0,0,42405,112.96
1785128753.449,2.6,100.0,51.04,4.0,22.0,0,0,42405,112.89
1785128754.449,2.5,100.0,51.05,1.0,23.0,0,0,42405,112.91
1785128755.449,2.9,100.0,51.06,3.0,20.0,0,0,42405,112.86
1785128756.450,3.2,100.0,51.07,2.0,24.0,0,0,42405,112.79
1785128757.450,3.7,98.0,51.08,2.0,34.0,0,0,42405,112.76
1785128758.450,2.6,100.0,51.04,4.0,22.0,0,0,42405,112.78
1785128759.450,2.7,100.0,51.06,2.0,17.0,0,0,42405,112.82
1785128760.450,3.8,86.0,51.06,2.0,15.0,0,0,42405,112.73
1785128761.450,4.2,83.0,51.07,3.0,15.0,0,0,42405,112.66
1785128762.450,3.4,95.0,51.09,2.0,9.0,0,0,42405,112.70
1785128763.450,5.6,76.0,51.08,2.0,15.0,0,0,42405,112.60
1785128764.451,3.7,90.9,51.08,3.0,14.0,0,0,42405,112.49
1785128765.451,3.3,96.0,51.08,4.0,14.0,0,0,42405,112.49
1785128766.451,4.8,81.0,51.10,2.0,5.0,0,0,42405,114.12
1785128767.451,3.5,97.0,51.12,2.0,13.0,0,0,42405,115.53
1785128768.451,6.4,100.0,51.12,4.0,13.0,0,0,42405,115.54
1785128769.451,5.2,99.0,51.13,3.0,11.0,0,0,42405,115.70
1785128770.451,4.0,100.0,51.14,3.0,14.0,0,0,42405,115.65
1785128771.451,3.5,100.0,51.15,4.0,17.0,0,0,42405,115.66
1785128772.451,4.0,100.0,51.14,1.0,16.0,0,0,42405,115.62
1785128773.452,4.9,100.0,51.13,4.0,14.0,0,0,42405,115.51
1785128774.452,5.1,100.0,51.12,3.0,13.0,0,0,42405,115.41
1785128775.452,4.6,100.0,51.13,2.0,13.0,0,0,42405,115.42
1785128776.452,4.1,100.0,51.12,4.0,10.0,0,0,42405,115.38
1785128777.452,4.0,100.0,51.11,2.0,11.0,0,0,42405,115.28
1785128778.452,5.7,100.0,51.10,5.0,16.0,0,0,42405,115.45
1785128779.452,3.4,100.0,51.12,3.0,12.0,0,0,42405,115.49
1785128780.452,4.1,100.0,51.14,4.0,12.0,0,0,42405,115.35
1785128781.452,7.3,100.0,51.13,2.0,10.0,0,0,42405,115.25
1785128782.452,4.9,100.0,51.15,2.0,11.0,0,0,42405,115.14
1785128783.453,5.1,100.0,51.12,3.0,16.0,0,0,42405,115.19
1785128784.453,5.2,100.0,51.12,1.0,24.0,0,0,42405,115.25
1785128785.453,7.4,100.0,51.12,3.0,32.0,0,0,42405,115.25
1785128786.453,7.3,100.0,51.13,3.0,176.0,0,0,42405,115.27
1785128787.453,4.6,100.0,51.15,3.0,34.0,0,0,42405,115.27
1785128788.453,4.8,100.0,51.14,3.0,32.0,0,0,42405,115.18
1785128789.453,3.4,100.0,51.13,1.0,24.0,0,0,42405,115.13
1785128790.453,3.7,100.0,51.15,3.0,6.0,0,0,42405,115.08
1785128791.453,3.3,100.0,51.13,3.0,12.0,0,0,42405,115.03
1785128792.453,3.5,100.0,51.15,0.0,35.0,0,0,42405,114.99
1785128793.453,4.3,100.0,51.15,2.0,36.0,0,0,42405,114.91
1785128794.454,3.4,100.0,51.16,4.0,28.0,0,0,42405,114.98
1785128795.454,2.4,100.0,51.16,3.0,23.0,0,0,42405,114.98
1785128796.454,2.5,100.0,51.18,3.0,28.0,0,0,42405,114.93
1785128797.454,4.9,84.8,51.18,3.0,27.0,0,0,42405,114.90
1785128798.454,2.6,100.0,51.18,3.0,39.0,0,0,42405,114.85
1785128799.454,2.5,100.0,51.18,3.0,37.0,0,0,42405,114.79
1785128800.454,2.6,100.0,51.16,4.0,38.0,0,0,42405,114.69
1785128801.454,2.5,100.0,51.15,3.0,35.0,0,0,42405,114.79
1785128802.454,3.4,100.0,51.16,2.0,52.0,0,0,42405,114.84
1785128803.455,5.3,90.0,51.20,5.0,185.0,0,0,42405,114.69
1785128804.455,3.7,66.3,51.37,5.0,26.0,0,0,42405,114.66
1785128805.455,4.2,97.0,51.57,3.0,13.0,0,0,42405,114.69
1785128806.455,7.2,58.0,51.77,5.0,11.0,0,0,42405,114.63
1785128807.455,5.2,60.4,52.14,2.0,9.0,0,0,42405,114.58
1785128808.455,9.8,23.2,52.15,3.0,11.0,0,0,42405,114.65
1785128809.455,10.4,38.0,52.36,3.0,12.0,0,0,42405,114.66
1785128810.455,9.8,30.7,52.37,6.0,13.0,0,0,42405,114.58
1785128811.456,9.3,36.0,52.45,2.0,15.0,0,0,42405,114.71
1785128812.456,9.9,26.3,52.45,5.0,15.0,0,0,42405,114.74
1785128813.456,9.6,27.5,52.43,4.0,21.0,0,0,42405,114.55
1785128814.456,8.3,37.0,52.38,3.0,13.0,0,0,42405,114.57
1785128815.456,11.3,26.7,52.41,6.0,29.0,0,0,42405,114.73
1785128816.456,10.0,31.3,52.41,3.0,19.0,0,0,42405,114.64
1785128817.456,8.6,35.0,52.38,5.0,31.0,0,0,42405,114.46
1785128818.456,9.8,26.7,52.37,3.0,22.0,0,0,42405,114.45
1785128819.457,9.6,28.0,52.38,3.0,23.0,0,0,42405,114.63
1785128820.457,10.0,45.5,52.40,4.0,45.0,0,0,42405,114.61
1785128821.457,10.2,30.7,52.40,3.0,31.0,0,0,42405,114.40
1785128822.457,9.6,33.7,52.40,6.0,34.0,0,0,42405,114.38
1785128823.457,9.7,28.0,52.39,3.0,17.0,0,0,42405,114.63
1785128824.457,9.8,26.7,52.37,5.0,15.0,0,0,42405,114.65
1785128825.457,9.7,44.0,52.35,4.0,19.0,0,0,42405,114.36
1785128826.457,9.7,26.0,52.33,3.0,13.0,0,0,42405,114.35
1785128827.457,9.8,24.0,52.35,5.0,13.0,0,0,42405,114.39
1785128828.458,8.7,35.0,52.39,2.0,13.0,0,0,42405,114.31
1785128829.458,12.1,29.7,52.40,5.0,15.0,0,0,42405,114.28
1785128830.458,10.0,33.0,52.31,3.0,18.0,0,0,42405,114.36
1785128831.458,9.3,56.1,52.33,4.0,55.0,0,0,42405,114.38
1785128832.458,10.1,39.0,52.33,3.0,38.0,0,0,42405,114.29
1785128833.458,8.8,37.6,52.35,6.0,30.0,0,0,42405,114.21
1785128834.458,11.1,28.0,52.37,3.0,18.0,0,0,42405,114.23
1785128835.459,9.6,28.0,52.37,5.0,21.0,0,0,42405,114.21
1785128836.459,8.7,35.4,52.34,3.0,21.0,0,0,42405,114.31
1785128837.459,10.9,29.4,52.33,3.0,26.0,0,0,42405,114.31
1785128838.459,13.9,30.0,52.36,5.0,30.0,0,0,42405,114.25
1785128839.459,8.8,36.0,52.36,2.0,16.0,0,0,42405,114.25
1785128840.459,9.8,21.0,52.37,3.0,25.0,0,0,42405,114.26
1785128841.459,9.6,33.0,52.43,6.0,18.0,0,0,42405,114.23
1785128842.459,9.4,32.4,52.38,4.0,34.0,0,0,42405,114.12
1785128843.460,9.9,53.0,52.50,4.0,55.0,0,0,42405,114.19
1785128844.460,9.9,92.0,52.56,5.0,91.9,0,0,42405,114.26
1785128845.460,11.2,26.5,52.54,33.0,12.0,82,93,42405,182.67
1785128846.460,9.4,33.7,52.55,33.0,4.0,82,92,42405,250.45
1785128847.460,9.5,25.7,52.62,35.0,3.0,82,93,42405,248.19
1785128848.460,11.0,22.2,52.61,33.0,3.0,84,94,42405,250.25
1785128849.460,8.4,47.0,52.55,36.0,6.0,83,93,42405,237.81
1785128850.460,10.5,25.0,52.55,34.0,1.0,87,97,42405,243.26
1785128851.461,9.8,27.7,52.59,46.0,4.0,88,99,42405,248.57
1785128852.461,9.2,37.0,52.52,43.0,5.0,81,91,42405,243.54
1785128853.461,11.6,26.7,52.53,49.1,8.0,84,79,42405,268.22
1785128854.461,9.3,29.0,52.48,53.9,9.0,86,99,42405,298.57
1785128855.461,9.8,43.0,52.55,53.0,10.0,80,92,42405,265.70
1785128856.461,10.1,28.7,52.58,46.0,9.0,87,100,42405,257.27
1785128857.461,10.3,34.0,52.59,55.0,10.0,87,74,42405,272.55
1785128858.461,9.8,35.6,52.58,54.0,12.0,83,82,42405,264.85
1785128859.462,10.0,25.0,52.58,46.1,8.0,85,89,42405,276.37
1785128860.462,9.5,30.7,52.56,41.9,9.0,81,91,42405,272.34
1785128861.462,10.4,36.0,52.52,54.0,8.0,83,94,42405,287.04
1785128862.462,10.8,28.3,52.52,49.0,8.0,84,92,42405,265.09
1785128863.462,9.5,39.6,52.49,45.0,9.0,82,93,42405,276.22
1785128864.462,9.3,28.3,52.55,48.0,7.0,83,94,42405,274.24
1785128865.462,10.3,31.0,52.57,48.0,7.0,88,73,42405,284.61
1785128866.462,9.9,37.6,52.53,51.0,9.0,85,72,42405,294.44
1785128867.463,9.9,29.0,52.53,52.2,8.0,86,88,42405,269.16
1785128868.463,9.4,35.4,52.53,47.8,8.0,81,93,42405,281.41
1785128869.463,11.6,32.3,52.60,57.0,11.0,81,87,42405,290.89
1785128870.463,10.2,27.7,52.56,53.0,9.0,84,89,42405,270.41
1785128871.463,8.7,34.0,52.54,51.0,9.0,80,92,42405,272.75
1785128872.463,11.1,34.0,52.50,49.0,9.0,82,94,42405,280.24
1785128873.463,9.8,28.3,52.47,47.0,9.0,82,93,42405,272.29
1785128874.463,8.9,35.0,52.53,53.0,9.0,81,89,42405,297.50
1785128875.464,10.6,31.3,52.56,54.0,7.0,90,74,42405,278.40
1785128876.464,10.8,37.0,52.50,49.0,7.0,87,83,42405,264.34
1785128877.464,9.4,27.0,52.51,48.0,9.0,81,88,42405,264.82
1785128878.464,10.0,31.0,52.48,53.0,7.0,85,79,42405,258.84
1785128879.464,8.6,40.0,52.55,54.0,11.0,81,93,42405,282.87
1785128880.464,11.0,28.0,52.56,51.0,9.0,83,94,42405,278.90
1785128881.464,10.2,27.0,52.55,51.0,7.0,83,93,42405,285.04
1785128882.465,8.6,38.0,52.51,50.0,8.0,84,96,42405,300.15
1785128883.465,9.5,33.0,52.54,59.0,10.0,87,82,42405,290.26
1785128884.465,10.4,27.0,52.53,48.0,9.0,84,96,42405,261.81
1785128885.465,9.3,38.0,52.51,49.0,9.0,82,94,42405,270.09
1785128886.465,10.2,28.7,52.53,52.0,9.0,79,76,42405,286.81
1785128887.465,10.2,26.0,52.52,47.0,10.0,83,95,42405,275.25
1785128888.465,8.9,35.6,52.56,52.0,10.0,85,84,42405,289.01
1785128889.465,12.3,30.3,52.59,41.0,7.0,89,89,42405,258.64
1785128890.465,10.4,31.7,52.58,42.0,7.0,83,94,42405,268.89
1785128891.466,8.4,32.7,52.46,35.0,5.0,84,94,42405,256.27
1785128892.466,9.9,29.0,52.47,33.0,4.0,88,99,42405,245.38
1785128893.466,10.1,29.3,52.47,31.0,2.0,85,95,42405,234.32
1785128894.466,3.1,68.3,51.36,22.0,44.0,0,0,42405,198.65
1785128895.466,5.4,81.0,50.63,3.0,0.0,0,0,42405,137.23
1785128896.466,3.3,94.1,50.64,4.0,0.0,0,0,42405,122.43
1785128897.466,2.7,62.6,50.64,6.0,0.0,0,0,42405,122.12
1785128898.467,6.0,100.0,50.77,4.0,32.1,0,0,42405,121.69
1785128899.467,5.4,85.1,50.83,3.9,188.2,0,0,42405,121.35
1785128900.467,3.4,100.0,50.84,4.1,26.1,0,0,42405,121.07
1785128901.467,2.7,100.0,50.89,3.0,31.0,0,0,42405,120.83
1785128902.467,4.8,90.0,50.90,2.0,32.0,0,0,42405,120.55
1785128903.467,2.8,100.0,50.89,4.0,23.0,0,0,42405,120.33
1785128904.467,3.5,97.0,50.90,2.0,26.0,0,0,42405,120.18
1785128905.467,5.4,68.7,50.90,2.0,28.1,0,0,42405,119.91
1785128906.467,2.9,100.0,50.91,4.0,18.9,0,0,42405,119.73
1785128907.468,3.6,100.0,50.92,3.0,12.0,0,0,42405,119.67
1785128908.468,3.7,59.6,50.90,3.0,18.0,0,0,42405,119.52
1785128909.468,6.5,77.6,50.92,4.0,48.0,0,0,42405,119.35
1785128910.468,2.9,100.0,50.90,5.0,50.0,0,0,42405,119.15
1785128911.468,2.8,100.0,50.90,4.0,15.0,0,0,42405,118.96
1785128912.468,4.3,62.0,50.91,4.0,12.0,0,0,42405,118.87
1785128913.468,5.3,79.8,50.95,2.0,28.1,0,0,42405,118.72
1785128914.468,4.6,81.0,50.97,5.0,14.9,0,0,42405,118.59
1785128915.469,3.3,60.0,50.96,3.0,20.0,0,0,42405,118.54
1785128916.469,4.3,96.0,50.99,4.0,22.0,0,0,42405,118.52
1785128917.469,4.0,99.0,50.97,5.0,25.0,0,0,42405,118.42
1785128918.469,5.4,64.6,50.97,4.0,15.0,0,0,42405,118.15
1785128919.469,3.4,100.0,50.98,3.0,16.0,0,0,42405,118.25
1785128920.469,3.8,90.2,51.00,4.0,19.0,0,0,42405,118.20
1785128921.469,5.3,74.7,51.01,4.0,26.0,0,0,42405,117.86
1785128922.470,4.7,88.9,51.02,3.0,14.0,0,0,42405,117.78
1785128923.470,3.5,98.0,51.00,5.0,27.0,0,0,42405,117.63
1785128924.470,3.7,97.0,51.00,3.0,28.0,0,0,42405,117.50
1785128925.470,4.1,79.2,51.01,4.0,16.0,0,0,42405,117.50
1785128926.470,5.1,79.8,51.03,4.0,14.0,0,0,42405,117.36
1785128927.470,4.4,57.4,51.02,4.0,14.0,0,0,42405,116.65
1785128928.470,2.7,100.0,51.00,4.0,15.0,0,0,42405,115.96
1785128929.470,2.6,100.0,51.00,3.0,14.0,0,0,42405,115.80
1785128930.471,4.3,100.0,50.98,4.0,13.0,0,0,42405,115.70
1785128931.471,3.7,71.0,51.02,4.0,41.0,0,0,42405,115.60
1785128932.471,3.0,100.0,51.03,3.0,36.0,0,0,42405,115.58
1785128933.471,4.0,82.8,51.01,2.0,38.0,0,0,42405,115.54
1785128934.471,3.7,95.0,51.01,4.0,55.0,0,0,42405,115.46
1785128935.471,5.1,78.2,51.02,3.0,19.0,0,0,42405,115.35
1785128936.471,5.3,80.8,51.05,3.0,16.0,0,0,42405,115.21
1785128937.471,3.5,65.7,51.04,3.0,15.0,0,0,42405,115.30
1785128938.471,2.8,100.0,51.03,3.0,36.0,0,0,42405,115.19
1785128939.472,2.7,100.0,51.04,3.0,49.0,0,0,42405,114.93
1785128940.472,5.9,75.5,51.03,3.0,31.0,0,0,42405,114.90
1785128941.472,2.6,100.0,51.04,4.0,21.0,0,0,42405,114.82
1785128942.472,2.8,100.0,51.04,4.0,29.0,0,0,42405,114.68
1785128943.472,2.5,100.0,51.06,3.0,30.0,0,0,42405,114.58
1785128944.472,3.4,100.0,51.05,3.0,36.0,0,0,42405,114.54
1785128945.472,2.4,100.0,51.04,4.0,24.0,0,0,42405,114.59
1785128946.472,2.3,100.0,51.05,3.0,22.0,0,0,42405,114.53
1785128947.472,3.1,100.0,51.07,4.0,19.0,0,0,42405,114.36
1785128948.473,4.1,49.5,51.06,3.0,14.0,0,0,42405,114.32
1785128949.473,5.7,100.0,51.05,3.0,21.0,0,0,42405,114.24
1785128950.473,3.9,100.0,51.07,3.0,18.0,0,0,42405,114.20
1785128951.473,2.6,100.0,51.07,5.0,20.0,0,0,42405,114.15
1785128952.473,2.6,100.0,51.07,3.0,28.0,0,0,42405,114.09
1785128953.473,3.3,100.0,51.05,3.0,27.0,0,0,42405,114.09
1785128954.473,2.4,81.0,51.07,3.0,27.0,0,0,42405,113.99
1785128955.473,2.4,100.0,51.07,4.0,27.0,0,0,42405,113.88
1785128956.473,2.4,100.0,51.08,1.0,24.0,0,0,42405,113.86
1785128957.474,2.3,100.0,51.07,4.0,26.0,0,0,42405,113.78
1785128958.474,6.1,100.0,51.10,12.0,30.0,0,0,42405,113.68
1785128959.474,2.6,100.0,51.08,3.0,25.0,0,0,42405,113.67
1785128960.474,3.4,89.9,51.09,3.0,23.0,0,0,42405,113.67
1785128961.474,5.9,79.8,51.11,2.0,23.0,0,0,42405,113.56
1785128962.474,4.2,79.0,51.14,2.0,22.0,0,0,42405,113.45
1785128963.474,4.5,100.0,51.17,3.0,29.0,0,0,42405,113.41
1785128964.474,2.4,100.0,51.18,3.0,25.0,0,0,42405,113.35
1785128965.474,3.5,100.0,51.16,3.0,26.1,0,0,42405,113.31
1785128966.475,3.7,100.0,51.13,3.0,27.9,0,0,42405,113.25
1785128967.475,2.6,100.0,51.14,1.0,25.0,0,0,42405,113.18
1785128968.475,3.1,100.0,51.10,3.0,30.0,0,0,42405,113.15
1785128969.475,2.6,100.0,51.11,4.0,34.0,0,0,42405,113.17
1785128970.475,3.0,100.0,51.11,2.0,22.0,0,0,42405,113.15
1785128971.475,2.5,100.0,51.11,2.0,21.0,0,0,42405,113.09
1785128972.475,2.4,100.0,51.07,3.0,20.0,0,0,42405,113.05
1785128973.475,2.5,100.0,51.08,4.0,21.0,0,0,42405,112.96
1785128974.476,3.6,53.5,51.08,2.0,21.0,0,0,42405,112.91
1785128975.476,2.3,100.0,51.07,1.0,18.0,0,0,42405,112.87
1785128976.476,2.4,100.0,51.09,4.0,9.0,0,0,42405,112.76
1785128977.476,2.4,100.0,51.10,2.0,24.0,0,0,42405,112.94
1785128978.476,3.3,100.0,51.11,4.0,21.0,0,0,42405,112.91
1785128979.476,2.7,100.0,51.12,1.0,20.0,0,0,42405,112.63
1785128980.476,3.5,92.1,51.10,4.0,22.0,0,0,42405,114.22
1785128981.476,3.3,68.3,51.08,2.0,21.0,0,0,42405,115.86
1785128982.476,3.2,100.0,51.07,2.0,22.0,0,0,42405,115.91
1785128983.477,4.4,100.0,51.06,4.0,23.0,0,0,42405,115.81
1785128984.477,2.4,100.0,51.05,1.0,14.0,0,0,42405,116.30
1785128985.477,4.7,48.0,51.06,3.0,12.0,0,0,42405,116.70
1785128986.477,4.4,63.0,51.24,6.0,14.0,0,0,42405,116.57
1785128987.477,4.6,92.2,51.45,2.0,17.0,0,0,42405,116.62
1785128988.477,6.7,51.0,51.62,5.0,23.0,0,0,42405,116.60
1785128989.477,4.8,90.0,51.97,4.0,42.0,0,0,42405,116.57
1785128990.478,7.5,68.0,52.12,4.0,23.0,0,0,42405,116.54
1785128991.478,12.8,40.6,52.12,3.0,170.9,0,0,42405,116.41
1785128992.478,9.0,41.0,52.31,4.0,30.0,0,0,42405,116.41
1785128993.478,9.7,30.7,52.37,5.0,21.0,0,0,42405,116.48
1785128994.478,10.7,29.0,52.39,3.0,26.0,0,0,42405,116.43
1785128995.478,10.1,60.4,52.44,4.0,23.0,0,0,42405,116.38
1785128996.478,11.4,99.0,52.43,4.0,10.0,0,0,42405,116.35
1785128997.478,11.6,100.0,52.41,4.0,8.0,0,0,42405,116.33
1785128998.478,9.9,69.0,52.36,3.0,8.0,0,0,42405,116.33
1785128999.479,10.5,83.0,52.36,3.0,10.0,0,0,42405,116.36
1785129000.479,10.1,75.0,52.35,2.0,25.0,0,0,42405,116.30
1785129001.479,10.9,62.6,52.33,3.0,36.0,0,0,42405,116.35
1785129002.479,9.4,32.7,52.32,3.0,17.0,0,0,42405,116.34
1785129003.479,9.4,25.3,52.36,3.0,34.0,0,0,42405,116.18
1785129004.479,10.0,28.4,52.35,5.0,20.0,0,0,42405,116.14
1785129005.479,9.7,40.4,52.34,4.0,22.0,0,0,42405,116.11
1785129006.479,11.3,99.0,52.38,4.0,21.0,0,0,42405,116.07
1785129007.480,12.7,98.0,52.41,4.0,28.0,0,0,42405,116.01
1785129008.480,11.3,82.2,52.38,2.0,30.0,0,0,42405,116.01
1785129009.480,14.3,99.0,52.37,3.0,39.1,0,0,42405,116.01
1785129010.480,11.4,100.0,52.37,3.0,24.0,0,0,42405,116.01
1785129011.480,11.7,100.0,52.38,1.0,27.0,0,0,42405,115.99
1785129012.480,10.9,100.0,52.31,3.0,26.0,0,0,42405,115.94
1785129013.480,12.2,100.0,52.33,2.0,37.0,0,0,42405,115.94
1785129014.480,10.9,100.0,52.31,3.0,53.0,0,0,42405,115.89
1785129015.480,13.2,100.0,52.30,1.0,176.0,0,0,42405,115.86
1785129016.480,10.5,100.0,52.33,4.0,12.0,0,0,42405,115.81
1785129017.480,12.1,100.0,52.31,1.0,10.0,0,0,42405,115.76
1785129018.481,13.1,99.0,52.38,2.0,14.0,0,0,42405,115.76
1785129019.481,11.5,100.0,52.39,4.0,12.0,0,0,42405,115.78
1785129020.481,11.6,100.0,52.32,3.0,13.0,0,0,42405,115.81
1785129021.481,12.1,83.0,52.33,1.0,11.0,0,0,42405,115.80
1785129022.481,9.9,74.0,52.34,4.0,12.0,0,0,42405,115.71
1785129023.481,10.6,69.0,52.35,2.0,14.0,0,0,42405,115.23
1785129024.481,9.6,52.5,52.36,4.0,12.0,0,0,42405,114.81
1785129025.481,12.1,76.0,52.37,3.0,12.0,0,0,42405,114.81
1785129026.481,9.5,78.2,52.32,2.0,20.0,0,0,42405,114.81
1785129027.481,11.4,84.8,52.32,2.0,15.0,0,0,42405,114.76
1785129028.481,10.8,78.2,52.29,2.0,23.0,0,0,42405,114.69
1785129029.482,10.3,78.8,52.22,3.0,17.0,0,0,42405,114.68
1785129030.482,10.6,64.0,52.29,3.0,31.0,0,0,42405,114.61
1785129031.482,9.1,72.0,52.29,4.0,27.0,0,0,42405,114.59
1785129032.482,11.0,71.0,52.28,2.0,38.0,0,0,42405,114.65
1785129033.482,9.8,81.2,52.31,3.0,16.0,0,0,42405,114.63
1785129034.482,11.0,72.0,52.39,3.0,42.0,0,0,42405,114.60
1785129035.482,10.1,61.6,52.40,2.0,14.0,0,0,42405,114.66
1785129036.482,9.5,33.0,52.37,2.0,13.0,0,0,42405,114.67
1785129037.482,9.4,33.7,52.36,5.0,15.0,0,0,42405,114.65
1785129038.483,8.9,34.0,52.35,4.0,14.0,0,0,42405,114.68
1785129039.483,9.1,23.8,52.38,4.0,10.0,0,0,42405,114.66
1785129040.483,9.6,28.0,52.38,3.0,12.0,0,0,42405,114.61
1785129041.483,10.4,37.0,52.38,3.0,13.0,0,0,42405,114.60
1785129042.483,9.9,23.8,52.36,4.0,14.0,0,0,42405,114.53
1785129043.483,8.8,35.0,52.37,2.0,17.0,0,0,42405,114.49
1785129044.483,9.8,49.5,52.37,3.0,49.0,0,0,42405,114.49
1785129045.483,10.7,34.0,52.37,4.0,37.0,0,0,42405,114.45
1785129046.483,9.2,30.0,52.36,4.0,28.0,0,0,42405,114.49
1785129047.483,9.8,36.0,52.39,5.0,21.0,0,0,42405,114.54
1785129048.484,8.4,31.7,52.37,3.0,20.0,0,0,42405,114.54
1785129049.484,9.8,23.0,52.37,2.0,14.0,0,0,42405,114.50
1785129050.484,9.0,31.0,52.37,4.0,23.0,0,0,42405,114.48
1785129051.484,10.8,31.6,52.42,2.0,26.1,0,0,42405,114.50
1785129052.484,10.7,31.0,52.46,6.0,15.9,0,0,42405,114.55
1785129053.484,8.9,35.0,52.44,3.0,21.0,0,0,42405,114.50
1785129054.484,9.6,24.0,52.43,2.0,22.1,0,0,42405,114.44
1785129055.484,9.3,37.0,52.46,4.0,14.0,0,0,42405,114.48
1785129056.485,10.4,28.0,52.47,2.0,35.9,0,0,42405,114.48
1785129057.485,11.1,85.1,52.60,4.0,86.0,0,0,42405,114.46
1785129058.485,9.4,99.0,52.57,4.0,98.9,0,0,42405,114.40
1785129059.485,10.0,38.4,52.58,25.0,37.0,100,60,42405,183.31
1785129060.485,9.1,40.6,52.51,34.0,4.0,86,97,42405,248.77
1785129061.485,9.9,27.7,52.56,32.0,3.0,85,96,42405,239.96
1785129062.485,9.8,36.6,52.51,31.0,3.0,84,95,42405,243.40
1785129063.485,8.8,32.0,52.46,34.0,4.0,87,98,42405,245.18
1785129064.485,9.8,27.0,52.46,32.0,3.0,89,100,42405,226.76
1785129065.486,9.7,30.0,52.46,42.0,4.0,95,68,42405,266.96
1785129066.486,3.6,97.0,51.52,40.0,3.0,95,59,42405,268.04
1785129067.486,4.4,79.0,51.48,42.0,6.0,87,85,42405,250.40
1785129068.486,2.8,100.0,51.48,61.0,6.0,91,60,42405,309.25
1785129069.486,6.4,54.0,51.48,54.0,7.0,84,78,42405,280.41
1785129070.486,3.3,100.0,51.47,41.0,9.0,90,100,42405,290.75
1785129071.486,2.8,100.0,51.48,44.0,9.0,93,74,42405,276.35
1785129072.487,4.4,96.0,51.45,49.0,9.0,95,81,42405,293.67
1785129073.487,3.7,100.0,51.44,36.0,8.0,92,100,42405,297.58
1785129074.487,3.8,100.0,51.40,36.0,12.0,93,100,42405,292.83
1785129075.487,3.5,100.0,51.37,36.0,8.0,97,84,42405,292.32
1785129076.487,3.7,100.0,51.36,30.0,6.0,96,78,42405,298.37
1785129077.487,3.6,100.0,51.37,40.0,7.0,97,82,42405,292.60
1785129078.487,7.5,97.0,51.39,40.0,8.0,86,98,42405,272.11
1785129079.487,3.8,100.0,51.40,47.0,7.0,88,88,42405,266.67
1785129080.487,3.2,100.0,51.38,46.0,5.0,86,98,42405,287.08
1785129081.487,3.8,100.0,51.38,50.0,7.0,90,88,42405,289.25
1785129082.488,4.0,100.0,51.37,51.0,8.0,82,89,42405,284.21
1785129083.488,5.0,100.0,51.39,61.0,8.0,92,71,42405,287.51
1785129084.488,3.7,100.0,51.40,44.0,7.0,84,97,42405,292.79
1785129085.488,4.8,100.0,51.37,48.1,7.0,92,59,42405,281.52
1785129086.488,4.9,100.0,51.37,50.8,10.0,92,87,42405,280.41
1785129087.488,3.8,100.0,51.36,53.0,11.0,89,92,42405,281.36
1785129088.488,4.7,100.0,51.36,50.0,9.0,85,98,42405,283.33
1785129089.488,3.8,100.0,51.36,45.0,7.0,90,90,42405,283.18
1785129090.488,5.3,99.0,51.36,50.0,8.0,85,91,42405,305.93
1785129091.488,3.8,100.0,51.36,54.0,7.0,93,79,42405,291.73
1785129092.489,5.3,80.0,51.36,42.0,8.0,84,97,42405,278.79
1785129093.489,6.3,100.0,51.40,59.0,6.0,92,77,42405,302.89
1785129094.489,4.6,100.0,51.40,45.0,8.0,83,92,42405,298.25
1785129095.489,5.5,100.0,51.46,49.0,8.0,81,89,42405,283.42
1785129096.489,5.3,99.0,51.45,56.0,8.0,90,80,42405,282.63
1785129097.489,4.7,100.0,51.44,53.0,7.0,91,58,42405,292.99
1785129098.489,5.4,99.0,51.42,60.0,6.0,82,89,42405,295.94
1785129099.489,7.9,91.0,51.44,46.0,9.0,90,69,42405,284.10
1785129100.489,3.4,99.0,51.40,64.0,9.0,87,76,42405,290.18
1785129101.489,2.9,100.0,51.37,55.0,8.0,91,58,42405,281.80
1785129102.490,4.7,100.0,51.35,57.0,11.0,86,92,42405,284.44
1785129103.490,5.5,59.0,51.32,56.0,9.0,77,87,42405,285.84
1785129104.490,4.9,72.0,51.37,49.0,8.0,84,96,42405,282.70
1785129105.490,4.9,77.0,51.40,41.0,7.0,81,91,42405,273.42
1785129106.490,3.8,90.1,51.37,36.0,7.0,83,93,42405,262.79
1785129107.490,3.4,100.0,51.38,34.0,3.0,84,94,42405,253.67
1785129108.490,2.6,100.0,51.38,31.0,3.0,85,95,42405,264.08
1785129109.490,3.0,100.0,50.62,10.0,0.0,0,0,42405,150.69
1785129110.491,2.0,100.0,50.61,4.0,0.0,0,0,42405,138.04
1785129111.491,2.3,100.0,50.66,3.0,0.0,0,0,42405,123.47
1785129112.491,6.7,100.0,50.86,2.0,209.0,0,0,42405,123.10
1785129113.491,3.8,96.0,50.86,4.0,44.0,0,0,42405,122.62
1785129114.491,5.0,43.6,50.88,3.0,35.0,0,0,42405,122.20
1785129115.491,5.0,84.8,50.89,5.0,19.0,0,0,42405,121.89
1785129116.491,5.0,99.0,50.90,4.0,19.0,0,0,42405,121.65
1785129117.491,5.4,69.7,50.92,3.0,24.0,0,0,42405,121.30
1785129118.492,2.7,100.0,50.91,4.0,11.0,0,0,42405,121.05
1785129119.492,3.1,100.0,50.90,4.0,14.0,0,0,42405,120.90
1785129120.492,4.2,100.0,50.91,5.0,26.0,0,0,42405,120.66
1785129121.492,2.8,100.0,50.90,3.0,18.0,0,0,42405,120.42
1785129122.492,2.8,100.0,50.91,4.0,14.0,0,0,42405,120.28
1785129123.492,3.3,85.1,50.91,3.0,13.0,0,0,42405,120.06
1785129124.492,6.4,75.2,50.93,4.0,46.0,0,0,42405,119.88
1785129125.492,3.5,85.9,50.94,1.0,48.0,0,0,42405,119.78
1785129126.492,2.6,100.0,50.97,3.0,35.0,0,0,42405,119.62
1785129127.493,2.6,100.0,51.00,6.0,29.0,0,0,42405,119.47
1785129128.493,3.7,95.0,50.99,2.0,37.0,0,0,42405,119.36
1785129129.493,5.6,70.7,50.99,2.0,23.0,0,0,42405,119.16
1785129130.493,5.9,84.0,51.00,6.0,28.0,0,0,42405,119.03
1785129131.493,3.3,73.7,51.02,2.0,33.0,0,0,42405,118.91
1785129132.493,4.5,60.0,51.03,4.0,32.0,0,0,42405,118.71
1785129133.493,4.5,82.2,51.05,4.0,13.0,0,0,42405,118.57
1785129134.493,5.7,80.8,51.03,4.0,12.0,0,0,42405,118.46
1785129135.494,4.8,85.0,51.05,4.0,13.0,0,0,42405,118.35
1785129136.494,5.1,83.0,51.05,2.0,15.0,0,0,42405,118.18
1785129137.494,6.1,74.0,51.05,4.0,32.0,0,0,42405,118.12
1785129138.494,7.4,97.0,51.07,5.0,21.0,0,0,42405,118.06
1785129139.494,5.5,84.2,51.07,5.0,29.0,0,0,42405,117.83
1785129140.494,4.8,93.0,51.08,4.0,22.0,0,0,42405,117.61
1785129141.494,3.8,89.1,51.09,3.0,32.0,0,0,42405,117.59
1785129142.494,4.4,100.0,51.11,3.0,45.0,0,0,42405,117.58
1785129143.495,4.3,93.0,51.11,2.0,22.0,0,0,42405,117.47
1785129144.495,5.0,73.3,51.15,4.0,12.0,0,0,42405,117.38
1785129145.495,6.4,83.0,51.25,4.0,15.0,0,0,42405,116.65
1785129146.495,6.0,80.0,51.53,3.0,15.0,0,0,42405,115.78
1785129147.495,5.3,90.1,51.89,3.0,16.0,0,0,42405,115.62
1785129148.495,7.9,77.0,52.02,4.0,18.0,0,0,42405,115.66
1785129149.495,10.2,31.3,52.03,3.0,36.0,0,0,42405,115.56
1785129150.495,7.9,47.0,52.28,3.0,36.0,0,0,42405,115.43
1785129151.496,11.1,26.5,52.24,3.0,24.0,0,0,42405,115.43
1785129152.496,9.6,33.7,52.28,5.0,17.0,0,0,42405,115.37
1785129153.496,8.6,37.0,52.28,4.0,19.0,0,0,42405,115.24
1785129154.496,10.2,32.7,52.28,3.0,31.9,0,0,42405,115.25
1785129155.496,9.7,39.6,52.37,4.0,29.0,0,0,42405,115.15
1785129156.496,9.8,28.0,52.39,4.0,22.0,0,0,42405,115.01
1785129157.496,9.8,35.0,52.47,3.0,33.1,0,0,42405,114.96
1785129158.496,8.6,34.0,52.40,4.0,19.9,0,0,42405,115.24
1785129159.496,12.1,34.7,52.39,5.0,18.0,0,0,42405,115.14
1785129160.497,10.8,57.0,52.38,3.0,15.0,0,0,42405,114.70
1785129161.497,10.6,100.0,52.40,3.0,15.0,0,0,42405,114.65
1785129162.497,11.3,100.0,52.44,4.0,16.0,0,0,42405,114.52
1785129163.497,9.7,100.0,52.47,4.0,17.0,0,0,42405,114.45
1785129164.497,10.8,100.0,52.44,2.0,17.1,0,0,42405,114.43
1785129165.497,10.4,100.0,52.45,2.0,15.9,0,0,42405,114.41
1785129166.497,10.8,67.0,52.39,4.0,19.0,0,0,42405,114.37
1785129167.497,9.5,38.6,52.34,3.0,16.0,0,0,42405,114.24
1785129168.498,9.2,27.0,52.33,4.0,16.0,0,0,42405,114.34
1785129169.498,10.8,28.7,52.31,4.0,17.0,0,0,42405,114.21
1785129170.498,8.9,39.0,52.33,5.0,15.0,0,0,42405,113.94
1785129171.498,9.8,25.7,52.36,4.0,16.0,0,0,42405,113.89
1785129172.498,10.8,34.0,52.35,3.0,16.0,0,0,42405,113.79
1785129173.498,8.8,38.0,52.33,3.0,16.0,0,0,42405,113.75
1785129174.498,9.5,32.7,52.33,4.0,16.0,0,0,42405,113.75
1785129175.498,10.8,35.0,52.23,4.0,17.0,0,0,42405,113.73
1785129176.498,9.3,25.3,52.29,5.0,18.0,0,0,42405,113.73
1785129177.499,9.8,25.5,52.30,3.0,20.0,0,0,42405,113.60
1785129178.499,8.7,34.0,52.21,4.0,17.0,0,0,42405,113.50
1785129179.499,10.2,27.0,52.22,3.0,14.0,0,0,42405,113.50
1785129180.499,10.2,36.0,52.21,5.0,15.0,0,0,42405,113.39
1785129181.499,8.6,27.3,52.27,3.0,18.0,0,0,42405,113.34
1785129182.499,10.3,24.8,52.28,4.0,17.0,0,0,42405,113.29
1785129183.499,8.7,40.6,52.22,4.0,16.0,0,0,42405,113.29
1785129184.499,10.8,29.7,52.21,3.0,17.0,0,0,42405,113.31
1785129185.500,9.6,27.3,52.21,4.0,12.0,0,0,42405,113.20
1785129186.500,8.9,37.0,52.23,5.0,15.0,0,0,42405,113.15
1785129187.500,9.8,29.7,52.22,4.0,17.0,0,0,42405,113.16
1785129188.500,10.5,35.6,52.17,4.0,15.1,0,0,42405,113.06
1785129189.500,10.6,30.6,52.26,2.0,16.0,0,0,42405,113.06
1785129190.500,10.2,34.7,52.26,4.0,15.0,0,0,42405,113.06
1785129191.500,8.5,34.0,52.21,4.0,17.0,0,0,42405,112.92
1785129192.500,10.8,26.0,52.25,2.0,15.1,0,0,42405,112.92
1785129193.501,10.5,25.0,52.24,3.0,15.9,0,0,42405,112.92
1785129194.501,8.4,38.6,52.25,5.0,15.0,0,0,42405,112.82
1785129195.501,9.9,26.7,52.25,4.0,14.1,0,0,42405,112.72
1785129196.501,9.7,33.7,52.19,3.0,16.9,0,0,42405,112.68
1785129197.501,9.9,27.6,52.27,2.0,17.1,0,0,42405,112.68
1785129198.501,12.8,32.7,52.23,5.0,21.9,0,0,42405,112.68
1785129199.501,9.1,30.3,52.22,2.0,28.0,0,0,42405,114.28
1785129200.502,9.8,23.0,52.23,4.0,14.0,0,0,42405,115.87
1785129201.502,8.5,37.0,52.30,5.0,12.0,0,0,42405,115.85
1785129202.502,10.7,24.8,52.29,2.0,13.0,0,0,42405,115.80
1785129203.502,9.1,39.0,52.30,4.0,13.0,0,0,42405,115.75
1785129204.502,9.7,27.7,52.29,3.0,13.0,0,0,42405,115.77
1785129205.502,10.4,31.0,52.27,5.0,14.0,0,0,42405,115.79
1785129206.502,10.1,36.4,52.25,4.0,13.0,0,0,42405,115.67
1785129207.502,10.1,22.2,52.27,4.0,13.0,0,0,42405,115.61
1785129208.503,9.1,37.4,52.22,3.0,12.0,0,0,42405,115.66
1785129209.503,10.2,25.7,52.22,4.0,16.0,0,0,42405,115.67
1785129210.503,10.1,29.3,52.25,5.0,15.0,0,0,42405,115.69
1785129211.503,9.2,39.0,52.23,3.0,12.0,0,0,42405,115.64
1785129212.503,9.5,31.7,52.24,3.0,12.0,0,0,42405,115.59
1785129213.503,9.1,37.6,52.18,3.0,7.0,0,0,42405,115.58
1785129214.503,14.0,69.2,52.22,3.0,8.0,0,0,42405,115.72
1785129215.503,11.0,69.0,52.23,5.0,6.0,0,0,42405,115.46
1785129216.504,9.5,100.0,52.29,3.0,14.0,0,0,42405,115.50
1785129217.504,10.8,100.0,52.31,4.0,18.0,0,0,42405,115.53
1785129218.504,9.9,99.0,52.25,2.0,9.0,0,0,42405,115.47
1785129219.504,10.7,68.7,52.26,3.0,13.0,0,0,42405,115.40
1785129220.504,9.6,100.0,52.19,4.0,12.0,0,0,42405,115.37
1785129221.504,10.2,38.8,52.26,2.0,13.0,0,0,42405,115.31
1785129222.504,9.6,38.0,52.20,4.0,10.0,0,0,42405,115.33
1785129223.504,10.0,26.0,52.20,3.0,13.1,0,0,42405,115.43
1785129224.504,9.7,33.0,52.21,3.0,11.9,0,0,42405,115.38
1785129225.505,8.8,38.6,52.25,5.0,12.0,0,0,42405,115.30
1785129226.505,9.7,27.0,52.23,3.0,11.0,0,0,42405,115.23
1785129227.505,10.4,30.0,52.19,4.0,15.0,0,0,42405,115.23
1785129228.505,2.7,91.1,51.03,4.0,13.0,0,0,42405,115.24
1785129229.505,5.2,92.0,51.07,3.0,12.0,0,0,42405,115.21
1785129230.505,3.6,71.7,51.08,4.0,11.0,0,0,42405,115.31
1785129231.505,3.4,100.0,51.08,5.0,21.0,0,0,42405,115.26
1785129232.505,3.6,94.1,51.07,4.0,14.0,0,0,42405,115.17
1785129233.506,4.4,100.0,51.05,4.0,15.0,0,0,42405,115.17
1785129234.506,2.4,100.0,51.06,4.0,13.0,0,0,42405,115.10
1785129235.506,2.9,100.0,51.06,2.0,14.0,0,0,42405,115.03
1785129236.506,2.7,100.0,51.06,3.0,28.0,0,0,42405,115.09
1785129237.506,3.6,100.0,51.08,4.0,43.0,0,0,42405,115.29
1785129238.506,4.3,100.0,51.08,3.0,184.0,0,0,42405,115.27
1785129239.506,2.6,100.0,51.10,3.0,34.0,0,0,42405,115.08
1785129240.506,2.5,100.0,51.08,3.0,25.0,0,0,42405,115.05
1785129241.506,3.4,100.0,51.09,3.0,32.0,0,0,42405,115.05
1785129242.507,5.6,89.8,51.09,5.0,7.0,0,0,42405,115.00
1785129243.507,3.5,100.0,51.11,3.0,9.0,0,0,42405,114.97
1785129244.507,3.7,91.0,51.19,4.0,8.0,0,0,42405,115.00
1785129245.507,4.0,100.0,51.21,4.0,9.0,0,0,42405,114.98
1785129246.507,4.5,100.0,51.21,2.0,43.0,0,0,42405,114.91
1785129247.507,3.6,100.0,51.20,3.0,39.0,0,0,42405,114.94
1785129248.507,3.3,100.0,51.21,2.0,41.0,0,0,42405,115.30
1785129249.507,4.8,100.0,51.22,3.0,36.0,0,0,42405,115.28
1785129250.507,6.6,63.6,51.24,4.0,37.0,0,0,42405,114.95
1785129251.508,4.4,82.0,51.22,3.0,29.0,0,0,42405,114.96
1785129252.508,2.7,66.0,51.21,4.0,44.0,0,0,42405,114.87
1785129253.508,3.9,98.0,51.19,4.0,27.0,0,0,42405,114.82
1785129254.508,5.6,80.8,51.20,3.0,26.0,0,0,42405,114.82
1785129255.508,3.5,81.8,51.21,3.0,34.0,0,0,42405,114.77
1785129256.508,3.9,100.0,51.22,5.0,40.0,0,0,42405,114.82
1785129257.508,2.9,100.0,51.23,5.0,51.0,0,0,42405,114.82
1785129258.508,8.5,100.0,51.23,3.0,178.9,0,0,42405,114.82
1785129259.509,2.8,100.0,51.22,3.0,14.0,0,0,42405,114.80
1785129260.509,2.4,100.0,51.22,3.0,15.0,0,0,42405,114.74
1785129261.509,2.9,100.0,51.26,4.0,13.0,0,0,42405,114.74
1785129262.509,2.5,97.0,51.24,2.0,15.0,0,0,42405,114.75
1785129263.509,6.6,70.7,51.24,5.0,20.0,0,0,42405,114.75
1785129264.509,3.6,88.9,51.26,3.0,30.0,0,0,42405,114.69
1785129265.509,3.1,100.0,51.25,3.0,33.0,0,0,42405,114.69
1785129266.509,3.8,100.0,51.25,4.0,41.0,0,0,42405,114.74
1785129267.509,2.9,100.0,51.27,4.0,47.0,0,0,42405,114.69
1785129268.509,3.3,100.0,51.28,2.0,46.0,0,0,42405,114.64
1785129269.510,3.4,100.0,51.28,4.0,23.0,0,0,42405,114.69
1785129270.510,2.7,100.0,51.28,2.0,23.1,0,0,42405,114.98
1785129271.510,2.3,99.0,51.25,6.0,13.9,0,0,42405,114.89
1785129272.510,2.6,100.0,51.25,4.0,38.0,0,0,42405,114.59
1785129273.510,3.5,100.0,51.26,2.0,55.0,0,0,42405,114.64
1785129274.510,2.8,100.0,51.30,5.0,40.2,0,0,42405,114.59
1785129275.510,3.5,98.0,51.30,2.0,32.8,0,0,42405,114.55
1785129276.510,4.9,75.8,51.31,3.0,33.0,0,0,42405,114.51
1785129277.510,6.5,81.8,51.33,4.0,27.0,0,0,42405,114.56
1785129278.510,3.1,85.0,51.34,4.0,27.0,0,0,42405,114.56
1785129279.511,4.0,100.0,51.34,4.0,36.0,0,0,42405,114.53
1785129280.511,3.1,100.0,51.42,5.0,59.9,0,0,42405,114.48
1785129281.511,3.9,80.0,51.46,12.0,81.0,82,93,42405,128.00
1785129282.511,4.8,97.0,51.46,33.0,3.0,84,95,42405,246.49
1785129283.511,4.3,62.0,51.44,31.0,5.0,85,96,42405,245.45
1785129284.511,3.6,84.8,51.44,35.0,2.0,85,95,42405,248.17
1785129285.511,3.0,100.0,51.43,31.0,4.0,86,96,42405,242.85
1785129286.512,4.8,95.0,51.44,34.0,3.0,85,96,42405,240.88
1785129287.512,3.4,87.9,51.46,32.0,3.0,86,96,42405,245.05
1785129288.512,5.5,86.0,51.48,34.0,3.0,85,96,42405,244.81
1785129289.512,3.6,88.9,51.48,33.0,4.0,85,95,42405,244.10
1785129290.512,5.4,82.0,51.47,33.0,3.0,86,96,42405,245.80
1785129291.512,5.9,70.7,51.45,33.0,4.0,85,96,42405,241.80
1785129292.512,5.2,84.0,51.40,33.0,2.0,85,96,42405,241.69
1785129293.512,2.8,100.0,51.41,33.0,3.0,85,96,42405,237.15
1785129294.512,7.1,77.0,51.42,33.0,2.0,84,94,42405,240.55
1785129295.513,5.2,87.0,51.42,33.0,2.0,82,92,42405,248.10
1785129296.513,5.1,100.0,51.43,35.0,3.0,89,100,42405,242.83
1785129297.513,5.1,100.0,51.44,32.0,2.0,83,93,42405,248.26
1785129298.513,6.4,96.0,51.44,32.0,2.0,91,100,42405,243.48
1785129299.513,4.3,94.0,51.44,32.0,2.0,0,0,42405,236.23
1785129300.513,5.5,82.8,51.43,30.0,2.0,83,92,42405,231.48
1785129301.513,6.8,98.0,51.44,44.0,5.0,83,93,42405,266.28
1785129302.513,5.1,85.1,51.47,39.0,5.0,80,86,42405,274.77
1785129303.836,3.7,100.0,51.45,56.8,9.8,82,90,42405,274.77
1785129304.837,4.1,100.0,51.46,53.7,9.9,77,85,42405,285.82
1785129305.837,8.3,70.7,51.85,44.1,9.0,84,96,42405,266.62
1785129306.837,6.7,94.1,52.34,49.0,10.0,84,92,42668,273.43
1785129307.837,7.0,98.0,52.87,59.0,12.0,78,88,42668,289.49
1785129308.837,7.4,90.0,52.97,50.0,14.0,77,88,42405,282.46
1785129309.837,9.1,85.0,52.21,49.3,13.1,84,97,42405,293.54
1785129310.837,7.7,90.9,52.52,52.7,12.9,79,90,42405,274.18
1785129311.837,11.4,76.8,52.50,44.1,11.0,82,92,42405,280.59
1785129312.838,10.3,70.0,52.68,49.8,15.0,79,88,42405,276.22
1785129313.838,11.0,80.0,52.65,49.0,14.0,78,86,42405,272.69
1785129314.838,10.6,80.0,52.67,51.0,16.0,86,95,42405,283.16
1785129315.838,11.1,82.0,52.71,52.0,14.0,79,88,42405,292.62
1785129316.838,10.4,78.0,52.77,53.0,17.0,84,93,42405,290.94
1785129317.838,11.5,52.5,52.81,57.0,17.0,81,91,42405,296.98
1785129318.838,12.5,95.0,52.82,66.0,18.0,88,85,42405,279.49
1785129319.838,10.0,80.0,52.74,66.0,18.0,79,90,42405,280.79
1785129320.838,11.6,87.0,52.81,61.0,19.0,81,92,42405,287.81
1785129321.838,11.4,75.0,52.82,63.0,20.0,81,91,42405,282.17
1785129322.839,10.7,70.0,52.80,64.0,21.0,80,91,42405,267.43
1785129323.839,12.6,98.0,52.83,63.0,21.0,81,91,42405,291.28
1785129324.839,10.7,94.9,52.79,64.0,19.0,80,90,42405,258.97
1785129325.839,11.8,84.0,52.79,62.0,20.0,79,90,42405,289.00
1785129326.839,11.5,84.0,52.77,63.0,19.0,84,96,42405,285.32
1785129327.839,10.9,85.0,52.76,62.2,22.1,89,100,42405,293.69
1785129328.839,11.7,88.0,52.75,56.8,18.9,78,86,42405,311.83
1785129329.839,10.6,64.0,52.76,64.0,19.0,80,91,42405,285.24
1785129330.839,10.9,69.7,52.73,58.0,20.0,81,92,42405,293.06
1785129331.840,10.3,70.3,52.70,60.0,21.0,87,98,42405,283.91
1785129332.840,10.8,55.6,52.68,59.2,17.0,80,86,42405,266.84
1785129333.840,9.1,46.5,52.59,51.8,19.9,81,85,42405,305.98
1785129334.840,11.8,32.3,52.64,62.0,19.0,79,87,42405,288.59
1785129335.840,10.2,32.0,52.64,62.0,19.0,86,86,42405,298.07
1785129336.840,9.1,35.6,52.65,63.0,20.0,89,75,42405,298.26
1785129337.840,10.3,30.7,52.64,60.2,20.0,79,87,42405,303.19
1785129338.840,8.6,34.7,52.60,63.0,20.0,75,81,42405,285.90
1785129339.840,11.8,37.4,52.66,68.0,23.0,80,89,42405,273.79
1785129340.840,9.4,43.0,52.60,62.0,22.0,82,89,42405,305.67
1785129341.841,9.9,43.9,52.61,64.0,21.0,89,98,42405,291.67
1785129342.841,10.4,43.4,52.58,61.0,22.0,79,90,42405,299.64
1785129343.841,10.3,48.5,52.59,63.0,23.0,81,92,42405,284.86
1785129344.841,10.0,43.4,52.61,60.0,21.0,82,92,42405,272.44
1785129345.841,9.9,43.4,52.61,65.0,22.0,78,88,42405,270.60
1785129346.841,10.3,44.4,52.59,60.9,22.0,81,92,42405,283.37
1785129347.841,9.8,43.6,52.53,59.2,18.0,80,90,42405,283.14
1785129348.841,10.2,38.4,52.56,62.0,20.0,76,85,42405,284.05
1785129349.842,10.3,29.0,52.56,55.6,19.9,84,93,42405,282.06
1785129350.842,8.6,32.0,52.51,56.4,16.1,84,95,42405,287.10
1785129351.842,10.5,28.0,52.60,56.0,18.0,84,94,42405,284.35
1785129352.842,11.2,31.4,52.60,53.2,15.0,83,92,42405,283.82
1785129353.842,8.8,36.0,52.59,53.0,14.0,80,91,42405,283.11
1785129354.842,11.3,46.5,52.60,50.8,14.0,86,98,42405,286.29
1785129355.842,11.8,55.6,52.56,52.0,12.0,80,92,42405,277.77
1785129356.842,10.7,71.3,52.60,48.0,12.0,84,96,42405,282.26
1785129357.843,11.1,58.4,52.60,43.0,11.0,79,91,42405,279.69
1785129358.843,11.0,82.0,52.53,43.0,8.0,82,93,42405,279.18
1785129359.843,10.7,87.9,52.55,39.0,7.0,85,95,42405,270.41
1785129360.843,10.6,63.4,52.53,34.0,4.0,85,95,42405,263.29
1785129361.843,10.0,91.0,52.50,28.0,19.0,0,0,42405,217.90
1785129362.843,11.9,71.0,51.71,4.0,0.0,0,0,42405,136.98
1785129363.843,9.0,37.0,51.76,6.0,0.0,0,0,42405,125.28
1785129364.843,10.5,94.0,51.73,3.0,0.0,0,0,42405,124.88
1785129365.843,10.8,96.0,51.71,4.0,0.0,0,0,42405,124.25
1785129366.844,9.2,94.0,51.75,4.0,0.0,0,0,42405,123.72
1785129367.844,11.5,85.0,50.78,2.0,0.0,0,0,42405,123.30
