ts,cpu_total,cpu_max_core,ram_used_gb,cpu_server_pct,cpu_client_pct,gpu0_util,gpu0_memutil,gpu0_mem_mib,gpu0_power_w,gpu1_util,gpu1_memutil,gpu1_mem_mib,gpu1_power_w,gpu2_util,gpu2_memutil,gpu2_mem_mib,gpu2_power_w,gpu3_util,gpu3_memutil,gpu3_mem_mib,gpu3_power_w
1785713164.866,0.0,0.0,24.22,0.0,0.0,0,0,0,31.94,0,0,0,30.74,0,0,0,30.47,0,0,0,30.65
1785713165.866,1.8,100.0,24.24,15.0,0.0,0,0,0,31.99,0,0,0,30.80,0,0,0,30.41,0,0,0,30.61
1785713166.867,2.3,71.7,24.32,18.0,0.0,0,0,0,31.99,0,0,0,30.85,0,0,0,30.41,0,0,0,30.61
1785713167.867,2.3,100.0,24.33,12.0,0.0,0,0,0,31.94,0,0,0,30.84,0,0,0,30.47,0,0,0,30.65
1785713168.867,3.1,67.7,24.40,13.0,0.0,0,0,0,31.94,0,0,0,30.85,0,0,0,30.52,0,0,0,30.71
1785713169.867,3.1,100.0,24.37,20.0,0.0,0,0,0,31.99,0,0,0,30.90,0,0,0,30.48,0,0,0,30.77
1785713170.867,3.4,100.0,24.41,49.0,0.0,0,0,0,32.04,0,0,0,30.84,0,0,0,30.48,0,0,0,30.81
1785713171.867,4.3,100.0,24.42,216.7,0.0,0,0,0,32.04,0,0,0,30.84,0,0,0,30.52,0,0,0,30.75
1785713172.867,4.1,57.4,24.43,182.4,0.0,0,0,0,31.99,0,0,0,30.84,0,0,0,30.47,0,0,0,30.66
1785713173.867,1.9,100.0,24.44,23.0,0.0,0,0,0,31.94,0,0,0,30.94,0,0,0,30.47,0,0,0,30.61
1785713174.867,2.1,66.7,24.45,25.0,0.0,0,0,0,31.99,0,0,0,30.89,0,0,0,30.42,0,0,0,30.55
1785713175.868,1.9,100.0,24.45,17.0,0.0,0,0,0,32.04,0,0,0,30.79,0,0,0,30.42,0,0,0,30.56
1785713176.868,4.2,100.0,24.46,27.0,0.0,0,0,0,31.99,0,0,0,30.74,0,0,0,30.47,0,0,0,30.56
1785713177.868,1.9,100.0,24.45,16.0,0.0,0,0,0,31.99,0,0,0,30.79,0,0,0,30.42,0,0,0,30.61
1785713178.868,2.1,58.6,24.46,17.0,0.0,0,0,0,32.04,0,0,0,30.80,0,0,0,30.47,0,0,0,30.70
1785713179.868,1.9,100.0,24.46,24.0,0.0,0,0,0,31.99,0,0,0,30.85,0,0,0,30.52,0,0,0,30.70
1785713180.868,2.0,60.0,24.46,8.0,0.0,0,0,0,31.94,0,0,0,30.89,0,0,0,30.47,0,0,0,30.70
1785713181.868,2.1,100.0,24.46,11.0,0.0,0,0,0,32.00,0,0,0,30.84,0,0,0,30.47,0,0,0,30.70
1785713182.868,2.1,100.0,24.48,21.0,0.0,0,0,0,32.04,0,0,0,30.84,0,0,0,30.47,0,0,0,30.61
1785713183.868,1.8,100.0,24.47,17.0,0.0,0,0,0,32.04,0,0,0,30.84,0,0,0,30.42,0,0,0,30.61
1785713184.869,3.2,68.3,24.51,12.0,0.0,0,0,0,32.04,0,0,0,30.80,0,0,0,30.42,0,0,0,30.65
1785713185.869,2.5,100.0,24.49,14.0,0.0,0,0,0,31.99,0,0,0,30.80,0,0,0,30.47,0,0,0,30.60
1785713186.869,2.0,68.0,24.50,13.0,0.0,0,0,0,31.99,0,0,0,30.84,0,0,0,30.47,0,0,0,30.60
1785713187.869,1.9,100.0,24.50,12.0,0.0,0,0,0,31.98,0,0,0,30.79,0,0,0,30.47,0,0,0,30.60
1785713188.869,2.1,100.0,24.49,15.0,0.0,0,0,0,31.99,0,0,0,30.79,0,0,0,30.47,0,0,0,30.61
1785713189.869,2.5,100.0,24.51,11.0,0.0,0,0,0,32.04,0,0,0,30.84,0,0,0,30.47,0,0,0,30.61
1785713190.869,2.6,77.0,24.54,35.0,0.0,0,0,0,31.99,0,0,0,30.84,0,0,0,30.47,0,0,0,30.56
1785713191.869,2.7,100.0,24.53,53.0,0.0,0,0,0,31.94,0,0,0,30.85,0,0,0,30.47,0,0,0,30.66
1785713192.870,2.6,69.0,24.53,24.0,0.0,0,0,0,31.99,0,0,0,30.90,0,0,0,30.52,0,0,0,30.70
1785713193.870,2.1,100.0,24.53,15.0,0.0,0,0,0,32.04,0,0,0,30.94,0,0,0,30.57,0,0,0,30.66
1785713194.870,2.3,100.0,24.55,23.0,0.0,0,0,0,32.09,0,0,0,30.89,0,0,0,30.52,0,0,0,30.66
1785713195.870,3.7,100.0,24.55,23.0,0.0,0,0,0,32.09,0,0,0,30.89,0,0,0,30.47,0,0,0,30.71
1785713196.870,4.0,77.8,24.59,17.0,0.0,0,0,0,32.03,0,0,0,30.84,0,0,0,30.47,0,0,0,30.66
1785713197.870,4.0,100.0,24.60,13.0,0.0,0,0,0,32.03,0,0,0,30.84,0,0,0,30.52,0,0,0,30.61
1785713198.870,4.7,71.3,24.61,15.0,0.0,0,0,0,31.99,0,0,0,30.89,0,0,0,30.52,0,0,0,30.61
1785713199.870,3.1,100.0,24.63,30.0,0.0,0,0,0,31.99,0,0,0,30.89,0,0,0,30.47,0,0,0,30.62
1785713200.870,2.9,100.0,24.65,16.0,0.0,0,0,0,31.94,0,0,0,30.89,0,0,0,30.47,0,0,0,30.62
1785713201.870,2.6,100.0,24.67,18.0,0.0,0,0,0,31.94,0,0,0,30.89,0,0,0,30.47,0,0,0,30.61
1785713202.871,2.1,80.2,24.66,24.0,0.0,0,0,0,31.99,0,0,0,30.89,0,0,0,30.48,0,0,0,30.71
1785713203.871,2.9,100.0,24.68,17.0,0.0,0,0,0,32.04,0,0,0,30.84,0,0,0,30.48,0,0,0,30.76
1785713204.871,3.0,100.0,24.67,16.0,0.0,0,0,0,32.00,0,0,0,30.85,0,0,0,30.47,0,0,0,30.71
1785713205.871,3.5,100.0,24.67,28.0,0.0,0,0,0,31.99,0,0,0,30.85,0,0,0,30.52,0,0,0,30.70
1785713206.871,2.2,100.0,24.66,31.0,0.0,0,0,0,32.04,0,0,0,30.84,0,0,0,30.47,0,0,0,30.71
1785713207.871,2.0,100.0,24.67,18.0,0.0,0,0,0,32.04,0,0,0,30.89,0,0,0,30.47,0,0,0,30.76
1785713208.871,2.2,81.2,24.67,17.0,0.0,0,0,0,31.99,0,0,0,30.94,0,0,0,30.57,0,0,0,30.76
1785713209.871,2.4,100.0,24.69,16.0,0.0,0,0,0,31.94,0,0,0,30.94,0,0,0,30.52,0,0,0,30.71
1785713210.871,2.2,73.7,24.68,15.0,0.0,0,0,0,31.94,0,0,0,30.94,0,0,0,30.47,0,0,0,30.71
1785713211.872,2.1,100.0,24.68,21.0,0.0,0,0,0,31.99,0,0,0,30.99,0,0,0,30.47,0,0,0,30.71
1785713212.872,2.4,100.0,24.70,45.0,0.0,0,0,0,32.04,0,0,0,30.94,0,0,0,30.47,0,0,0,30.66
1785713213.872,2.2,100.0,24.71,31.0,0.0,0,0,0,31.99,0,0,0,30.80,0,0,0,30.47,0,0,0,30.70
1785713214.872,1.8,82.0,24.71,23.0,0.0,0,0,0,31.99,0,0,0,30.75,0,0,0,30.47,0,0,0,30.76
1785713215.872,4.0,100.0,24.69,30.0,0.0,0,0,0,32.03,0,0,0,30.79,0,0,0,30.48,0,0,0,30.82
1785713216.872,2.7,81.0,24.69,52.0,0.0,0,0,0,31.99,0,0,0,30.84,0,0,0,30.48,0,0,0,30.81
1785713217.872,2.0,100.0,24.70,23.0,0.0,0,0,0,31.94,0,0,0,30.85,0,0,0,30.47,0,0,0,30.76
1785713218.872,2.1,100.0,24.70,11.0,0.0,0,0,0,31.94,0,0,0,30.86,0,0,0,30.42,0,0,0,30.81
1785713219.872,2.8,100.0,24.73,15.0,0.0,0,0,0,31.99,0,0,0,30.85,0,0,0,30.43,0,0,0,30.71
1785713220.873,1.9,100.0,24.74,11.0,0.0,0,0,0,32.00,0,0,0,30.85,0,0,0,30.47,0,0,0,30.66
1785713221.873,2.6,90.0,24.73,13.0,0.0,0,0,0,32.00,0,0,0,30.85,0,0,0,30.66,0,0,0,30.65
1785713222.873,2.5,100.0,24.72,13.0,0.0,0,0,0,32.04,0,0,0,30.84,0,0,0,30.66,0,0,0,30.66
1785713223.873,2.1,91.0,24.73,17.0,0.0,0,0,0,32.09,0,0,0,30.84,0,0,0,30.46,0,0,0,30.71
1785713224.873,1.9,100.0,24.73,30.0,0.0,0,0,0,32.09,0,0,0,30.84,0,0,0,30.42,0,0,0,30.66
1785713225.873,2.3,100.0,24.74,40.0,0.0,0,0,0,32.09,0,0,0,30.80,0,0,0,30.42,0,0,0,30.62
1785713226.873,2.0,100.0,24.74,35.0,0.0,0,0,0,32.09,0,0,0,30.85,0,0,0,30.52,0,0,0,30.62
1785713227.873,2.1,62.6,24.73,21.9,0.0,0,0,0,32.09,0,0,0,30.79,0,0,0,30.47,0,0,0,30.65
1785713228.873,2.1,100.0,24.74,20.0,0.0,0,0,0,32.09,0,0,0,30.79,0,0,0,30.47,0,0,0,30.65
1785713229.874,2.5,70.0,24.73,34.0,0.0,0,0,0,32.04,0,0,0,30.84,0,0,0,30.52,0,0,0,30.61
1785713230.874,1.9,100.0,24.74,25.0,0.0,0,0,0,32.09,0,0,0,30.84,0,0,0,30.42,0,0,0,30.72
1785713231.874,2.1,100.0,24.73,27.0,0.0,0,0,0,32.04,0,0,0,30.89,0,0,0,30.42,0,0,0,30.71
1785713232.874,3.0,100.0,24.74,34.0,0.0,0,0,0,31.99,0,0,0,30.84,0,0,0,30.47,0,0,0,30.65
1785713233.874,2.0,60.0,24.74,18.0,0.0,0,0,0,32.04,0,0,0,30.75,0,0,0,30.47,0,0,0,30.66
1785713234.874,2.1,100.0,24.74,21.0,0.0,0,0,0,32.04,0,0,0,30.75,0,0,0,30.47,0,0,0,30.61
1785713235.874,2.2,74.3,24.74,21.0,0.0,0,0,0,32.04,0,0,0,30.75,0,0,0,30.47,0,0,0,30.62
1785713236.874,3.2,100.0,24.76,20.0,0.0,0,0,0,32.09,0,0,0,30.80,0,0,0,30.52,0,0,0,30.71
1785713237.874,2.1,100.0,24.77,22.0,0.0,0,0,0,32.04,0,0,0,30.85,0,0,0,30.52,0,0,0,30.70
1785713238.875,3.1,100.0,24.79,26.0,0.0,0,0,0,31.99,0,0,0,30.85,0,0,0,30.47,0,0,0,30.66
1785713239.875,3.2,100.0,24.78,27.0,0.0,0,0,0,32.09,0,0,0,30.80,0,0,0,30.52,0,0,0,30.67
1785713240.875,2.3,100.0,24.78,24.0,0.0,0,0,0,32.04,0,0,0,30.79,0,0,0,30.52,0,0,0,30.66
1785713241.875,2.4,69.7,24.79,18.0,0.0,0,0,0,31.99,0,0,0,30.79,0,0,0,30.47,0,0,0,30.65
1785713242.875,1.8,100.0,24.78,18.0,0.0,0,0,0,32.04,0,0,0,30.79,0,0,0,30.42,0,0,0,30.65
1785713243.875,2.1,84.0,24.78,18.0,0.0,0,0,0,32.08,0,0,0,30.79,0,0,0,30.42,0,0,0,30.70
1785713244.875,1.8,100.0,24.77,18.0,0.0,0,0,0,32.08,0,0,0,30.79,0,0,0,30.42,0,0,0,30.71
1785713245.875,3.4,68.3,24.76,16.0,0.0,0,0,0,32.09,0,0,0,30.84,0,0,0,30.52,0,0,0,30.62
1785713246.875,1.8,100.0,24.76,17.0,0.0,0,0,0,32.09,0,0,0,30.84,0,0,0,30.52,0,0,0,30.67
1785713247.876,2.0,61.0,24.75,15.0,0.0,0,0,0,32.00,0,0,0,30.89,0,0,0,30.52,0,0,0,30.76
1785713248.876,2.4,90.9,24.76,16.0,0.0,0,0,0,32.00,0,0,0,30.90,0,0,0,30.52,0,0,0,30.76
1785713249.876,2.9,100.0,24.78,17.0,0.0,0,0,0,32.04,0,0,0,30.80,0,0,0,30.52,0,0,0,30.72
1785713250.876,1.9,100.0,24.78,16.0,0.0,0,0,0,32.04,0,0,0,30.79,0,0,0,30.47,0,0,0,30.66
1785713251.876,2.1,66.3,24.77,18.0,0.0,0,0,0,32.04,0,0,0,30.80,0,0,0,30.52,0,0,0,30.70
1785713252.876,1.9,100.0,24.78,16.0,0.0,0,0,0,31.99,0,0,0,30.80,0,0,0,30.62,0,0,0,30.70
1785713253.876,2.0,65.3,24.78,17.0,0.0,0,0,0,31.94,0,0,0,30.79,0,0,0,30.57,0,0,0,30.66
1785713254.876,1.9,100.0,24.77,20.0,0.0,0,0,0,31.99,0,0,0,30.85,0,0,0,30.57,0,0,0,30.66
1785713255.876,2.0,100.0,24.78,18.0,0.0,0,0,0,32.04,0,0,0,30.85,0,0,0,30.57,0,0,0,30.66
1785713256.876,3.3,100.0,24.78,21.0,0.0,0,0,0,32.04,0,0,0,30.75,0,0,0,30.61,0,0,0,30.67
1785713257.877,5.2,92.9,24.78,17.0,0.0,0,0,0,32.04,0,0,0,30.79,0,0,0,30.66,0,0,0,30.72
1785713258.877,3.8,100.0,24.76,14.0,0.0,0,0,0,31.99,0,0,0,30.84,0,0,0,30.61,0,0,0,30.76
1785713259.877,2.4,100.0,24.76,17.0,0.0,0,0,0,31.99,0,0,0,30.84,0,0,0,30.58,0,0,0,30.76
1785713260.877,1.8,96.0,24.75,16.0,0.0,0,0,0,32.04,0,0,0,30.80,0,0,0,30.58,0,0,0,30.67
1785713261.877,2.3,100.0,24.73,15.0,0.0,0,0,0,32.05,0,0,0,30.75,0,0,0,30.47,0,0,0,30.57
1785713262.877,1.9,100.0,24.73,18.0,0.0,0,0,0,32.05,0,0,0,30.79,0,0,0,30.47,0,0,0,30.61
1785713263.877,1.9,100.0,24.72,16.0,0.0,0,0,0,32.04,0,0,0,30.79,0,0,0,30.47,0,0,0,30.71
1785713264.877,2.3,84.0,24.74,13.0,0.0,0,0,0,32.04,0,0,0,30.80,0,0,0,30.47,0,0,0,30.77
1785713265.877,2.0,100.0,24.74,16.0,0.0,0,0,0,32.04,0,0,0,30.85,0,0,0,30.47,0,0,0,30.76
1785713266.878,1.9,94.0,24.73,18.0,0.0,0,0,0,32.05,0,0,0,30.84,0,0,0,30.42,0,0,0,30.71
1785713267.878,1.7,77.2,24.75,17.0,0.0,0,0,0,32.04,0,0,0,30.85,0,0,0,30.47,0,0,0,30.70
1785713268.878,2.2,67.3,24.76,16.0,0.0,0,0,0,32.04,0,0,0,30.85,0,0,0,30.52,0,0,0,30.71
1785713269.878,1.7,100.0,24.77,15.0,0.0,0,0,0,31.99,0,0,0,30.89,0,0,0,30.47,0,0,0,30.67
1785713270.878,2.4,78.0,24.78,14.0,0.0,0,0,0,31.99,0,0,0,30.84,0,0,0,30.47,0,0,0,30.66
1785713271.878,1.8,100.0,24.76,11.0,0.0,0,0,0,31.99,0,0,0,30.74,0,0,0,30.47,0,0,0,30.65
1785713272.878,2.6,83.8,24.77,12.0,0.0,0,0,0,31.99,0,0,0,30.79,0,0,0,30.47,0,0,0,30.66
1785713273.878,2.7,100.0,24.76,12.0,0.0,0,0,0,31.99,0,0,0,30.84,0,0,0,30.47,0,0,0,30.66
1785713274.878,2.6,100.0,24.75,11.0,0.0,0,0,0,31.99,0,0,0,30.80,0,0,0,30.47,0,0,0,30.65
1785713275.878,1.7,100.0,24.75,7.0,0.0,0,0,0,32.08,0,0,0,30.79,0,0,0,30.47,0,0,0,30.66
1785713276.879,3.6,74.0,24.75,12.0,0.0,0,0,0,32.09,0,0,0,30.84,0,0,0,30.47,0,0,0,30.71
1785713277.879,1.8,100.0,24.75,10.0,0.0,0,0,0,32.04,0,0,0,30.79,0,0,0,30.42,0,0,0,30.71
1785713278.879,1.9,85.0,24.74,11.0,0.0,0,0,0,32.04,0,0,0,30.79,0,0,0,30.42,0,0,0,30.67
1785713279.879,2.3,100.0,24.76,10.0,0.0,0,0,0,32.04,0,0,0,30.84,0,0,0,30.52,0,0,0,30.60
1785713280.879,2.4,100.0,24.78,8.0,0.0,0,0,0,32.04,0,0,0,30.85,0,0,0,30.56,0,0,0,30.56
1785713281.879,2.1,100.0,24.77,12.0,0.0,0,0,0,32.09,0,0,0,30.79,0,0,0,30.56,0,0,0,30.61
1785713282.879,2.0,73.3,24.77,8.0,0.0,0,0,0,32.09,0,0,0,30.74,0,0,0,30.51,0,0,0,30.70
1785713283.879,1.8,100.0,24.76,11.0,0.0,0,0,0,32.04,0,0,0,30.79,0,0,0,30.42,0,0,0,30.70
1785713284.879,2.3,75.2,24.77,10.0,0.0,0,0,0,32.04,0,0,0,30.84,0,0,0,30.42,0,0,0,30.61
1785713285.880,1.7,100.0,24.77,20.0,0.0,0,0,0,31.99,0,0,0,30.79,0,0,0,30.47,0,0,0,30.61
1785713286.880,2.0,100.0,24.74,18.0,0.0,0,0,0,31.99,0,0,0,30.74,0,0,0,30.47,0,0,0,30.65
1785713287.880,1.7,100.0,24.74,8.0,0.0,0,0,0,32.04,0,0,0,30.80,0,0,0,30.51,0,0,0,30.60
1785713288.880,1.8,52.0,24.75,6.0,0.0,0,0,0,32.04,0,0,0,30.80,0,0,0,30.61,0,0,0,30.61
1785713289.880,1.7,100.0,24.74,7.0,0.0,0,0,0,32.04,0,0,0,30.79,0,0,0,30.57,0,0,0,30.66
1785713290.880,1.9,53.0,24.73,8.0,0.0,0,0,0,31.99,0,0,0,30.80,0,0,0,30.42,0,0,0,30.80
1785713291.880,1.8,100.0,24.74,13.0,0.0,0,0,0,31.99,0,0,0,30.80,0,0,0,30.42,0,0,0,30.80
1785713292.880,2.5,100.0,24.73,11.0,0.0,0,0,0,31.99,0,0,0,30.85,0,0,0,30.46,0,0,0,30.70
1785713293.880,1.8,100.0,24.72,10.0,0.0,0,0,0,31.99,0,0,0,30.84,0,0,0,30.41,0,0,0,30.70
1785713294.881,1.9,80.8,24.72,9.0,0.0,0,0,0,31.99,0,0,0,30.84,0,0,0,30.42,0,0,0,30.65
1785713295.881,1.7,100.0,24.73,11.0,0.0,0,0,0,32.04,0,0,0,30.84,0,0,0,30.43,0,0,0,30.60
1785713296.881,4.1,73.0,24.73,7.0,0.0,0,0,0,32.04,0,0,0,30.84,0,0,0,30.42,0,0,0,30.61
1785713297.881,2.0,100.0,24.74,8.0,0.0,0,0,0,32.04,0,0,0,30.84,0,0,0,30.52,0,0,0,30.66
1785713298.881,1.9,100.0,24.74,6.0,0.0,0,0,0,32.04,0,0,0,30.84,0,0,0,30.52,0,0,0,30.60
1785713299.881,1.6,100.0,24.72,8.0,0.0,0,0,0,31.99,0,0,0,30.84,0,0,0,30.42,0,0,0,30.61
1785713300.881,1.9,82.8,24.71,7.0,0.0,0,0,0,31.94,0,0,0,30.80,0,0,0,30.52,0,0,0,30.72
1785713301.881,2.1,100.0,24.72,9.0,0.0,0,0,0,31.94,0,0,0,30.75,0,0,0,30.56,0,0,0,30.71
1785713302.881,1.9,75.0,24.74,9.0,0.0,0,0,0,31.94,0,0,0,30.84,0,0,0,30.51,0,0,0,30.65
1785713303.881,2.0,100.0,24.73,9.0,0.0,0,0,0,31.99,0,0,0,30.84,0,0,0,30.57,0,0,0,30.60
1785713304.882,1.9,100.0,24.73,11.0,0.0,0,0,0,32.04,0,0,0,30.74,0,0,0,30.57,0,0,0,30.61
1785713305.882,1.7,100.0,24.72,9.0,0.0,0,0,0,32.04,0,0,0,30.74,0,0,0,30.52,0,0,0,30.62
1785713306.882,3.7,83.2,24.73,10.0,0.0,0,0,0,31.99,0,0,0,30.75,0,0,0,30.57,0,0,0,30.61
1785713307.882,2.9,100.0,24.73,13.0,0.0,0,0,0,31.94,0,0,0,30.80,0,0,0,30.57,0,0,0,30.61
1785713308.882,3.1,100.0,24.73,6.0,0.0,0,0,0,31.94,0,0,0,30.84,0,0,0,30.62,0,0,0,30.56
1785713309.882,2.5,100.0,24.72,8.0,0.0,0,0,0,31.94,0,0,0,30.84,0,0,0,30.57,0,0,0,30.61
1785713310.882,2.1,100.0,24.71,15.0,0.0,0,0,0,31.99,0,0,0,30.84,0,0,0,30.47,0,0,0,30.65
1785713311.882,2.3,100.0,24.68,20.0,0.0,0,0,0,32.09,0,0,0,30.84,0,0,0,30.52,0,0,0,30.70
1785713312.882,2.1,100.0,24.69,15.0,0.0,0,0,0,31.99,0,0,0,30.84,0,0,0,30.47,0,0,0,30.66
1785713313.883,2.4,89.0,24.70,18.0,0.0,0,0,0,31.99,0,0,0,30.90,0,0,0,30.52,0,0,0,30.61
1785713314.883,2.4,100.0,24.70,16.0,0.0,0,0,0,32.04,0,0,0,30.85,0,0,0,30.52,0,0,0,30.70
1785713315.883,1.9,98.0,24.70,17.0,0.0,0,0,0,32.04,0,0,0,30.79,0,0,0,30.47,0,0,0,30.76
1785713316.883,2.7,100.0,24.71,17.0,0.0,0,0,0,31.99,0,0,0,30.79,0,0,0,30.47,0,0,0,30.76
1785713317.883,4.2,100.0,24.72,15.0,0.0,0,0,0,31.99,0,0,0,30.75,0,0,0,30.47,0,0,0,30.76
1785713318.883,5.9,100.0,24.71,16.0,0.0,0,0,0,31.99,0,0,0,30.79,0,0,0,30.52,0,0,0,30.76
1785713319.883,2.3,84.0,24.70,14.0,0.0,0,0,0,31.99,0,0,0,30.84,0,0,0,30.52,0,0,0,30.76
1785713320.883,2.2,100.0,24.71,15.0,0.0,0,0,0,31.99,0,0,0,30.84,0,0,0,30.47,0,0,0,30.66
1785713321.883,2.0,94.1,24.71,15.0,0.0,0,0,0,31.99,0,0,0,30.79,0,0,0,30.47,0,0,0,30.60
1785713322.884,1.9,100.0,24.71,21.0,0.0,0,0,0,31.99,0,0,0,30.90,0,0,0,30.47,0,0,0,30.65
1785713323.884,2.4,100.0,24.71,16.0,0.0,0,0,0,31.99,0,0,0,30.90,0,0,0,30.42,0,0,0,30.71
1785713324.884,1.8,100.0,24.72,14.0,0.0,0,0,0,31.99,0,0,0,30.75,0,0,0,30.37,0,0,0,30.76
1785713325.884,2.1,85.0,24.72,16.0,0.0,0,0,0,31.99,0,0,0,30.80,0,0,0,30.42,0,0,0,30.71
1785713326.884,1.9,100.0,24.72,15.0,0.0,0,0,0,32.04,0,0,0,30.84,0,0,0,30.47,0,0,0,30.61
1785713327.884,2.1,93.0,24.71,13.0,0.0,0,0,0,32.04,0,0,0,30.79,0,0,0,30.41,0,0,0,30.65
1785713328.884,1.9,100.0,24.70,13.0,0.0,0,0,0,32.04,0,0,0,30.74,0,0,0,30.36,0,0,0,30.76
1785713329.884,2.5,100.0,24.70,15.0,0.0,0,0,0,31.99,0,0,0,30.74,0,0,0,30.47,0,0,0,30.71
1785713330.884,2.2,100.0,24.70,14.0,0.0,0,0,0,31.99,0,0,0,30.75,0,0,0,30.47,0,0,0,30.61
1785713331.885,2.3,83.8,24.70,12.0,0.0,0,0,0,32.04,0,0,0,30.80,0,0,0,30.47,0,0,0,30.65
1785713332.885,1.8,100.0,24.69,18.0,0.0,0,0,0,31.99,0,0,0,30.80,0,0,0,30.52,0,0,0,30.71
1785713333.885,2.2,92.0,24.69,35.0,0.0,0,0,0,32.04,0,0,0,30.79,0,0,0,30.51,0,0,0,30.66
1785713334.885,1.8,100.0,24.69,14.0,0.0,0,0,0,32.09,0,0,0,30.84,0,0,0,30.51,0,0,0,30.66
1785713335.885,2.0,100.0,24.70,18.0,0.0,0,0,0,31.99,0,0,0,30.84,0,0,0,30.52,0,0,0,30.66
1785713336.885,6.2,100.0,24.71,356.1,0.0,0,0,0,31.94,0,0,0,30.84,0,0,0,30.57,0,0,0,30.66
1785713337.885,2.3,82.0,24.73,20.0,0.0,0,0,0,31.99,0,0,0,30.89,0,0,0,30.62,0,0,0,30.60
1785713338.885,2.4,100.0,24.74,21.0,0.0,0,0,0,31.99,0,0,0,30.89,0,0,0,30.62,0,0,0,30.60
1785713339.885,2.7,90.0,24.78,14.0,0.0,0,0,0,31.99,0,0,0,30.99,0,0,0,30.52,0,0,0,30.65
1785713340.886,2.3,100.0,24.81,30.0,0.0,0,0,0,31.99,0,0,0,30.99,0,0,0,30.47,0,0,0,30.66
1785713341.886,2.6,100.0,24.77,17.0,0.0,0,0,0,32.09,0,0,0,30.89,0,0,0,30.57,0,0,0,30.67
1785713342.886,3.2,100.0,24.75,12.0,0.0,0,0,0,32.09,0,0,0,30.89,0,0,0,30.57,0,0,0,30.71
1785713343.886,2.9,85.0,24.76,6.0,0.0,0,0,0,32.04,0,0,0,30.84,0,0,0,30.51,0,0,0,30.66
1785713344.886,1.7,100.0,24.75,9.0,0.0,0,0,0,31.95,0,0,0,30.85,0,0,0,30.46,0,0,0,30.61
1785713345.886,2.7,88.0,24.76,22.0,0.0,0,0,0,31.99,0,0,0,30.80,0,0,0,30.42,0,0,0,30.66
1785713346.886,1.8,100.0,24.75,19.0,0.0,0,0,0,32.05,0,0,0,30.74,0,0,0,30.52,0,0,0,30.66
1785713347.886,2.4,100.0,24.75,34.0,0.0,0,0,0,32.00,0,0,0,30.79,0,0,0,30.52,0,0,0,30.65
1785713348.886,2.0,100.0,24.75,21.0,0.0,0,0,0,31.99,0,0,0,30.84,0,0,0,30.47,0,0,0,30.66
1785713349.887,2.0,78.8,24.75,20.0,0.0,0,0,0,32.03,0,0,0,30.84,0,0,0,30.52,0,0,0,30.67
1785713350.887,2.0,100.0,24.75,24.0,0.0,0,0,0,31.98,0,0,0,30.84,0,0,0,30.52,0,0,0,30.67
1785713351.887,2.0,72.3,24.75,19.0,0.0,0,0,0,31.94,0,0,0,30.79,0,0,0,30.52,0,0,0,30.67
1785713352.887,2.4,100.0,24.76,18.0,0.0,0,0,0,31.94,0,0,0,30.75,0,0,0,30.52,0,0,0,30.62
1785713353.887,2.0,100.0,24.75,22.0,0.0,0,0,0,31.99,0,0,0,30.80,0,0,0,30.57,0,0,0,30.61
1785713354.887,1.9,100.0,24.73,22.0,0.0,0,0,0,32.04,0,0,0,30.85,0,0,0,30.57,0,0,0,30.66
1785713355.887,2.2,63.4,24.74,44.0,0.0,0,0,0,32.00,0,0,0,30.80,0,0,0,30.52,0,0,0,30.66
1785713356.887,4.0,100.0,24.75,31.0,0.0,0,0,0,31.95,0,0,0,30.74,0,0,0,30.57,0,0,0,30.71
1785713357.887,2.1,66.0,24.75,21.0,0.0,0,0,0,31.99,0,0,0,30.79,0,0,0,30.61,0,0,0,30.72
1785713358.888,1.9,100.0,24.74,23.0,0.0,0,0,0,31.99,0,0,0,30.79,0,0,0,30.51,0,0,0,30.71
1785713359.888,2.1,100.0,24.73,30.0,0.0,0,0,0,31.94,0,0,0,30.79,0,0,0,30.47,0,0,0,30.70
1785713360.888,1.9,100.0,24.74,22.0,0.0,0,0,0,31.94,0,0,0,30.84,0,0,0,30.57,0,0,0,30.65
1785713361.888,2.9,62.0,24.76,29.0,0.0,0,0,0,31.99,0,0,0,30.84,0,0,0,30.62,0,0,0,30.65
1785713362.888,2.3,100.0,24.78,50.0,0.0,0,0,0,31.99,0,0,0,30.84,0,0,0,30.57,0,0,0,30.66
1785713363.888,2.2,57.0,24.79,39.0,0.0,0,0,0,31.99,0,0,0,30.79,0,0,0,30.62,0,0,0,30.62
1785713364.888,5.3,100.0,24.79,343.9,0.0,0,0,0,32.04,0,0,0,30.80,0,0,0,30.57,0,0,0,30.61
1785713365.888,2.0,100.0,24.79,24.0,0.0,0,0,0,31.99,0,0,0,30.85,0,0,0,30.57,0,0,0,30.65
1785713366.888,2.5,100.0,24.79,15.0,0.0,0,0,0,31.99,0,0,0,30.85,0,0,0,30.61,0,0,0,30.66
1785713367.889,2.8,65.0,24.79,16.0,0.0,0,0,0,31.99,0,0,0,30.85,0,0,0,30.61,0,0,0,30.61
1785713368.889,2.0,100.0,24.78,15.0,0.0,0,0,0,31.94,0,0,0,30.79,0,0,0,30.62,0,0,0,30.56
1785713369.889,2.9,58.0,24.77,14.0,0.0,0,0,0,31.94,0,0,0,30.80,0,0,0,30.62,0,0,0,30.62
1785713370.889,2.3,100.0,24.78,15.0,0.0,0,0,0,31.94,0,0,0,30.85,0,0,0,30.62,0,0,0,30.66
1785713371.889,2.4,100.0,24.80,17.0,0.0,0,0,0,31.94,0,0,0,30.90,0,0,0,30.57,0,0,0,30.66
1785713372.889,2.0,100.0,24.79,15.0,0.0,0,0,0,32.00,0,0,0,30.85,0,0,0,30.57,0,0,0,30.62
1785713373.889,2.0,66.7,24.79,16.0,0.0,0,0,0,32.00,0,0,0,30.80,0,0,0,30.52,0,0,0,30.62
1785713374.889,1.9,100.0,24.77,16.0,0.0,0,0,0,32.00,0,0,0,30.81,0,0,0,30.47,0,0,0,30.67
1785713375.889,2.2,67.0,24.76,16.0,0.0,0,0,0,31.99,0,0,0,30.75,0,0,0,30.47,0,0,0,30.66
1785713376.890,3.5,100.0,24.76,23.0,0.0,0,0,0,31.99,0,0,0,30.74,0,0,0,30.52,0,0,0,30.65
1785713377.890,5.7,100.0,24.78,29.0,0.0,0,0,0,31.94,0,0,0,30.79,0,0,0,30.48,0,0,0,30.66
1785713378.890,4.2,100.0,24.78,16.0,0.0,0,0,0,32.04,0,0,0,30.84,0,0,0,30.43,0,0,0,30.67
1785713379.890,4.3,77.0,24.77,25.0,0.0,0,0,0,32.04,0,0,0,30.85,0,0,0,30.42,0,0,0,30.67
1785713380.890,2.0,100.0,24.76,28.0,0.0,0,0,0,31.94,0,0,0,30.85,0,0,0,30.42,0,0,0,30.62
1785713381.890,2.3,88.0,24.77,18.0,0.0,0,0,0,31.99,0,0,0,30.80,0,0,0,30.43,0,0,0,30.62
1785713382.890,2.0,100.0,24.77,23.0,0.0,0,0,0,31.94,0,0,0,30.84,0,0,0,30.48,0,0,0,30.67
1785713383.890,3.0,100.0,24.82,46.0,0.0,0,0,0,31.94,0,0,0,30.95,0,0,0,30.47,0,0,0,30.62
1785713384.891,2.0,100.0,24.82,14.0,0.0,0,0,0,32.05,0,0,0,30.85,0,0,0,30.47,0,0,0,30.62
1785713385.891,2.4,61.6,24.82,46.0,0.0,0,0,0,32.05,0,0,0,30.74,0,0,0,30.47,0,0,0,30.61
1785713386.891,1.8,100.0,24.82,16.0,0.0,0,0,0,32.09,0,0,0,30.79,0,0,0,30.47,0,0,0,30.61
1785713387.891,2.3,89.0,24.81,41.0,0.0,0,0,0,31.99,0,0,0,30.84,0,0,0,30.52,0,0,0,30.61
1785713388.891,1.8,100.0,24.81,16.0,0.0,0,0,0,31.99,0,0,0,30.79,0,0,0,30.47,0,0,0,30.66
1785713389.891,2.2,100.0,24.80,17.0,0.0,0,0,0,31.99,0,0,0,30.79,0,0,0,30.42,0,0,0,30.65
1785713390.891,2.3,100.0,24.80,16.0,0.0,0,0,0,32.00,0,0,0,30.89,0,0,0,30.52,0,0,0,30.60
1785713391.891,1.9,98.0,24.79,15.0,0.0,0,0,0,32.05,0,0,0,30.89,0,0,0,30.58,0,0,0,30.65
1785713392.891,1.9,97.0,24.80,14.0,0.0,0,0,0,32.04,0,0,0,30.84,0,0,0,30.52,0,0,0,30.71
1785713393.891,2.4,94.0,24.81,16.0,0.0,0,0,0,32.09,0,0,0,30.84,0,0,0,30.47,0,0,0,30.72
1785713394.892,1.8,100.0,24.82,16.0,0.0,0,0,0,32.10,0,0,0,30.74,0,0,0,30.47,0,0,0,30.67
1785713395.892,2.1,100.0,24.83,33.0,0.0,0,0,0,32.04,0,0,0,30.79,0,0,0,30.47,0,0,0,30.67
1785713396.892,1.9,100.0,24.83,30.0,0.0,0,0,0,31.99,0,0,0,30.80,0,0,0,30.47,0,0,0,30.61
1785713397.892,3.3,100.0,24.83,21.0,0.0,0,0,0,31.94,0,0,0,30.75,0,0,0,30.47,0,0,0,30.65
1785713398.892,1.9,95.0,24.84,16.0,0.0,0,0,0,31.94,0,0,0,30.84,0,0,0,30.47,0,0,0,30.71
1785713399.892,3.1,96.0,24.86,23.0,0.0,0,0,0,31.94,0,0,0,30.84,0,0,0,30.47,0,0,0,30.67
1785713400.892,2.0,100.0,24.87,15.0,0.0,0,0,0,31.94,0,0,0,30.79,0,0,0,30.47,0,0,0,30.67
1785713401.892,2.8,100.0,24.92,15.1,0.0,0,0,0,31.94,0,0,0,30.94,0,0,0,30.52,0,0,0,30.71
1785713402.892,3.2,100.0,24.97,14.9,0.0,0,0,0,66.54,0,0,0,64.97,0,0,0,30.96,0,0,0,30.66
1785713404.453,3.3,48.4,24.97,8.3,0.0,0,0,0,66.54,0,0,0,64.97,0,0,0,30.96,0,0,0,30.66
1785713405.453,2.9,100.0,25.00,14.1,0.0,0,0,0,49.33,0,0,0,48.07,0,0,0,48.24,0,0,0,47.80
1785713406.453,4.2,80.6,25.26,13.0,0.0,0,0,3,32.12,0,0,3,31.12,0,0,1,48.19,0,0,1,65.00
1785713407.453,3.4,100.0,25.68,64.0,0.0,0,0,271,46.79,0,0,18,30.91,0,0,3,30.73,0,0,3,30.89
1785713408.453,3.7,100.0,26.24,98.0,0.0,0,0,271,102.15,0,0,271,98.32,0,0,271,55.30,0,0,3,30.75
1785713409.453,4.2,100.0,26.01,101.0,0.0,0,0,0,102.37,0,0,0,98.69,7,1,0,100.19,6,1,0,88.25
1785713410.453,3.7,61.2,25.35,57.0,0.0,0,0,0,102.51,0,0,0,98.76,0,0,0,100.27,0,0,0,101.44
1785713411.453,3.8,100.0,25.48,12.0,0.0,0,0,0,102.53,0,0,0,98.78,0,0,0,38.76,0,0,0,62.99
1785713412.453,4.1,100.0,25.52,22.0,0.0,0,0,0,40.57,0,0,0,61.93,0,0,0,31.59,0,0,0,45.38
1785713413.454,4.1,100.0,25.70,20.0,0.0,0,0,0,33.45,0,0,0,44.82,0,0,0,30.67,0,0,0,31.31
1785713414.454,2.3,100.0,25.69,10.0,0.0,0,0,0,32.43,0,0,0,31.33,0,0,0,30.81,0,0,0,30.86
1785713415.454,2.5,100.0,25.65,14.0,0.0,0,0,0,32.34,0,0,0,31.13,0,0,0,30.81,0,0,0,30.86
1785713416.454,3.3,64.2,25.65,27.0,0.0,0,0,0,32.29,0,0,0,31.09,0,0,0,30.67,0,0,0,30.86
1785713417.454,2.9,100.0,25.64,49.0,0.0,0,0,0,32.24,0,0,0,31.05,0,0,0,30.67,0,0,0,30.86
1785713418.454,6.8,68.7,25.62,495.9,0.0,0,0,0,32.24,0,0,0,31.00,0,0,0,30.67,0,0,0,30.76
1785713419.454,2.2,100.0,25.62,21.0,0.0,0,0,0,32.24,0,0,0,31.05,0,0,0,30.67,0,0,0,30.76
1785713420.454,2.1,100.0,25.63,24.0,0.0,0,0,0,32.19,0,0,0,31.04,0,0,0,30.67,0,0,0,30.76
1785713421.455,2.0,100.0,25.62,26.0,0.0,0,0,0,32.14,0,0,0,31.04,0,0,0,30.66,0,0,0,30.76
1785713422.455,2.2,86.1,25.59,22.0,0.0,0,0,0,32.19,0,0,0,31.04,0,0,0,30.62,0,0,0,30.76
1785713423.455,2.0,100.0,25.58,12.0,0.0,0,0,0,32.19,0,0,0,30.99,0,0,0,30.57,0,0,0,30.77
1785713424.455,1.8,80.0,25.57,12.0,0.0,0,0,0,32.14,0,0,0,30.95,0,0,0,30.62,0,0,0,30.77
1785713425.455,2.0,100.0,25.56,15.0,0.0,0,0,0,32.14,0,0,0,31.00,0,0,0,30.62,0,0,0,30.76
1785713426.455,2.3,100.0,25.56,22.0,0.0,0,0,0,32.14,0,0,0,30.99,0,0,0,30.62,0,0,0,30.76
1785713427.455,2.4,100.0,25.53,8.0,0.0,0,0,0,32.14,0,0,0,31.00,0,0,0,30.67,0,0,0,30.77
1785713428.455,2.8,79.6,25.54,10.0,0.0,0,0,0,32.19,0,0,0,31.05,0,0,0,30.63,0,0,0,30.77
1785713429.455,2.6,100.0,25.55,20.0,0.0,0,0,0,32.24,0,0,0,31.05,0,0,0,30.57,0,0,0,30.82
1785713430.455,2.4,98.0,25.56,17.0,0.0,0,0,0,32.14,0,0,0,31.00,0,0,0,30.57,0,0,0,30.77
1785713431.456,2.0,100.0,25.56,13.0,0.0,0,0,0,32.10,0,0,0,30.94,0,0,0,30.62,0,0,0,30.67
1785713432.456,1.9,100.0,25.54,14.0,0.0,0,0,0,32.14,0,0,0,30.99,0,0,0,30.57,0,0,0,30.71
1785713433.456,2.0,100.0,25.53,11.0,0.0,0,0,0,32.14,0,0,0,31.00,0,0,0,30.52,0,0,0,30.75
1785713434.456,1.8,100.0,25.52,14.0,0.0,0,0,0,32.15,0,0,0,30.90,0,0,0,30.52,0,0,0,30.82
1785713435.456,1.9,91.0,25.51,12.0,0.0,0,0,0,32.15,0,0,0,30.89,0,0,0,30.52,0,0,0,30.82
1785713436.456,1.9,100.0,25.51,17.0,0.0,0,0,0,32.14,0,0,0,30.95,0,0,0,30.58,0,0,0,30.82
1785713437.456,3.7,100.0,25.52,35.0,0.0,0,0,0,32.19,0,0,0,31.01,0,0,0,30.57,0,0,0,30.77
1785713438.456,4.1,100.0,25.52,49.0,0.0,0,0,0,32.24,0,0,0,31.06,0,0,0,30.52,0,0,0,30.72
1785713439.457,3.8,100.0,25.52,26.0,0.0,0,0,0,32.15,0,0,0,31.05,0,0,0,30.52,0,0,0,30.72
1785713440.457,2.9,100.0,25.53,13.0,0.0,0,0,0,32.05,0,0,0,31.04,0,0,0,30.57,0,0,0,30.81
1785713441.457,3.3,90.0,25.55,11.0,0.0,0,0,0,32.09,0,0,0,31.04,0,0,0,30.57,0,0,0,30.81
1785713442.457,2.5,100.0,25.57,34.0,0.0,0,0,0,32.15,0,0,0,31.08,0,0,0,30.57,0,0,0,30.76
1785713443.457,2.0,99.0,25.58,12.0,0.0,0,0,0,32.20,0,0,0,31.05,0,0,0,30.57,0,0,0,30.76
1785713444.457,1.8,100.0,25.60,16.0,0.0,0,0,0,32.14,0,0,0,30.96,0,0,0,30.57,0,0,0,30.76
1785713445.457,2.0,100.0,25.59,14.0,0.0,0,0,0,32.14,0,0,0,30.95,0,0,0,30.57,0,0,0,30.72
1785713446.457,3.0,100.0,25.61,29.0,0.0,0,0,0,32.14,0,0,0,30.99,0,0,0,30.57,0,0,0,30.77
1785713447.457,3.0,100.0,25.59,16.0,0.0,0,0,0,32.04,0,0,0,31.00,0,0,0,30.57,0,0,0,30.91
1785713448.458,2.5,100.0,25.58,12.0,0.0,0,0,0,32.09,0,0,0,30.95,0,0,0,30.57,0,0,0,30.81
1785713449.458,2.3,98.0,25.58,14.0,0.0,0,0,0,32.14,0,0,0,30.99,0,0,0,30.57,0,0,0,30.81
1785713450.458,1.9,100.0,25.57,23.0,0.0,0,0,0,32.10,0,0,0,31.05,0,0,0,30.52,0,0,0,30.82
1785713451.458,2.4,100.0,25.58,16.0,0.0,0,0,0,32.05,0,0,0,31.00,0,0,0,30.52,0,0,0,30.81
1785713452.458,1.8,100.0,25.57,16.0,0.0,0,0,0,32.05,0,0,0,31.00,0,0,0,30.52,0,0,0,30.81
1785713453.458,2.0,88.1,25.58,17.0,0.0,0,0,0,32.04,0,0,0,31.00,0,0,0,30.52,0,0,0,30.81
1785713454.458,1.9,56.0,25.58,27.0,0.0,0,0,0,32.10,0,0,0,30.94,0,0,0,30.57,0,0,0,30.81
1785713455.458,2.1,97.0,25.56,26.0,0.0,0,0,0,32.10,0,0,0,30.94,0,0,0,30.57,0,0,0,30.86
1785713456.459,1.8,100.0,25.57,15.0,0.0,0,0,0,32.04,0,0,0,30.94,0,0,0,30.57,0,0,0,30.91
1785713457.459,2.3,100.0,25.57,16.0,0.0,0,0,0,32.09,0,0,0,31.00,0,0,0,30.52,0,0,0,30.81
1785713458.459,3.3,100.0,25.56,14.0,0.0,0,0,0,32.09,0,0,0,31.00,0,0,0,30.48,0,0,0,30.75
1785713459.459,2.5,87.9,25.59,13.0,0.0,0,0,0,32.04,0,0,0,30.94,0,0,0,30.52,0,0,0,30.70
1785713460.459,2.2,100.0,25.61,14.0,0.0,0,0,0,32.04,0,0,0,30.94,0,0,0,30.57,0,0,0,30.75
1785713461.459,2.1,89.1,25.60,22.0,0.0,0,0,0,32.04,0,0,0,30.94,0,0,0,30.67,0,0,0,30.75
1785713462.459,2.2,100.0,25.59,30.0,0.0,0,0,0,32.10,0,0,0,30.95,0,0,0,30.67,0,0,0,30.71
1785713463.459,2.4,100.0,25.59,31.0,0.0,0,0,0,32.04,0,0,0,30.95,0,0,0,30.57,0,0,0,30.66
1785713464.460,2.1,100.0,25.58,28.0,0.0,0,0,0,32.04,0,0,0,30.89,0,0,0,30.57,0,0,0,30.66
1785713465.460,2.0,61.0,25.58,27.0,0.0,0,0,0,32.04,0,0,0,30.94,0,0,0,30.47,0,0,0,30.66
1785713466.460,2.4,100.0,25.60,46.0,0.0,0,0,0,32.04,0,0,0,30.99,0,0,0,30.47,0,0,0,30.66
1785713467.460,1.8,68.0,25.59,22.0,0.0,0,0,0,32.09,0,0,0,31.00,0,0,0,30.47,0,0,0,30.66
1785713468.460,2.2,100.0,25.59,25.0,0.0,0,0,0,32.09,0,0,0,31.00,0,0,0,30.47,0,0,0,30.71
1785713469.460,1.9,100.0,25.59,16.0,0.0,0,0,0,32.09,0,0,0,31.00,0,0,0,30.42,0,0,0,30.70
1785713470.460,2.0,100.0,25.58,14.0,0.0,0,0,0,32.08,0,0,0,30.94,0,0,0,30.52,0,0,0,30.70
1785713471.460,1.9,58.6,25.59,11.0,0.0,0,0,0,32.04,0,0,0,30.90,0,0,0,30.57,0,0,0,30.75
1785713472.460,2.4,100.0,25.58,13.0,0.0,0,0,0,32.04,0,0,0,30.90,0,0,0,30.57,0,0,0,30.70
1785713473.461,2.2,67.0,25.59,12.0,0.0,0,0,0,32.10,0,0,0,30.90,0,0,0,30.47,0,0,0,30.66
1785713474.461,2.9,100.0,25.60,33.0,0.0,0,0,0,32.10,0,0,0,30.90,0,0,0,30.47,0,0,0,30.72
1785713475.461,2.1,100.0,25.61,36.0,0.0,0,0,0,32.09,0,0,0,30.89,0,0,0,30.52,0,0,0,30.71
1785713476.461,3.4,100.0,25.60,40.0,0.0,0,0,0,32.03,0,0,0,30.89,0,0,0,30.52,0,0,0,30.66
1785713477.461,2.1,62.0,25.61,14.0,0.0,0,0,0,31.99,0,0,0,30.94,0,0,0,30.52,0,0,0,30.66
1785713478.461,2.2,100.0,25.61,25.0,0.0,0,0,0,31.99,0,0,0,30.95,0,0,0,30.57,0,0,0,30.65
1785713479.461,5.7,59.4,25.62,398.0,0.0,0,0,0,32.09,0,0,0,30.91,0,0,0,30.52,0,0,0,30.65
1785713480.461,2.4,100.0,25.62,26.0,0.0,0,0,0,32.09,0,0,0,30.95,0,0,0,30.57,0,0,0,30.71
1785713481.462,3.1,100.0,25.64,21.0,0.0,0,0,0,32.04,0,0,0,30.99,0,0,0,30.62,0,0,0,30.71
1785713482.462,3.5,100.0,25.65,38.0,0.0,0,0,0,32.09,0,0,0,30.95,0,0,0,30.57,0,0,0,30.71
1785713483.462,2.3,68.0,25.64,42.0,0.0,0,0,0,32.09,0,0,0,30.95,0,0,0,30.52,0,0,0,30.72
1785713484.462,2.4,100.0,25.66,59.0,0.0,0,0,0,32.09,0,0,0,30.95,0,0,0,30.48,0,0,0,30.67
1785713485.462,2.0,61.0,25.65,32.0,0.0,0,0,0,32.10,0,0,0,30.91,0,0,0,30.47,0,0,0,30.67
1785713486.462,2.1,100.0,25.65,32.0,0.0,0,0,0,32.04,0,0,0,30.85,0,0,0,30.47,0,0,0,30.72
1785713487.462,7.0,100.0,25.68,508.9,0.0,0,0,0,32.04,0,0,0,30.84,0,0,0,30.47,0,0,0,30.71
1785713488.462,2.9,87.0,25.68,15.0,0.0,0,0,0,32.09,0,0,0,30.90,0,0,0,30.47,0,0,0,30.70
1785713489.462,2.9,71.0,25.68,11.0,0.0,0,0,0,32.10,0,0,0,30.95,0,0,0,30.52,0,0,0,30.70
1785713490.463,2.3,100.0,25.70,14.0,0.0,0,0,0,32.10,0,0,0,30.95,0,0,0,30.57,0,0,0,30.75
1785713491.463,2.7,70.3,25.69,16.0,0.0,0,0,0,32.09,0,0,0,30.90,0,0,0,30.52,0,0,0,30.80
1785713492.463,2.2,100.0,25.70,15.0,0.0,0,0,0,32.04,0,0,0,30.89,0,0,0,30.47,0,0,0,30.76
1785713493.463,1.9,100.0,25.71,15.0,0.0,0,0,0,32.03,0,0,0,30.89,0,0,0,30.47,0,0,0,30.76
1785713494.463,2.0,100.0,25.72,16.0,0.0,0,0,0,32.09,0,0,0,30.85,0,0,0,30.52,0,0,0,30.71
1785713495.463,1.9,99.0,25.71,22.0,0.0,0,0,0,32.09,0,0,0,30.85,0,0,0,30.52,0,0,0,30.61
1785713496.463,2.2,98.0,25.71,18.0,0.0,0,0,0,32.04,0,0,0,30.90,0,0,0,30.47,0,0,0,30.70
1785713497.463,3.3,100.0,25.70,16.0,0.0,0,0,0,32.04,0,0,0,30.90,0,0,0,30.47,0,0,0,30.75
1785713498.463,4.0,99.0,25.70,23.0,0.0,0,0,0,32.04,0,0,0,30.85,0,0,0,30.52,0,0,0,30.81
1785713499.463,3.4,100.0,25.70,24.0,0.0,0,0,0,32.04,0,0,0,30.90,0,0,0,30.52,0,0,0,30.81
1785713500.464,2.0,100.0,25.70,16.0,0.0,0,0,0,32.09,0,0,0,30.90,0,0,0,30.52,0,0,0,30.70
1785713501.464,2.8,100.0,25.68,16.0,0.0,0,0,0,32.09,0,0,0,30.84,0,0,0,30.57,0,0,0,30.71
1785713502.464,3.3,71.0,25.67,18.0,0.0,0,0,0,31.99,0,0,0,30.90,0,0,0,30.57,0,0,0,30.66
1785713503.464,1.9,100.0,25.67,19.0,0.0,0,0,0,31.99,0,0,0,30.90,0,0,0,30.57,0,0,0,30.61
1785713504.464,2.0,79.0,25.67,16.0,0.0,0,0,0,32.09,0,0,0,30.84,0,0,0,30.52,0,0,0,30.61
1785713505.464,1.8,100.0,25.68,18.0,0.0,0,0,0,32.09,0,0,0,30.84,0,0,0,30.47,0,0,0,30.70
1785713506.464,2.0,100.0,25.66,17.0,0.0,0,0,0,32.09,0,0,0,30.84,0,0,0,30.51,0,0,0,30.71
1785713507.464,2.3,100.0,25.67,18.0,0.0,0,0,0,32.09,0,0,0,30.90,0,0,0,30.56,0,0,0,30.72
1785713508.464,2.1,69.0,25.67,20.0,0.0,0,0,0,32.04,0,0,0,30.89,0,0,0,30.57,0,0,0,30.72
1785713509.465,1.8,100.0,25.68,17.0,0.0,0,0,0,31.99,0,0,0,30.84,0,0,0,30.57,0,0,0,30.67
1785713510.465,2.4,77.0,25.66,16.0,0.0,0,0,0,32.04,0,0,0,30.89,0,0,0,30.52,0,0,0,30.66
1785713511.465,2.1,100.0,25.68,19.0,0.0,0,0,0,32.09,0,0,0,30.94,0,0,0,30.52,0,0,0,30.65
1785713512.465,2.0,100.0,25.67,16.0,0.0,0,0,0,32.04,0,0,0,30.90,0,0,0,30.52,0,0,0,30.71
1785713513.465,1.9,100.0,25.67,19.0,0.0,0,0,0,32.04,0,0,0,30.85,0,0,0,30.47,0,0,0,30.72
1785713514.465,2.0,65.0,25.68,19.0,0.0,0,0,0,32.04,0,0,0,30.84,0,0,0,30.42,0,0,0,30.67
1785713515.465,2.3,100.0,25.68,15.0,0.0,0,0,0,32.04,0,0,0,30.85,0,0,0,30.37,0,0,0,30.67
1785713516.465,3.0,100.0,25.68,15.0,0.0,0,0,0,32.04,0,0,0,30.89,0,0,0,30.42,0,0,0,30.66
1785713517.465,2.7,100.0,25.69,20.0,0.0,0,0,0,32.04,0,0,0,30.89,0,0,0,30.47,0,0,0,30.66
1785713518.466,2.6,100.0,25.68,17.0,0.0,0,0,0,32.03,0,0,0,30.84,0,0,0,30.52,0,0,0,30.67
1785713519.466,3.1,100.0,25.70,17.0,0.0,0,0,0,32.09,0,0,0,30.89,0,0,0,30.52,0,0,0,30.72
1785713520.466,2.1,63.0,25.73,16.0,0.0,0,0,0,32.09,0,0,0,30.90,0,0,0,30.62,0,0,0,30.76
1785713521.466,2.1,100.0,25.71,17.0,0.0,0,0,0,32.04,0,0,0,30.90,0,0,0,30.62,0,0,0,30.70
1785713522.466,2.2,71.0,25.71,18.0,0.0,0,0,0,32.04,0,0,0,30.84,0,0,0,30.47,0,0,0,30.66
1785713523.466,2.5,100.0,25.71,16.0,0.0,0,0,0,32.04,0,0,0,30.84,0,0,0,30.47,0,0,0,30.72
1785713524.466,1.9,100.0,25.71,17.0,0.0,0,0,0,32.09,0,0,0,30.89,0,0,0,30.47,0,0,0,30.77
1785713525.466,2.0,100.0,25.68,15.0,0.0,0,0,0,32.09,0,0,0,30.89,0,0,0,30.47,0,0,0,30.71
1785713526.466,2.1,60.6,25.69,15.0,0.0,0,0,0,32.04,0,0,0,30.90,0,0,0,30.47,0,0,0,30.66
1785713527.466,2.1,100.0,25.70,17.0,0.0,0,0,0,32.04,0,0,0,30.90,0,0,0,30.47,0,0,0,30.71
1785713528.467,1.9,58.0,25.69,18.0,0.0,0,0,0,32.04,0,0,0,30.90,0,0,0,30.52,0,0,0,30.76
1785713529.467,2.0,100.0,25.70,17.0,0.0,0,0,0,32.09,0,0,0,30.90,0,0,0,30.57,0,0,0,30.85
1785713530.467,1.9,100.0,25.69,15.0,0.0,0,0,0,32.14,0,0,0,30.90,0,0,0,30.57,0,0,0,30.80
1785713531.467,1.9,100.0,25.68,19.0,0.0,0,0,0,32.09,0,0,0,30.89,0,0,0,30.57,0,0,0,30.80
1785713532.467,1.8,50.5,25.68,16.0,0.0,0,0,0,32.04,0,0,0,30.99,0,0,0,30.57,0,0,0,30.85
1785713533.467,2.1,100.0,25.68,18.0,0.0,0,0,0,32.04,0,0,0,30.99,0,0,0,30.57,0,0,0,30.76
1785713534.467,2.8,56.0,25.66,17.0,0.0,0,0,0,32.04,0,0,0,31.04,0,0,0,30.52,0,0,0,30.72
1785713535.467,2.0,100.0,25.67,16.0,0.0,0,0,0,31.99,0,0,0,30.94,0,0,0,30.52,0,0,0,30.81
1785713536.467,3.4,100.0,25.66,15.0,0.0,0,0,0,31.99,0,0,0,30.89,0,0,0,30.57,0,0,0,30.81
1785713537.468,2.2,100.0,25.68,14.0,0.0,0,0,0,31.99,0,0,0,30.84,0,0,0,30.52,0,0,0,30.81
1785713538.468,1.8,52.0,25.69,15.0,0.0,0,0,0,31.99,0,0,0,30.90,0,0,0,30.52,0,0,0,30.85
1785713539.468,2.5,100.0,25.72,18.0,0.0,0,0,0,31.99,0,0,0,30.90,0,0,0,30.57,0,0,0,30.81
1785713540.468,2.0,51.0,25.72,16.0,0.0,0,0,0,31.99,0,0,0,30.90,0,0,0,30.52,0,0,0,30.70
1785713541.468,2.0,100.0,25.72,14.0,0.0,0,0,0,32.09,0,0,0,30.90,0,0,0,30.47,0,0,0,30.71
1785713542.468,2.1,100.0,25.72,16.0,0.0,0,0,0,32.14,0,0,0,30.84,0,0,0,30.47,0,0,0,30.76
1785713543.468,2.0,100.0,25.71,15.0,0.0,0,0,0,32.05,0,0,0,30.85,0,0,0,30.42,0,0,0,30.67
1785713544.468,1.9,79.2,25.70,21.0,0.0,0,0,0,32.04,0,0,0,30.80,0,0,0,30.47,0,0,0,30.72
1785713545.469,2.8,100.0,25.71,48.0,0.0,0,0,0,32.09,0,0,0,30.74,0,0,0,30.52,0,0,0,30.77
1785713546.469,1.9,73.0,25.71,14.0,0.0,0,0,0,32.05,0,0,0,30.79,0,0,0,30.47,0,0,0,30.66
1785713547.469,2.0,100.0,25.72,11.0,0.0,0,0,0,32.04,0,0,0,30.90,0,0,0,30.47,0,0,0,30.66
1785713548.469,1.9,100.0,25.72,12.0,0.0,0,0,0,32.03,0,0,0,30.94,0,0,0,30.42,0,0,0,30.71
1785713549.469,4.1,100.0,25.70,16.0,0.0,0,0,0,32.04,0,0,0,30.89,0,0,0,30.42,0,0,0,30.65
1785713550.469,3.0,100.0,25.71,12.0,0.0,0,0,0,32.04,0,0,0,30.84,0,0,0,30.43,0,0,0,30.66
1785713551.469,3.5,100.0,25.70,14.0,0.0,0,0,0,32.04,0,0,0,30.90,0,0,0,30.43,0,0,0,30.67
1785713552.469,2.3,81.2,25.69,12.0,0.0,0,0,0,32.04,0,0,0,30.95,0,0,0,30.47,0,0,0,30.67
1785713553.469,2.1,100.0,25.70,12.0,0.0,0,0,0,31.99,0,0,0,30.84,0,0,0,30.47,0,0,0,30.67
1785713554.470,1.8,100.0,25.71,11.0,0.0,0,0,0,32.04,0,0,0,30.79,0,0,0,30.52,0,0,0,30.71
1785713555.470,2.7,100.0,25.71,14.0,0.0,0,0,0,32.09,0,0,0,30.85,0,0,0,30.52,0,0,0,30.71
1785713556.470,1.8,100.0,25.72,12.0,0.0,0,0,0,32.03,0,0,0,30.85,0,0,0,30.52,0,0,0,30.71
1785713557.470,3.6,89.9,25.71,13.0,0.0,0,0,0,32.04,0,0,0,30.85,0,0,0,30.57,0,0,0,30.75
1785713558.470,3.8,100.0,25.70,12.0,0.0,0,0,0,32.05,0,0,0,30.80,0,0,0,30.57,0,0,0,30.75
1785713559.470,3.8,96.0,25.70,16.0,0.0,0,0,0,32.10,0,0,0,30.90,0,0,0,30.52,0,0,0,30.76
1785713560.470,1.9,100.0,25.68,11.0,0.0,0,0,0,32.05,0,0,0,30.90,0,0,0,30.47,0,0,0,30.71
1785713561.470,1.9,100.0,25.69,10.0,0.0,0,0,0,32.04,0,0,0,30.86,0,0,0,30.47,0,0,0,30.71
1785713562.470,10.4,84.0,25.73,9.0,0.0,0,0,0,32.09,0,0,0,30.86,0,0,0,30.52,0,0,0,30.72
1785713563.470,5.6,87.0,25.76,9.0,0.0,0,0,0,31.99,0,0,0,30.80,0,0,0,30.67,0,0,0,30.67
1785713564.471,1.9,100.0,25.76,7.0,0.0,0,0,0,31.99,0,0,0,30.79,0,0,0,30.62,0,0,0,30.72
1785713565.471,2.3,95.0,25.77,18.0,0.0,0,0,0,31.99,0,0,0,30.79,0,0,0,30.47,0,0,0,30.77
1785713566.471,1.9,100.0,25.75,17.0,0.0,0,0,0,31.99,0,0,0,30.79,0,0,0,30.47,0,0,0,30.71
1785713567.471,2.0,100.0,25.75,15.0,0.0,0,0,0,32.09,0,0,0,30.76,0,0,0,30.47,0,0,0,30.66
1785713568.471,2.1,100.0,25.75,15.0,0.0,0,0,0,32.09,0,0,0,30.76,0,0,0,30.42,0,0,0,30.72
1785713569.471,1.9,83.8,25.76,15.0,0.0,0,0,0,32.05,0,0,0,30.89,0,0,0,30.42,0,0,0,30.76
1785713570.471,2.1,100.0,25.76,18.0,0.0,0,0,0,32.00,0,0,0,30.89,0,0,0,30.47,0,0,0,30.71
1785713571.471,2.6,93.0,25.75,16.0,0.0,0,0,0,32.04,0,0,0,30.85,0,0,0,30.47,0,0,0,30.67
1785713572.471,2.1,100.0,25.76,15.0,0.0,0,0,0,32.04,0,0,0,30.85,0,0,0,30.47,0,0,0,30.71
1785713573.472,2.0,100.0,25.77,16.0,0.0,0,0,0,32.04,0,0,0,30.94,0,0,0,30.52,0,0,0,30.71
1785713574.472,2.1,100.0,25.77,20.0,0.0,0,0,0,32.09,0,0,0,30.89,0,0,0,30.52,0,0,0,30.76
1785713575.472,1.9,68.3,25.77,25.0,0.0,0,0,0,32.09,0,0,0,30.84,0,0,0,30.47,0,0,0,30.75
1785713576.472,2.2,100.0,25.78,26.0,0.0,0,0,0,32.09,0,0,0,30.89,0,0,0,30.47,0,0,0,30.61
1785713577.472,1.8,86.1,25.77,17.0,0.0,0,0,0,32.00,0,0,0,30.84,0,0,0,30.52,0,0,0,30.62
1785713578.472,2.2,100.0,25.75,17.0,0.0,0,0,0,32.05,0,0,0,30.84,0,0,0,30.57,0,0,0,30.62
1785713579.472,3.3,100.0,25.74,15.1,0.0,0,0,0,32.14,0,0,0,30.90,0,0,0,30.57,0,0,0,30.62
1785713580.472,2.5,75.0,25.75,20.9,0.0,0,0,0,32.09,0,0,0,30.85,0,0,0,30.72,0,0,0,30.72
1785713581.473,2.0,55.0,25.77,16.0,0.0,0,0,0,32.04,0,0,0,30.84,0,0,0,30.67,0,0,0,30.72
1785713582.473,2.3,100.0,25.76,18.0,0.0,0,0,0,31.99,0,0,0,30.84,0,0,0,30.47,0,0,0,30.66
1785713583.473,2.0,63.0,25.76,13.0,0.0,0,0,0,31.99,0,0,0,30.89,0,0,0,30.47,0,0,0,30.66
1785713584.473,2.2,100.0,25.77,11.0,0.0,0,0,0,31.99,0,0,0,30.89,0,0,0,30.47,0,0,0,30.66
1785713585.473,2.9,100.0,25.76,10.0,0.0,0,0,0,32.04,0,0,0,30.84,0,0,0,30.52,0,0,0,30.66
1785713586.473,3.2,100.0,25.76,14.0,0.0,0,0,0,32.04,0,0,0,30.84,0,0,0,30.57,0,0,0,30.66
1785713587.473,2.6,53.5,25.76,23.0,0.0,0,0,0,32.09,0,0,0,30.84,0,0,0,30.52,0,0,0,30.67
1785713588.473,2.8,100.0,25.78,23.0,0.0,0,0,0,32.09,0,0,0,30.85,0,0,0,30.47,0,0,0,30.71
1785713589.473,1.9,48.5,25.78,21.0,0.0,0,0,0,32.09,0,0,0,30.85,0,0,0,30.47,0,0,0,30.71
1785713590.474,2.1,100.0,25.76,34.0,0.0,0,0,0,32.05,0,0,0,30.90,0,0,0,30.52,0,0,0,30.66
1785713591.474,1.9,100.0,25.76,18.0,0.0,0,0,0,32.10,0,0,0,30.90,0,0,0,30.47,0,0,0,30.66
1785713592.474,2.1,100.0,25.74,22.0,0.0,0,0,0,32.14,0,0,0,30.80,0,0,0,30.47,0,0,0,30.72
1785713593.474,1.9,72.7,25.76,25.0,0.0,0,0,0,32.09,0,0,0,30.74,0,0,0,30.52,0,0,0,30.72
1785713594.474,3.1,100.0,25.76,16.0,0.0,0,0,0,32.09,0,0,0,30.75,0,0,0,30.47,0,0,0,30.76
1785713595.474,2.1,67.0,25.77,43.0,0.0,0,0,0,32.09,0,0,0,30.80,0,0,0,30.47,0,0,0,30.76
1785713596.474,2.8,100.0,25.76,20.0,0.0,0,0,0,32.04,0,0,0,30.79,0,0,0,30.47,0,0,0,30.66
1785713597.474,2.4,100.0,25.77,23.0,0.0,0,0,0,32.09,0,0,0,30.80,0,0,0,30.47,0,0,0,30.66
1785713598.474,2.1,100.0,25.78,31.0,0.0,0,0,0,32.09,0,0,0,30.85,0,0,0,30.47,0,0,0,30.66
1785713599.475,1.8,76.0,25.77,24.0,0.0,0,0,0,32.04,0,0,0,30.85,0,0,0,30.47,0,0,0,30.66
1785713600.475,2.1,100.0,25.77,18.0,0.0,0,0,0,32.03,0,0,0,30.85,0,0,0,30.47,0,0,0,30.62
1785713601.475,2.0,68.0,25.78,25.0,0.0,0,0,0,31.99,0,0,0,30.85,0,0,0,30.47,0,0,0,30.62
1785713602.475,2.5,100.0,25.80,32.0,0.0,0,0,0,32.00,0,0,0,30.80,0,0,0,30.47,0,0,0,30.67
1785713603.475,2.3,100.0,25.80,18.0,0.0,0,0,0,32.00,0,0,0,30.74,0,0,0,30.42,0,0,0,30.67
1785713604.475,2.2,100.0,25.81,26.0,0.0,0,0,0,32.00,0,0,0,30.84,0,0,0,30.47,0,0,0,30.66
1785713605.475,2.2,77.0,25.80,18.0,0.0,0,0,0,32.00,0,0,0,30.90,0,0,0,30.52,0,0,0,30.66
1785713606.475,2.0,100.0,25.79,14.0,0.0,0,0,0,31.94,0,0,0,30.85,0,0,0,30.47,0,0,0,30.67
1785713607.475,1.9,70.0,25.80,22.0,0.0,0,0,0,31.99,0,0,0,30.85,0,0,0,30.52,0,0,0,30.66
1785713608.475,2.1,100.0,25.81,23.0,0.0,0,0,0,31.99,0,0,0,30.80,0,0,0,30.61,0,0,0,30.66
1785713609.476,2.3,100.0,25.82,19.0,0.0,0,0,0,31.94,0,0,0,30.80,0,0,0,30.57,0,0,0,30.65
1785713610.476,3.5,100.0,25.82,14.0,0.0,0,0,0,31.99,0,0,0,30.80,0,0,0,30.47,0,0,0,30.66
1785713611.476,2.1,79.0,25.81,15.0,0.0,0,0,0,32.04,0,0,0,30.81,0,0,0,30.43,0,0,0,30.67
1785713612.476,2.0,100.0,25.82,13.0,0.0,0,0,0,32.04,0,0,0,30.86,0,0,0,30.57,0,0,0,30.67
1785713613.476,1.9,72.3,25.82,14.0,0.0,0,0,0,32.04,0,0,0,30.85,0,0,0,30.61,0,0,0,30.67
1785713614.476,1.9,100.0,25.80,15.0,0.0,0,0,0,31.94,0,0,0,30.84,0,0,0,30.66,0,0,0,30.61
1785713615.476,1.8,100.0,25.79,15.0,0.0,0,0,0,32.09,0,0,0,30.85,0,0,0,30.71,0,0,0,30.61
1785713616.476,2.6,100.0,25.80,14.0,0.0,0,0,0,32.09,0,0,0,30.85,0,0,0,30.52,0,0,0,30.66
1785713617.476,3.2,81.0,25.80,12.0,0.0,0,0,0,32.09,0,0,0,30.80,0,0,0,30.43,0,0,0,30.65
1785713618.477,3.9,100.0,25.81,12.0,0.0,0,0,0,31.99,0,0,0,30.80,0,0,0,30.42,0,0,0,30.61
1785713619.477,3.9,90.1,25.81,14.0,0.0,0,0,0,31.99,0,0,0,30.80,0,0,0,30.47,0,0,0,30.61
1785713620.477,3.3,100.0,25.81,20.0,0.0,0,0,0,31.99,0,0,0,30.79,0,0,0,30.52,0,0,0,30.65
1785713621.477,3.1,100.0,25.82,7.0,0.0,0,0,0,32.04,0,0,0,30.85,0,0,0,30.52,0,0,0,30.65
1785713622.477,2.9,100.0,26.04,46.0,0.0,0,0,0,32.09,0,0,0,30.80,0,0,0,30.47,0,0,0,30.66
1785713623.477,3.0,60.0,26.19,79.0,0.0,0,0,0,32.04,0,0,0,30.79,0,0,0,30.52,0,0,0,30.67
1785713624.477,4.1,99.0,26.19,49.0,0.0,0,0,0,31.99,0,0,0,30.79,0,0,0,30.57,0,0,0,30.67
1785713625.477,2.7,92.0,26.23,50.0,0.0,0,0,0,32.04,0,0,0,30.79,0,0,0,30.52,0,0,0,30.67
1785713626.478,2.4,100.0,26.25,51.0,0.0,0,0,0,32.03,0,0,0,30.79,0,0,0,30.57,0,0,0,30.66
1785713627.478,2.2,100.0,26.25,43.0,0.0,0,0,0,31.99,0,0,0,30.74,0,0,0,30.57,0,0,0,30.66
1785713628.478,2.3,100.0,26.25,32.0,0.0,0,0,0,32.04,0,0,0,30.79,0,0,0,30.52,0,0,0,30.66
1785713629.478,2.2,100.0,26.26,42.0,0.0,0,0,0,31.99,0,0,0,30.85,0,0,0,30.52,0,0,0,30.71
1785713630.478,2.5,98.0,26.26,34.0,0.0,0,0,0,31.99,0,0,0,30.80,0,0,0,30.52,0,0,0,30.70
1785713631.478,2.4,99.0,26.26,29.0,0.0,0,0,0,32.03,0,0,0,30.79,0,0,0,30.52,0,0,0,30.65
1785713632.478,2.6,100.0,26.27,54.0,0.0,0,0,0,32.04,0,0,0,30.84,0,0,0,30.56,0,0,0,30.65
1785713633.478,2.4,100.0,26.25,35.0,0.0,0,0,0,32.04,0,0,0,30.79,0,0,0,30.57,0,0,0,30.65
1785713634.478,2.3,100.0,26.26,29.0,0.0,0,0,0,32.04,0,0,0,30.79,0,0,0,30.47,0,0,0,30.66
1785713635.478,2.1,100.0,26.26,26.0,0.0,0,0,0,32.05,0,0,0,30.84,0,0,0,30.47,0,0,0,30.66
1785713636.479,2.7,67.7,26.27,27.0,0.0,0,0,0,32.09,0,0,0,30.85,0,0,0,30.57,0,0,0,30.67
1785713637.479,2.2,100.0,26.27,35.0,0.0,0,0,0,32.09,0,0,0,30.85,0,0,0,30.57,0,0,0,30.66
1785713638.479,2.7,73.3,26.29,66.0,0.0,0,0,0,32.04,0,0,0,30.84,0,0,0,30.47,0,0,0,30.66
1785713639.479,3.1,100.0,26.34,92.0,0.0,0,0,0,31.99,0,0,0,30.80,0,0,0,30.52,0,0,0,30.71
1785713640.479,4.1,100.0,26.38,62.0,0.0,0,0,0,31.99,0,0,0,30.75,0,0,0,30.62,0,0,0,30.70
1785713641.479,2.4,100.0,26.39,47.0,0.0,0,0,0,31.99,0,0,0,30.80,0,0,0,30.62,0,0,0,30.70
1785713642.479,2.8,65.0,26.40,57.0,0.0,0,0,0,31.99,0,0,0,30.89,0,0,0,30.57,0,0,0,30.75
1785713643.479,2.6,100.0,26.41,34.0,0.0,0,0,0,31.99,0,0,0,30.89,0,0,0,30.52,0,0,0,30.76
1785713644.480,2.2,72.0,26.41,37.0,0.0,0,0,0,32.09,0,0,0,30.85,0,0,0,30.42,0,0,0,30.72
1785713645.480,2.7,100.0,26.42,60.0,0.0,0,0,0,32.09,0,0,0,30.80,0,0,0,30.48,0,0,0,30.66
1785713646.480,2.3,100.0,26.42,36.0,0.0,0,0,0,31.99,0,0,0,30.80,0,0,0,30.57,0,0,0,30.70
1785713647.480,2.2,100.0,26.42,43.0,0.0,0,0,0,31.99,0,0,0,30.85,0,0,0,30.52,0,0,0,30.71
1785713648.480,2.9,60.4,26.43,52.0,0.0,0,0,0,32.09,0,0,0,30.81,0,0,0,30.47,0,0,0,30.72
1785713649.480,2.9,100.0,26.45,44.0,0.0,0,0,0,32.09,0,0,0,30.76,0,0,0,30.47,0,0,0,30.71
1785713650.480,2.8,67.7,26.45,59.0,0.0,0,0,0,31.99,0,0,0,30.76,0,0,0,30.47,0,0,0,30.65
1785713651.480,2.7,100.0,26.47,65.0,0.0,0,0,0,31.99,0,0,0,30.80,0,0,0,30.47,0,0,0,30.71
1785713652.480,2.6,100.0,26.47,31.0,0.0,0,0,0,31.99,0,0,0,30.85,0,0,0,30.52,0,0,0,30.76
1785713653.481,2.2,100.0,26.47,26.0,0.0,0,0,0,31.99,0,0,0,30.80,0,0,0,30.52,0,0,0,30.81
1785713654.481,3.6,71.3,26.46,26.0,0.0,0,0,0,31.99,0,0,0,30.79,0,0,0,30.47,0,0,0,30.75
1785713655.481,3.6,100.0,26.44,22.0,0.0,0,0,0,32.04,0,0,0,30.79,0,0,0,30.47,0,0,0,30.65
1785713656.481,4.4,94.9,26.46,49.0,0.0,0,0,0,32.04,0,0,0,30.79,0,0,0,30.52,0,0,0,30.66
1785713657.481,2.8,100.0,26.46,45.0,0.0,0,0,0,31.99,0,0,0,30.84,0,0,0,30.52,0,0,0,30.71
1785713658.481,2.6,100.0,26.46,77.0,0.0,0,0,0,31.99,0,0,0,30.84,0,0,0,30.52,0,0,0,30.70
1785713659.481,2.7,100.0,26.46,67.0,0.0,0,0,0,31.99,0,0,0,30.89,0,0,0,30.52,0,0,0,30.71
1785713660.481,2.5,68.0,26.48,76.0,0.0,0,0,0,31.99,0,0,0,30.89,0,0,0,30.52,0,0,0,30.71
1785713661.481,2.9,100.0,26.48,77.0,0.0,0,0,0,32.03,0,0,0,30.84,0,0,0,30.57,0,0,0,30.66
1785713662.482,2.7,60.6,26.49,54.0,0.0,0,0,0,32.04,0,0,0,30.79,0,0,0,30.47,0,0,0,30.71
1785713663.482,2.4,82.0,26.50,49.0,0.0,0,0,0,32.04,0,0,0,30.79,0,0,0,30.42,0,0,0,30.76
1785713664.482,2.2,100.0,26.49,39.0,0.0,0,0,0,31.99,0,0,0,30.84,0,0,0,30.47,0,0,0,30.71
1785713665.482,2.9,100.0,26.51,51.0,0.0,0,0,0,31.99,0,0,0,30.79,0,0,0,30.47,0,0,0,30.61
1785713666.482,2.5,72.4,26.51,62.0,0.0,0,0,0,32.04,0,0,0,30.79,0,0,0,30.52,0,0,0,30.57
1785713667.482,2.7,100.0,26.53,78.0,0.0,0,0,0,32.03,0,0,0,30.84,0,0,0,30.57,0,0,0,30.61
1785713668.482,3.1,69.0,26.55,68.0,0.0,0,0,0,32.09,0,0,0,30.79,0,0,0,30.57,0,0,0,30.66
1785713669.482,3.5,49.5,26.58,76.0,0.0,0,0,0,32.09,0,0,0,30.79,0,0,0,30.52,0,0,0,30.66
1785713670.483,3.2,100.0,26.59,46.0,0.0,0,0,0,32.04,0,0,0,30.84,0,0,0,30.47,0,0,0,30.65
1785713671.483,3.6,100.0,26.59,61.0,0.0,0,0,0,32.04,0,0,0,30.85,0,0,0,30.47,0,0,0,30.61
1785713672.483,2.5,97.0,26.60,46.0,0.0,0,0,0,31.99,0,0,0,30.85,0,0,0,30.42,0,0,0,30.60
1785713673.483,2.5,99.0,26.60,42.0,0.0,0,0,0,31.99,0,0,0,30.84,0,0,0,30.42,0,0,0,30.65
1785713674.483,2.4,91.0,26.60,35.0,0.0,0,0,0,32.04,0,0,0,30.84,0,0,0,30.52,0,0,0,30.65
1785713675.483,2.6,100.0,26.59,33.0,0.0,0,0,0,32.04,0,0,0,30.84,0,0,0,30.47,0,0,0,30.65
1785713676.483,2.4,100.0,26.60,31.0,0.0,0,0,0,32.09,0,0,0,30.84,0,0,0,30.47,0,0,0,30.66
1785713677.483,4.2,100.0,26.60,47.0,0.0,0,0,0,32.09,0,0,0,30.84,0,0,0,30.57,0,0,0,30.67
1785713678.483,4.2,99.0,26.60,49.0,0.0,0,0,0,32.09,0,0,0,30.84,0,0,0,30.52,0,0,0,30.67
1785713679.484,4.2,85.0,26.58,29.0,0.0,0,0,0,32.04,0,0,0,30.84,0,0,0,30.47,0,0,0,30.66
1785713680.484,2.3,92.9,26.58,33.0,0.0,0,0,0,32.09,0,0,0,30.80,0,0,0,30.51,0,0,0,30.65
1785713681.484,2.5,100.0,26.59,32.0,0.0,0,0,0,32.04,0,0,0,30.81,0,0,0,30.52,0,0,0,30.70
1785713682.484,2.1,100.0,26.59,27.0,0.0,0,0,0,31.94,0,0,0,30.80,0,0,0,30.52,0,0,0,30.70
1785713683.484,2.7,100.0,26.57,27.0,0.0,0,0,0,31.99,0,0,0,30.79,0,0,0,30.52,0,0,0,30.66
1785713684.484,3.1,100.0,26.58,29.0,0.0,0,0,0,31.99,0,0,0,30.84,0,0,0,30.47,0,0,0,30.66
1785713685.484,4.5,96.0,26.59,26.0,0.0,0,0,0,31.94,0,0,0,30.84,0,0,0,30.52,0,0,0,30.70
1785713686.484,2.2,95.0,26.60,31.0,0.0,0,0,0,31.99,0,0,0,30.84,0,0,0,30.57,0,0,0,30.70
1785713687.484,2.4,100.0,26.61,36.0,0.0,0,0,0,32.09,0,0,0,30.79,0,0,0,30.57,0,0,0,30.70
1785713688.484,2.3,100.0,26.60,36.0,0.0,0,0,0,32.09,0,0,0,30.84,0,0,0,30.47,0,0,0,30.70
1785713689.485,3.1,100.0,26.59,23.0,0.0,0,0,0,31.99,0,0,0,30.89,0,0,0,30.42,0,0,0,30.65
1785713690.485,3.4,100.0,26.60,43.0,0.0,0,0,0,31.94,0,0,0,30.84,0,0,0,30.47,0,0,0,30.60
1785713691.485,3.2,95.0,26.61,35.0,0.0,0,0,0,31.94,0,0,0,30.79,0,0,0,30.52,0,0,0,30.61
1785713692.485,2.3,96.0,26.61,26.0,0.0,0,0,0,31.94,0,0,0,30.79,0,0,0,30.57,0,0,0,30.67
1785713693.485,2.6,100.0,26.61,31.0,0.0,0,0,0,31.99,0,0,0,30.89,0,0,0,30.61,0,0,0,30.67
1785713694.485,2.1,100.0,26.60,26.0,0.0,0,0,0,32.04,0,0,0,30.84,0,0,0,30.57,0,0,0,30.71
1785713695.485,2.3,100.0,26.59,29.0,0.0,0,0,0,32.04,0,0,0,30.74,0,0,0,30.47,0,0,0,30.70
1785713696.485,2.1,100.0,26.59,30.0,0.0,0,0,0,32.09,0,0,0,30.79,0,0,0,30.47,0,0,0,30.66
1785713697.485,2.3,95.0,26.57,28.0,0.0,0,0,0,32.09,0,0,0,30.79,0,0,0,30.52,0,0,0,30.70
1785713698.486,2.2,100.0,26.57,31.0,0.0,0,0,0,31.99,0,0,0,30.79,0,0,0,30.57,0,0,0,30.70
1785713699.486,2.8,97.0,26.60,31.0,0.0,0,0,0,31.99,0,0,0,30.84,0,0,0,30.62,0,0,0,30.65
1785713700.486,3.5,100.0,26.62,29.0,0.0,0,0,0,32.04,0,0,0,30.79,0,0,0,30.62,0,0,0,30.60
1785713701.486,3.0,100.0,26.62,29.0,0.0,0,0,0,32.09,0,0,0,30.79,0,0,0,30.67,0,0,0,30.61
1785713702.486,2.4,100.0,26.62,34.0,0.0,0,0,0,32.09,0,0,0,30.84,0,0,0,30.62,0,0,0,30.72
1785713703.486,2.5,52.5,26.61,30.0,0.0,0,0,0,32.04,0,0,0,30.80,0,0,0,30.57,0,0,0,30.71
1785713704.486,2.2,100.0,26.60,31.0,0.0,0,0,0,32.05,0,0,0,30.80,0,0,0,30.62,0,0,0,30.65
1785713705.486,2.4,68.0,26.60,30.0,0.0,0,0,0,32.05,0,0,0,30.89,0,0,0,30.52,0,0,0,30.70
1785713706.486,2.2,100.0,26.61,39.0,0.0,0,0,0,32.04,0,0,0,30.89,0,0,0,30.47,0,0,0,30.70
1785713707.487,2.6,100.0,26.59,51.0,0.0,0,0,0,32.09,0,0,0,30.84,0,0,0,30.52,0,0,0,30.66
1785713708.487,2.5,100.0,26.59,46.0,0.0,0,0,0,32.09,0,0,0,30.89,0,0,0,30.52,0,0,0,30.72
1785713709.487,2.3,60.0,26.58,32.0,0.0,0,0,0,32.05,0,0,0,30.89,0,0,0,30.47,0,0,0,30.75
1785713710.487,2.2,100.0,26.58,31.0,0.0,0,0,0,32.05,0,0,0,30.85,0,0,0,30.52,0,0,0,30.76
1785713711.487,2.3,66.0,26.57,32.0,0.0,0,0,0,32.04,0,0,0,30.90,0,0,0,30.52,0,0,0,30.67
1785713712.487,2.1,92.9,26.56,30.0,0.0,0,0,0,32.04,0,0,0,30.89,0,0,0,30.43,0,0,0,30.58
1785713713.487,2.3,100.0,26.57,30.0,0.0,0,0,0,32.09,0,0,0,30.85,0,0,0,30.43,0,0,0,30.62
1785713714.487,2.1,100.0,26.58,33.0,0.0,0,0,0,32.04,0,0,0,30.86,0,0,0,30.47,0,0,0,30.71
1785713715.488,2.9,74.5,26.57,27.0,0.0,0,0,0,31.99,0,0,0,30.81,0,0,0,30.48,0,0,0,30.72
1785713716.488,5.4,100.0,26.59,28.0,0.0,0,0,0,31.99,0,0,0,30.80,0,0,0,30.48,0,0,0,30.71
1785713717.488,2.9,66.3,26.59,33.0,0.0,0,0,0,31.99,0,0,0,30.79,0,0,0,30.47,0,0,0,30.71
1785713718.488,2.1,100.0,26.61,32.0,0.0,0,0,0,32.04,0,0,0,30.80,0,0,0,30.52,0,0,0,30.67
1785713719.488,2.3,100.0,26.60,30.0,0.0,0,0,0,32.04,0,0,0,30.80,0,0,0,30.52,0,0,0,30.72
1785713720.488,2.1,100.0,26.59,25.0,0.0,0,0,0,32.04,0,0,0,30.75,0,0,0,30.47,0,0,0,30.71
1785713721.488,2.1,75.5,26.59,16.0,0.0,0,0,0,32.04,0,0,0,30.79,0,0,0,30.48,0,0,0,30.66
1785713722.488,2.4,100.0,26.59,15.0,0.0,0,0,0,32.04,0,0,0,30.89,0,0,0,30.48,0,0,0,30.67
1785713723.488,2.3,42.6,26.58,23.0,0.0,0,0,0,32.04,0,0,0,30.85,0,0,0,30.48,0,0,0,30.62
1785713724.489,3.3,100.0,26.59,43.0,0.0,0,0,0,31.99,0,0,0,30.80,0,0,0,30.48,0,0,0,30.62
1785713725.489,3.6,100.0,26.59,50.0,0.0,0,0,0,31.99,0,0,0,30.79,0,0,0,30.52,0,0,0,30.67
1785713726.489,2.3,100.0,26.58,39.0,0.0,0,0,0,32.05,0,0,0,30.80,0,0,0,30.52,0,0,0,30.66
1785713727.489,2.3,76.0,26.59,34.0,0.0,0,0,0,32.04,0,0,0,30.86,0,0,0,30.52,0,0,0,30.70
1785713728.489,2.4,100.0,26.59,28.0,0.0,0,0,0,31.99,0,0,0,30.85,0,0,0,30.52,0,0,0,30.76
1785713729.489,2.9,68.0,26.61,33.0,0.0,0,0,0,31.99,0,0,0,30.79,0,0,0,30.47,0,0,0,30.72
1785713730.489,2.5,100.0,26.63,33.0,0.0,0,0,0,32.04,0,0,0,30.79,0,0,0,30.47,0,0,0,30.66
1785713731.489,3.5,100.0,26.61,32.0,0.0,0,0,0,32.04,0,0,0,30.84,0,0,0,30.47,0,0,0,30.65
1785713732.490,2.5,100.0,26.62,34.0,0.0,0,0,0,32.09,0,0,0,30.89,0,0,0,30.52,0,0,0,30.66
1785713733.490,3.2,76.0,26.63,32.0,0.0,0,0,0,32.09,0,0,0,30.85,0,0,0,30.52,0,0,0,30.67
1785713734.490,2.4,100.0,26.64,37.0,0.0,0,0,0,32.04,0,0,0,30.81,0,0,0,30.48,0,0,0,30.62
1785713735.490,2.2,69.0,26.64,24.0,0.0,0,0,0,32.04,0,0,0,30.85,0,0,0,30.42,0,0,0,30.62
1785713736.490,2.1,100.0,26.62,24.0,0.0,0,0,0,32.00,0,0,0,30.81,0,0,0,30.38,0,0,0,30.66
1785713737.490,3.6,100.0,26.62,25.0,0.0,0,0,0,31.99,0,0,0,30.90,0,0,0,30.38,0,0,0,30.65
1785713738.490,3.9,100.0,26.62,25.0,0.0,0,0,0,32.04,0,0,0,30.94,0,0,0,30.47,0,0,0,30.71
1785713739.490,3.2,77.8,26.61,26.0,0.0,0,0,0,32.00,0,0,0,30.94,0,0,0,30.52,0,0,0,30.72
1785713740.490,2.4,100.0,26.61,19.0,0.0,0,0,0,32.00,0,0,0,30.94,0,0,0,30.47,0,0,0,30.67
1785713741.491,2.1,78.0,26.62,29.0,0.0,0,0,0,32.10,0,0,0,30.89,0,0,0,30.47,0,0,0,30.66
1785713742.491,2.3,100.0,26.63,33.0,0.0,0,0,0,32.09,0,0,0,30.89,0,0,0,30.42,0,0,0,30.66
1785713743.491,2.2,100.0,26.62,36.0,0.0,0,0,0,32.09,0,0,0,30.84,0,0,0,30.42,0,0,0,30.66
1785713744.491,2.5,100.0,26.60,39.0,0.0,0,0,0,32.04,0,0,0,30.84,0,0,0,30.52,0,0,0,30.66
1785713745.491,2.4,100.0,26.61,49.0,0.0,0,0,0,32.04,0,0,0,30.79,0,0,0,30.57,0,0,0,30.65
1785713746.491,4.9,93.1,26.62,33.0,0.0,0,0,0,32.09,0,0,0,30.79,0,0,0,30.62,0,0,0,30.66
1785713747.491,2.5,99.0,26.63,60.0,0.0,0,0,0,32.04,0,0,0,30.84,0,0,0,30.57,0,0,0,30.66
1785713748.491,2.4,100.0,26.63,36.2,0.0,0,0,0,32.04,0,0,0,30.79,0,0,0,30.57,0,0,0,30.66
1785713749.491,2.4,100.0,26.64,34.8,0.0,0,0,0,32.04,0,0,0,30.75,0,0,0,30.62,0,0,0,30.65
1785713750.492,2.4,100.0,26.65,46.0,0.0,0,0,0,32.04,0,0,0,30.84,0,0,0,30.67,0,0,0,30.66
1785713751.492,2.3,100.0,26.64,29.0,0.0,0,0,0,32.04,0,0,0,30.89,0,0,0,30.66,0,0,0,30.67
1785713752.492,2.7,92.0,26.65,42.0,0.0,0,0,0,32.04,0,0,0,30.84,0,0,0,30.61,0,0,0,30.72
1785713753.492,2.0,100.0,26.67,29.0,0.0,0,0,0,32.08,0,0,0,30.84,0,0,0,30.57,0,0,0,30.72
1785713754.492,2.2,100.0,26.65,15.0,0.0,0,0,0,32.04,0,0,0,30.85,0,0,0,30.52,0,0,0,30.67
1785713755.492,2.0,100.0,26.66,15.0,0.0,0,0,0,32.00,0,0,0,30.85,0,0,0,30.57,0,0,0,30.66
1785713756.492,2.0,100.0,26.66,14.0,0.0,0,0,0,31.99,0,0,0,30.89,0,0,0,30.57,0,0,0,30.66
1785713757.492,2.0,100.0,26.67,21.0,0.0,0,0,0,31.99,0,0,0,30.89,0,0,0,30.52,0,0,0,30.71
1785713758.492,3.3,87.9,26.65,29.0,0.0,0,0,0,32.09,0,0,0,30.89,0,0,0,30.57,0,0,0,30.65
1785713759.493,3.8,100.0,26.70,64.0,0.0,0,0,0,32.04,0,0,0,30.89,0,0,0,30.57,0,0,0,30.60
1785713760.493,3.8,94.0,26.72,64.0,0.0,0,0,0,32.04,0,0,0,30.89,0,0,0,30.57,0,0,0,30.67
1785713761.493,3.5,100.0,26.72,45.0,0.0,0,0,0,32.09,0,0,0,30.84,0,0,0,30.62,0,0,0,30.67
1785713762.493,2.7,100.0,26.69,49.0,0.0,0,0,0,32.04,0,0,0,30.79,0,0,0,30.57,0,0,0,30.67
1785713763.493,2.3,100.0,26.70,39.2,0.0,0,0,0,32.04,0,0,0,30.85,0,0,0,30.57,0,0,0,30.67
1785713764.493,2.6,84.0,26.71,40.8,0.0,0,0,0,31.99,0,0,0,30.85,0,0,0,30.52,0,0,0,30.66
1785713765.493,3.0,100.0,26.73,41.0,0.0,0,0,0,31.99,0,0,0,30.89,0,0,0,30.47,0,0,0,30.70
1785713766.493,5.0,85.0,26.74,46.1,0.0,0,0,0,32.04,0,0,0,30.89,0,0,0,30.52,0,0,0,30.75
1785713767.493,4.7,100.0,26.77,63.8,0.0,0,0,0,32.04,0,0,0,30.84,0,0,0,30.52,0,0,0,30.75
1785713768.494,4.3,100.0,26.81,58.0,0.0,0,0,0,32.04,0,0,0,30.84,0,0,0,30.62,0,0,0,30.71
1785713769.494,4.5,100.0,26.84,67.0,0.0,0,0,0,31.99,0,0,0,30.79,0,0,0,30.62,0,0,0,30.66
1785713770.494,4.8,56.0,26.85,73.0,0.0,0,0,0,31.99,0,0,0,30.74,0,0,0,30.62,0,0,0,30.65
1785713771.494,4.8,97.0,26.88,57.0,0.0,0,0,0,32.04,0,0,0,30.79,0,0,0,30.67,0,0,0,30.66
1785713772.494,4.8,58.0,26.90,37.0,0.0,0,0,0,31.99,0,0,0,30.85,0,0,0,30.57,0,0,0,30.70
1785713773.494,4.3,100.0,26.92,38.0,0.0,0,0,0,32.04,0,0,0,30.85,0,0,0,30.57,0,0,0,30.70
1785713774.494,3.9,100.0,26.87,30.0,0.0,0,0,0,32.09,0,0,0,30.84,0,0,0,30.52,0,0,0,30.65
1785713775.494,2.7,100.0,26.86,27.0,0.0,0,0,0,31.99,0,0,0,30.84,0,0,0,30.47,0,0,0,30.65
1785713776.494,4.8,71.7,26.88,38.0,0.0,0,0,0,31.99,0,0,0,30.79,0,0,0,30.47,0,0,0,30.61
1785713777.495,2.8,100.0,26.90,57.0,0.0,0,0,0,32.04,0,0,0,30.79,0,0,0,30.47,0,0,0,30.62
1785713778.495,2.7,64.4,26.92,60.0,0.0,0,0,0,31.99,0,0,0,30.85,0,0,0,30.47,0,0,0,30.67
1785713779.495,2.6,100.0,26.92,95.0,0.0,0,0,0,31.99,0,0,0,30.85,0,0,0,30.47,0,0,0,30.67
1785713780.495,2.6,100.0,26.93,63.0,0.0,0,0,0,31.99,0,0,0,30.80,0,0,0,30.47,0,0,0,30.66
1785713781.495,2.9,100.0,26.93,51.0,0.0,0,0,0,31.94,0,0,0,30.75,0,0,0,30.52,0,0,0,30.66
1785713782.495,2.5,73.0,26.92,25.0,0.0,0,0,0,32.04,0,0,0,30.79,0,0,0,30.52,0,0,0,30.67
1785713783.495,2.1,100.0,26.92,27.0,0.0,0,0,0,32.04,0,0,0,30.84,0,0,0,30.47,0,0,0,30.62
1785713784.495,2.4,66.3,26.93,26.0,0.0,0,0,0,31.99,0,0,0,30.89,0,0,0,30.52,0,0,0,30.62
1785713785.495,2.0,100.0,26.93,25.0,0.0,0,0,0,32.09,0,0,0,30.89,0,0,0,30.52,0,0,0,30.66
1785713786.496,2.3,100.0,26.94,25.0,0.0,0,0,0,32.09,0,0,0,30.84,0,0,0,30.52,0,0,0,30.65
1785713787.496,1.9,100.0,26.95,18.0,0.0,0,0,0,32.04,0,0,0,30.84,0,0,0,30.52,0,0,0,30.66
1785713788.496,2.4,75.0,26.95,27.0,0.0,0,0,0,32.04,0,0,0,30.80,0,0,0,30.47,0,0,0,30.67
1785713789.496,2.7,100.0,26.97,25.0,0.0,0,0,0,32.09,0,0,0,30.80,0,0,0,30.52,0,0,0,30.72
1785713790.496,2.9,83.2,26.96,25.0,0.0,0,0,0,32.09,0,0,0,30.84,0,0,0,30.52,0,0,0,30.72
1785713791.496,2.3,100.0,26.94,26.0,0.0,0,0,0,32.03,0,0,0,30.85,0,0,0,30.52,0,0,0,30.66
1785713792.496,3.8,100.0,26.91,28.0,0.0,0,0,0,31.99,0,0,0,30.89,0,0,0,30.57,0,0,0,30.65
1785713793.496,3.4,100.0,26.93,27.0,0.0,0,0,0,31.94,0,0,0,30.89,0,0,0,30.52,0,0,0,30.66
1785713794.496,3.4,100.0,26.92,30.0,0.0,0,0,0,31.98,0,0,0,30.89,0,0,0,30.47,0,0,0,30.66
1785713795.497,3.1,100.0,26.93,28.0,0.0,0,0,0,31.99,0,0,0,30.89,0,0,0,30.47,0,0,0,30.67
1785713796.497,2.3,86.0,26.92,27.0,0.0,0,0,0,31.99,0,0,0,30.84,0,0,0,30.47,0,0,0,30.61
1785713797.497,4.4,100.0,26.93,27.0,0.0,0,0,0,31.99,0,0,0,30.84,0,0,0,30.47,0,0,0,30.60
1785713798.497,4.2,100.0,26.93,36.0,0.0,0,0,0,32.04,0,0,0,30.94,0,0,0,30.47,0,0,0,30.65
1785713799.497,4.1,100.0,26.93,47.0,0.0,0,0,0,32.09,0,0,0,30.89,0,0,0,30.47,0,0,0,30.66
1785713800.497,2.8,94.0,26.95,50.0,0.0,0,0,0,32.04,0,0,0,30.84,0,0,0,30.46,0,0,0,30.65
1785713801.497,2.4,100.0,26.96,32.0,0.0,0,0,0,32.04,0,0,0,30.94,0,0,0,30.47,0,0,0,30.66
1785713802.497,2.5,87.1,26.96,34.0,0.0,0,0,0,32.04,0,0,0,31.00,0,0,0,30.42,0,0,0,30.66
1785713803.497,2.5,100.0,26.96,64.0,0.0,0,0,0,32.04,0,0,0,30.95,0,0,0,30.37,0,0,0,30.66
1785713804.498,2.6,100.0,26.97,68.0,0.0,0,0,0,32.04,0,0,0,30.84,0,0,0,30.47,0,0,0,30.66
1785713805.498,2.5,100.0,26.98,50.0,0.0,0,0,0,31.99,0,0,0,30.84,0,0,0,30.52,0,0,0,30.65
1785713806.498,2.3,96.0,26.98,40.0,0.0,0,0,0,31.99,0,0,0,30.84,0,0,0,30.47,0,0,0,30.70
1785713807.498,4.7,100.0,26.99,42.0,0.0,0,0,0,32.04,0,0,0,30.84,0,0,0,30.47,0,0,0,30.85
1785713808.498,2.9,89.1,26.99,61.0,0.0,0,0,0,32.04,0,0,0,30.89,0,0,0,30.52,0,0,0,30.76
1785713809.498,2.6,100.0,26.99,63.0,0.0,0,0,0,31.99,0,0,0,30.90,0,0,0,30.52,0,0,0,30.57
1785713810.498,2.9,100.0,27.00,78.0,0.0,0,0,0,31.94,0,0,0,30.84,0,0,0,30.52,0,0,0,30.61
1785713811.498,2.9,100.0,27.02,63.0,0.0,0,0,0,31.99,0,0,0,30.89,0,0,0,30.52,0,0,0,30.66
1785713812.499,2.9,98.0,27.04,57.0,0.0,0,0,0,31.99,0,0,0,30.89,0,0,0,30.47,0,0,0,30.66
1785713813.499,5.1,100.0,27.63,124.0,0.0,0,0,0,31.95,0,0,0,30.84,0,0,0,30.52,0,0,0,30.66
1785713814.499,4.2,91.0,27.85,165.0,0.0,0,0,0,32.00,0,0,0,30.85,0,0,0,30.52,0,0,0,30.61
1785713815.499,4.0,100.0,27.92,157.0,0.0,0,0,0,32.09,0,0,0,30.85,0,0,0,30.47,0,0,0,30.61
1785713816.499,3.8,100.0,27.95,150.0,0.0,0,0,0,32.09,0,0,0,30.84,0,0,0,30.42,0,0,0,30.71
1785713817.499,4.2,100.0,27.97,142.0,0.0,0,0,0,32.03,0,0,0,30.84,0,0,0,30.47,0,0,0,30.70
1785713818.499,3.9,100.0,28.00,128.0,0.0,0,0,0,32.04,0,0,0,30.79,0,0,0,30.51,0,0,0,30.66
1785713819.499,4.7,97.0,28.03,136.0,0.0,0,0,0,32.04,0,0,0,30.84,0,0,0,30.42,0,0,0,30.66
1785713820.499,4.1,93.9,28.08,128.0,0.0,0,0,0,32.00,0,0,0,30.94,0,0,0,30.47,0,0,0,30.66
1785713821.500,5.3,100.0,28.11,158.0,0.0,0,0,0,32.00,0,0,0,30.90,0,0,0,30.57,0,0,0,30.66
1785713822.500,3.9,100.0,28.11,104.0,0.0,0,0,0,31.99,0,0,0,30.84,0,0,0,30.52,0,0,0,30.65
1785713823.500,3.2,100.0,28.12,57.0,0.0,0,0,1,31.99,0,0,1,30.84,0,0,0,30.47,0,0,0,30.65
1785713824.500,3.8,100.0,28.27,144.0,0.0,0,0,3,32.04,0,0,271,34.31,0,0,3,30.58,0,0,3,30.80
1785713825.500,3.4,96.0,28.26,81.0,0.0,0,0,3,32.04,0,0,271,98.27,0,0,3,30.51,0,0,3,30.71
1785713826.500,3.6,94.9,28.26,73.0,0.0,0,0,3,32.04,0,0,271,98.28,0,0,3,30.48,0,0,3,30.84
1785713827.500,3.5,100.0,28.25,65.0,0.0,0,0,3,32.03,0,0,271,98.70,0,0,3,30.47,0,0,3,30.80
1785713828.500,4.4,100.0,28.26,81.0,0.0,0,0,3,32.03,0,0,271,98.59,0,0,3,30.47,0,0,3,30.76
1785713829.501,5.3,100.0,28.29,118.0,0.0,0,0,3,31.99,0,0,271,98.74,0,0,3,30.47,0,0,3,30.86
1785713830.501,4.5,100.0,28.33,136.0,0.0,0,0,3,31.99,0,0,271,98.82,0,0,3,30.47,0,0,3,30.76
1785713831.501,4.6,95.1,28.36,213.9,0.0,0,0,3,32.04,0,0,271,98.92,0,0,3,30.52,0,0,3,30.66
1785713832.501,5.4,98.0,28.41,248.0,0.0,0,0,3,32.04,0,0,271,99.33,0,0,3,30.52,0,0,3,30.70
1785713833.501,4.2,100.0,28.44,152.0,0.0,0,0,3,32.08,0,0,271,99.43,0,0,3,30.47,0,0,3,30.71
1785713834.501,3.6,100.0,28.45,130.0,0.0,0,0,3,32.04,0,0,271,99.47,0,0,3,30.47,0,0,3,30.76
1785713835.501,4.4,100.0,28.46,146.0,0.0,0,0,3,31.94,0,0,271,99.56,0,0,3,30.52,0,0,3,30.81
1785713836.501,5.1,100.0,28.49,117.0,0.0,0,0,3,31.94,0,0,271,99.66,0,0,3,30.52,0,0,3,30.75
1785713837.502,4.4,93.0,28.53,126.0,0.0,0,0,3,31.99,0,0,271,99.66,0,0,3,30.47,0,0,3,30.80
1785713838.502,4.7,100.0,29.03,188.0,0.0,10,0,437,90.56,10,1,437,99.79,0,0,3,30.53,0,0,3,30.62
1785713839.502,4.6,96.0,29.11,209.0,0.0,0,0,1535,102.17,0,0,495,99.97,0,0,3,30.56,0,0,3,30.65
1785713840.502,5.9,100.0,29.33,787.3,0.0,0,0,7825,102.44,0,0,6785,100.02,0,0,3,30.74,0,0,3,30.66
1785713841.502,3.6,100.0,29.32,80.0,0.0,0,0,7825,102.49,0,0,6785,100.05,0,0,3,30.61,0,0,3,30.65
1785713842.502,2.8,100.0,29.33,66.0,0.0,0,0,7825,102.61,0,0,7825,100.06,0,0,3,30.47,0,0,3,30.66
1785713843.502,4.0,67.3,28.35,137.0,0.0,46,2,7825,104.17,56,2,7825,101.49,0,0,3,30.46,0,0,3,30.72
1785713844.502,3.6,100.0,28.34,205.0,0.0,0,0,7825,103.90,0,0,7769,101.35,0,0,3,30.42,0,0,3,30.76
1785713845.502,4.2,68.0,28.35,189.0,0.0,0,0,7769,102.90,0,0,7951,100.22,0,0,3,30.42,0,0,3,30.71
1785713846.502,3.5,100.0,28.38,165.0,0.0,0,0,7769,102.94,0,0,7951,100.33,0,0,3,30.47,0,0,3,30.66
1785713847.503,3.6,100.0,28.37,137.0,0.0,0,0,7769,103.10,0,0,7951,100.32,0,0,3,30.47,0,0,3,30.71
1785713848.503,2.5,100.0,28.36,58.0,0.0,0,0,7769,103.11,0,0,7951,100.29,0,0,3,30.47,0,0,3,30.75
1785713849.503,3.0,60.0,28.35,66.0,0.0,0,0,7769,103.13,0,0,7951,100.26,0,0,3,30.52,0,0,3,30.71
1785713850.503,3.4,100.0,28.31,96.0,0.0,0,0,7769,103.19,0,0,7951,100.25,0,0,3,30.52,0,0,3,30.71
1785713851.503,3.5,62.6,28.31,84.0,0.0,0,0,7769,103.27,0,0,7951,100.28,0,0,3,30.47,0,0,3,30.75
1785713852.503,2.7,100.0,28.30,23.0,0.0,0,0,7769,103.32,0,0,7951,100.36,0,0,3,30.48,0,0,3,30.70
1785713853.503,3.2,100.0,28.30,22.0,0.0,0,0,7769,103.32,0,0,7951,100.43,0,0,3,30.47,0,0,3,30.61
1785713854.503,2.0,100.0,28.28,21.0,0.0,0,0,7769,103.37,0,0,7951,100.49,0,0,3,30.52,0,0,3,30.61
1785713855.504,2.3,87.1,28.27,23.0,0.0,0,0,7769,103.51,0,0,7951,100.49,0,0,3,30.47,0,0,3,30.66
1785713856.504,2.2,100.0,28.24,23.0,0.0,0,0,7769,103.55,0,0,7951,100.49,0,0,3,30.42,0,0,3,30.66
1785713857.504,4.4,82.0,28.26,22.0,0.0,0,0,7769,103.50,0,0,7951,100.54,0,0,3,30.52,0,0,3,30.66
1785713858.504,4.2,100.0,28.26,20.0,0.0,0,0,7769,103.60,0,0,7951,100.58,0,0,3,30.57,0,0,3,30.66
1785713859.504,3.2,100.0,28.25,20.0,0.0,0,0,7769,103.69,0,0,7951,100.63,0,0,3,30.47,0,0,3,30.66
1785713860.504,2.2,100.0,28.25,20.0,0.0,0,0,7769,103.69,0,0,7951,100.63,0,0,3,30.47,0,0,3,30.67
1785713861.504,2.3,90.9,28.24,20.0,0.0,0,0,7769,103.82,0,0,7951,100.68,0,0,3,30.52,0,0,3,30.81
1785713862.504,2.8,100.0,28.25,22.0,0.0,0,0,7769,103.88,0,0,7951,100.73,0,0,3,30.47,0,0,3,30.80
1785713863.504,3.1,84.2,28.26,22.0,0.0,0,0,7769,103.81,0,0,7951,100.73,0,0,3,30.42,0,0,3,30.81
1785713864.505,3.1,100.0,28.22,22.0,0.0,0,0,7769,103.89,0,0,7951,100.75,0,0,3,30.42,0,0,3,30.76
1785713865.505,3.5,100.0,28.23,17.0,0.0,0,0,7769,103.90,0,0,7951,100.85,0,0,3,30.47,0,0,3,30.57
1785713866.505,2.4,100.0,28.23,21.0,0.0,0,0,7769,103.85,0,0,7951,100.93,0,0,3,30.47,0,0,3,30.66
1785713867.505,2.2,94.0,28.21,20.0,0.0,0,0,7769,103.95,0,0,7951,100.96,0,0,3,30.47,0,0,3,30.71
1785713868.505,4.0,100.0,28.21,22.0,0.0,0,0,7769,104.05,0,0,7951,101.00,0,0,3,30.61,0,0,3,30.66
1785713869.505,3.4,87.0,28.21,23.0,0.0,0,0,7769,104.24,0,0,7951,101.01,0,0,3,30.62,0,0,3,30.66
1785713870.505,1.9,100.0,28.22,19.0,0.0,0,0,7769,104.29,0,0,7951,100.97,0,0,3,30.47,0,0,3,30.66
1785713871.505,2.7,100.0,28.21,19.0,0.0,0,0,7769,104.23,0,0,7951,101.02,0,0,3,30.47,0,0,3,30.66
1785713872.505,1.9,100.0,28.20,20.0,0.0,0,0,7769,104.33,0,0,7951,101.06,0,0,3,30.52,0,0,3,30.65
1785713873.505,2.2,96.0,28.20,20.0,0.0,0,0,7769,104.44,0,0,7951,101.01,0,0,3,30.47,0,0,3,30.70
1785713874.505,2.1,100.0,28.20,21.0,0.0,0,0,7769,104.45,0,0,7951,100.98,0,0,3,30.47,0,0,3,30.71
1785713875.506,2.3,88.9,28.21,21.0,0.0,0,0,7769,104.34,0,0,7951,101.03,0,0,3,30.52,0,0,3,30.62
1785713876.506,2.0,100.0,28.20,21.0,0.0,0,0,7769,104.39,0,0,7951,101.16,0,0,3,30.47,0,0,3,30.72
1785713877.506,2.5,100.0,28.19,21.0,0.0,0,0,7769,104.44,0,0,7951,101.14,0,0,3,30.47,0,0,3,30.80
1785713878.506,2.6,100.0,28.18,20.0,0.0,0,0,7769,104.41,0,0,7951,101.11,0,0,3,30.47,0,0,3,30.81
1785713879.506,2.9,97.0,28.20,19.0,0.0,0,0,7769,104.51,0,0,7951,101.17,0,0,3,30.52,0,0,3,30.77
1785713880.506,2.9,99.0,29.13,100.8,0.0,0,0,7769,104.54,0,0,7951,101.22,0,0,3,30.53,0,0,3,30.67
1785713881.506,3.5,100.0,29.67,134.0,0.0,0,0,7825,104.57,0,0,8027,101.31,0,0,3,30.49,0,0,3,30.67
1785713882.506,4.7,74.7,29.41,140.7,0.0,0,0,8141,122.90,0,0,8495,122.49,0,0,3,30.49,0,0,3,30.67
1785713883.506,4.1,43.4,29.29,79.0,0.0,0,0,7785,105.95,0,0,8495,104.48,0,0,3,30.49,0,0,3,30.72
1785713884.507,2.2,61.0,28.89,8.0,0.0,0,0,7785,105.91,0,0,8495,102.25,0,0,3,30.48,0,0,3,30.86
1785713885.507,2.5,100.0,28.96,16.0,0.0,0,0,7785,105.54,0,0,8495,103.07,0,0,3,30.52,0,0,3,30.80
1785713886.507,2.8,81.0,28.91,115.6,0.0,0,0,42049,107.73,0,0,42231,108.87,0,0,3,30.52,0,0,3,30.66
1785713887.507,3.8,100.0,28.92,192.0,0.0,63,43,42229,137.36,52,37,42413,131.46,0,0,3,30.62,0,0,3,30.66
1785713888.507,3.8,100.0,29.04,192.0,0.0,46,47,42235,227.44,53,53,42417,200.04,0,0,3,30.72,0,0,3,30.71
1785713889.507,3.2,100.0,29.10,170.0,0.0,63,62,42397,205.30,54,53,42535,180.89,0,0,3,30.57,0,0,3,30.72
1785713890.507,3.6,86.0,29.17,172.6,0.0,55,60,42433,221.14,48,53,42595,203.20,0,0,3,30.47,0,0,3,30.67
1785713891.507,2.6,100.0,29.15,26.9,0.0,0,0,42433,111.09,0,0,42595,107.53,0,0,3,30.52,0,0,3,30.67
1785713892.507,2.4,64.0,29.15,17.0,0.0,0,0,42433,106.33,0,0,42595,103.09,0,0,3,30.52,0,0,3,30.67
1785713893.508,2.2,100.0,29.18,25.1,0.0,0,0,42433,106.24,0,0,42595,103.02,0,0,3,30.52,0,0,3,30.72
1785713894.508,3.1,71.0,29.15,14.9,0.0,0,0,42433,106.18,0,0,42595,102.97,0,0,3,30.47,0,0,3,30.71
1785713895.508,2.2,100.0,29.17,18.0,0.0,0,0,42433,106.16,0,0,42595,102.96,0,0,3,30.42,0,0,3,30.66
1785713896.508,4.9,57.4,29.19,25.0,0.0,37,22,42475,114.51,0,0,42635,102.96,0,0,3,30.47,0,0,3,30.67
1785713897.508,4.3,100.0,29.28,132.5,0.0,0,0,42477,114.43,0,0,42635,103.09,0,0,3,30.47,0,0,3,30.67
1785713898.508,4.7,100.0,29.29,138.3,0.0,0,0,42477,114.43,0,0,42861,102.90,0,0,3,30.47,0,0,3,30.66
1785713899.508,5.1,100.0,29.27,136.0,0.0,0,0,42477,106.19,0,0,42861,103.10,0,0,3,30.47,0,0,3,30.65
1785713900.508,5.3,100.0,29.30,113.9,0.0,0,0,42477,106.19,0,0,42861,103.02,0,0,3,30.47,0,0,3,30.66
1785713901.508,4.3,100.0,29.30,124.1,0.0,0,0,42477,106.32,0,0,42865,103.54,0,0,3,30.47,0,0,3,30.71
1785713902.508,4.2,100.0,29.28,107.4,0.0,0,0,42477,106.32,0,0,43165,103.19,0,0,3,30.42,0,0,3,30.71
1785713903.509,4.2,100.0,29.37,145.0,0.0,0,0,42477,106.31,0,0,43165,103.25,0,0,3,30.47,0,0,3,30.71
1785713904.509,3.7,60.0,29.44,97.5,0.0,0,0,42493,106.35,2,1,43185,105.79,0,0,3,30.52,0,0,3,30.71
1785713905.509,2.7,99.0,29.40,35.0,0.0,0,0,42493,123.55,0,0,43185,103.71,0,0,3,30.51,0,0,3,30.66
1785713906.509,2.8,77.0,29.37,110.1,0.0,0,0,42493,106.45,0,0,43185,103.12,0,0,3,30.51,0,0,3,30.66
1785713907.509,2.4,100.0,29.33,76.0,0.0,0,0,42493,106.29,0,0,43185,103.13,0,0,3,30.47,0,0,3,30.71
1785713908.509,2.4,70.0,29.46,67.2,0.0,0,0,42493,106.29,0,0,43185,103.16,0,0,3,30.52,0,0,3,30.71
1785713909.509,2.8,92.2,29.45,27.9,0.0,0,0,42493,106.34,0,0,43185,103.12,0,0,3,30.57,0,0,3,30.62
1785713910.509,2.6,69.0,29.46,37.0,0.0,0,0,42493,106.31,0,0,43185,103.12,0,0,3,30.57,0,0,3,30.61
1785713911.509,2.8,100.0,29.42,40.0,0.0,0,0,42493,106.73,0,0,43185,103.17,0,0,3,30.57,0,0,3,30.71
1785713912.509,2.0,100.0,29.42,29.0,0.0,0,0,42493,106.66,0,0,43185,103.51,0,0,3,30.52,0,0,3,30.76
1785713913.510,2.9,100.0,29.43,29.0,0.0,0,0,42493,106.18,0,0,43185,103.42,0,0,3,30.42,0,0,3,30.76
1785713914.510,2.8,97.0,29.42,48.0,0.0,0,0,42493,106.71,0,0,43185,103.12,0,0,3,30.42,0,0,3,30.66
1785713915.510,2.2,99.0,29.43,21.0,0.0,0,0,42493,106.80,0,0,43185,103.17,0,0,3,30.47,0,0,3,30.61
1785713916.510,2.0,91.0,29.41,22.0,0.0,0,0,42493,106.38,0,0,43185,103.36,0,0,3,30.47,0,0,3,30.67
1785713917.510,3.9,100.0,29.42,32.0,0.0,0,0,42493,106.76,0,0,43185,103.37,0,0,3,30.47,0,0,3,30.61
1785713918.510,4.1,100.0,29.42,22.0,0.0,0,0,42493,106.76,0,0,43185,103.12,0,0,3,30.47,0,0,3,30.61
1785713919.510,3.7,100.0,29.41,46.0,0.0,0,0,42493,106.76,0,0,43185,103.17,0,0,3,30.47,0,0,3,30.72
1785713920.510,1.7,99.0,29.43,17.0,0.0,0,0,42493,106.28,0,0,43185,103.17,0,0,3,30.57,0,0,3,30.72
1785713921.511,3.1,52.5,29.40,125.0,0.0,0,0,42493,106.34,0,0,43185,103.12,0,0,3,30.61,0,0,3,30.66
1785713922.511,3.2,59.0,29.40,139.3,0.0,0,0,42493,106.84,0,0,43185,103.36,0,0,3,30.47,0,0,3,30.61
1785713923.511,2.0,100.0,29.38,28.9,0.0,0,0,42493,106.84,0,0,43185,103.46,0,0,3,30.42,0,0,3,30.61
1785713924.511,2.2,100.0,29.43,62.0,0.0,0,0,42493,106.37,0,0,43185,103.21,0,0,3,30.51,0,0,3,30.66
1785713925.511,2.1,100.0,29.44,52.0,0.0,0,0,42493,106.39,0,0,43185,103.17,0,0,3,30.52,0,0,3,30.67
1785713926.511,2.3,100.0,29.44,7.0,0.0,0,0,42493,106.41,0,0,43185,103.22,0,0,3,30.47,0,0,3,30.66
1785713927.511,1.5,96.0,29.43,7.0,0.0,0,0,42493,106.41,0,0,43185,103.26,0,0,3,30.52,0,0,3,30.66
1785713928.511,1.8,96.0,29.43,6.0,0.0,0,0,42493,106.50,0,0,43185,103.22,0,0,3,30.52,0,0,3,30.72
1785713929.511,2.7,100.0,29.42,7.0,0.0,0,0,42493,106.50,0,0,43185,103.22,0,0,3,30.47,0,0,3,30.72
1785713930.511,3.6,100.0,29.59,6.0,48.0,0,0,42493,106.44,0,0,43185,103.21,0,0,3,30.47,0,0,3,30.67
1785713931.512,8.6,100.0,29.61,6.0,626.9,0,0,42493,106.47,0,0,43185,103.22,0,0,3,30.52,0,0,3,30.67
1785713932.512,2.0,100.0,29.60,5.0,21.0,0,0,42493,106.47,0,0,43185,103.27,0,0,3,30.47,0,0,3,30.66
1785713933.512,2.8,94.0,29.61,7.0,18.0,0,0,42493,106.57,0,0,43185,103.20,0,0,3,30.42,0,0,3,30.66
1785713934.512,3.3,100.0,29.62,6.0,31.0,0,0,42493,106.57,0,0,43185,103.15,0,0,3,30.47,0,0,3,30.67
1785713935.512,2.7,100.0,29.61,6.0,23.0,0,0,42493,106.52,0,0,43185,103.26,0,0,3,30.47,0,0,3,30.67
1785713936.512,2.1,100.0,29.60,5.0,14.0,0,0,42493,106.42,0,0,43185,103.32,0,0,3,30.47,0,0,3,30.67
1785713937.512,2.1,100.0,29.61,6.0,22.0,0,0,42493,106.49,0,0,43185,103.27,0,0,3,30.52,0,0,3,30.66
1785713938.512,2.1,100.0,29.61,7.0,10.0,0,0,42493,106.50,0,0,43185,103.24,0,0,3,30.52,0,0,3,30.66
1785713939.512,2.4,91.0,29.62,5.0,15.0,0,0,42493,106.89,0,0,43185,103.38,0,0,3,30.47,0,0,3,30.72
1785713940.513,2.4,100.0,29.63,7.0,26.0,0,0,42493,106.88,0,0,43185,103.46,0,0,3,30.47,0,0,3,30.72
1785713941.513,2.0,93.1,29.63,6.0,8.0,0,0,42493,106.50,0,0,43185,103.41,0,0,3,30.52,0,0,3,30.81
1785713942.513,2.9,100.0,29.61,6.0,7.0,0,0,42493,106.50,0,0,43185,103.40,0,0,3,30.52,0,0,3,30.85
1785713943.513,3.0,100.0,29.61,7.0,7.0,0,0,42493,106.49,0,0,43185,103.35,0,0,3,30.47,0,0,3,30.91
1785713944.513,2.1,100.0,29.62,6.0,6.0,0,0,42493,106.94,0,0,43185,103.37,0,0,3,30.52,0,0,3,30.85
1785713945.513,2.2,66.0,29.61,7.0,32.0,0,0,42493,106.90,0,0,43185,103.31,0,0,3,30.58,0,0,3,30.66
1785713946.513,2.3,100.0,29.60,7.0,53.0,0,0,42493,106.52,0,0,43185,103.20,0,0,3,30.48,0,0,3,30.67
1785713947.513,2.1,73.0,29.59,6.0,29.0,0,0,42493,106.63,0,0,43185,103.26,0,0,3,30.42,0,0,3,30.72
1785713948.513,1.9,100.0,29.60,7.0,16.0,0,0,42493,106.58,0,0,43185,103.51,0,0,3,30.47,0,0,3,30.72
1785713949.514,2.0,100.0,29.62,6.0,19.0,0,0,42493,106.58,0,0,43185,103.46,0,0,3,30.52,0,0,3,30.71
1785713950.514,2.0,100.0,29.62,7.0,23.0,0,0,42493,106.64,0,0,43185,103.59,0,0,3,30.57,0,0,3,30.71
1785713951.514,2.6,48.0,29.63,7.0,17.0,0,0,42493,106.63,0,0,43185,103.64,0,0,3,30.58,0,0,3,30.72
1785713952.514,1.9,100.0,29.62,6.0,13.0,0,0,42493,106.60,0,0,43185,103.41,0,0,3,30.58,0,0,3,30.86
1785713953.514,2.9,70.0,29.66,5.0,28.0,0,0,42493,106.56,0,0,43185,103.41,0,0,3,30.57,0,0,3,30.81
1785713954.514,1.8,100.0,29.65,8.0,14.0,0,0,42493,106.54,0,0,43185,103.46,0,0,3,30.52,0,0,3,30.81
1785713955.514,2.0,100.0,29.66,5.0,13.0,0,0,42493,106.57,0,0,43185,103.45,0,0,3,30.52,0,0,3,30.86
1785713956.514,4.0,100.0,29.65,6.0,15.0,0,0,42493,106.62,0,0,43185,103.35,0,0,3,30.47,0,0,3,30.72
1785713957.515,2.2,63.0,29.65,8.0,17.0,0,0,42493,106.62,0,0,43185,103.40,0,0,3,30.47,0,0,3,30.72
1785713958.515,2.9,100.0,29.69,6.0,25.0,0,0,42493,106.57,0,0,43185,103.40,0,0,3,30.53,0,0,3,30.72
1785713959.515,1.9,66.3,29.70,7.0,16.0,0,0,42493,106.96,0,0,43185,103.41,0,0,3,30.48,0,0,3,30.66
1785713960.515,2.0,100.0,29.71,6.0,28.0,0,0,42493,107.02,0,0,43185,103.36,0,0,3,30.47,0,0,3,30.65
1785713961.515,2.0,100.0,29.71,6.0,27.0,0,0,42493,107.02,0,0,43185,103.31,0,0,3,30.57,0,0,3,30.71
1785713962.515,2.2,100.0,29.70,6.0,14.0,0,0,42493,107.02,0,0,43185,103.37,0,0,3,30.57,0,0,3,30.76
1785713963.515,2.1,56.6,29.68,7.0,14.0,0,0,42493,106.65,0,0,43185,103.32,0,0,3,30.42,0,0,3,30.76
1785713964.515,2.1,100.0,29.68,7.0,14.0,0,0,42493,107.06,0,0,43185,103.31,0,0,3,30.42,0,0,3,30.72
1785713965.515,1.9,65.0,29.69,7.0,13.0,0,0,42493,107.01,0,0,43185,103.36,0,0,3,30.52,0,0,3,30.72
1785713966.516,2.0,100.0,29.68,7.0,13.0,0,0,42493,106.61,0,0,43185,103.30,0,0,3,30.57,0,0,3,30.71
1785713967.516,1.8,100.0,29.69,7.0,14.0,0,0,42493,106.63,0,0,43185,103.30,0,0,3,30.57,0,0,3,30.62
1785713968.516,3.4,100.0,29.69,4.0,33.0,0,0,42493,106.57,0,0,43185,103.36,0,0,3,30.52,0,0,3,30.62
1785713969.516,3.7,100.0,29.75,5.0,40.0,0,0,42493,106.58,0,0,43185,103.33,0,0,3,30.52,0,0,3,30.66
1785713970.516,2.9,100.0,29.76,6.0,31.0,0,0,42493,106.58,0,0,43185,103.38,0,0,3,30.57,0,0,3,30.67
1785713971.516,2.6,56.0,29.74,5.0,46.0,0,0,42493,106.63,0,0,43185,103.70,0,0,3,30.52,0,0,3,30.67
1785713972.516,2.3,100.0,29.75,7.0,39.0,0,0,42493,106.63,0,0,43185,103.64,0,0,3,30.42,0,0,3,30.67
1785713973.516,1.9,100.0,29.75,6.0,17.0,0,0,42493,106.63,0,0,43185,103.45,0,0,3,30.42,0,0,3,30.81
1785713974.516,4.0,100.0,29.74,6.0,17.0,0,0,42493,106.62,0,0,43185,103.41,0,0,3,30.52,0,0,3,30.81
1785713975.517,2.0,72.0,29.74,7.0,16.0,0,0,42493,106.62,0,0,43185,103.32,0,0,3,30.57,0,0,3,30.71
1785713976.517,2.0,100.0,29.74,5.0,12.0,0,0,42493,106.62,0,0,43185,103.42,0,0,3,30.52,0,0,3,30.71
1785713977.517,3.6,73.0,29.74,8.0,11.0,0,0,42493,107.01,0,0,43185,103.37,0,0,3,30.47,0,0,3,30.72
1785713978.517,3.6,100.0,29.74,6.0,11.0,0,0,42493,107.02,0,0,43185,103.51,0,0,3,30.47,0,0,3,30.71
1785713979.517,3.3,100.0,29.75,6.0,34.0,0,0,42493,106.65,0,0,43185,103.56,0,0,3,30.47,0,0,3,30.66
1785713980.517,2.1,100.0,29.76,8.0,34.0,0,0,42493,106.63,0,0,43185,103.74,0,0,3,30.47,0,0,3,30.66
1785713981.517,2.2,82.2,29.77,6.0,39.0,0,0,42493,106.62,0,0,43185,103.72,0,0,3,30.47,0,0,3,30.71
1785713982.517,2.0,100.0,29.75,6.0,17.0,0,0,42493,107.06,0,0,43185,103.58,0,0,3,30.47,0,0,3,30.70
1785713983.517,2.9,68.0,29.74,9.0,25.0,0,0,42493,107.06,0,0,43185,103.58,0,0,3,30.47,0,0,3,30.65
1785713984.518,1.9,100.0,29.73,6.0,12.0,0,0,42493,107.01,0,0,43185,103.43,0,0,3,30.47,0,0,3,30.70
1785713985.518,2.0,100.0,29.74,5.0,33.0,0,0,42493,107.05,0,0,43185,103.42,0,0,3,30.57,0,0,3,30.66
1785713986.518,2.2,100.0,29.73,7.0,28.0,0,0,42493,107.10,0,0,43185,103.38,0,0,3,30.56,0,0,3,30.61
1785713987.518,1.8,85.9,29.73,8.0,18.0,0,0,42493,106.67,0,0,43185,103.42,0,0,3,30.47,0,0,3,30.66
1785713988.518,2.3,100.0,29.72,7.0,34.0,0,0,42493,106.67,0,0,43185,103.39,0,0,3,30.47,0,0,3,30.61
1785713989.518,1.8,78.0,29.72,4.0,18.0,0,0,42493,106.62,0,0,43185,103.43,0,0,3,30.51,0,0,3,30.61
1785713990.518,3.4,100.0,29.72,8.0,17.0,0,0,42493,106.57,0,0,43185,103.40,0,0,3,30.51,0,0,3,30.70
1785713991.518,4.0,100.0,29.74,6.0,19.0,0,0,42493,107.04,0,0,43185,103.40,0,0,3,30.47,0,0,3,30.71
1785713992.518,2.1,100.0,29.76,6.0,19.0,0,0,42493,107.04,0,0,43185,103.42,0,0,3,30.47,0,0,3,30.66
1785713993.519,1.9,88.8,29.77,6.0,18.0,0,0,42493,106.67,0,0,43185,103.34,0,0,3,30.47,0,0,3,30.66
1785713994.519,2.6,55.0,29.74,8.0,19.0,0,0,42493,106.67,0,0,43185,103.33,0,0,3,30.47,0,0,3,30.71
1785713995.519,2.0,80.8,29.75,6.0,15.0,0,0,42493,107.07,0,0,43185,103.42,0,0,3,30.47,0,0,3,30.75
1785713996.519,2.0,100.0,29.73,5.0,19.0,0,0,42493,107.12,0,0,43185,103.45,0,0,3,30.47,0,0,3,30.70
1785713997.519,2.0,100.0,29.73,9.0,19.0,0,0,42493,107.10,0,0,43185,103.64,0,0,3,30.47,0,0,3,30.66
1785713998.519,2.2,100.0,29.73,6.0,22.0,0,0,42493,107.12,0,0,43185,103.65,0,0,3,30.47,0,0,3,30.67
1785713999.519,2.6,72.4,29.76,7.0,19.0,0,0,42493,107.17,0,0,43185,103.44,0,0,3,30.52,0,0,3,30.66
1785714000.519,2.2,100.0,29.75,5.0,17.9,0,0,42493,107.13,0,0,43185,103.37,0,0,3,30.52,0,0,3,30.65
1785714001.519,2.2,88.0,29.76,7.0,18.0,0,0,42493,107.08,0,0,43185,103.38,0,0,3,30.42,0,0,3,30.70
1785714002.520,2.2,100.0,29.76,6.0,20.0,0,0,42493,107.10,0,0,43185,103.43,0,0,3,30.42,0,0,3,30.75
1785714003.520,4.5,100.0,29.77,6.0,19.0,0,0,42493,106.71,0,0,43185,103.40,0,0,3,30.52,0,0,3,30.75
1785714004.520,3.1,100.0,29.77,3.0,21.0,0,0,42493,106.71,0,0,43185,103.37,0,0,3,30.52,0,0,3,30.70
1785714005.520,2.5,100.0,29.77,7.0,22.0,0,0,42493,106.71,0,0,43185,103.33,0,0,3,30.52,0,0,3,30.70
1785714006.520,2.3,83.2,29.77,9.0,19.0,0,0,42493,106.71,0,0,43185,103.31,0,0,3,30.57,0,0,3,30.70
1785714007.520,2.6,100.0,29.75,5.0,18.0,0,0,42493,106.68,0,0,43185,103.37,0,0,3,30.52,0,0,3,30.66
1785714008.520,2.2,86.0,29.76,6.0,24.0,0,0,42493,106.68,0,0,43185,103.46,0,0,3,30.47,0,0,3,30.66
1785714009.520,2.3,100.0,29.76,7.0,17.0,0,0,42493,106.73,0,0,43185,103.56,0,0,3,30.47,0,0,3,30.65
1785714010.520,2.0,100.0,29.76,7.0,18.0,0,0,42493,106.68,0,0,43185,103.51,0,0,3,30.47,0,0,3,30.65
1785714011.521,2.1,100.0,29.76,5.0,20.0,0,0,42493,106.67,0,0,43185,103.43,0,0,3,30.52,0,0,3,30.70
1785714012.521,2.1,76.8,29.74,9.0,18.0,0,0,42493,106.76,0,0,43185,103.43,0,0,3,30.47,0,0,3,30.76
1785714013.521,2.1,100.0,29.74,5.0,20.0,0,0,42493,106.73,0,0,43185,103.41,0,0,3,30.42,0,0,3,30.71
1785714014.521,2.0,83.0,29.75,7.0,18.0,0,0,42493,106.68,0,0,43185,103.48,0,0,3,30.47,0,0,3,30.71
1785714015.521,2.1,100.0,29.74,7.0,20.0,0,0,42493,106.73,0,0,43185,103.43,0,0,3,30.47,0,0,3,30.71
1785714016.521,3.6,100.0,29.73,6.0,18.0,0,0,42493,106.78,0,0,43185,103.40,0,0,3,30.57,0,0,3,30.67
1785714017.521,2.7,100.0,29.76,5.0,17.0,0,0,42493,106.68,0,0,43185,103.44,0,0,3,30.62,0,0,3,30.67
1785714018.521,2.0,74.0,29.77,8.0,20.0,0,0,42493,106.65,0,0,43185,103.41,0,0,3,30.62,0,0,3,30.67
1785714019.521,2.4,100.0,29.77,6.0,19.0,0,0,42493,106.70,0,0,43185,103.40,0,0,3,30.62,0,0,3,30.67
1785714020.522,1.8,82.0,29.78,7.0,16.0,0,0,42493,106.73,0,0,43185,103.40,0,0,3,30.57,0,0,3,30.67
1785714021.522,2.3,100.0,29.78,7.0,18.0,0,0,42493,106.73,0,0,43185,103.43,0,0,3,30.52,0,0,3,30.66
1785714022.522,2.5,100.0,29.78,7.0,22.0,0,0,42493,106.78,0,0,43185,103.47,0,0,3,30.52,0,0,3,30.67
1785714023.522,2.5,100.0,29.79,5.0,17.0,0,0,42493,106.76,0,0,43185,103.49,0,0,3,30.52,0,0,3,30.66
1785714024.522,2.0,72.7,29.79,6.0,17.0,0,0,42493,106.67,0,0,43185,103.46,0,0,3,30.42,0,0,3,30.71
1785714025.522,2.2,100.0,29.79,7.0,15.0,0,0,42493,106.63,0,0,43185,103.41,0,0,3,30.37,0,0,3,30.67
1785714026.522,2.0,80.0,29.79,5.0,15.0,0,0,42493,106.76,0,0,43185,103.49,0,0,3,30.42,0,0,3,30.71
1785714027.522,2.1,100.0,29.79,7.0,17.0,0,0,42493,106.76,0,0,43185,103.54,0,0,3,30.52,0,0,3,30.76
1785714028.522,2.1,100.0,29.77,6.0,16.0,0,0,42493,106.71,0,0,43185,103.46,0,0,3,30.52,0,0,3,30.66
1785714029.523,2.4,100.0,29.78,8.0,17.0,0,0,42493,106.71,0,0,43185,103.44,0,0,3,30.52,0,0,3,30.70
1785714030.523,2.8,72.7,29.77,5.0,16.0,0,0,42493,106.71,0,0,43185,103.48,0,0,3,30.53,0,0,3,30.76
1785714031.523,2.3,100.0,29.76,7.0,16.0,0,0,42493,106.73,0,0,43185,103.47,0,0,3,30.53,0,0,3,30.77
1785714032.523,2.1,77.0,29.76,7.0,15.0,0,0,42493,106.74,0,0,43185,103.50,0,0,3,30.56,0,0,3,30.72
1785714033.523,1.9,100.0,29.77,6.0,21.0,0,0,42493,106.68,0,0,43185,103.48,0,0,3,30.57,0,0,3,30.67
1785714034.523,2.3,100.0,29.78,5.0,29.0,0,0,42493,106.67,0,0,43185,103.45,0,0,3,30.47,0,0,3,30.66
1785714035.523,3.2,100.0,29.79,8.0,10.0,0,0,42493,106.67,0,0,43185,103.49,0,0,3,30.57,0,0,3,30.65
1785714036.523,2.2,77.0,29.76,9.0,12.0,0,0,42493,106.67,0,0,43185,103.43,0,0,3,30.62,0,0,3,30.66
1785714037.523,3.9,100.0,29.77,6.0,13.0,0,0,42493,106.66,0,0,43185,103.35,0,0,3,30.62,0,0,3,30.67
1785714038.524,4.6,100.0,29.78,3.0,15.0,0,0,42493,106.67,0,0,43185,103.43,0,0,3,30.76,0,0,3,30.66
1785714039.524,5.1,100.0,29.79,3.0,16.0,0,0,42493,106.67,0,0,43185,103.40,0,0,3,30.61,0,0,3,30.66
1785714040.524,2.0,100.0,29.79,7.0,12.0,0,0,42493,106.70,0,0,43185,103.32,0,0,3,30.47,0,0,3,30.66
1785714041.524,2.0,100.0,29.77,6.0,11.0,0,0,42493,106.70,0,0,43185,103.32,0,0,3,30.47,0,0,3,30.70
1785714042.524,2.3,68.7,29.77,6.0,11.0,0,0,42493,106.71,0,0,43185,103.33,0,0,3,30.52,0,0,3,30.71
1785714043.524,2.1,100.0,29.77,8.0,10.0,0,0,42493,106.71,0,0,43185,103.40,0,0,3,30.47,0,0,3,30.66
1785714044.524,2.1,68.0,29.75,7.0,12.0,0,0,42493,106.71,0,0,43185,103.70,0,0,3,30.42,0,0,3,30.65
1785714045.524,1.8,97.0,29.75,5.0,11.0,0,0,42493,106.62,0,0,43185,103.65,0,0,3,30.52,0,0,3,30.66
1785714046.524,2.1,100.0,29.76,7.0,12.0,0,0,42493,106.62,0,0,43185,103.33,0,0,3,30.52,0,0,3,30.66
1785714047.524,1.9,100.0,29.75,7.0,13.0,0,0,42493,106.76,0,0,43185,103.38,0,0,3,30.47,0,0,3,30.66
1785714048.525,2.0,61.2,29.74,6.0,8.0,0,0,42493,106.76,0,0,43185,103.44,0,0,3,30.47,0,0,3,30.67
1785714049.525,1.9,100.0,29.74,6.0,9.0,0,0,42493,106.71,0,0,43185,103.47,0,0,3,30.42,0,0,3,30.71
1785714050.525,2.2,60.0,29.73,7.0,7.0,0,0,42493,106.71,0,0,43185,103.47,0,0,3,30.42,0,0,3,30.70
1785714051.525,2.7,100.0,29.73,6.0,14.0,0,0,42493,106.71,0,0,43185,103.47,0,0,3,30.47,0,0,3,30.66
1785714052.525,3.8,100.0,29.73,7.0,21.0,0,0,42493,106.67,0,0,43185,103.43,0,0,3,30.46,0,0,3,30.66
1785714053.525,2.0,100.0,29.73,6.0,15.0,0,0,42493,106.71,0,0,43185,103.33,0,0,3,30.46,0,0,3,30.66
1785714054.525,1.8,87.9,29.72,7.0,17.0,0,0,42493,106.73,0,0,43185,103.42,0,0,3,30.41,0,0,3,30.66
1785714055.525,2.6,99.0,29.72,6.0,17.0,0,0,42493,106.69,0,0,43185,103.44,0,0,3,30.46,0,0,3,30.65
1785714056.525,1.9,87.9,29.73,7.0,14.0,0,0,42493,106.71,0,0,43185,103.41,0,0,3,30.61,0,0,3,30.65
1785714057.526,2.1,100.0,29.74,7.0,18.0,0,0,42493,106.71,0,0,43185,103.40,0,0,3,30.57,0,0,3,30.65
1785714058.526,1.9,100.0,29.73,7.0,15.0,0,0,42493,106.66,0,0,43185,103.35,0,0,3,30.57,0,0,3,30.65
1785714059.526,3.1,100.0,29.77,5.0,16.0,0,0,42493,106.66,0,0,43185,103.40,0,0,3,30.61,0,0,3,30.65
1785714060.526,1.9,100.0,29.79,6.0,15.0,0,0,42493,106.69,0,0,43185,103.45,0,0,3,30.61,0,0,3,30.60
1785714061.526,2.3,84.2,29.78,8.0,15.0,0,0,42493,106.69,0,0,43185,103.42,0,0,3,30.61,0,0,3,30.65
1785714062.526,2.1,100.0,29.77,6.0,14.0,0,0,42493,106.75,0,0,43185,103.37,0,0,3,30.51,0,0,3,30.70
1785714063.526,2.1,92.1,29.75,7.0,19.0,0,0,42493,106.75,0,0,43185,103.33,0,0,3,30.47,0,0,3,30.66
1785714064.526,2.9,100.0,29.75,6.0,15.0,0,0,42493,106.71,0,0,43185,103.31,0,0,3,30.52,0,0,3,30.66
1785714065.527,2.5,73.5,29.76,4.0,13.0,0,0,42493,106.71,0,0,43185,103.38,0,0,3,30.52,0,0,3,30.65
1785714066.527,1.8,100.0,29.75,8.0,13.0,0,0,42493,106.57,0,0,43185,103.46,0,0,3,30.57,0,0,3,30.60
1785714067.527,2.1,80.2,29.73,8.0,14.0,0,0,42493,106.67,0,0,43185,103.42,0,0,3,30.57,0,0,3,30.60
1785714068.527,2.1,100.0,29.74,7.0,13.0,0,0,42493,106.67,0,0,43185,103.37,0,0,3,30.52,0,0,3,30.71
1785714069.527,1.9,79.8,29.76,7.0,12.0,0,0,42493,106.71,0,0,43185,103.38,0,0,3,30.66,0,0,3,30.67
1785714070.527,2.2,100.0,29.75,5.0,12.0,0,0,42493,106.71,0,0,43185,103.37,0,0,3,30.57,0,0,3,30.61
1785714071.527,2.4,100.0,29.76,6.0,13.0,0,0,42493,106.62,0,0,43185,103.38,0,0,3,30.57,0,0,3,30.61
1785714072.527,2.6,100.0,29.76,8.0,14.0,0,0,42493,106.62,0,0,43185,103.43,0,0,3,30.61,0,0,3,30.60
1785714073.527,3.5,100.0,29.75,6.0,19.0,0,0,42493,106.62,0,0,43185,103.43,0,0,3,30.62,0,0,3,30.61
1785714074.528,3.5,100.0,29.77,7.0,37.0,0,0,42493,106.62,0,0,43185,103.38,0,0,3,30.58,0,0,3,30.62
1785714075.528,2.2,78.6,29.78,6.0,14.0,0,0,42493,106.63,0,0,43185,103.58,0,0,3,30.42,0,0,3,30.67
1785714076.528,3.1,100.0,29.79,7.0,17.0,0,0,42493,106.63,0,0,43185,103.59,0,0,3,30.47,0,0,3,30.71
1785714077.528,7.3,100.0,29.80,4.0,435.9,0,0,42493,106.68,0,0,43185,103.35,0,0,3,30.46,0,0,3,30.75
1785714078.528,2.0,100.0,29.81,8.0,21.0,0,0,42493,106.71,0,0,43185,103.37,0,0,3,30.46,0,0,3,30.71
1785714079.528,2.2,65.0,29.80,5.0,21.0,0,0,42493,106.67,0,0,43185,103.37,0,0,3,30.47,0,0,3,30.66
1785714080.528,1.9,100.0,29.80,7.0,14.0,0,0,42493,106.71,0,0,43185,103.37,0,0,3,30.47,0,0,3,30.66
1785714081.528,2.3,75.8,29.81,8.0,28.0,0,0,42493,106.71,0,0,43185,103.42,0,0,3,30.47,0,0,3,30.71
1785714082.528,2.4,100.0,29.81,6.0,17.0,0,0,42493,106.71,0,0,43185,103.37,0,0,3,30.52,0,0,3,30.70
1785714083.529,2.1,100.0,29.80,7.0,11.0,0,0,42493,106.71,0,0,43185,103.36,0,0,3,30.52,0,0,3,30.66
1785714084.529,1.8,100.0,29.80,7.0,7.0,0,0,42493,106.62,0,0,43185,103.43,0,0,3,30.47,0,0,3,30.61
1785714085.529,2.1,60.4,29.79,7.0,8.0,0,0,42493,106.62,0,0,43185,103.51,0,0,3,30.52,0,0,3,30.61
1785714086.529,1.9,100.0,29.80,6.0,9.0,0,0,42493,106.62,0,0,43185,103.51,0,0,3,30.52,0,0,3,30.65
1785714087.529,2.5,67.0,29.79,8.0,19.0,0,0,42493,106.62,0,0,43185,103.41,0,0,3,30.51,0,0,3,30.66
1785714088.529,2.0,100.0,29.79,5.0,19.0,0,0,42493,106.67,0,0,43185,103.38,0,0,3,30.61,0,0,3,30.66
1785714089.529,2.6,100.0,29.79,8.0,31.0,0,0,42493,106.67,0,0,43185,103.42,0,0,3,30.61,0,0,3,30.66
1785714090.529,2.1,100.0,29.80,8.0,22.0,0,0,42493,106.62,0,0,43185,103.40,0,0,3,30.57,0,0,3,30.61
1785714091.530,2.5,67.7,29.80,6.0,14.0,0,0,42493,106.62,0,0,43185,103.40,0,0,3,30.57,0,0,3,30.61
1785714092.530,2.0,100.0,29.81,5.0,20.0,0,0,42493,106.71,0,0,43185,103.38,0,0,3,30.57,0,0,3,30.62
1785714093.530,2.2,57.0,29.80,8.0,22.0,0,0,42493,106.71,0,0,43185,103.38,0,0,3,30.52,0,0,3,30.57
1785714094.530,2.0,100.0,29.81,6.0,16.0,0,0,42493,106.51,0,0,43185,103.42,0,0,3,30.51,0,0,3,30.66
1785714095.530,2.7,100.0,29.81,6.0,17.0,0,0,42493,106.51,0,0,43185,103.40,0,0,3,30.56,0,0,3,30.70
1785714096.530,2.9,100.0,29.78,7.0,18.0,0,0,42493,106.55,0,0,43185,103.40,0,0,3,30.46,0,0,3,30.75
1785714097.530,3.5,66.7,29.79,6.0,18.0,0,0,42493,106.71,0,0,43185,103.42,0,0,3,30.42,0,0,3,30.75
1785714098.530,4.2,100.0,29.78,8.0,25.0,0,0,42493,106.71,0,0,43185,103.43,0,0,3,30.52,0,0,3,30.66
1785714099.530,3.5,60.0,29.79,8.0,51.0,0,0,42493,106.67,0,0,43185,103.38,0,0,3,30.61,0,0,3,30.65
1785714100.531,2.1,100.0,29.79,6.0,20.0,0,0,42493,106.67,0,0,43185,103.42,0,0,3,30.51,0,0,3,30.66
1785714101.531,2.3,100.0,29.79,6.0,18.0,0,0,42493,106.67,0,0,43185,103.42,0,0,3,30.42,0,0,3,30.67
1785714102.531,2.1,100.0,29.79,6.0,28.0,0,0,42493,106.67,0,0,43185,103.42,0,0,3,30.42,0,0,3,30.66
1785714103.531,2.5,69.0,29.80,7.0,23.0,0,0,42493,106.62,0,0,43185,103.50,0,0,3,30.42,0,0,3,30.70
1785714104.531,2.1,100.0,29.79,8.0,29.0,0,0,42493,106.67,0,0,43185,103.43,0,0,3,30.52,0,0,3,30.65
1785714105.531,2.4,64.0,29.81,7.0,32.0,0,0,42493,106.67,0,0,43185,103.36,0,0,3,30.52,0,0,3,30.56
1785714106.531,2.1,100.0,29.83,6.0,45.0,0,0,42493,106.67,0,0,43185,103.40,0,0,3,30.61,0,0,3,30.52
1785714107.531,7.7,100.0,29.83,5.0,489.7,0,0,42493,106.67,0,0,43185,103.42,0,0,3,30.66,0,0,3,30.56
1785714108.531,3.1,100.0,29.84,6.0,24.9,0,0,42493,106.62,0,0,43185,103.40,0,0,3,30.57,0,0,3,30.60
1785714109.532,2.7,79.0,29.84,4.0,15.0,0,0,42493,106.62,0,0,43185,103.40,0,0,3,30.52,0,0,3,30.60
1785714110.532,2.4,100.0,29.83,6.0,13.0,0,0,42493,106.57,0,0,43185,103.43,0,0,3,30.47,0,0,3,30.70
1785714111.532,2.2,67.3,29.85,8.0,14.0,0,0,42493,106.62,0,0,43185,103.41,0,0,3,30.47,0,0,3,30.70
1785714112.532,2.1,100.0,29.84,7.0,12.0,0,0,42493,106.62,0,0,43185,103.40,0,0,3,30.47,0,0,3,30.61
1785714113.532,3.7,100.0,29.85,5.0,13.0,0,0,42493,106.67,0,0,43185,103.42,0,0,3,30.42,0,0,3,30.60
1785714114.532,2.4,100.0,29.83,5.0,13.0,0,0,42493,106.67,0,0,43185,103.37,0,0,3,30.42,0,0,3,30.61
1785714115.532,1.8,76.2,29.83,8.0,13.0,0,0,42493,106.51,0,0,43185,103.40,0,0,3,30.47,0,0,3,30.61
1785714116.532,2.1,100.0,29.82,5.0,12.0,0,0,42493,106.51,0,0,43185,103.46,0,0,3,30.47,0,0,3,30.61
1785714117.532,1.9,78.0,29.83,8.0,16.0,0,0,42493,106.71,0,0,43185,103.46,0,0,3,30.47,0,0,3,30.61
1785714118.533,2.2,100.0,29.82,6.0,19.0,0,0,42493,106.71,0,0,43185,103.46,0,0,3,30.47,0,0,3,30.66
1785714119.533,2.9,100.0,29.84,6.0,18.1,0,0,42493,106.62,0,0,43185,103.38,0,0,3,30.47,0,0,3,30.67
1785714120.533,2.2,100.0,29.84,8.0,20.9,0,0,42493,106.62,0,0,43185,103.38,0,0,3,30.47,0,0,3,30.66
1785714121.533,2.3,100.0,29.84,6.0,16.0,0,0,42493,106.62,0,0,43185,103.43,0,0,3,30.52,0,0,3,30.62
1785714122.533,2.4,94.1,29.81,6.0,33.0,0,0,42493,106.62,0,0,43185,103.42,0,0,3,30.52,0,0,3,30.61
1785714123.533,1.9,99.0,29.80,7.0,21.0,0,0,42493,106.63,0,0,43185,103.40,0,0,3,30.47,0,0,3,30.66
1785714124.533,3.1,100.0,29.81,6.0,21.0,0,0,42493,106.63,0,0,43185,103.38,0,0,3,30.47,0,0,3,30.66
1785714125.533,2.3,100.0,29.80,8.0,38.0,0,0,42493,106.60,0,0,43185,103.42,0,0,3,30.47,0,0,3,30.61
1785714126.533,2.2,100.0,29.80,6.0,25.0,0,0,42493,106.60,0,0,43185,103.40,0,0,3,30.42,0,0,3,30.62
1785714127.533,2.2,100.0,29.83,6.0,43.0,0,0,42493,106.60,0,0,43185,103.36,0,0,3,30.42,0,0,3,30.66
1785714128.534,2.2,86.9,29.85,8.0,10.0,0,0,42493,106.62,0,0,43185,103.42,0,0,3,30.47,0,0,3,30.65
1785714129.534,2.2,100.0,29.86,5.0,35.0,0,0,42493,106.62,0,0,43185,103.47,0,0,3,30.42,0,0,3,30.66
1785714130.534,1.8,88.1,29.86,7.0,11.0,0,0,42493,106.63,0,0,43185,103.43,0,0,3,30.47,0,0,3,30.66
1785714131.534,2.1,100.0,29.86,7.0,15.0,0,0,42493,106.58,0,0,43185,103.42,0,0,3,30.52,0,0,3,30.61
1785714132.534,1.8,100.0,29.86,6.0,12.0,0,0,42493,106.67,0,0,43185,103.42,0,0,3,30.42,0,0,3,30.61
1785714133.534,2.0,100.0,29.86,7.0,13.0,0,0,42493,106.67,0,0,43185,103.37,0,0,3,30.47,0,0,3,30.61
1785714134.534,2.0,59.0,29.85,7.0,12.0,0,0,42493,106.67,0,0,43185,103.37,0,0,3,30.52,0,0,3,30.61
1785714135.534,2.2,100.0,29.85,7.0,13.0,0,0,42493,106.76,0,0,43185,103.38,0,0,3,30.42,0,0,3,30.61
1785714136.535,3.7,67.0,29.85,7.0,14.0,0,0,42493,106.76,0,0,43185,103.40,0,0,3,30.37,0,0,3,30.61
1785714137.535,2.4,100.0,29.87,7.0,13.0,0,0,42493,106.65,0,0,43185,103.50,0,0,3,30.42,0,0,3,30.67
1785714138.535,2.1,99.0,29.87,6.0,17.0,0,0,42493,106.65,0,0,43185,103.49,0,0,3,30.47,0,0,3,30.66
1785714139.535,1.9,100.0,29.88,5.0,27.9,0,0,42493,106.62,0,0,43185,103.37,0,0,3,30.61,0,0,3,30.61
1785714140.535,2.4,52.0,29.88,7.0,29.1,0,0,42493,106.62,0,0,43185,103.42,0,0,3,30.57,0,0,3,30.61
1785714141.535,2.1,100.0,29.91,8.0,23.0,0,0,42493,106.57,0,0,43185,103.48,0,0,3,30.47,0,0,3,30.66
1785714142.535,3.2,83.0,29.92,7.0,23.0,0,0,42493,106.57,0,0,43185,103.43,0,0,3,30.52,0,0,3,30.66
1785714143.535,3.2,100.0,29.94,5.0,31.0,0,0,42493,106.62,0,0,43185,103.43,0,0,3,30.42,0,0,3,30.66
1785714144.535,2.8,100.0,29.91,4.0,36.0,0,0,42493,106.62,0,0,43185,103.43,0,0,3,30.37,0,0,3,30.66
1785714145.535,2.0,100.0,29.92,6.0,28.0,0,0,42493,106.62,0,0,43185,103.43,0,0,3,30.36,0,0,3,30.66
1785714146.536,1.9,50.5,29.94,7.0,21.0,0,0,42493,106.66,0,0,43185,103.40,0,0,3,30.42,0,0,3,30.66
1785714147.536,2.2,100.0,29.94,8.0,18.0,0,0,42493,106.67,0,0,43185,103.37,0,0,3,30.47,0,0,3,30.65
1785714148.536,2.0,57.1,29.94,6.0,23.0,0,0,42493,106.62,0,0,43185,103.42,0,0,3,30.42,0,0,3,30.66
1785714149.536,3.1,100.0,29.96,7.0,28.0,0,0,42493,106.62,0,0,43185,103.44,0,0,3,30.37,0,0,3,30.66
1785714150.536,1.9,100.0,29.96,5.0,26.0,0,0,42493,106.67,0,0,43185,103.44,0,0,3,30.42,0,0,3,30.65
1785714151.536,2.7,100.0,29.94,7.0,31.0,0,0,42493,106.67,0,0,43185,103.40,0,0,3,30.42,0,0,3,30.66
1785714152.536,2.2,75.5,29.96,7.0,15.0,0,0,42493,106.67,0,0,43185,103.39,0,0,3,30.42,0,0,3,30.66
1785714153.536,2.0,100.0,29.96,6.0,13.0,0,0,42493,106.67,0,0,43185,103.37,0,0,3,30.47,0,0,3,30.66
1785714154.536,2.1,68.3,29.95,8.0,28.1,0,0,42493,106.67,0,0,43185,103.35,0,0,3,30.47,0,0,3,30.61
1785714155.537,2.6,100.0,30.07,5.0,58.0,0,0,42493,106.67,0,0,43185,103.37,0,0,3,30.47,0,0,3,30.61
1785714156.537,3.3,100.0,30.10,24.0,62.0,0,0,42493,106.67,0,0,43185,103.40,0,0,3,30.47,0,0,3,30.61
1785714157.537,4.6,100.0,30.12,48.0,0.0,0,0,42835,134.61,0,0,43187,103.55,0,0,3,30.42,0,0,3,30.62
1785714158.537,5.1,100.0,30.12,164.9,4.0,82,73,42835,207.46,75,85,43187,206.26,0,0,3,30.37,0,0,3,30.60
1785714159.537,5.6,100.0,30.12,196.0,8.0,86,76,42835,212.33,78,88,43187,224.73,0,0,3,30.42,0,0,3,30.60
1785714160.537,4.0,99.0,30.12,193.1,8.0,84,73,42835,204.89,74,84,43187,219.99,0,0,3,30.48,0,0,3,30.67
1785714161.537,4.3,100.0,30.11,248.0,9.0,92,45,42837,173.27,87,59,43187,177.14,0,0,3,30.48,0,0,3,30.63
1785714162.537,4.2,100.0,30.11,252.0,6.0,92,45,42837,179.90,87,58,43187,190.81,0,0,3,30.47,0,0,3,30.62
1785714163.537,4.4,100.0,30.09,228.0,25.0,0,0,42837,149.68,0,0,43187,146.43,0,0,3,30.52,0,0,3,30.66
1785714164.538,3.2,99.0,29.33,94.0,1067.7,0,0,42837,117.71,0,0,43187,113.96,0,0,3,30.51,0,0,3,30.66
1785714165.538,2.3,100.0,29.52,8.0,53.0,0,0,42837,108.70,0,0,43187,105.44,0,0,3,30.47,0,0,3,30.71
1785714166.538,5.8,92.0,29.52,7.0,360.1,0,0,42837,108.18,0,0,43187,105.30,0,0,3,30.42,0,0,3,30.71
1785714167.538,2.1,100.0,29.54,7.0,32.0,0,0,42837,107.66,0,0,43187,105.15,0,0,3,30.38,0,0,3,30.66
1785714168.538,2.8,100.0,29.56,3.0,19.0,0,0,42837,107.57,0,0,43187,105.09,0,0,3,30.38,0,0,3,30.66
1785714169.538,1.9,100.0,29.57,8.0,28.0,0,0,42837,107.55,0,0,43187,105.07,0,0,3,30.42,0,0,3,30.65
1785714170.538,2.1,100.0,29.55,7.0,17.0,0,0,42837,107.54,0,0,43187,105.05,0,0,3,30.47,0,0,3,30.61
1785714171.538,2.3,98.0,29.56,8.0,16.0,0,0,42837,107.49,0,0,43187,105.00,0,0,3,30.47,0,0,3,30.61
1785714172.538,2.2,93.0,29.57,6.0,20.0,0,0,42837,107.44,0,0,43187,105.00,0,0,3,30.47,0,0,3,30.61
1785714173.538,1.9,100.0,29.57,6.0,19.0,0,0,42837,107.40,0,0,43187,105.30,0,0,3,30.42,0,0,3,30.61
1785714174.539,4.0,100.0,29.58,7.0,10.0,0,0,42837,107.44,0,0,43187,105.22,0,0,3,30.42,0,0,3,30.66
1785714175.539,2.2,100.0,29.59,5.0,23.0,0,0,42837,107.49,0,0,43187,104.93,0,0,3,30.46,0,0,3,30.66
1785714176.539,2.0,100.0,29.59,6.0,21.0,0,0,42837,107.44,0,0,43187,104.94,0,0,3,30.37,0,0,3,30.61
1785714177.539,2.9,100.0,29.59,9.0,14.0,0,0,42837,107.40,0,0,43187,104.89,0,0,3,30.37,0,0,3,30.61
1785714178.539,3.1,100.0,29.58,3.0,11.0,0,0,42837,107.40,0,0,43187,104.91,0,0,3,30.42,0,0,3,30.61
1785714179.539,3.1,100.0,29.61,4.0,10.0,0,0,42837,107.40,0,0,43187,104.86,0,0,3,30.42,0,0,3,30.57
1785714180.539,2.0,100.0,29.63,7.0,21.0,0,0,42837,107.35,0,0,43187,104.78,0,0,3,30.47,0,0,3,30.61
1785714181.539,2.2,100.0,29.63,7.0,44.0,0,0,42837,107.35,0,0,43187,104.78,0,0,3,30.42,0,0,3,30.71
1785714182.540,2.2,100.0,29.64,5.0,44.0,0,0,42837,107.40,0,0,43187,104.78,0,0,3,30.42,0,0,3,30.66
1785714183.540,2.1,95.0,29.65,8.0,12.0,0,0,42837,107.40,0,0,43187,104.78,0,0,3,30.47,0,0,3,30.65
1785714184.540,2.7,98.0,29.66,6.0,15.0,0,0,42837,107.39,0,0,43187,104.81,0,0,3,30.46,0,0,3,30.70
1785714185.540,3.6,100.0,29.66,7.0,26.0,0,0,42837,107.35,0,0,43187,104.79,0,0,3,30.42,0,0,3,30.65
1785714186.540,1.8,100.0,29.66,7.0,14.0,0,0,42837,107.30,0,0,43187,104.79,0,0,3,30.37,0,0,3,30.66
1785714187.540,2.0,100.0,29.66,6.0,12.0,0,0,42837,107.30,0,0,43187,104.79,0,0,3,30.42,0,0,3,30.66
1785714188.540,1.7,100.0,29.67,7.0,14.0,0,0,42837,107.30,0,0,43187,104.77,0,0,3,30.52,0,0,3,30.61
1785714189.540,2.2,90.0,29.65,8.0,22.0,0,0,42837,107.30,0,0,43187,104.72,0,0,3,30.47,0,0,3,30.60
1785714190.540,1.9,99.0,29.66,5.0,19.0,0,0,42837,107.25,0,0,43187,104.73,0,0,3,30.42,0,0,3,30.65
1785714191.541,2.0,100.0,29.66,7.0,9.0,0,0,42837,107.24,0,0,43187,104.73,0,0,3,30.47,0,0,3,30.61
1785714192.541,2.1,100.0,29.65,7.0,13.0,0,0,42837,107.29,0,0,43187,104.68,0,0,3,30.47,0,0,3,30.61
1785714193.541,1.9,100.0,29.64,5.0,13.0,0,0,42837,107.24,0,0,43187,104.63,0,0,3,30.46,0,0,3,30.71
1785714194.541,2.1,100.0,29.67,8.0,15.0,0,0,42837,107.17,0,0,43187,104.63,0,0,3,30.46,0,0,3,30.70
1785714195.541,1.9,90.1,29.66,6.0,24.0,0,0,42837,107.23,0,0,43187,104.73,0,0,3,30.47,0,0,3,30.65
1785714196.541,3.5,100.0,29.67,8.0,10.0,0,0,42837,107.30,0,0,43187,104.72,0,0,3,30.47,0,0,3,30.65
1785714197.541,2.6,98.0,29.67,5.0,15.0,0,0,42837,107.25,0,0,43187,104.82,0,0,3,30.46,0,0,3,30.60
1785714198.541,2.2,100.0,29.68,7.0,31.0,0,0,42837,107.20,0,0,43187,104.82,0,0,3,30.41,0,0,3,30.55
1785714199.541,1.9,100.0,29.68,8.0,15.0,0,0,42837,107.20,0,0,43187,104.68,0,0,3,30.51,0,0,3,30.61
1785714200.542,2.7,100.0,29.68,5.0,14.0,0,0,42837,107.20,0,0,43187,104.68,0,0,3,30.57,0,0,3,30.66
1785714201.542,2.1,88.0,29.66,7.0,10.0,0,0,42837,107.20,0,0,43187,104.72,0,0,3,30.47,0,0,3,30.65
1785714202.542,2.2,100.0,29.67,8.0,11.0,0,0,42837,107.20,0,0,43187,104.72,0,0,3,30.41,0,0,3,30.65
1785714203.542,1.9,90.0,29.68,6.0,10.0,0,0,42837,107.19,0,0,43187,104.66,0,0,3,30.41,0,0,3,30.65
1785714204.542,1.8,100.0,29.67,7.0,9.0,0,0,42837,107.14,0,0,43187,104.61,0,0,3,30.41,0,0,3,30.66
1785714205.542,2.0,100.0,29.67,6.0,11.0,0,0,42837,107.10,0,0,43187,104.59,0,0,3,30.42,0,0,3,30.66
1785714206.542,1.7,100.0,29.67,7.0,11.0,0,0,42837,107.19,0,0,43187,104.59,0,0,3,30.52,0,0,3,30.65
1785714207.542,2.2,47.5,29.65,8.0,31.0,0,0,42837,107.22,0,0,43187,104.57,0,0,3,30.51,0,0,3,30.65
1785714208.542,2.3,100.0,29.65,6.0,9.0,0,0,42837,107.24,0,0,43187,104.57,0,0,3,30.46,0,0,3,30.65
1785714209.543,2.5,62.0,29.68,5.0,23.0,0,0,42837,107.25,0,0,43187,104.62,0,0,3,30.47,0,0,3,30.65
1785714210.543,2.2,100.0,29.70,6.0,27.0,0,0,42837,107.25,0,0,43187,104.63,0,0,3,30.47,0,0,3,30.66
1785714211.543,2.5,66.0,29.69,7.0,20.0,0,0,42837,107.24,0,0,43187,104.55,0,0,3,30.41,0,0,3,30.66
1785714212.543,3.0,100.0,29.69,7.0,22.0,0,0,42837,107.18,0,0,43187,104.63,0,0,3,30.41,0,0,3,30.65
1785714213.543,3.2,100.0,29.72,5.0,52.0,0,0,42837,107.14,0,0,43187,104.72,0,0,3,30.47,0,0,3,30.60
1785714214.543,2.2,100.0,29.71,5.0,21.0,0,0,42837,107.15,0,0,43187,104.62,0,0,3,30.47,0,0,3,30.55
1785714215.543,2.2,59.6,29.70,8.0,10.0,0,0,42837,107.20,0,0,43187,104.57,0,0,3,30.47,0,0,3,30.60
1785714216.543,2.7,100.0,29.71,5.0,9.0,0,0,42837,107.15,0,0,43187,104.57,0,0,3,30.47,0,0,3,30.66
1785714217.543,5.2,100.0,29.70,6.0,12.0,0,0,42837,107.06,0,0,43187,104.52,0,0,3,30.42,0,0,3,30.66
1785714218.544,3.8,100.0,29.71,8.0,13.0,0,0,42837,107.10,0,0,43187,104.52,0,0,3,30.42,0,0,3,30.80
1785714219.544,3.4,67.3,29.70,6.0,12.0,0,0,42837,107.20,0,0,43187,104.55,0,0,3,30.46,0,0,3,30.75
1785714220.544,1.9,100.0,29.71,7.0,11.0,0,0,42837,107.20,0,0,43187,104.57,0,0,3,30.47,0,0,3,30.61
1785714221.544,1.8,61.4,29.73,8.0,9.0,0,0,42837,107.15,0,0,43187,104.57,0,0,3,30.47,0,0,3,30.62
1785714222.544,2.0,100.0,29.71,4.0,22.0,0,0,42837,107.10,0,0,43187,104.57,0,0,3,30.42,0,0,3,30.56
1785714223.544,1.9,100.0,29.71,7.0,18.0,0,0,42837,107.14,0,0,43187,104.59,0,0,3,30.42,0,0,3,30.55
1785714224.544,2.2,100.0,29.70,7.0,28.0,0,0,42837,107.14,0,0,43187,104.54,0,0,3,30.47,0,0,3,30.61
1785714225.544,2.2,70.3,29.70,6.0,31.0,0,0,42837,107.10,0,0,43187,104.55,0,0,3,30.46,0,0,3,30.66
1785714226.545,2.1,100.0,29.70,9.0,15.0,0,0,42837,107.15,0,0,43187,104.63,0,0,3,30.42,0,0,3,30.66
1785714227.545,1.8,69.0,29.71,6.0,9.0,0,0,42837,107.20,0,0,43187,104.57,0,0,3,30.37,0,0,3,30.65
1785714228.545,2.1,100.0,29.71,7.0,19.0,0,0,42837,107.10,0,0,43187,104.54,0,0,3,30.42,0,0,3,30.66
1785714229.545,1.8,100.0,29.71,5.0,14.0,0,0,42837,107.10,0,0,43187,104.57,0,0,3,30.47,0,0,3,30.66
1785714230.545,2.0,100.0,29.71,8.0,15.0,0,0,42837,107.10,0,0,43187,104.53,0,0,3,30.42,0,0,3,30.66
1785714231.545,2.3,96.0,29.72,6.0,28.0,0,0,42837,107.05,0,0,43187,104.52,0,0,3,30.37,0,0,3,30.66
1785714232.545,2.7,99.0,29.72,8.0,24.0,0,0,42837,107.05,0,0,43187,104.54,0,0,3,30.37,0,0,3,30.65
1785714233.545,2.2,91.0,29.72,7.0,15.0,0,0,42837,107.06,0,0,43187,104.60,0,0,3,30.37,0,0,3,30.65
1785714234.545,2.3,100.0,29.72,6.0,27.0,0,0,42837,107.06,0,0,43187,104.55,0,0,3,30.37,0,0,3,30.60
1785714235.546,3.4,100.0,29.72,7.0,12.0,0,0,42837,107.04,0,0,43187,104.86,0,0,3,30.37,0,0,3,30.55
1785714236.546,2.6,100.0,29.72,6.0,15.0,0,0,42837,107.08,0,0,43187,104.43,0,0,3,30.37,0,0,3,30.60
1785714237.546,1.9,100.0,29.71,6.0,16.0,0,0,42837,107.06,0,0,43187,103.49,0,0,3,30.52,0,0,3,30.61
1785714238.546,2.1,99.0,29.71,9.0,14.0,0,0,42837,107.01,0,0,43187,103.43,0,0,3,30.52,0,0,3,30.61
1785714239.546,2.4,93.9,29.71,6.0,12.1,0,0,42837,107.01,0,0,43187,103.51,0,0,3,30.42,0,0,3,30.65
1785714240.546,2.0,100.0,29.73,5.0,10.0,0,0,42837,107.01,0,0,43187,103.56,0,0,3,30.47,0,0,3,30.66
1785714241.546,2.1,100.0,29.73,7.0,7.0,0,0,42837,107.01,0,0,43187,103.60,0,0,3,30.47,0,0,3,30.66
1785714242.546,1.9,100.0,29.72,7.0,11.0,0,0,42837,107.06,0,0,43187,103.60,0,0,3,30.46,0,0,3,30.71
1785714243.546,2.0,100.0,29.73,4.0,12.0,0,0,42837,107.06,0,0,43187,103.55,0,0,3,30.42,0,0,3,30.71
1785714244.547,2.3,97.1,29.74,9.0,15.0,0,0,42837,107.01,0,0,43187,103.50,0,0,3,30.42,0,0,3,30.61
1785714245.547,2.4,100.0,29.75,8.0,12.0,0,0,42837,106.96,0,0,43187,103.58,0,0,3,30.47,0,0,3,30.56
1785714246.547,3.1,91.9,29.74,7.0,13.0,0,0,42837,106.96,0,0,43187,103.63,0,0,3,30.42,0,0,3,30.61
1785714247.547,3.2,100.0,29.71,6.0,13.0,0,0,42837,107.00,0,0,43187,103.63,0,0,3,30.47,0,0,3,30.66
1785714248.547,3.3,100.0,29.72,3.0,20.0,0,0,42837,107.01,0,0,43187,103.65,0,0,3,30.52,0,0,3,30.61
1785714249.547,2.1,100.0,29.71,7.0,18.0,0,0,42837,107.06,0,0,43187,103.62,0,0,3,30.42,0,0,3,30.56
1785714250.547,2.1,72.7,29.70,6.0,13.0,0,0,42837,106.99,0,0,43187,103.63,0,0,3,30.38,0,0,3,30.56
1785714251.547,2.4,100.0,29.71,9.0,13.0,0,0,42837,106.94,0,0,43187,103.61,0,0,3,30.43,0,0,3,30.56
1785714252.547,2.0,81.8,29.70,5.0,12.0,0,0,42837,107.01,0,0,43187,103.58,0,0,3,30.47,0,0,3,30.55
1785714253.548,1.8,100.0,29.70,6.0,13.0,0,0,42837,106.99,0,0,43187,103.60,0,0,3,30.42,0,0,3,30.60
1785714254.548,2.0,100.0,29.69,7.0,12.0,0,0,42837,106.99,0,0,43187,103.61,0,0,3,30.41,0,0,3,30.61
1785714255.548,1.9,100.0,29.70,6.0,12.0,0,0,42837,107.01,0,0,43187,103.64,0,0,3,30.41,0,0,3,30.57
1785714256.548,2.9,69.3,29.70,6.0,12.0,0,0,42837,107.01,0,0,43187,103.58,0,0,3,30.42,0,0,3,30.61
1785714257.548,2.9,100.0,29.70,8.0,12.0,0,0,42837,106.96,0,0,43187,103.50,0,0,3,30.47,0,0,3,30.65
1785714258.548,2.2,78.0,29.72,8.0,12.0,0,0,42837,106.91,0,0,43187,103.47,0,0,3,30.42,0,0,3,30.65
1785714259.548,1.9,100.0,29.72,6.0,11.0,0,0,42837,106.91,0,0,43187,103.49,0,0,3,30.37,0,0,3,30.60
1785714260.548,1.9,100.0,29.72,7.0,12.0,0,0,42837,107.04,0,0,43187,103.54,0,0,3,30.37,0,0,3,30.61
1785714261.548,2.2,100.0,29.73,6.0,12.0,0,0,42837,107.03,0,0,43187,103.56,0,0,3,30.41,0,0,3,30.66
1785714262.549,2.0,65.7,29.73,7.0,11.0,0,0,42837,107.02,0,0,43187,103.55,0,0,3,30.42,0,0,3,30.60
1785714263.549,2.1,100.0,29.73,7.0,13.0,0,0,42837,107.08,0,0,43187,103.50,0,0,3,30.41,0,0,3,30.55
1785714264.549,1.9,74.0,29.72,6.0,11.0,0,0,42837,106.96,0,0,43187,103.51,0,0,3,30.42,0,0,3,30.61
1785714265.549,2.2,78.0,29.72,7.0,12.0,0,0,42837,106.96,0,0,43187,103.54,0,0,3,30.37,0,0,3,30.67
1785714266.549,1.9,100.0,29.72,7.0,13.0,0,0,42837,106.96,0,0,43187,103.58,0,0,3,30.47,0,0,3,30.61
1785714267.549,1.9,100.0,29.72,7.0,17.0,0,0,42837,106.96,0,0,43187,103.56,0,0,3,30.47,0,0,3,30.56
1785714268.549,2.4,59.6,29.72,7.0,9.0,0,0,42837,107.01,0,0,43187,103.54,0,0,3,30.42,0,0,3,30.61
1785714269.549,2.6,100.0,29.74,4.0,9.0,0,0,42837,107.01,0,0,43187,103.49,0,0,3,30.47,0,0,3,30.65
1785714270.549,2.1,71.0,29.75,8.0,7.0,0,0,42837,106.90,0,0,43187,103.47,0,0,3,30.47,0,0,3,30.65
1785714271.550,1.9,53.0,29.74,6.0,11.0,0,0,42837,106.80,0,0,43187,103.47,0,0,3,30.47,0,0,3,30.65
1785714272.550,2.0,100.0,29.74,7.0,13.0,0,0,42837,106.86,0,0,43187,103.42,0,0,3,30.42,0,0,3,30.60
1785714273.550,1.7,100.0,29.73,6.0,13.0,0,0,42837,106.96,0,0,43187,103.47,0,0,3,30.42,0,0,3,30.60
1785714274.550,2.0,60.0,29.74,7.0,13.0,0,0,42837,106.96,0,0,43187,103.44,0,0,3,30.42,0,0,3,30.66
1785714275.550,2.0,100.0,29.73,8.0,14.0,0,0,42837,106.91,0,0,43187,103.46,0,0,3,30.42,0,0,3,30.66
1785714276.550,2.3,68.3,29.72,5.0,10.0,0,0,42837,106.96,0,0,43187,103.49,0,0,3,30.47,0,0,3,30.66
1785714277.550,3.4,100.0,29.71,7.0,12.0,0,0,42837,107.00,0,0,43187,103.43,0,0,3,30.42,0,0,3,30.60
1785714278.550,4.9,100.0,29.72,7.0,14.0,0,0,42837,107.01,0,0,43187,103.44,0,0,3,30.42,0,0,3,30.56
1785714279.550,3.8,100.0,29.73,7.0,13.0,0,0,42837,106.96,0,0,43187,103.51,0,0,3,30.46,0,0,3,30.62
1785714280.551,1.9,58.0,29.74,6.0,9.0,0,0,42837,106.92,0,0,43187,103.56,0,0,3,30.42,0,0,3,30.62
1785714281.551,3.1,100.0,29.75,6.0,12.0,0,0,42837,106.91,0,0,43187,103.43,0,0,3,30.42,0,0,3,30.66
1785714282.551,2.8,100.0,29.74,8.0,11.0,0,0,42837,106.92,0,0,43187,103.38,0,0,3,30.42,0,0,3,30.61
1785714283.551,2.9,100.0,29.73,5.0,12.0,0,0,42837,106.92,0,0,43187,103.43,0,0,3,30.42,0,0,3,30.51
1785714284.551,1.7,100.0,29.73,6.0,9.0,0,0,42837,106.91,0,0,43187,103.38,0,0,3,30.42,0,0,3,30.61
1785714285.551,1.7,100.0,29.75,8.0,8.0,0,0,42837,106.91,0,0,43187,103.41,0,0,3,30.38,0,0,3,30.61
1785714286.551,1.9,67.3,29.74,4.0,12.0,0,0,42837,106.91,0,0,43187,103.44,0,0,3,30.38,0,0,3,30.56
1785714287.551,2.5,100.0,29.75,7.0,14.0,0,0,42837,106.91,0,0,43187,103.40,0,0,3,30.37,0,0,3,30.62
1785714288.551,1.9,61.0,29.74,7.0,10.0,0,0,42837,106.96,0,0,43187,103.41,0,0,3,30.37,0,0,3,30.66
1785714289.552,1.7,100.0,29.75,7.0,11.0,0,0,42837,106.96,0,0,43187,103.48,0,0,3,30.37,0,0,3,30.61
1785714290.552,2.0,100.0,29.74,6.0,12.0,0,0,42837,106.91,0,0,43187,103.40,0,0,3,30.37,0,0,3,30.60
1785714291.552,2.1,100.0,29.74,6.0,15.0,0,0,42837,106.86,0,0,43187,103.42,0,0,3,30.37,0,0,3,30.61
1785714292.552,2.1,69.4,29.74,6.0,15.0,0,0,42837,106.81,0,0,43187,103.47,0,0,3,30.37,0,0,3,30.61
1785714293.552,1.9,100.0,29.74,7.0,13.0,0,0,42837,106.88,0,0,43187,103.43,0,0,3,30.37,0,0,3,30.61
1785714294.552,2.0,61.6,29.73,8.0,13.0,0,0,42837,106.94,0,0,43187,103.46,0,0,3,30.37,0,0,3,30.62
1785714295.552,1.8,100.0,29.72,6.0,14.0,0,0,42837,107.02,0,0,43187,103.46,0,0,3,30.37,0,0,3,30.61
1785714296.552,3.5,100.0,29.73,6.0,14.0,0,0,42837,106.99,0,0,43187,103.40,0,0,3,30.42,0,0,3,30.61
1785714297.553,3.0,100.0,29.76,7.0,15.0,0,0,42837,106.90,0,0,43187,103.32,0,0,3,30.42,0,0,3,30.60
1785714298.553,1.9,70.7,29.75,7.0,12.0,0,0,42837,106.91,0,0,43187,103.40,0,0,3,30.37,0,0,3,30.55
1785714299.553,3.0,100.0,29.80,6.0,12.0,0,0,42837,106.96,0,0,43187,103.45,0,0,3,30.52,0,0,3,30.60
1785714300.553,2.0,70.0,29.79,7.0,14.0,0,0,42837,107.01,0,0,43187,103.38,0,0,3,30.52,0,0,3,30.60
1785714301.553,2.1,100.0,29.79,6.0,13.0,0,0,42837,106.96,0,0,43187,103.38,0,0,3,30.37,0,0,3,30.55
1785714302.553,3.0,100.0,29.81,5.0,13.0,0,0,42837,106.84,0,0,43187,103.40,0,0,3,47.90,0,0,3,31.04
1785714304.038,2.8,100.0,29.78,4.0,13.5,0,0,42837,106.84,0,0,43187,103.40,0,0,3,47.90,0,0,3,31.04
1785714305.038,3.1,50.0,29.84,9.0,12.9,0,0,42837,106.84,0,0,43187,103.39,0,0,3,65.52,0,0,3,47.89
1785714306.038,4.1,100.0,30.17,7.0,14.0,0,0,42854,106.84,0,0,43187,103.46,0,0,3,48.09,0,0,3,30.83
1785714307.038,4.9,83.8,30.63,7.0,17.0,0,0,43104,106.98,0,0,43454,103.69,0,0,19,36.06,0,0,3,30.69
1785714308.039,3.0,100.0,30.97,5.0,21.0,0,0,43104,106.97,0,0,43454,103.57,0,0,271,93.29,0,0,271,58.79
1785714309.039,2.8,77.0,30.00,6.0,21.0,0,0,42837,107.02,0,0,43187,103.63,0,0,3,100.16,0,0,3,101.47
1785714310.039,2.5,66.0,30.04,7.0,12.0,0,0,42837,107.02,0,0,43187,103.72,0,0,3,100.32,0,0,3,101.61
1785714311.039,2.6,52.5,30.08,6.0,14.0,0,0,42837,106.86,0,0,43187,103.47,0,0,3,62.26,0,0,3,65.29
1785714312.039,3.1,100.0,30.10,9.0,16.0,0,0,42837,106.87,0,0,43187,103.44,0,0,3,44.67,0,0,3,46.61
1785714313.039,3.2,53.5,29.91,6.0,10.0,0,0,42837,106.91,0,0,43187,103.46,0,0,3,30.81,0,0,3,31.15
1785714314.039,2.2,100.0,29.91,5.0,13.0,0,0,42837,106.91,0,0,43187,103.44,0,0,3,30.71,0,0,3,30.85
1785714315.039,1.9,100.0,29.88,5.0,13.0,0,0,42837,106.90,0,0,43187,103.43,0,0,3,30.66,0,0,3,30.86
1785714316.039,2.2,100.0,29.85,7.0,13.0,0,0,42837,106.90,0,0,43187,103.42,0,0,3,30.61,0,0,3,30.75
1785714317.039,5.7,100.0,29.84,6.0,16.0,0,0,42837,106.89,0,0,43187,103.45,0,0,3,30.61,0,0,3,30.75
1785714318.040,3.3,100.0,29.84,4.0,23.0,0,0,42837,106.90,0,0,43187,103.47,0,0,3,30.57,0,0,3,30.70
1785714319.040,2.4,52.0,29.83,6.0,14.0,0,0,42837,106.91,0,0,43187,103.44,0,0,3,30.52,0,0,3,30.70
1785714320.040,2.0,100.0,29.83,6.0,13.0,0,0,42837,106.91,0,0,43187,103.41,0,0,3,30.52,0,0,3,30.71
1785714321.040,1.8,100.0,29.82,7.0,8.0,0,0,42837,106.91,0,0,43187,103.48,0,0,3,30.52,0,0,3,30.67
1785714322.040,2.3,100.0,29.81,7.0,7.0,0,0,42837,106.96,0,0,43187,103.51,0,0,3,30.56,0,0,3,30.66
1785714323.040,1.8,56.4,29.82,6.0,7.0,0,0,42837,107.01,0,0,43187,103.53,0,0,3,30.57,0,0,3,30.65
1785714324.040,2.1,100.0,29.81,6.0,8.0,0,0,42837,106.97,0,0,43187,103.54,0,0,3,30.56,0,0,3,30.66
1785714325.040,1.9,66.0,29.82,9.0,21.0,0,0,42837,106.86,0,0,43187,103.46,0,0,3,30.57,0,0,3,30.66
1785714326.040,2.3,100.0,29.81,7.0,13.0,0,0,42837,106.85,0,0,43187,103.44,0,0,3,30.52,0,0,3,30.65
1785714327.041,1.9,100.0,29.80,7.0,14.0,0,0,42837,106.86,0,0,43187,103.40,0,0,3,30.47,0,0,3,30.70
1785714328.041,2.2,100.0,29.81,6.0,16.0,0,0,42837,106.86,0,0,43187,103.38,0,0,3,30.47,0,0,3,30.70
1785714329.041,2.2,74.0,29.80,6.0,14.0,0,0,42837,106.96,0,0,43187,103.43,0,0,3,30.47,0,0,3,30.66
1785714330.041,2.9,100.0,29.83,6.0,15.0,0,0,42837,106.96,0,0,43187,103.41,0,0,3,30.52,0,0,3,30.67
1785714331.041,2.2,74.0,29.84,8.0,15.0,0,0,42837,106.86,0,0,43187,103.41,0,0,3,30.61,0,0,3,30.76
1785714332.041,2.1,82.0,29.82,5.0,13.0,0,0,42837,106.86,0,0,43187,103.51,0,0,3,30.57,0,0,3,30.72
1785714333.041,2.0,100.0,29.81,6.0,14.0,0,0,42837,106.91,0,0,43187,103.51,0,0,3,30.47,0,0,3,30.61
1785714334.041,2.1,100.0,29.77,6.0,14.0,0,0,42837,106.91,0,0,43187,103.41,0,0,3,30.42,0,0,3,30.66
1785714335.041,2.1,100.0,29.78,5.0,15.0,0,0,42837,106.91,0,0,43187,103.35,0,0,3,30.42,0,0,3,30.67
1785714336.042,1.9,98.0,29.79,8.0,14.0,0,0,42837,106.90,0,0,43187,103.40,0,0,3,30.52,0,0,3,30.71
1785714337.042,2.9,95.0,29.79,8.0,11.0,0,0,42837,106.90,0,0,43187,103.43,0,0,3,30.51,0,0,3,30.75
1785714338.042,3.9,100.0,29.77,7.0,16.0,0,0,42837,106.92,0,0,43187,103.48,0,0,3,30.46,0,0,3,30.71
1785714339.042,5.3,100.0,29.78,6.0,11.0,0,0,42837,106.96,0,0,43187,103.43,0,0,3,30.52,0,0,3,30.66
1785714340.042,2.0,100.0,29.79,5.0,10.0,0,0,42837,106.96,0,0,43187,103.31,0,0,3,30.52,0,0,3,30.65
1785714341.042,1.7,75.0,29.79,8.0,10.0,0,0,42837,106.96,0,0,43187,103.38,0,0,3,30.52,0,0,3,30.66
1785714342.042,2.1,96.0,29.79,6.0,10.0,0,0,42837,106.91,0,0,43187,103.40,0,0,3,30.51,0,0,3,30.71
1785714343.042,1.8,96.0,29.77,6.0,13.0,0,0,42837,106.86,0,0,43187,103.42,0,0,3,30.41,0,0,3,30.70
1785714344.042,2.0,100.0,29.78,8.0,12.0,0,0,42837,106.91,0,0,43187,103.42,0,0,3,30.42,0,0,3,30.65
1785714345.043,2.2,100.0,29.78,5.0,10.0,0,0,42837,106.91,0,0,43187,103.42,0,0,3,30.52,0,0,3,30.65
1785714346.043,2.2,100.0,29.79,7.0,10.0,0,0,42837,106.96,0,0,43187,103.52,0,0,3,30.57,0,0,3,30.65
1785714347.043,2.1,100.0,29.79,6.0,12.0,0,0,42837,106.96,0,0,43187,103.45,0,0,3,30.52,0,0,3,30.66
1785714348.043,2.0,94.0,29.78,7.0,12.0,0,0,42837,106.91,0,0,43187,103.48,0,0,3,30.47,0,0,3,30.66
1785714349.043,2.1,100.0,29.77,8.0,14.0,0,0,42837,106.86,0,0,43187,103.48,0,0,3,30.52,0,0,3,30.65
1785714350.043,2.1,97.0,29.79,6.0,32.0,0,0,42837,106.86,0,0,43187,103.40,0,0,3,30.52,0,0,3,30.66
1785714351.043,3.0,100.0,29.81,7.0,18.0,0,0,42837,106.96,0,0,43187,103.37,0,0,3,30.47,0,0,3,30.66
1785714352.043,2.9,100.0,29.81,5.0,13.0,0,0,42837,106.96,0,0,43187,103.32,0,0,3,30.47,0,0,3,30.61
1785714353.045,5.5,100.0,29.81,5.0,242.1,0,0,42837,106.91,0,0,43187,103.30,0,0,3,30.47,0,0,3,30.61
1785714354.045,4.9,73.3,29.82,6.0,270.4,0,0,42837,106.93,0,0,43187,103.32,0,0,3,30.47,0,0,3,30.66
1785714355.045,2.1,100.0,29.81,6.0,19.0,0,0,42837,106.95,0,0,43187,103.35,0,0,3,30.52,0,0,3,30.71
1785714356.045,2.1,68.0,29.82,9.0,16.0,0,0,42837,106.91,0,0,43187,103.40,0,0,3,30.61,0,0,3,30.80
1785714357.045,2.1,100.0,29.82,5.0,26.0,0,0,42837,106.94,0,0,43187,103.41,0,0,3,30.57,0,0,3,30.76
1785714358.045,4.2,100.0,29.82,7.0,19.0,0,0,42837,106.94,0,0,43187,103.46,0,0,3,30.42,0,0,3,30.67
1785714359.045,1.9,100.0,29.83,6.0,11.0,0,0,42837,106.90,0,0,43187,103.47,0,0,3,30.42,0,0,3,30.66
1785714360.045,2.5,58.6,29.86,5.0,7.0,0,0,42837,106.86,0,0,43187,103.38,0,0,3,30.42,0,0,3,30.65
1785714361.045,2.0,100.0,29.87,6.0,9.0,0,0,42837,106.86,0,0,43187,103.33,0,0,3,30.37,0,0,3,30.65
1785714362.045,2.8,53.0,29.88,8.0,7.0,0,0,42837,106.91,0,0,43187,103.45,0,0,3,30.37,0,0,3,30.65
1785714363.046,1.8,100.0,29.87,6.0,9.0,0,0,42837,106.92,0,0,43187,103.60,0,0,3,30.37,0,0,3,30.66
1785714364.046,2.1,100.0,29.86,5.0,23.0,0,0,42837,106.97,0,0,43187,103.47,0,0,3,30.42,0,0,3,30.61
1785714365.046,2.3,69.0,29.85,8.0,32.0,0,0,42837,106.95,0,0,43187,103.53,0,0,3,30.47,0,0,3,30.61
1785714366.046,2.2,60.0,29.85,7.0,29.0,0,0,42837,106.91,0,0,43187,103.56,0,0,3,30.47,0,0,3,30.66
1785714367.046,3.0,100.0,29.86,7.0,19.0,0,0,42837,106.91,0,0,43187,103.55,0,0,3,30.42,0,0,3,30.65
1785714368.046,2.6,54.0,29.86,6.0,28.0,0,0,42837,106.91,0,0,43187,103.50,0,0,3,30.42,0,0,3,30.65
1785714369.046,2.0,100.0,29.88,7.0,21.0,0,0,42837,106.86,0,0,43187,103.32,0,0,3,30.42,0,0,3,30.66
1785714370.046,1.9,100.0,29.86,6.0,20.0,0,0,42837,106.81,0,0,43187,103.40,0,0,3,30.42,0,0,3,30.61
1785714371.046,2.1,100.0,29.87,6.0,22.0,0,0,42837,106.86,0,0,43187,103.40,0,0,3,30.42,0,0,3,30.56
1785714372.047,2.3,61.0,29.88,7.0,20.0,0,0,42837,106.96,0,0,43187,103.37,0,0,3,30.37,0,0,3,30.56
1785714373.047,2.2,100.0,29.85,8.0,37.0,0,0,42837,106.96,0,0,43187,103.37,0,0,3,30.37,0,0,3,30.55
1785714374.047,2.1,61.0,29.87,7.0,36.0,0,0,42837,106.91,0,0,43187,103.37,0,0,3,30.42,0,0,3,30.61
1785714375.047,2.0,100.0,29.87,6.0,19.0,0,0,42837,106.96,0,0,43187,103.36,0,0,3,30.42,0,0,3,30.66
1785714376.047,2.1,100.0,29.86,6.0,24.0,0,0,42837,106.96,0,0,43187,103.37,0,0,3,30.42,0,0,3,30.66
1785714377.047,3.1,100.0,29.88,6.0,28.0,0,0,42837,106.91,0,0,43187,103.37,0,0,3,30.47,0,0,3,30.61
1785714378.047,2.9,69.3,29.88,7.0,30.0,0,0,42837,106.96,0,0,43187,103.36,0,0,3,30.47,0,0,3,30.60
1785714379.047,2.6,100.0,29.89,6.0,36.0,0,0,42837,106.99,0,0,43187,103.37,0,0,3,30.42,0,0,3,30.65
1785714380.047,2.4,68.7,29.89,7.0,49.0,0,0,42837,106.94,0,0,43187,103.29,0,0,3,30.42,0,0,3,30.65
1785714381.048,7.3,100.0,29.92,5.0,508.9,0,0,42837,106.89,0,0,43187,103.30,0,0,3,30.47,0,0,3,30.65
1785714382.048,2.4,100.0,29.91,8.0,14.0,0,0,42837,106.84,0,0,43187,103.36,0,0,3,30.46,0,0,3,30.60
1785714383.048,1.8,100.0,29.91,5.0,12.0,0,0,42837,106.85,0,0,43187,103.58,0,0,3,30.51,0,0,3,30.60
1785714384.048,2.0,96.0,29.91,6.0,14.0,0,0,42837,106.90,0,0,43187,103.55,0,0,3,30.46,0,0,3,30.65
1785714385.048,1.9,61.0,29.90,9.0,14.0,0,0,42837,106.91,0,0,43187,103.55,0,0,3,30.46,0,0,3,30.60
1785714386.048,2.8,88.0,29.90,6.0,15.0,0,0,42837,106.89,0,0,43187,103.55,0,0,3,30.51,0,0,3,30.55
1785714387.048,2.9,100.0,29.89,4.0,15.0,0,0,42837,106.90,0,0,43187,103.55,0,0,3,30.41,0,0,3,30.61
1785714388.048,2.8,100.0,29.90,4.0,15.0,0,0,42837,106.86,0,0,43187,103.55,0,0,3,30.46,0,0,3,30.62
1785714389.048,2.3,100.0,29.89,7.0,14.0,0,0,42837,106.86,0,0,43187,103.36,0,0,3,30.51,0,0,3,30.61
1785714390.048,2.8,98.0,29.91,6.0,18.0,0,0,42837,106.91,0,0,43187,103.42,0,0,3,30.42,0,0,3,30.65
1785714391.049,2.3,99.0,29.94,6.0,28.0,0,0,42837,106.91,0,0,43187,103.40,0,0,3,30.37,0,0,3,30.65
1785714392.049,2.3,90.9,29.93,5.0,19.0,0,0,42837,106.91,0,0,43187,103.36,0,0,3,30.42,0,0,3,30.60
1785714393.049,2.1,72.3,29.94,6.0,28.0,0,0,42837,106.91,0,0,43187,103.38,0,0,3,30.47,0,0,3,30.60
1785714394.049,2.7,100.0,29.93,9.0,30.0,0,0,42837,106.91,0,0,43187,103.36,0,0,3,30.46,0,0,3,30.65
1785714395.049,2.2,100.0,29.93,6.0,24.0,0,0,42837,106.90,0,0,43187,103.36,0,0,3,30.47,0,0,3,30.65
1785714396.049,2.2,99.0,29.95,5.0,39.0,0,0,42837,106.90,0,0,43187,103.36,0,0,3,30.47,0,0,3,30.60
1785714397.049,3.0,100.0,29.96,8.0,32.0,0,0,42837,106.96,0,0,43187,103.33,0,0,3,30.52,0,0,3,30.65
1785714398.049,4.1,98.0,29.97,7.0,30.0,0,0,42837,106.91,0,0,43187,103.33,0,0,3,30.52,0,0,3,30.70
1785714399.049,4.5,100.0,29.97,6.0,40.0,0,0,42837,106.86,0,0,43187,103.36,0,0,3,30.42,0,0,3,30.60
1785714400.050,3.6,100.0,29.98,6.0,13.0,0,0,42837,106.91,0,0,43187,103.55,0,0,3,30.42,0,0,3,30.56
1785714401.050,2.1,100.0,29.97,6.0,19.0,0,0,42837,106.90,0,0,43187,103.56,0,0,3,30.46,0,0,3,30.56
1785714402.050,2.3,100.0,29.95,8.0,13.0,0,0,42837,106.90,0,0,43187,103.47,0,0,3,30.46,0,0,3,30.60
1785714403.050,2.1,73.0,29.94,5.0,12.0,0,0,42837,106.91,0,0,43187,103.45,0,0,3,30.46,0,0,3,30.66
1785714404.050,1.9,100.0,29.95,8.0,13.0,0,0,42837,106.91,0,0,43187,103.48,0,0,3,30.41,0,0,3,30.62
1785714405.050,2.1,74.0,29.96,7.0,14.0,0,0,42837,106.90,0,0,43187,103.43,0,0,3,30.41,0,0,3,30.61
1785714406.050,2.0,100.0,29.95,5.0,16.0,0,0,42837,106.93,0,0,43187,103.31,0,0,3,30.46,0,0,3,30.65
1785714407.050,1.9,100.0,29.95,7.0,19.0,0,0,42837,106.94,0,0,43187,103.31,0,0,3,30.42,0,0,3,30.65
1785714408.050,2.1,100.0,29.95,6.0,34.0,0,0,42837,106.91,0,0,43187,103.32,0,0,3,30.46,0,0,3,30.66
1785714409.051,2.1,53.0,29.95,7.0,30.0,0,0,42837,106.85,0,0,43187,103.32,0,0,3,30.51,0,0,3,30.66
1785714410.051,2.9,100.0,29.97,7.0,23.0,0,0,42837,106.85,0,0,43187,103.32,0,0,3,30.47,0,0,3,30.55
1785714411.051,2.4,54.0,29.98,6.0,18.0,0,0,42837,106.91,0,0,43187,103.33,0,0,3,30.42,0,0,3,30.50
1785714412.051,2.0,100.0,30.00,7.0,18.0,0,0,42837,106.91,0,0,43187,103.33,0,0,3,30.37,0,0,3,30.56
1785714413.051,1.8,100.0,30.01,5.0,17.0,0,0,42837,106.92,0,0,43187,103.33,0,0,3,30.37,0,0,3,30.56
1785714414.051,2.2,81.0,29.99,6.0,26.0,0,0,42837,106.92,0,0,43187,103.37,0,0,3,30.37,0,0,3,30.56
1785714415.051,2.0,54.0,30.00,8.0,26.0,0,0,42837,106.91,0,0,43187,103.43,0,0,3,30.42,0,0,3,30.60
1785714416.051,2.2,100.0,30.01,6.0,15.0,0,0,42837,106.91,0,0,43187,103.45,0,0,3,30.42,0,0,3,30.65
1785714417.052,1.9,52.0,30.02,7.0,16.0,0,0,42837,106.91,0,0,43187,103.37,0,0,3,30.42,0,0,3,30.60
1785714418.052,2.2,83.0,30.03,6.0,19.0,0,0,42837,106.91,0,0,43187,103.31,0,0,3,30.42,0,0,3,30.55
1785714419.052,4.2,100.0,30.02,4.0,14.1,0,0,42837,106.91,0,0,43187,103.43,0,0,3,30.37,0,0,3,30.55
1785714420.052,2.8,54.0,30.04,8.0,23.9,0,0,42837,106.91,0,0,43187,103.44,0,0,3,30.37,0,0,3,30.61
1785714421.052,3.1,82.0,30.16,4.0,58.0,0,0,42837,106.96,0,0,43187,103.40,0,0,3,30.37,0,0,3,30.61
1785714422.052,4.6,100.0,30.45,5.0,62.0,0,0,42837,107.01,0,0,43187,103.40,0,0,3,30.37,0,0,3,30.61
1785714423.052,3.5,69.0,30.71,5.0,50.0,0,0,42837,106.96,0,0,43187,103.35,0,0,3,30.37,0,0,3,30.61
1785714424.052,3.0,100.0,31.45,7.0,84.0,0,0,42837,106.91,0,0,43187,103.35,0,0,3,30.37,0,0,3,30.61
1785714425.052,2.5,100.0,31.44,5.0,99.0,0,0,42837,106.86,0,0,43187,103.31,0,0,3,30.42,0,0,3,30.61
1785714426.052,3.4,100.0,31.63,7.0,101.0,0,0,42837,106.85,0,0,43187,103.40,0,0,3,30.47,0,0,3,30.56
1785714427.053,2.9,90.1,31.54,37.0,84.0,86,52,42837,126.58,85,50,43187,111.84,0,0,3,30.46,0,0,3,30.56
1785714428.053,5.6,100.0,31.53,195.9,7.0,83,72,42837,208.37,74,84,43187,219.43,0,0,3,30.42,0,0,3,30.62
1785714429.053,3.9,99.0,31.54,193.0,8.0,83,73,42837,209.33,73,83,43187,217.57,0,0,3,30.47,0,0,3,30.76
1785714430.053,3.5,100.0,31.54,191.0,7.0,83,71,42837,209.66,76,86,43187,219.26,0,0,3,30.48,0,0,3,30.72
1785714431.053,3.8,100.0,31.54,186.0,8.0,90,77,42837,220.83,79,90,43187,225.14,0,0,3,30.38,0,0,3,30.57
1785714432.053,3.5,100.0,31.53,184.0,7.0,87,76,42837,222.49,76,87,43187,235.05,0,0,3,30.37,0,0,3,30.62
1785714433.053,3.7,99.0,31.53,186.0,8.0,87,77,42837,217.28,79,90,43187,225.88,0,0,3,30.37,0,0,3,30.62
1785714434.053,3.6,100.0,31.53,184.0,7.0,89,79,42837,220.40,81,92,43187,232.66,0,0,3,30.42,0,0,3,30.57
1785714435.053,4.0,99.0,31.51,185.0,7.0,87,78,42837,222.06,77,87,43187,235.27,0,0,3,30.42,0,0,3,30.57
1785714436.053,3.5,100.0,31.50,184.0,9.0,87,76,42837,221.43,77,88,43187,230.78,0,0,3,30.37,0,0,3,30.57
1785714437.054,5.1,100.0,31.50,198.0,5.0,0,0,42837,176.95,0,0,43187,196.89,0,0,3,30.42,0,0,3,30.57
1785714438.054,3.9,100.0,31.50,227.0,2.0,93,47,42837,159.82,90,59,43187,159.29,0,0,3,30.47,0,0,3,30.61
1785714439.054,5.1,100.0,31.50,238.0,2.0,92,46,42837,177.96,90,55,43187,175.23,0,0,3,30.46,0,0,3,30.60
1785714440.054,4.1,99.0,31.49,244.0,4.0,92,50,42837,184.38,89,56,43187,178.43,0,0,3,30.46,0,0,3,30.61
1785714441.054,4.3,100.0,31.48,239.8,2.0,91,47,42837,174.34,86,55,43187,191.09,0,0,3,30.47,0,0,3,30.61
1785714442.054,4.5,96.0,31.44,253.0,5.0,92,48,42837,165.43,87,56,43187,200.94,0,0,3,30.42,0,0,3,30.55
1785714443.054,5.0,100.0,31.45,240.0,4.0,95,40,42837,177.81,90,58,43187,192.04,0,0,3,30.36,0,0,3,30.56
1785714444.054,4.1,99.0,31.42,240.0,4.0,92,49,42837,178.69,89,56,43187,168.56,0,0,3,30.36,0,0,3,30.61
1785714445.054,4.3,99.0,31.42,240.0,4.0,92,48,42837,170.62,90,57,43187,181.47,0,0,3,30.42,0,0,3,30.65
1785714446.054,4.0,99.0,31.42,242.0,4.0,92,48,42837,191.17,90,56,43187,183.34,0,0,3,30.41,0,0,3,30.60
1785714447.054,4.2,99.0,31.40,243.0,4.0,92,48,42837,172.43,90,56,43187,189.52,0,0,3,30.37,0,0,3,30.56
1785714448.055,4.1,99.0,31.41,243.0,4.0,92,48,42837,187.48,87,55,43187,174.50,0,0,3,30.41,0,0,3,30.55
1785714449.055,4.5,100.0,31.39,241.0,5.0,92,48,42837,170.73,90,54,43187,184.77,0,0,3,30.45,0,0,3,30.60
1785714450.055,4.3,100.0,31.40,239.0,4.0,92,48,42837,184.76,90,56,43187,179.63,0,0,3,30.50,0,0,3,30.59
1785714451.055,4.9,100.0,31.39,242.0,4.0,94,50,42837,180.31,90,56,43187,176.43,0,0,3,30.50,0,0,3,30.59
1785714452.055,4.3,96.0,31.37,239.0,5.0,92,48,42837,168.87,90,56,43187,190.13,0,0,3,30.45,0,0,3,30.60
1785714453.055,4.2,100.0,31.35,237.0,4.0,92,49,42837,176.93,90,57,43187,180.55,0,0,3,30.45,0,0,3,30.55
1785714454.055,4.0,99.0,31.35,241.0,3.0,92,48,42837,182.42,90,56,43187,184.43,0,0,3,30.40,0,0,3,30.55
1785714455.055,4.3,100.0,31.34,241.0,4.0,92,48,42837,180.34,90,57,43187,184.08,0,0,3,30.41,0,0,3,30.56
1785714456.055,5.0,100.0,31.34,241.0,4.0,93,47,42837,184.87,90,57,43187,174.57,0,0,3,30.42,0,0,3,30.56
1785714457.055,6.1,100.0,31.34,236.0,4.0,92,47,42837,172.16,90,58,43187,182.88,0,0,3,30.36,0,0,3,30.60
1785714458.055,6.5,99.0,31.34,240.0,2.0,93,47,42837,174.54,90,57,43187,183.87,0,0,3,30.36,0,0,3,30.61
1785714459.056,6.6,100.0,31.33,239.0,3.0,93,47,42837,179.68,90,55,43187,178.23,0,0,3,30.42,0,0,3,30.56
1785714460.056,5.1,98.0,31.33,242.0,4.0,93,49,42837,205.86,90,55,43187,195.97,0,0,3,30.47,0,0,3,30.60
1785714461.056,4.8,100.0,31.33,241.0,3.0,93,49,42837,170.51,90,56,43187,182.74,0,0,3,30.42,0,0,3,30.65
1785714462.056,4.3,100.0,31.33,239.0,5.0,95,50,42837,181.51,87,55,43187,186.05,0,0,3,30.47,0,0,3,30.70
1785714463.056,4.1,100.0,31.31,240.0,3.0,92,49,42837,184.35,90,57,43187,177.95,0,0,3,30.51,0,0,3,30.71
1785714464.056,4.1,99.0,31.29,239.0,4.0,91,48,42837,173.03,90,58,43187,183.54,0,0,3,30.42,0,0,3,30.66
1785714465.056,4.0,100.0,31.29,239.0,3.0,92,49,42837,172.66,88,55,43187,186.65,0,0,3,30.37,0,0,3,30.60
1785714466.056,4.1,99.0,31.30,238.0,3.0,93,48,42837,179.73,90,59,43187,182.28,0,0,3,30.37,0,0,3,30.55
1785714467.056,4.0,100.0,31.29,241.0,3.0,92,48,42837,176.69,90,57,43187,180.48,0,0,3,30.42,0,0,3,30.55
1785714468.056,4.1,100.0,31.27,237.0,4.0,92,48,42837,173.47,90,56,43187,184.80,0,0,3,30.42,0,0,3,30.56
1785714469.056,4.4,100.0,31.27,240.0,4.0,93,49,42837,183.04,88,55,43187,192.38,0,0,3,30.42,0,0,3,30.71
1785714470.056,4.0,99.0,31.28,241.0,4.0,93,49,42837,198.24,89,55,43187,175.23,0,0,3,30.46,0,0,3,30.75
1785714471.057,4.5,100.0,31.26,237.0,2.0,92,49,42837,177.08,88,55,43187,182.91,0,0,3,30.42,0,0,3,30.61
1785714472.057,4.1,99.0,31.26,242.0,4.0,92,48,42837,198.98,90,55,43187,189.28,0,0,3,30.37,0,0,3,30.56
1785714473.057,4.2,100.0,31.25,241.0,3.0,92,47,42837,178.71,90,55,43187,180.97,0,0,3,30.41,0,0,3,30.60
1785714474.057,4.0,100.0,31.24,234.0,3.0,92,47,42837,176.08,90,55,43187,181.33,0,0,3,30.47,0,0,3,30.61
1785714475.057,4.6,100.0,31.21,239.0,2.0,91,47,42837,173.89,90,57,43187,180.88,0,0,3,30.47,0,0,3,30.61
1785714476.057,4.0,99.0,31.20,235.0,3.0,92,49,42837,173.76,89,56,43187,186.97,0,0,3,30.42,0,0,3,30.65
1785714477.057,4.4,100.0,31.21,236.0,1.0,90,48,42837,175.94,90,58,43187,180.78,0,0,3,30.42,0,0,3,30.61
1785714478.057,4.1,100.0,31.20,240.0,2.0,92,49,42837,169.55,89,54,43187,199.87,0,0,3,30.41,0,0,3,30.60
1785714479.057,4.3,100.0,31.22,235.9,3.0,93,36,42837,174.69,87,55,43187,194.04,0,0,3,30.41,0,0,3,30.65
1785714480.057,6.2,100.0,31.20,237.1,2.0,93,51,42837,173.06,90,55,43187,184.68,0,0,3,30.50,0,0,3,30.60
1785714481.058,4.8,100.0,31.20,239.0,3.0,93,47,42837,174.61,90,58,43187,181.67,0,0,3,30.50,0,0,3,30.59
1785714482.058,4.3,100.0,31.18,238.0,3.0,93,50,42837,172.23,90,54,43187,190.78,0,0,3,30.41,0,0,3,30.64
1785714483.058,4.3,99.0,31.17,238.0,1.0,92,48,42837,179.99,90,55,43187,180.25,0,0,3,30.37,0,0,3,30.65
1785714484.058,4.0,99.0,31.16,238.0,3.0,95,47,42837,173.56,93,58,43187,189.37,0,0,3,30.42,0,0,3,30.65
1785714485.058,4.2,100.0,31.15,242.0,3.0,92,47,42837,184.01,90,55,43187,193.88,0,0,3,30.41,0,0,3,30.66
1785714486.058,4.0,100.0,31.15,238.0,3.0,91,47,42837,173.41,89,56,43187,187.25,0,0,3,30.41,0,0,3,30.65
1785714487.058,4.3,100.0,31.13,240.0,3.0,97,27,42837,190.32,90,58,43187,197.87,0,0,3,30.42,0,0,3,30.65
1785714488.058,4.4,100.0,31.12,242.0,4.0,92,51,42837,186.15,87,48,43187,180.88,0,0,3,30.37,0,0,3,30.60
1785714489.058,5.2,100.0,31.12,239.0,4.0,98,38,42837,184.97,90,55,43187,200.54,0,0,3,30.36,0,0,3,30.60
1785714490.058,4.1,100.0,31.13,239.0,3.0,92,47,42837,174.45,90,57,43187,186.13,0,0,3,30.36,0,0,3,30.65
1785714491.058,5.7,100.0,31.13,242.0,4.0,92,49,42837,168.39,90,57,43187,204.49,0,0,3,30.41,0,0,3,30.65
1785714492.059,5.0,100.0,31.12,239.0,4.0,94,54,42837,193.90,95,38,43187,182.76,0,0,3,30.45,0,0,3,30.64
1785714493.059,4.5,100.0,31.11,243.0,3.0,93,50,42837,195.18,90,58,43187,189.12,0,0,3,30.45,0,0,3,30.63
1785714494.059,4.0,99.0,31.10,238.0,4.0,93,50,42837,176.69,90,57,43187,186.99,0,0,3,30.46,0,0,3,30.64
1785714495.059,4.3,100.0,31.07,240.0,4.0,93,50,42837,174.68,90,58,43187,188.06,0,0,3,30.46,0,0,3,30.60
1785714496.059,4.5,100.0,31.07,239.0,3.0,91,48,42837,176.00,90,57,43187,186.74,0,0,3,30.45,0,0,3,30.55
1785714497.059,5.2,100.0,31.07,238.0,3.0,91,49,42837,173.70,90,58,43187,187.00,0,0,3,30.45,0,0,3,30.59
1785714498.059,4.3,100.0,31.07,237.0,3.0,92,49,42837,173.66,90,57,43187,187.39,0,0,3,30.40,0,0,3,30.65
1785714499.059,4.1,100.0,31.09,238.0,3.0,91,48,42837,187.86,90,58,43187,187.99,0,0,3,30.40,0,0,3,30.59
1785714500.059,4.8,100.0,31.10,240.0,2.0,91,49,42837,190.32,90,58,43187,195.79,0,0,3,30.41,0,0,3,30.60
1785714501.059,3.9,100.0,31.10,235.0,2.0,93,50,42837,172.77,90,55,43187,187.99,0,0,3,30.41,0,0,3,30.66
1785714502.060,4.7,99.0,31.09,243.0,4.0,93,49,42837,185.16,90,56,43187,199.68,0,0,3,30.41,0,0,3,30.65
1785714503.060,4.0,100.0,31.08,238.0,2.0,93,49,42837,178.37,90,56,43187,186.00,0,0,3,30.41,0,0,3,30.70
1785714504.060,4.3,100.0,31.07,241.0,4.0,97,29,42837,172.12,89,56,43187,189.79,0,0,3,30.42,0,0,3,30.70
1785714505.060,4.0,100.0,31.06,238.0,3.0,93,48,42837,174.79,90,57,43187,183.45,0,0,3,30.37,0,0,3,30.60
1785714506.060,4.5,100.0,31.05,239.0,2.0,93,48,42837,179.35,90,55,43187,185.09,0,0,3,30.36,0,0,3,30.57
1785714507.060,4.4,100.0,31.05,236.0,4.0,92,48,42837,178.32,90,57,43187,196.90,0,0,3,30.41,0,0,3,30.62
1785714508.060,4.3,100.0,31.02,240.0,2.0,93,48,42837,178.42,91,55,43187,187.64,0,0,3,30.47,0,0,3,30.65
1785714509.060,4.3,100.0,31.01,237.0,4.0,93,49,42837,176.70,91,56,43187,180.30,0,0,3,30.47,0,0,3,30.65
1785714510.060,4.6,100.0,31.02,238.0,3.0,92,52,42837,186.62,90,56,43187,185.62,0,0,3,30.47,0,0,3,30.66
1785714511.060,4.2,100.0,31.03,238.0,2.0,93,49,42837,180.95,89,56,43187,187.09,0,0,3,30.41,0,0,3,30.59
1785714512.061,4.5,99.0,31.02,236.0,3.0,92,49,42837,179.83,90,57,43187,184.45,0,0,3,30.41,0,0,3,30.65
1785714513.061,4.0,100.0,31.01,239.0,3.0,92,48,42837,184.56,90,56,43187,191.74,0,0,3,30.46,0,0,3,30.65
1785714514.061,4.1,99.0,30.99,241.0,4.0,93,50,42837,179.49,89,55,43187,181.16,0,0,3,30.45,0,0,3,30.54
1785714515.061,4.3,100.0,30.99,239.0,3.0,93,48,42837,181.96,87,28,43187,177.87,0,0,3,30.45,0,0,3,30.59
1785714516.061,4.3,100.0,31.00,237.0,3.0,92,48,42837,181.96,90,56,43187,172.24,0,0,3,30.41,0,0,3,30.65
1785714517.061,5.0,100.0,30.99,241.0,3.0,92,49,42837,178.29,90,56,43187,186.55,0,0,3,30.37,0,0,3,30.65
1785714518.061,6.0,99.0,30.99,238.0,4.0,93,48,42837,180.92,90,56,43187,187.21,0,0,3,30.41,0,0,3,30.65
1785714519.061,6.1,100.0,30.99,239.0,4.0,92,48,42837,168.71,90,56,43187,175.46,0,0,3,30.45,0,0,3,30.65
1785714520.061,4.5,99.0,30.99,238.0,3.0,93,49,42837,176.79,90,55,43187,190.00,0,0,3,30.46,0,0,3,30.65
1785714521.061,5.8,100.0,30.98,240.0,3.0,93,50,42837,180.10,90,58,43187,185.47,0,0,3,30.42,0,0,3,30.65
1785714522.062,4.1,100.0,30.97,237.0,2.0,93,50,42837,180.31,90,55,43187,186.30,0,0,3,30.42,0,0,3,30.66
1785714523.062,4.6,100.0,30.94,240.0,4.0,91,47,42837,180.01,90,58,43187,186.09,0,0,3,30.42,0,0,3,30.66
1785714524.062,4.0,100.0,30.93,238.0,3.0,93,49,42837,179.73,88,49,43187,183.58,0,0,3,30.41,0,0,3,30.65
1785714525.062,5.5,100.0,30.94,239.0,3.0,93,50,42837,181.34,90,56,43187,185.38,0,0,3,30.41,0,0,3,30.70
1785714526.062,5.2,100.0,30.94,236.0,3.0,93,49,42837,183.15,89,55,43187,187.16,0,0,3,30.55,0,0,3,30.84
1785714527.062,4.6,100.0,30.91,240.0,4.0,93,49,42837,181.69,88,55,43187,186.10,0,0,3,30.60,0,0,3,30.75
1785714528.062,4.2,100.0,30.92,237.0,3.0,92,47,42837,187.58,90,56,43187,187.34,0,0,3,30.47,0,0,3,30.55
1785714529.062,4.1,100.0,30.90,240.0,3.0,92,49,42837,180.23,90,57,43187,194.88,0,0,3,30.46,0,0,3,30.60
1785714530.062,4.3,100.0,30.89,240.0,4.0,93,48,42837,178.26,90,55,43187,192.38,0,0,3,30.40,0,0,3,30.65
1785714531.062,4.2,99.0,30.87,237.0,3.0,93,49,42837,180.77,89,55,43187,185.84,0,0,3,30.36,0,0,3,30.60
1785714532.062,4.4,99.0,30.87,241.0,4.0,92,49,42837,180.83,90,57,43187,186.51,0,0,3,30.41,0,0,3,30.60
1785714533.063,4.3,100.0,30.86,240.0,4.0,92,48,42837,178.67,90,55,43187,183.92,0,0,3,30.42,0,0,3,30.60
1785714534.063,4.3,100.0,30.83,238.0,4.0,92,48,42837,189.45,88,33,43187,195.06,0,0,3,30.36,0,0,3,30.55
1785714535.063,4.1,100.0,30.84,242.0,5.0,93,48,42837,185.30,90,57,43187,180.78,0,0,3,30.35,0,0,3,30.60
1785714536.063,4.2,99.0,30.85,240.0,3.0,93,48,42837,180.43,90,56,43187,185.18,0,0,3,30.35,0,0,3,30.64
1785714537.063,4.1,100.0,30.84,238.0,4.0,92,48,42837,167.98,91,56,43187,190.92,0,0,3,30.41,0,0,3,30.65
1785714538.063,4.3,99.0,30.84,241.0,4.0,92,48,42837,185.60,90,56,43187,188.35,0,0,3,30.41,0,0,3,30.66
1785714539.063,4.5,100.0,30.86,238.0,3.0,93,49,42837,181.43,91,56,43187,185.21,0,0,3,30.35,0,0,3,30.66
1785714540.063,4.9,100.0,30.87,237.0,3.0,93,47,42837,183.77,90,55,43187,184.01,0,0,3,30.51,0,0,3,30.65
1785714541.063,6.0,100.0,30.87,240.0,4.0,93,50,42837,176.14,88,55,43187,203.51,0,0,3,30.52,0,0,3,30.60
1785714542.063,5.2,100.0,30.85,239.0,3.0,93,47,42837,184.56,91,55,43187,183.40,0,0,3,30.41,0,0,3,30.54
1785714543.063,4.0,99.0,30.84,234.0,3.0,93,50,42837,180.96,90,55,43187,181.77,0,0,3,30.45,0,0,3,30.55
1785714544.064,4.2,100.0,30.83,241.0,3.0,93,50,42837,192.12,89,56,43187,190.48,0,0,3,30.46,0,0,3,30.60
1785714545.064,4.3,99.0,30.83,240.0,3.0,93,50,42837,187.31,89,57,43187,184.75,0,0,3,30.41,0,0,3,30.65
1785714546.064,4.4,100.0,30.83,236.0,3.0,93,51,42837,181.03,90,55,43187,182.05,0,0,3,30.41,0,0,3,30.65
1785714547.064,3.9,100.0,30.84,236.0,2.0,93,51,42837,175.74,90,54,43187,189.42,0,0,3,30.45,0,0,3,30.64
1785714548.064,4.2,100.0,30.84,237.0,2.0,93,51,42837,177.93,90,54,43187,185.27,0,0,3,30.40,0,0,3,30.65
1785714549.064,5.1,99.0,30.85,235.0,2.0,93,52,42837,177.35,90,58,43187,185.74,0,0,3,30.41,0,0,3,30.66
1785714550.064,3.9,100.0,30.84,222.0,0.0,0,0,42837,155.08,0,0,43187,153.34,0,0,3,30.47,0,0,3,30.61
1785714551.064,4.1,92.9,30.83,194.0,2.0,93,41,42837,151.38,88,35,43187,132.98,0,0,3,30.47,0,0,3,30.55
1785714552.064,4.0,100.0,30.83,237.0,2.0,91,49,42837,180.06,90,56,43187,183.04,0,0,3,30.47,0,0,3,30.60
1785714553.064,4.1,100.0,30.82,233.0,1.0,93,46,42837,176.34,91,59,43187,192.63,0,0,3,30.51,0,0,3,30.70
1785714554.064,4.0,100.0,30.82,237.0,2.0,92,46,42837,181.21,90,58,43187,192.83,0,0,3,30.51,0,0,3,30.70
1785714555.065,4.5,99.0,30.82,237.0,2.0,93,47,42837,189.53,90,58,43187,174.88,0,0,3,30.47,0,0,3,30.66
1785714556.065,4.3,100.0,30.82,236.0,2.0,93,51,42837,173.03,90,58,43187,181.01,0,0,3,30.46,0,0,3,30.71
1785714557.065,5.9,99.0,30.81,237.0,2.0,92,47,42837,189.02,88,56,43187,203.34,0,0,3,30.46,0,0,3,30.65
1785714558.065,4.2,100.0,30.81,238.0,2.0,93,50,42837,191.41,91,58,43187,183.71,0,0,3,30.41,0,0,3,30.60
1785714559.065,4.1,100.0,30.81,234.0,1.0,93,51,42837,177.93,90,54,43187,184.59,0,0,3,30.40,0,0,3,30.61
1785714560.065,5.7,100.0,30.85,235.0,1.0,93,46,42837,179.55,91,59,43187,186.08,0,0,3,30.51,0,0,3,30.62
1785714561.065,5.1,100.0,30.85,237.0,2.0,93,51,42837,180.85,91,58,43187,187.08,0,0,3,30.52,0,0,3,30.62
1785714562.065,4.8,100.0,30.85,243.0,3.0,93,43,42837,182.59,91,57,43187,184.43,0,0,3,30.47,0,0,3,30.61
1785714563.065,4.2,99.0,30.86,238.0,3.0,92,49,42837,176.41,90,58,43187,190.61,0,0,3,30.42,0,0,3,30.60
1785714564.065,4.5,100.0,30.86,240.0,3.0,91,50,42837,175.91,90,58,43187,188.84,0,0,3,30.36,0,0,3,30.60
1785714565.066,4.0,100.0,30.84,241.0,3.0,93,50,42837,186.85,90,58,43187,185.21,0,0,3,30.36,0,0,3,30.65
1785714566.066,4.3,100.0,30.84,238.0,4.0,92,54,42837,179.65,88,56,43187,185.52,0,0,3,30.41,0,0,3,30.64
1785714567.066,4.0,99.0,30.84,240.0,4.0,93,43,42837,182.66,91,63,43187,184.10,0,0,3,30.45,0,0,3,30.65
1785714568.066,4.3,100.0,30.84,239.0,4.0,92,55,42837,196.10,88,39,43187,177.95,0,0,3,30.46,0,0,3,30.61
1785714569.066,4.6,100.0,30.85,237.5,3.0,93,53,42837,177.55,89,37,43187,181.57,0,0,3,30.47,0,0,3,30.61
1785714570.066,4.5,100.0,30.87,239.5,5.0,92,44,42837,169.44,90,60,43187,185.71,0,0,3,30.47,0,0,3,30.65
1785714571.066,4.2,100.0,30.88,242.0,3.0,93,44,42837,185.03,91,61,43187,182.78,0,0,3,30.42,0,0,3,30.65
1785714572.066,5.2,100.0,30.85,237.0,3.0,91,52,42837,181.04,88,52,43187,185.08,0,0,3,30.37,0,0,3,30.65
1785714573.066,4.0,99.0,30.85,238.0,4.0,93,46,42837,184.96,89,51,43187,183.83,0,0,3,30.37,0,0,3,30.64
1785714574.066,4.2,100.0,30.85,241.0,4.0,93,46,42837,178.44,91,60,43187,177.00,0,0,3,30.37,0,0,3,30.65
1785714575.066,4.0,100.0,30.87,236.0,2.0,91,48,42837,177.16,91,62,43187,186.56,0,0,3,30.37,0,0,3,30.71
1785714576.067,4.4,100.0,30.86,241.0,4.0,91,44,42837,177.72,89,60,43187,193.39,0,0,3,30.37,0,0,3,30.65
1785714577.067,5.0,100.0,30.86,239.0,2.0,93,49,42837,181.93,88,55,43187,188.57,0,0,3,30.42,0,0,3,30.61
1785714578.067,5.9,100.0,30.87,237.0,4.0,91,53,42837,175.12,89,51,43187,193.70,0,0,3,30.42,0,0,3,30.66
1785714579.067,5.8,99.0,30.87,237.0,1.0,91,44,42837,180.92,88,58,43187,186.95,0,0,3,30.37,0,0,3,30.66
1785714580.067,4.9,100.0,30.85,238.0,4.0,92,52,42837,187.27,88,51,43187,190.57,0,0,3,30.36,0,0,3,30.65
1785714581.067,4.0,99.0,30.85,238.0,1.0,93,47,42837,186.00,89,55,43187,183.13,0,0,3,30.35,0,0,3,30.64
1785714582.067,5.9,100.0,30.84,242.0,4.0,93,46,42837,187.08,89,58,43187,180.05,0,0,3,30.36,0,0,3,30.64
1785714583.067,4.0,100.0,30.84,241.0,4.0,93,44,42837,185.99,91,54,43187,179.35,0,0,3,30.36,0,0,3,30.61
1785714584.067,4.2,100.0,30.83,239.0,4.0,91,52,42837,179.06,85,34,43187,178.50,0,0,3,30.41,0,0,3,30.62
1785714585.067,4.1,100.0,30.82,239.1,4.0,91,47,42837,184.44,95,56,43187,179.01,0,0,3,30.41,0,0,3,30.65
1785714586.068,4.8,100.0,30.82,237.7,5.0,91,47,42837,175.38,88,57,43187,194.50,0,0,3,30.35,0,0,3,30.69
1785714587.068,4.1,100.0,30.84,241.0,3.0,93,51,42837,179.39,89,51,43187,194.02,0,0,3,30.35,0,0,3,30.70
1785714588.068,4.6,100.0,30.83,240.0,4.0,93,47,42837,187.15,91,58,43187,182.68,0,0,3,30.36,0,0,3,30.65
1785714589.068,4.1,100.0,30.84,237.0,4.0,94,50,42837,177.99,88,54,43187,203.77,0,0,3,30.36,0,0,3,30.65
1785714590.068,4.4,100.0,30.83,244.0,5.0,93,44,42837,187.02,91,61,43187,181.95,0,0,3,30.36,0,0,3,30.66
1785714591.068,4.4,99.0,30.82,239.0,4.0,92,52,42837,175.54,88,52,43187,194.93,0,0,3,30.42,0,0,3,30.61
1785714592.068,4.1,100.0,30.82,241.0,5.0,93,53,42837,188.71,91,51,43187,186.63,0,0,3,30.42,0,0,3,30.56
1785714593.068,4.2,99.0,30.82,242.0,5.0,93,44,42837,187.99,91,61,43187,182.70,0,0,3,30.45,0,0,3,30.70
1785714594.068,4.3,100.0,30.81,238.0,3.0,91,51,42837,173.94,87,52,43187,197.14,0,0,3,30.45,0,0,3,30.75
1785714595.069,5.2,100.0,30.81,239.0,4.0,93,48,42837,186.28,91,56,43187,183.17,0,0,3,30.40,0,0,3,30.67
1785714596.069,5.0,100.0,30.80,241.0,5.0,92,44,42837,200.21,91,56,43187,177.72,0,0,3,30.46,0,0,3,30.61
1785714597.069,4.2,99.0,30.80,238.0,3.0,92,44,42837,180.51,89,60,43187,189.82,0,0,3,30.46,0,0,3,30.65
1785714598.069,4.3,100.0,30.78,239.0,4.0,93,42,42837,185.82,91,54,43187,191.42,0,0,3,30.41,0,0,3,30.70
1785714599.069,4.5,99.0,30.81,238.0,2.0,93,53,42837,176.01,88,57,43187,192.60,0,0,3,30.36,0,0,3,30.67
1785714600.069,4.3,99.0,30.83,239.0,3.0,93,55,42837,194.44,88,59,43187,187.73,0,0,3,30.41,0,0,3,30.61
1785714601.069,4.5,100.0,30.83,236.0,2.0,92,54,42837,178.04,90,50,43187,186.86,0,0,3,30.41,0,0,3,30.66
1785714602.069,5.9,100.0,30.83,239.0,4.0,93,55,42837,181.46,88,59,43187,195.26,0,0,3,30.36,0,0,3,30.71
1785714603.069,5.0,100.0,30.84,242.0,4.0,91,49,42837,179.68,88,54,43187,197.26,0,0,3,30.41,0,0,3,30.65
1785714604.069,4.6,100.0,30.86,239.0,4.0,93,49,42837,203.57,88,52,43187,180.03,0,0,3,30.41,0,0,3,30.61
1785714605.069,4.2,100.0,30.86,241.0,3.0,93,54,42837,178.91,91,52,43187,192.62,0,0,3,30.37,0,0,3,30.61
1785714606.070,4.0,99.0,30.85,239.0,4.0,93,53,42837,181.76,88,56,43187,185.75,0,0,3,30.38,0,0,3,30.66
1785714607.070,4.3,99.0,30.85,236.0,4.0,91,44,42837,178.11,89,60,43187,188.31,0,0,3,30.42,0,0,3,30.66
1785714608.070,4.1,100.0,30.86,239.0,3.0,93,56,42837,179.53,89,60,43187,191.66,0,0,3,30.41,0,0,3,30.66
1785714609.070,4.3,100.0,30.84,238.0,3.0,93,44,42837,179.04,90,61,43187,190.61,0,0,3,30.36,0,0,3,30.66
1785714610.070,5.6,99.0,30.83,239.0,3.0,92,44,42837,177.42,89,60,43187,190.95,0,0,3,30.36,0,0,3,30.65
1785714611.070,4.0,100.0,30.82,242.0,5.0,91,46,42837,181.29,91,60,43187,190.31,0,0,3,30.36,0,0,3,30.66
1785714612.070,4.3,99.0,30.82,238.0,3.0,93,46,42837,178.74,91,61,43187,187.84,0,0,3,30.37,0,0,3,30.66
1785714613.070,3.9,100.0,30.82,238.0,3.0,93,52,42837,177.63,88,56,43187,190.49,0,0,3,30.37,0,0,3,30.66
1785714614.070,4.3,100.0,30.81,236.0,3.0,93,49,42837,176.45,92,42,43187,202.07,0,0,3,30.37,0,0,3,30.61
1785714615.070,4.1,100.0,30.81,242.0,3.0,93,50,42837,191.63,91,56,43187,178.65,0,0,3,30.36,0,0,3,30.65
1785714616.070,4.6,99.0,30.82,240.0,4.0,94,54,42837,182.19,92,55,43187,189.01,0,0,3,30.41,0,0,3,30.71
1785714617.071,5.7,100.0,30.83,239.0,3.0,93,51,42837,185.66,91,56,43187,184.78,0,0,3,30.46,0,0,3,30.62
1785714618.071,4.2,99.0,30.85,243.0,4.0,91,49,42837,185.76,88,55,43187,209.38,0,0,3,30.46,0,0,3,30.66
1785714619.071,4.0,100.0,30.84,239.0,4.0,93,44,42837,180.34,91,62,43187,188.85,0,0,3,30.47,0,0,3,30.71
1785714620.071,5.6,100.0,30.86,240.0,3.0,94,54,42837,192.92,91,52,43187,188.93,0,0,3,30.42,0,0,3,30.67
1785714621.071,4.0,100.0,30.86,239.0,4.0,91,52,42837,177.40,88,52,43187,191.78,0,0,3,30.37,0,0,3,30.67
1785714622.071,4.6,99.0,30.85,242.0,4.0,93,55,42837,189.56,91,52,43187,182.07,0,0,3,30.42,0,0,3,30.66
1785714623.071,3.9,100.0,30.85,238.0,3.0,93,55,42837,182.84,91,51,43187,185.98,0,0,3,30.42,0,0,3,30.65
1785714624.071,4.1,100.0,30.85,238.0,3.0,93,55,42837,182.29,90,51,43187,186.46,0,0,3,30.42,0,0,3,30.61
1785714625.071,4.0,100.0,30.84,242.0,4.0,91,51,42837,175.68,88,53,43187,178.22,0,0,3,30.47,0,0,3,30.56
1785714626.071,4.6,100.0,30.84,240.0,4.0,93,48,42837,188.29,91,56,43187,180.02,0,0,3,30.42,0,0,3,30.55
1785714627.071,4.0,100.0,30.84,238.0,3.0,93,43,42837,180.42,91,51,43187,187.00,0,0,3,30.42,0,0,3,30.61
1785714628.071,4.3,99.0,30.84,241.0,4.0,93,54,42837,199.19,91,51,43187,186.04,0,0,3,30.42,0,0,3,30.66
1785714629.072,5.3,100.0,30.84,234.8,2.0,93,43,42837,179.58,90,53,43187,183.12,0,0,3,30.40,0,0,3,30.65
1785714630.072,5.5,100.0,30.86,237.2,3.0,93,47,42837,184.12,91,59,43187,183.38,0,0,3,30.40,0,0,3,30.64
1785714631.072,4.6,100.0,30.85,239.0,2.0,93,55,42837,176.10,89,60,43187,188.32,0,0,3,30.41,0,0,3,30.65
1785714632.072,4.7,100.0,30.84,236.0,2.0,93,55,42837,179.68,91,50,43187,185.14,0,0,3,30.42,0,0,3,30.66
1785714633.072,4.0,100.0,30.85,239.0,3.0,91,51,42837,182.90,88,51,43187,179.89,0,0,3,30.41,0,0,3,30.60
1785714634.072,4.3,99.0,30.86,240.0,2.0,98,39,42837,178.42,91,51,43187,189.85,0,0,3,30.41,0,0,3,30.60
1785714635.072,4.4,100.0,30.85,236.0,3.0,91,51,42837,174.10,91,62,43187,184.86,0,0,3,30.42,0,0,3,30.70
1785714636.072,4.7,99.0,30.85,235.0,2.0,91,51,42837,175.29,88,51,43187,187.14,0,0,3,30.42,0,0,3,30.71
1785714637.072,4.8,100.0,30.85,237.9,3.0,93,46,42837,182.54,91,61,43187,184.04,0,0,3,30.36,0,0,3,30.66
1785714638.072,6.1,100.0,30.86,235.2,1.0,91,49,42837,176.33,88,53,43187,189.99,0,0,3,30.42,0,0,3,30.59
1785714639.072,6.0,100.0,30.87,236.0,2.0,94,47,42837,183.07,91,60,43187,185.06,0,0,3,30.43,0,0,3,30.55
1785714640.072,4.7,99.0,30.86,235.2,3.0,92,52,42837,176.65,88,50,43187,187.62,0,0,3,30.41,0,0,3,30.61
1785714641.073,4.1,100.0,30.86,234.8,1.0,94,45,42837,180.40,92,62,43187,185.00,0,0,3,30.46,0,0,3,30.70
1785714642.073,4.7,100.0,30.86,234.8,2.0,93,53,42837,176.84,91,55,43187,187.85,0,0,3,30.47,0,0,3,30.70
1785714643.073,5.2,100.0,30.86,235.0,1.0,94,50,42837,181.17,91,58,43187,190.83,0,0,3,30.46,0,0,3,30.65
1785714644.073,3.9,100.0,30.85,234.0,2.0,94,48,42837,179.28,91,60,43187,192.15,0,0,3,30.40,0,0,3,30.64
1785714645.073,4.2,100.0,30.85,234.0,1.0,94,45,42837,176.51,91,63,43187,192.50,0,0,3,30.36,0,0,3,30.70
1785714646.073,4.4,100.0,30.83,235.0,0.0,94,55,42837,179.95,91,63,43187,191.40,0,0,3,30.41,0,0,3,30.71
1785714647.073,4.1,100.0,30.83,234.0,2.0,93,42,42837,177.12,89,61,43187,190.94,0,0,3,30.47,0,0,3,30.61
1785714648.073,4.0,99.0,30.82,238.0,2.0,94,52,42837,182.15,89,59,43187,190.76,0,0,3,30.46,0,0,3,30.65
1785714649.073,4.2,100.0,30.75,231.0,12.0,91,44,42837,172.29,59,40,43187,174.89,0,0,3,30.36,0,0,3,30.70
1785714650.073,3.9,100.0,29.29,171.0,0.0,0,0,42837,118.23,0,0,43187,119.36,0,0,3,30.37,0,0,3,30.65
1785714651.074,1.8,100.0,29.30,8.0,0.0,0,0,42837,113.06,0,0,43187,111.22,0,0,3,30.47,0,0,3,30.70
1785714652.074,2.4,81.0,29.30,6.0,0.0,0,0,42837,113.13,0,0,43187,111.06,0,0,3,30.42,0,0,3,30.71
1785714653.074,1.9,100.0,29.36,7.0,17.0,0,0,42837,113.15,0,0,43187,110.82,0,0,3,30.37,0,0,3,30.66
1785714654.074,2.2,74.0,29.44,5.0,18.0,0,0,42837,112.94,0,0,43187,110.75,0,0,3,30.42,0,0,3,30.65
1785714655.074,2.1,100.0,29.46,9.0,8.0,0,0,42837,112.84,0,0,43187,110.66,0,0,3,30.47,0,0,3,30.65
1785714656.074,2.2,94.0,29.51,5.0,17.0,0,0,42837,112.22,0,0,43187,110.46,0,0,3,30.42,0,0,3,30.60
1785714657.074,2.0,100.0,29.53,7.0,22.0,0,0,42837,111.82,0,0,43187,110.29,0,0,3,30.37,0,0,3,30.55
1785714658.074,2.4,83.8,29.56,6.0,47.0,0,0,42837,111.67,0,0,43187,110.18,0,0,3,30.41,0,0,3,30.60
1785714659.075,5.8,100.0,29.60,7.0,370.3,0,0,42837,111.29,0,0,43187,110.12,0,0,3,30.47,0,0,3,30.65
1785714660.075,2.9,77.0,29.60,6.0,21.0,0,0,42837,111.24,0,0,43187,109.97,0,0,3,30.47,0,0,3,30.60
1785714661.075,2.1,100.0,29.62,7.0,25.0,0,0,42837,111.10,0,0,43187,109.86,0,0,3,30.47,0,0,3,30.61
1785714662.075,2.1,100.0,29.61,5.0,16.0,0,0,42837,111.00,0,0,43187,109.73,0,0,3,30.46,0,0,3,30.66
1785714663.075,3.6,100.0,29.62,8.0,26.0,0,0,42837,110.90,0,0,43187,109.59,0,0,3,30.42,0,0,3,30.66
1785714664.075,4.1,100.0,29.63,4.0,16.0,0,0,42837,110.81,0,0,43187,109.75,0,0,3,30.46,0,0,3,30.65
1785714665.075,3.0,100.0,29.63,9.0,13.0,0,0,42837,110.81,0,0,43187,109.67,0,0,3,30.47,0,0,3,30.66
1785714666.075,3.0,79.0,29.63,6.0,19.0,0,0,42837,110.75,0,0,43187,109.41,0,0,3,30.42,0,0,3,30.67
1785714667.075,2.0,100.0,29.63,4.0,17.0,0,0,42837,110.64,0,0,43187,109.39,0,0,3,30.47,0,0,3,30.71
1785714668.076,2.6,100.0,29.62,7.0,10.0,0,0,42837,110.56,0,0,43187,109.24,0,0,3,30.41,0,0,3,30.75
1785714669.076,1.9,100.0,29.62,7.0,14.0,0,0,42837,110.47,0,0,43187,109.15,0,0,3,30.37,0,0,3,30.70
1785714670.076,2.9,87.9,29.61,6.0,23.0,0,0,42837,110.40,0,0,43187,109.10,0,0,3,30.37,0,0,3,30.60
1785714671.076,2.4,100.0,29.59,6.0,16.0,0,0,42837,110.36,0,0,43187,109.00,0,0,3,30.42,0,0,3,30.55
1785714672.076,1.8,82.0,29.59,9.0,12.0,0,0,42837,110.32,0,0,43187,108.95,0,0,3,30.46,0,0,3,30.60
1785714673.076,2.1,100.0,29.57,5.0,14.0,0,0,42837,110.27,0,0,43187,108.87,0,0,3,30.42,0,0,3,30.65
1785714674.076,2.2,100.0,29.58,5.0,12.0,0,0,42837,110.17,0,0,43187,108.69,0,0,3,30.37,0,0,3,30.60
1785714675.076,2.0,100.0,29.58,8.0,13.0,0,0,42837,110.16,0,0,43187,108.67,0,0,3,30.41,0,0,3,30.60
1785714676.076,1.9,90.1,29.58,7.0,15.0,0,0,42837,110.11,0,0,43187,108.65,0,0,3,30.41,0,0,3,30.65
1785714677.077,4.4,100.0,29.60,7.0,42.0,0,0,42837,110.01,0,0,43187,108.58,0,0,3,30.41,0,0,3,30.60
1785714678.077,2.2,84.0,29.60,9.0,53.0,0,0,42837,109.95,0,0,43187,108.58,0,0,3,30.42,0,0,3,30.55
1785714679.077,2.4,100.0,29.60,5.0,19.0,0,0,42837,109.92,0,0,43187,108.47,0,0,3,30.37,0,0,3,30.60
1785714680.077,2.1,85.0,29.61,6.0,14.0,0,0,42837,109.92,0,0,43187,108.32,0,0,3,30.42,0,0,3,30.65
1785714681.077,2.2,100.0,29.64,6.0,27.0,0,0,42837,109.90,0,0,43187,107.73,0,0,3,30.42,0,0,3,30.60
1785714682.077,2.5,92.9,29.64,7.0,16.0,0,0,42837,109.84,0,0,43187,107.15,0,0,3,30.41,0,0,3,30.60
1785714683.077,1.9,100.0,29.63,7.0,18.0,0,0,42837,109.81,0,0,43187,107.12,0,0,3,30.46,0,0,3,30.65
1785714684.077,2.5,100.0,29.64,7.0,14.0,0,0,42837,109.74,0,0,43187,107.10,0,0,3,30.47,0,0,3,30.65
1785714685.078,2.0,91.0,29.64,5.0,27.0,0,0,42837,109.67,0,0,43187,107.04,0,0,3,30.47,0,0,3,30.70
1785714686.078,2.1,94.9,29.64,8.0,16.0,0,0,42837,109.65,0,0,43187,107.15,0,0,3,30.51,0,0,3,30.75
1785714687.078,1.8,100.0,29.62,7.0,14.0,0,0,42837,109.56,0,0,43187,107.06,0,0,3,30.52,0,0,3,30.70
1785714688.078,2.2,100.0,29.64,5.0,18.0,0,0,42837,109.51,0,0,43187,106.91,0,0,3,30.47,0,0,3,30.65
1785714689.078,2.6,80.0,29.64,8.0,23.0,0,0,42837,109.46,0,0,43187,106.91,0,0,3,30.46,0,0,3,30.65
1785714690.078,2.6,100.0,29.63,6.0,13.0,0,0,42837,109.43,0,0,43187,106.86,0,0,3,30.41,0,0,3,30.70
1785714691.078,2.0,80.8,29.64,7.0,17.0,0,0,42837,109.41,0,0,43187,106.85,0,0,3,30.37,0,0,3,30.70
1785714692.078,2.5,71.0,29.64,5.0,23.0,0,0,42837,109.37,0,0,43187,106.90,0,0,3,30.40,0,0,3,30.65
1785714693.078,1.9,100.0,29.66,8.0,32.0,0,0,42837,109.34,0,0,43187,106.75,0,0,3,30.40,0,0,3,30.60
1785714694.078,2.2,100.0,29.65,6.0,16.0,0,0,42837,109.26,0,0,43187,106.61,0,0,3,30.36,0,0,3,30.65
1785714695.079,1.9,52.5,29.66,7.0,14.0,0,0,42837,109.28,0,0,43187,106.66,0,0,3,30.42,0,0,3,30.70
1785714696.079,2.6,100.0,29.68,6.0,14.0,0,0,42837,109.36,0,0,43187,106.56,0,0,3,30.46,0,0,3,30.66
1785714697.079,2.6,54.0,29.68,9.0,14.0,0,0,42837,109.25,0,0,43187,106.52,0,0,3,30.46,0,0,3,30.60
1785714698.079,3.9,100.0,29.68,5.0,14.0,0,0,42837,109.14,0,0,43187,106.55,0,0,3,30.46,0,0,3,30.56
1785714699.079,4.8,100.0,29.70,6.0,20.0,0,0,42837,109.19,0,0,43187,106.45,0,0,3,30.46,0,0,3,30.61
1785714700.079,3.5,100.0,29.69,6.0,33.0,0,0,42837,109.14,0,0,43187,106.28,0,0,3,30.42,0,0,3,30.60
1785714701.079,3.4,89.1,29.69,6.0,26.0,0,0,42837,109.05,0,0,43187,106.67,0,0,3,30.51,0,0,3,30.75
1785714702.079,2.1,100.0,29.71,7.0,31.0,0,0,42837,109.05,0,0,43187,106.62,0,0,3,30.52,0,0,3,30.75
1785714703.079,3.6,67.0,29.73,7.0,31.0,0,0,42837,109.10,0,0,43187,106.37,0,0,3,30.42,0,0,3,30.70
1785714704.080,2.7,100.0,29.73,6.0,54.0,0,0,42837,109.05,0,0,43187,106.39,0,0,3,30.41,0,0,3,30.70
1785714705.080,2.2,100.0,29.74,7.0,20.0,0,0,42837,108.96,0,0,43187,106.27,0,0,3,30.41,0,0,3,30.60
1785714706.080,1.8,100.0,29.73,7.0,16.0,0,0,42837,108.94,0,0,43187,106.21,0,0,3,30.42,0,0,3,30.60
1785714707.080,2.3,74.7,29.70,7.0,16.0,0,0,42837,108.87,0,0,43187,106.13,0,0,3,30.41,0,0,3,30.61
1785714708.080,2.0,100.0,29.69,7.0,13.0,0,0,42837,108.84,0,0,43187,106.08,0,0,3,30.42,0,0,3,30.66
1785714709.080,2.1,68.3,29.71,7.0,13.0,0,0,42837,108.86,0,0,43187,106.00,0,0,3,30.42,0,0,3,30.71
1785714710.080,1.8,100.0,29.71,8.0,15.0,0,0,42837,108.47,0,0,43187,105.95,0,0,3,30.42,0,0,3,30.70
1785714711.080,2.8,100.0,29.71,5.0,31.0,0,0,42837,107.88,0,0,43187,105.93,0,0,3,30.37,0,0,3,30.70
1785714712.080,2.1,100.0,29.72,6.0,42.0,0,0,42837,107.93,0,0,43187,105.95,0,0,3,30.37,0,0,3,30.65
1785714713.081,2.2,76.2,29.70,7.0,28.0,0,0,42837,107.96,0,0,43187,105.92,0,0,3,30.42,0,0,3,30.65
1785714714.081,2.0,51.0,29.71,7.0,18.0,0,0,42837,107.91,0,0,43187,105.86,0,0,3,30.46,0,0,3,30.65
1785714715.081,2.2,68.7,29.71,7.0,23.0,0,0,42837,107.83,0,0,43187,105.78,0,0,3,30.46,0,0,3,30.55
1785714716.081,2.0,100.0,29.73,7.0,28.0,0,0,42837,107.79,0,0,43187,105.73,0,0,3,30.42,0,0,3,30.56
1785714717.081,2.6,79.0,29.72,7.0,21.0,0,0,42837,107.83,0,0,43187,105.71,0,0,3,30.37,0,0,3,30.61
1785714718.081,2.1,100.0,29.71,4.0,28.0,0,0,42837,107.83,0,0,43187,105.69,0,0,3,30.37,0,0,3,30.65
1785714719.081,2.7,78.0,29.74,8.0,26.0,0,0,42837,107.76,0,0,43187,105.64,0,0,3,30.42,0,0,3,30.65
1785714720.081,2.6,100.0,29.77,5.0,25.0,0,0,42837,107.76,0,0,43187,105.61,0,0,3,30.37,0,0,3,30.65
1785714721.081,2.2,71.0,29.76,6.0,18.0,0,0,42837,107.73,0,0,43187,105.56,0,0,3,30.37,0,0,3,30.65
1785714722.082,2.2,100.0,29.74,8.0,18.0,0,0,42837,107.73,0,0,43187,105.55,0,0,3,30.42,0,0,3,30.65
1785714723.082,2.0,100.0,29.74,8.0,18.0,0,0,42837,107.79,0,0,43187,105.59,0,0,3,30.36,0,0,3,30.70
1785714724.082,2.9,100.0,29.74,5.0,17.0,0,0,42837,107.74,0,0,43187,105.59,0,0,3,30.37,0,0,3,30.65
1785714725.082,3.4,79.8,29.75,7.0,18.0,0,0,42837,107.68,0,0,43187,105.55,0,0,3,30.42,0,0,3,30.55
1785714726.082,2.3,100.0,29.76,6.0,19.0,0,0,42837,107.66,0,0,43187,105.50,0,0,3,30.47,0,0,3,30.55
1785714727.082,2.0,79.0,29.77,8.0,17.0,0,0,42837,107.68,0,0,43187,105.45,0,0,3,30.42,0,0,3,30.61
1785714728.082,2.2,100.0,29.76,5.0,17.0,0,0,42837,107.69,0,0,43187,105.55,0,0,3,30.51,0,0,3,30.80
1785714729.082,2.0,100.0,29.77,8.0,19.0,0,0,42837,107.63,0,0,43187,105.54,0,0,3,30.56,0,0,3,30.80
1785714730.082,2.2,100.0,29.75,6.0,19.0,0,0,42837,107.53,0,0,43187,105.39,0,0,3,30.42,0,0,3,30.60
1785714731.083,3.2,61.0,29.73,5.0,18.0,0,0,42837,107.58,0,0,43187,105.30,0,0,3,30.47,0,0,3,30.65
1785714732.083,1.9,93.0,29.73,7.0,17.0,0,0,42837,107.63,0,0,43187,105.25,0,0,3,30.47,0,0,3,30.71
1785714733.083,2.8,99.0,29.74,6.0,17.0,0,0,42837,107.54,0,0,43187,105.27,0,0,3,30.52,0,0,3,30.71
1785714734.083,2.9,100.0,29.72,6.0,22.0,0,0,42837,107.54,0,0,43187,105.32,0,0,3,30.56,0,0,3,30.75
1785714735.083,3.2,100.0,29.72,4.0,23.0,0,0,42837,107.59,0,0,43187,105.40,0,0,3,30.47,0,0,3,30.70
1785714736.083,2.7,100.0,29.72,6.0,20.0,0,0,42837,107.53,0,0,43187,105.30,0,0,3,30.42,0,0,3,30.66
1785714737.083,3.3,100.0,29.72,6.0,17.0,0,0,42837,107.58,0,0,43187,105.21,0,0,3,30.37,0,0,3,30.65
1785714738.083,2.1,73.5,29.75,7.0,18.0,0,0,42837,107.58,0,0,43187,105.25,0,0,3,30.51,0,0,3,30.76
1785714739.083,2.0,100.0,29.75,9.0,18.0,0,0,42837,107.48,0,0,43187,105.27,0,0,3,30.56,0,0,3,30.66
1785714740.083,2.2,88.1,29.76,4.0,18.0,0,0,42837,107.49,0,0,43187,105.27,0,0,3,30.42,0,0,3,30.60
1785714741.084,2.8,100.0,29.76,8.0,22.0,0,0,42837,107.48,0,0,43187,105.21,0,0,3,30.37,0,0,3,30.70
1785714742.084,2.5,100.0,29.76,7.0,17.0,0,0,42837,107.43,0,0,43187,105.11,0,0,3,30.37,0,0,3,30.80
1785714743.084,2.0,100.0,29.77,4.0,20.0,0,0,42837,107.40,0,0,43187,105.11,0,0,3,30.42,0,0,3,30.76
1785714744.084,2.2,61.9,29.77,8.0,17.0,0,0,42837,107.44,0,0,43187,105.16,0,0,3,30.42,0,0,3,30.66
1785714745.084,2.4,100.0,29.77,7.0,19.0,0,0,42837,107.48,0,0,43187,105.16,0,0,3,30.37,0,0,3,30.65
1785714746.084,2.2,66.7,29.77,7.0,19.0,0,0,42837,107.43,0,0,43187,105.21,0,0,3,30.41,0,0,3,30.70
1785714747.084,1.9,100.0,29.75,6.0,19.0,0,0,42837,107.40,0,0,43187,105.11,0,0,3,30.46,0,0,3,30.75
1785714748.084,2.1,100.0,29.75,5.0,19.0,0,0,42837,107.35,0,0,43187,105.37,0,0,3,30.52,0,0,3,30.75
1785714749.084,2.9,100.0,29.74,7.0,17.1,0,0,42837,107.34,0,0,43187,105.41,0,0,3,30.52,0,0,3,30.75
1785714750.085,2.3,57.3,29.78,7.0,14.9,0,0,42837,107.35,0,0,43187,105.20,0,0,3,30.46,0,0,3,30.65
1785714751.085,2.2,100.0,29.79,7.0,20.0,0,0,42837,107.30,0,0,43187,105.25,0,0,3,30.42,0,0,3,30.65
1785714752.085,2.4,64.0,29.76,5.0,17.0,0,0,42837,107.30,0,0,43187,105.16,0,0,3,30.37,0,0,3,30.66
1785714753.085,2.3,100.0,29.77,7.0,18.0,0,0,42837,107.29,0,0,43187,105.11,0,0,3,30.37,0,0,3,30.60
1785714754.085,2.1,100.0,29.78,7.0,16.0,0,0,42837,107.29,0,0,43187,105.12,0,0,3,30.42,0,0,3,30.60
1785714755.085,2.0,100.0,29.77,6.0,23.0,0,0,42837,107.33,0,0,43187,105.12,0,0,3,30.47,0,0,3,30.65
1785714756.085,2.3,56.3,29.78,6.0,18.0,0,0,42837,107.38,0,0,43187,104.96,0,0,3,30.46,0,0,3,30.60
1785714757.085,3.0,100.0,29.80,7.0,18.0,0,0,42837,107.40,0,0,43187,104.91,0,0,3,30.41,0,0,3,30.55
1785714758.085,3.9,55.6,29.80,7.0,17.0,0,0,42837,107.35,0,0,43187,104.91,0,0,3,30.41,0,0,3,30.55
1785714759.086,3.8,100.0,29.80,5.0,15.0,0,0,42837,107.29,0,0,43187,104.86,0,0,3,30.46,0,0,3,30.56
1785714760.086,2.4,50.5,29.80,7.0,14.0,0,0,42837,107.28,0,0,43187,104.82,0,0,3,30.42,0,0,3,30.61
1785714761.086,2.5,100.0,29.78,7.0,17.0,0,0,42837,107.24,0,0,43187,104.83,0,0,3,30.46,0,0,3,30.65
1785714762.086,1.9,73.7,29.78,5.0,16.0,0,0,42837,107.18,0,0,43187,104.97,0,0,3,30.46,0,0,3,30.60
1785714763.086,2.4,100.0,29.78,7.0,17.0,0,0,42837,107.23,0,0,43187,105.16,0,0,3,30.42,0,0,3,30.70
1785714764.086,3.2,68.3,29.77,7.0,17.0,0,0,42837,107.28,0,0,43187,105.06,0,0,3,30.41,0,0,3,30.75
1785714765.086,2.7,100.0,29.76,6.0,15.0,0,0,42837,107.23,0,0,43187,104.91,0,0,3,30.41,0,0,3,30.75
1785714766.086,1.9,100.0,29.77,7.0,15.0,0,0,42837,107.20,0,0,43187,104.91,0,0,3,30.42,0,0,3,30.70
1785714767.086,2.1,100.0,29.77,7.0,15.0,0,0,42837,107.18,0,0,43187,104.82,0,0,3,30.42,0,0,3,30.61
1785714768.087,2.1,76.5,29.76,5.0,19.0,0,0,42837,107.16,0,0,43187,104.86,0,0,3,30.46,0,0,3,30.61
1785714769.087,3.2,100.0,29.76,6.0,28.0,0,0,42837,107.17,0,0,43187,104.91,0,0,3,30.42,0,0,3,30.70
1785714770.087,2.9,100.0,29.76,3.0,14.0,0,0,42837,107.18,0,0,43187,104.86,0,0,3,30.37,0,0,3,30.70
1785714771.087,2.4,100.0,29.76,7.0,13.0,0,0,42837,107.19,0,0,43187,104.96,0,0,3,30.37,0,0,3,30.65
1785714772.087,1.9,100.0,29.76,6.0,11.0,0,0,42837,107.20,0,0,43187,104.93,0,0,3,30.37,0,0,3,30.60
1785714773.087,2.4,100.0,29.75,7.0,11.0,0,0,42837,107.19,0,0,43187,104.78,0,0,3,30.36,0,0,3,30.55
1785714774.087,1.9,77.6,29.75,7.0,10.0,0,0,42837,107.13,0,0,43187,104.72,0,0,3,30.36,0,0,3,30.60
1785714775.087,1.9,100.0,29.76,5.0,12.0,0,0,42837,107.12,0,0,43187,104.71,0,0,3,30.41,0,0,3,30.55
1785714776.087,2.0,70.4,29.76,7.0,10.0,0,0,42837,107.13,0,0,43187,104.66,0,0,3,30.41,0,0,3,30.60
1785714777.087,1.8,100.0,29.75,6.0,9.0,0,0,42837,107.15,0,0,43187,104.61,0,0,3,30.41,0,0,3,30.60
1785714778.088,2.0,71.0,29.74,7.0,8.0,0,0,42837,107.15,0,0,43187,104.76,0,0,3,30.41,0,0,3,30.60
1785714779.088,2.1,100.0,29.77,5.0,10.0,0,0,42837,107.10,0,0,43187,104.82,0,0,3,30.41,0,0,3,30.61
1785714780.088,2.3,58.0,29.78,7.0,11.0,0,0,42837,107.09,0,0,43187,104.72,0,0,3,30.41,0,0,3,30.56
1785714781.088,2.8,100.0,29.80,7.0,10.0,0,0,42837,107.09,0,0,43187,104.67,0,0,3,30.36,0,0,3,30.60
1785714782.088,2.3,82.8,29.77,6.0,8.0,0,0,42837,107.15,0,0,43187,104.71,0,0,3,30.37,0,0,3,30.65
1785714783.088,1.7,100.0,29.77,8.0,7.0,0,0,42837,107.09,0,0,43187,104.71,0,0,3,30.37,0,0,3,30.60
1785714784.088,1.9,100.0,29.76,5.0,13.0,0,0,42837,107.08,0,0,43187,104.71,0,0,3,30.37,0,0,3,30.55
1785714785.088,2.1,100.0,29.77,7.0,6.0,0,0,42837,107.06,0,0,43187,104.71,0,0,3,30.41,0,0,3,30.55
1785714786.089,3.9,91.0,29.75,6.0,7.0,0,0,42837,107.02,0,0,43187,104.62,0,0,3,30.46,0,0,3,30.60
1785714787.089,1.7,100.0,29.74,6.0,6.0,0,0,42837,107.06,0,0,43187,104.62,0,0,3,30.41,0,0,3,30.60
1785714788.089,2.1,84.8,29.75,8.0,8.0,0,0,42837,107.05,0,0,43187,104.91,0,0,3,30.51,0,0,3,30.60
1785714789.089,2.0,100.0,29.74,7.0,8.0,0,0,42837,107.05,0,0,43187,104.91,0,0,3,30.52,0,0,3,30.60
1785714790.089,2.0,100.0,29.75,4.0,19.0,0,0,42837,106.99,0,0,43187,104.67,0,0,3,30.36,0,0,3,30.55
1785714791.089,2.6,100.0,29.74,9.0,12.0,0,0,42837,106.96,0,0,43187,104.67,0,0,3,30.40,0,0,3,30.60
1785714792.089,2.4,92.0,29.73,4.0,13.0,0,0,42837,106.96,0,0,43187,104.67,0,0,3,30.41,0,0,3,30.60
1785714793.089,2.1,87.0,29.74,7.0,17.0,0,0,42837,106.98,0,0,43187,104.62,0,0,3,30.36,0,0,3,30.55
1785714794.089,1.9,84.0,29.74,7.0,13.0,0,0,42837,106.97,0,0,43187,104.62,0,0,3,30.36,0,0,3,30.55
1785714795.090,1.9,100.0,29.74,9.0,14.0,0,0,42837,107.02,0,0,43187,104.62,0,0,3,30.41,0,0,3,30.55
1785714796.090,2.1,87.0,29.75,6.0,14.0,0,0,42837,107.08,0,0,43187,104.61,0,0,3,30.46,0,0,3,30.55
1785714797.090,3.2,99.0,29.76,6.0,13.0,0,0,42837,107.04,0,0,43187,104.57,0,0,3,30.41,0,0,3,30.55
1785714798.090,2.6,93.1,29.76,6.0,13.0,0,0,42837,106.99,0,0,43187,104.47,0,0,3,30.41,0,0,3,30.59
1785714799.090,2.1,100.0,29.77,6.0,14.0,0,0,42837,107.04,0,0,43187,104.52,0,0,3,30.41,0,0,3,30.64
1785714800.090,1.8,87.0,29.75,8.0,15.0,0,0,42837,107.03,0,0,43187,104.52,0,0,3,30.41,0,0,3,30.65
1785714801.090,2.7,100.0,29.75,6.0,14.0,0,0,42837,106.97,0,0,43187,104.52,0,0,3,30.46,0,0,3,30.61
1785714802.090,2.1,100.0,29.76,8.0,13.0,0,0,42837,106.97,0,0,43187,104.51,0,0,3,30.41,0,0,3,30.60
1785714803.090,3.0,100.0,29.75,6.0,18.0,0,0,42837,107.02,0,0,43187,104.46,0,0,3,30.35,0,0,3,30.60
1785714804.091,2.9,100.0,29.76,3.0,18.0,0,0,42837,107.03,0,0,43187,104.46,0,0,3,30.36,0,0,3,30.55
1785714805.091,2.6,100.0,29.75,7.0,13.0,0,0,42837,106.99,0,0,43187,104.71,0,0,3,30.46,0,0,3,30.64
1785714806.091,1.8,93.1,29.76,8.0,12.0,0,0,42837,107.01,0,0,43187,104.72,0,0,3,30.51,0,0,3,30.65
1785714807.091,2.0,100.0,29.75,5.0,10.0,0,0,42837,107.01,0,0,43187,104.49,0,0,3,30.41,0,0,3,30.60
1785714808.091,1.9,100.0,29.75,6.0,11.0,0,0,42837,106.99,0,0,43187,104.44,0,0,3,30.40,0,0,3,30.65
1785714809.091,2.3,100.0,29.75,5.0,14.0,0,0,42837,106.99,0,0,43187,104.42,0,0,3,30.41,0,0,3,30.60
1785714810.091,2.5,100.0,29.76,7.0,36.0,0,0,42837,106.99,0,0,43187,104.47,0,0,3,30.37,0,0,3,30.60
1785714811.091,2.0,75.8,29.76,5.0,12.0,0,0,42837,106.94,0,0,43187,104.47,0,0,3,30.37,0,0,3,30.60
1785714812.091,2.4,100.0,29.75,9.0,19.0,0,0,42837,106.89,0,0,43187,104.47,0,0,3,30.46,0,0,3,30.55
1785714813.092,1.8,84.8,29.76,6.0,10.0,0,0,42837,106.87,0,0,43187,104.47,0,0,3,30.46,0,0,3,30.60
1785714814.092,7.2,100.0,29.76,6.0,468.9,0,0,42837,106.93,0,0,43187,104.47,0,0,3,30.41,0,0,3,30.60
1785714815.092,1.9,100.0,29.75,7.0,21.0,0,0,42837,106.94,0,0,43187,104.47,0,0,3,30.46,0,0,3,30.55
1785714816.092,2.1,100.0,29.75,6.0,15.0,0,0,42837,106.96,0,0,43187,104.52,0,0,3,30.42,0,0,3,30.55
1785714817.092,3.2,75.0,29.76,6.0,13.0,0,0,42837,106.94,0,0,43187,104.47,0,0,3,30.42,0,0,3,30.61
1785714818.092,4.0,100.0,29.77,7.0,27.0,0,0,42837,106.85,0,0,43187,104.45,0,0,3,30.47,0,0,3,30.70
1785714819.092,4.0,76.8,29.79,8.0,17.0,0,0,42837,106.90,0,0,43187,104.07,0,0,3,30.42,0,0,3,30.65
1785714820.092,2.0,100.0,29.80,6.0,13.0,0,0,42837,106.98,0,0,43187,103.55,0,0,3,30.37,0,0,3,30.51
1785714821.092,2.0,100.0,29.80,7.0,7.0,0,0,42837,106.99,0,0,43187,103.61,0,0,3,30.37,0,0,3,30.61
1785714822.092,1.8,100.0,29.80,5.0,7.0,0,0,42837,106.99,0,0,43187,103.61,0,0,3,30.36,0,0,3,30.65
1785714823.093,2.2,51.0,29.79,7.0,7.0,0,0,42837,106.93,0,0,43187,103.55,0,0,3,30.37,0,0,3,30.60
1785714824.093,2.2,100.0,29.80,7.0,8.0,0,0,42837,106.94,0,0,43187,103.58,0,0,3,30.37,0,0,3,30.60
1785714825.093,3.2,50.5,29.81,7.0,9.0,0,0,42837,106.94,0,0,43187,103.63,0,0,3,30.37,0,0,3,30.60
1785714826.093,2.0,100.0,29.80,6.0,14.0,0,0,42837,106.84,0,0,43187,103.93,0,0,3,30.37,0,0,3,30.65
1785714827.093,1.9,100.0,29.80,7.0,16.0,0,0,42837,106.86,0,0,43187,103.86,0,0,3,30.36,0,0,3,30.60
1785714828.093,2.1,100.0,29.80,5.0,33.0,0,0,42837,106.89,0,0,43187,103.53,0,0,3,30.36,0,0,3,30.60
1785714829.093,2.0,78.2,29.79,7.0,20.0,0,0,42837,106.89,0,0,43187,103.52,0,0,3,30.37,0,0,3,30.60
1785714830.093,2.6,100.0,29.79,7.0,16.0,0,0,42837,106.86,0,0,43187,103.47,0,0,3,30.42,0,0,3,30.50
1785714831.094,2.5,71.3,29.80,7.0,23.0,0,0,42837,106.81,0,0,43187,103.50,0,0,3,30.46,0,0,3,30.45
1785714832.094,2.3,100.0,29.78,6.0,19.0,0,0,42837,106.84,0,0,43187,103.55,0,0,3,30.41,0,0,3,30.50
1785714833.094,1.9,100.0,29.79,6.0,14.0,0,0,42837,106.88,0,0,43187,103.47,0,0,3,30.36,0,0,3,30.55
1785714834.094,1.8,100.0,29.78,7.0,15.0,0,0,42837,106.90,0,0,43187,103.49,0,0,3,30.37,0,0,3,30.60
1785714835.094,2.1,79.0,29.78,6.0,20.0,0,0,42837,106.90,0,0,43187,103.52,0,0,3,30.42,0,0,3,30.65
1785714836.094,1.8,100.0,29.79,6.0,15.0,0,0,42837,106.94,0,0,43187,103.50,0,0,3,30.47,0,0,3,30.65
1785714837.094,2.4,72.0,29.81,7.0,25.0,0,0,42837,106.96,0,0,43187,103.56,0,0,3,30.47,0,0,3,30.60
1785714838.094,3.4,100.0,29.80,6.0,46.0,0,0,42837,106.89,0,0,43187,103.59,0,0,3,30.37,0,0,3,30.51
1785714839.094,3.3,100.0,29.81,4.0,26.0,0,0,42837,106.83,0,0,43187,103.87,0,0,3,30.37,0,0,3,30.66
1785714840.094,3.0,100.0,29.83,6.0,25.0,0,0,42837,106.80,0,0,43187,103.84,0,0,3,30.42,0,0,3,30.70
1785714841.095,2.2,81.0,29.84,7.0,22.0,0,0,42837,106.86,0,0,43187,103.55,0,0,3,30.42,0,0,3,30.61
1785714842.095,2.4,100.0,29.84,6.0,26.0,0,0,42837,106.86,0,0,43187,103.50,0,0,3,30.37,0,0,3,30.61
1785714843.095,2.1,74.0,29.86,7.0,21.0,0,0,42837,106.81,0,0,43187,103.53,0,0,3,30.37,0,0,3,30.60
1785714844.095,2.2,100.0,29.88,5.0,49.0,0,0,42837,106.80,0,0,43187,103.54,0,0,3,30.42,0,0,3,30.55
1785714845.095,2.1,100.0,29.89,8.0,34.0,0,0,42837,106.80,0,0,43187,103.42,0,0,3,30.51,0,0,3,30.50
1785714846.095,7.2,100.0,29.89,7.0,413.5,0,0,42837,106.81,0,0,43187,103.40,0,0,3,30.51,0,0,3,30.60
1785714847.095,3.6,83.0,29.90,4.0,11.9,0,0,42837,106.80,0,0,43187,103.36,0,0,3,30.41,0,0,3,30.60
1785714848.095,2.1,100.0,29.91,8.0,14.0,0,0,42837,106.85,0,0,43187,103.36,0,0,3,30.36,0,0,3,30.55
1785714849.095,1.9,75.0,29.89,7.0,15.0,0,0,42837,106.91,0,0,43187,103.43,0,0,3,30.37,0,0,3,30.60
1785714850.096,2.0,100.0,29.91,6.0,13.0,0,0,42837,106.91,0,0,43187,103.43,0,0,3,30.37,0,0,3,30.70
1785714851.096,2.0,100.0,29.91,7.0,13.0,0,0,42837,106.91,0,0,43187,103.38,0,0,3,30.37,0,0,3,30.66
1785714852.096,3.3,100.0,29.89,6.0,13.0,0,0,42837,106.89,0,0,43187,103.43,0,0,3,30.37,0,0,3,30.55
1785714853.096,2.0,83.8,29.90,5.0,13.0,0,0,42837,106.94,0,0,43187,103.50,0,0,3,30.37,0,0,3,30.60
1785714854.096,1.9,100.0,29.87,8.0,14.0,0,0,42837,106.96,0,0,43187,103.47,0,0,3,30.42,0,0,3,30.60
1785714855.096,2.2,74.7,29.88,6.0,13.0,0,0,42837,106.86,0,0,43187,103.43,0,0,3,30.37,0,0,3,30.55
1785714856.096,1.8,100.0,29.88,6.0,14.0,0,0,42837,106.86,0,0,43187,103.42,0,0,3,30.32,0,0,3,30.55
1785714857.096,4.1,100.0,29.88,7.0,14.0,0,0,42837,106.86,0,0,43187,103.42,0,0,3,30.41,0,0,3,30.55
1785714858.096,1.8,100.0,29.90,5.0,13.0,0,0,42837,106.86,0,0,43187,103.42,0,0,3,30.42,0,0,3,30.51
1785714859.096,2.1,83.8,29.89,7.0,17.0,0,0,42837,106.85,0,0,43187,103.40,0,0,3,30.42,0,0,3,30.51
1785714860.097,1.9,96.0,29.89,7.0,15.0,0,0,42837,106.85,0,0,43187,103.37,0,0,3,30.51,0,0,3,30.56
1785714861.097,2.5,63.0,29.92,8.0,20.0,0,0,42837,106.96,0,0,43187,103.38,0,0,3,30.51,0,0,3,30.61
1785714862.097,3.3,100.0,29.92,6.0,21.0,0,0,42837,106.91,0,0,43187,103.47,0,0,3,30.56,0,0,3,30.61
1785714863.097,2.2,100.0,29.92,8.0,21.9,0,0,42837,106.90,0,0,43187,103.40,0,0,3,30.56,0,0,3,30.51
1785714864.097,1.9,100.0,29.91,5.0,26.2,0,0,42837,106.94,0,0,43187,103.32,0,0,3,30.56,0,0,3,30.56
1785714865.097,2.2,91.1,29.89,7.0,20.0,0,0,42837,106.96,0,0,43187,103.38,0,0,3,30.56,0,0,3,30.60
1785714866.097,2.0,99.0,29.90,6.0,22.0,0,0,42837,106.91,0,0,43187,103.42,0,0,3,30.46,0,0,3,30.60
1785714867.097,2.4,84.8,29.91,8.0,45.0,0,0,42837,106.86,0,0,43187,103.40,0,0,3,30.46,0,0,3,30.60
1785714868.097,1.8,81.0,29.92,7.0,12.0,0,0,42837,106.82,0,0,43187,103.40,0,0,3,30.46,0,0,3,30.50
1785714869.098,3.0,90.1,29.93,5.0,45.1,0,0,42837,106.86,0,0,43187,103.40,0,0,3,30.46,0,0,3,30.50
1785714870.098,2.0,86.0,29.95,7.0,14.0,0,0,42837,106.94,0,0,43187,103.36,0,0,3,30.42,0,0,3,30.55
1785714871.098,2.6,93.0,29.92,5.0,13.0,0,0,42837,106.91,0,0,43187,103.31,0,0,3,30.42,0,0,3,30.55
1785714872.098,2.6,88.0,29.92,8.0,13.9,0,0,42837,106.81,0,0,43187,103.36,0,0,3,30.47,0,0,3,30.70
1785714873.098,3.4,100.0,29.93,9.0,40.2,0,0,42837,106.75,0,0,43187,103.42,0,0,3,30.47,0,0,3,30.70
1785714874.098,3.0,100.0,29.94,2.0,14.0,0,0,42837,106.78,0,0,43187,103.36,0,0,3,30.47,0,0,3,30.75
1785714875.098,2.2,100.0,29.93,7.0,12.0,0,0,42837,106.76,0,0,43187,103.31,0,0,3,30.37,0,0,3,30.60
1785714876.098,2.0,100.0,29.93,7.0,17.0,0,0,42837,106.82,0,0,43187,103.32,0,0,3,30.31,0,0,3,30.55
1785714877.098,2.9,77.0,29.95,5.0,19.0,0,0,42837,106.86,0,0,43187,103.36,0,0,3,30.26,0,0,3,30.55
1785714878.099,4.8,93.9,29.95,7.0,30.0,0,0,42837,106.86,0,0,43187,103.40,0,0,3,30.32,0,0,3,30.55
1785714879.099,3.9,100.0,29.97,7.0,26.0,0,0,42837,106.86,0,0,43187,103.48,0,0,3,30.51,0,0,3,30.56
1785714880.099,2.8,99.0,29.96,6.0,19.0,0,0,42837,106.85,0,0,43187,103.43,0,0,3,30.51,0,0,3,30.56
1785714881.099,2.0,100.0,29.96,6.0,22.0,0,0,42837,106.90,0,0,43187,103.33,0,0,3,30.61,0,0,3,30.50
1785714882.099,2.1,100.0,29.96,8.0,16.0,0,0,42837,106.86,0,0,43187,103.43,0,0,3,30.61,0,0,3,30.50
1785714883.099,1.9,100.0,29.96,6.0,17.0,0,0,42837,106.86,0,0,43187,103.40,0,0,3,30.46,0,0,3,30.56
1785714884.099,2.1,90.0,29.96,7.0,18.0,0,0,42837,106.91,0,0,43187,103.33,0,0,3,30.46,0,0,3,30.61
1785714885.099,3.2,100.0,29.96,6.0,27.0,0,0,42837,106.91,0,0,43187,103.33,0,0,3,30.51,0,0,3,30.60
1785714886.100,3.0,98.0,29.97,8.0,27.0,0,0,42837,106.89,0,0,43187,103.30,0,0,3,30.51,0,0,3,30.60
1785714887.100,2.0,100.0,29.96,6.0,13.0,0,0,42837,106.84,0,0,43187,103.36,0,0,3,30.51,0,0,3,30.60
1785714888.100,2.0,100.0,29.97,6.0,21.0,0,0,42837,106.86,0,0,43187,103.36,0,0,3,30.37,0,0,3,30.60
1785714889.100,2.5,100.0,29.98,6.0,21.0,0,0,42837,106.89,0,0,43187,103.31,0,0,3,30.37,0,0,3,30.60
1785714890.100,1.9,86.9,29.97,7.0,16.0,0,0,42837,106.84,0,0,43187,103.37,0,0,3,30.37,0,0,3,30.55
1785714891.100,2.5,100.0,29.99,8.0,36.0,0,0,42837,106.91,0,0,43187,103.42,0,0,3,30.42,0,0,3,30.50
1785714892.100,2.6,88.0,30.32,7.0,71.0,0,0,42837,106.90,0,0,43187,103.40,0,0,3,30.37,0,0,3,30.55
1785714893.100,3.5,100.0,30.57,6.0,50.0,0,0,42837,106.85,0,0,43187,103.35,0,0,3,30.37,0,0,3,30.65
1785714894.100,3.3,100.0,30.81,5.0,46.0,0,0,42837,106.89,0,0,43187,103.36,0,0,3,30.51,0,0,3,30.65
1785714895.101,3.1,100.0,31.51,8.0,90.0,0,0,42837,106.85,0,0,43187,103.40,0,0,3,30.51,0,0,3,30.65
1785714896.101,2.6,100.0,31.48,8.0,100.9,0,0,42837,106.81,0,0,43187,103.37,0,0,3,30.46,0,0,3,30.56
1785714897.101,3.3,100.0,31.68,6.0,101.0,0,0,42837,106.91,0,0,43187,103.37,0,0,3,30.41,0,0,3,30.61
1785714898.101,2.6,90.0,31.57,16.0,91.1,0,0,42837,106.88,0,0,43187,103.43,0,0,3,30.51,0,0,3,30.65
1785714899.101,4.3,100.0,31.59,208.0,5.0,91,49,42837,149.21,87,56,43187,146.76,0,0,3,30.51,0,0,3,30.65
1785714900.101,4.5,100.0,31.60,230.0,5.0,0,0,42837,124.25,0,0,43187,137.31,0,0,3,30.41,0,0,3,30.60
1785714901.101,4.3,100.0,31.58,231.0,1.0,91,47,42837,160.35,89,53,43187,157.77,0,0,3,30.41,0,0,3,30.60
1785714902.101,4.2,96.0,31.56,234.0,2.0,94,40,42837,175.89,94,45,43187,162.32,0,0,3,30.46,0,0,3,30.60
1785714903.101,4.2,100.0,31.55,238.0,2.0,93,51,42837,183.23,91,49,43187,180.65,0,0,3,30.41,0,0,3,30.59
1785714904.102,3.9,99.0,31.52,223.0,1.0,0,0,42837,143.64,0,0,43187,171.52,0,0,3,30.35,0,0,3,30.59
1785714905.102,4.0,100.0,31.50,231.0,2.0,93,50,42837,157.65,90,58,43187,171.18,0,0,3,30.41,0,0,3,30.55
1785714906.102,4.4,100.0,31.45,235.0,3.0,93,46,42837,172.76,87,56,43187,178.33,0,0,3,30.42,0,0,3,30.56
1785714907.102,4.9,100.0,31.43,238.0,1.0,92,47,42837,166.59,89,57,43187,168.14,0,0,3,30.36,0,0,3,30.61
1785714908.102,7.4,100.0,31.42,240.0,4.0,93,48,42837,167.00,89,54,43187,176.45,0,0,3,30.41,0,0,3,30.60
1785714909.102,5.3,100.0,31.42,239.0,2.0,92,49,42837,174.43,88,55,43187,177.37,0,0,3,30.46,0,0,3,30.60
1785714910.102,5.0,99.0,31.41,239.0,1.0,93,52,42837,169.11,89,55,43187,180.42,0,0,3,30.46,0,0,3,30.60
1785714911.102,4.4,100.0,31.40,238.0,1.0,91,47,42837,166.91,90,58,43187,180.21,0,0,3,30.41,0,0,3,30.55
1785714912.102,4.1,100.0,31.40,235.0,1.0,91,43,42837,173.15,90,54,43187,175.03,0,0,3,30.36,0,0,3,30.56
1785714913.102,5.1,100.0,31.40,238.0,1.0,91,48,42837,179.76,90,58,43187,180.81,0,0,3,30.51,0,0,3,30.61
1785714914.102,4.0,99.0,31.38,237.0,2.0,92,54,42837,172.43,88,51,43187,177.37,0,0,3,30.51,0,0,3,30.60
1785714915.103,4.2,100.0,31.38,239.0,1.0,93,54,42837,177.55,89,54,43187,178.38,0,0,3,30.41,0,0,3,30.60
1785714916.103,4.2,99.0,31.36,239.0,1.0,93,51,42837,210.51,90,56,43187,185.97,0,0,3,30.46,0,0,3,30.65
1785714917.103,6.1,100.0,31.35,244.0,2.0,93,49,42837,181.80,87,54,43187,187.03,0,0,3,30.41,0,0,3,30.59
1785714918.103,4.2,100.0,31.34,238.0,1.0,93,50,42837,173.72,90,58,43187,181.24,0,0,3,30.40,0,0,3,30.54
1785714919.103,4.0,100.0,31.33,242.0,2.0,93,55,42837,179.14,91,52,43187,180.94,0,0,3,30.41,0,0,3,30.60
1785714920.103,4.2,99.0,31.33,241.0,1.0,93,44,42837,180.19,88,61,43187,168.53,0,0,3,30.36,0,0,3,30.65
1785714921.103,4.0,100.0,31.30,244.0,2.0,90,50,42837,168.82,85,52,43187,190.78,0,0,3,30.41,0,0,3,30.61
1785714922.103,5.4,98.0,31.31,239.0,4.0,93,50,42837,181.32,89,55,43187,184.08,0,0,3,30.47,0,0,3,30.56
1785714923.103,4.1,100.0,31.29,242.0,5.0,93,54,42837,176.15,88,51,43187,178.51,0,0,3,30.42,0,0,3,30.60
1785714924.103,4.2,99.0,31.30,238.0,4.0,93,50,42837,178.40,91,55,43187,185.14,0,0,3,30.37,0,0,3,30.65
1785714925.104,4.0,100.0,31.31,240.0,4.0,91,46,42837,175.77,88,56,43187,184.02,0,0,3,30.42,0,0,3,30.65
1785714926.104,4.3,100.0,31.30,239.0,3.0,93,54,42837,180.30,90,54,43187,171.16,0,0,3,30.46,0,0,3,30.65
1785714927.104,4.5,98.0,31.28,242.0,3.0,93,50,42837,179.03,89,58,43187,181.19,0,0,3,30.51,0,0,3,30.61
1785714928.104,4.2,99.0,31.27,237.0,4.0,93,45,42837,177.41,87,60,43187,175.46,0,0,3,30.47,0,0,3,30.61
1785714929.104,4.5,100.0,31.23,240.0,2.0,93,43,42837,174.50,90,62,43187,184.94,0,0,3,30.42,0,0,3,30.65
1785714930.104,4.3,100.0,31.25,235.0,4.0,91,45,42837,171.07,87,56,43187,184.32,0,0,3,30.45,0,0,3,30.65
1785714931.104,4.4,100.0,31.22,237.0,2.0,91,53,42837,179.90,89,51,43187,179.23,0,0,3,30.45,0,0,3,30.61
1785714932.104,4.4,100.0,31.22,239.0,2.0,93,45,42837,178.25,90,62,43187,177.82,0,0,3,30.45,0,0,3,30.60
1785714933.104,4.0,99.0,31.22,238.0,4.0,93,49,42837,174.06,90,58,43187,186.07,0,0,3,30.40,0,0,3,30.59
1785714934.105,4.3,100.0,31.23,239.8,2.0,93,49,42837,176.81,89,58,43187,177.57,0,0,3,30.40,0,0,3,30.60
1785714935.105,3.9,99.0,31.22,234.2,2.0,93,46,42837,175.86,90,61,43187,178.40,0,0,3,30.45,0,0,3,30.64
1785714936.105,4.3,100.0,31.23,240.0,3.0,91,45,42837,184.37,87,56,43187,177.81,0,0,3,30.45,0,0,3,30.64
1785714937.105,4.9,100.0,31.21,234.0,2.0,91,53,42837,175.54,89,50,43187,178.17,0,0,3,30.45,0,0,3,30.59
1785714938.105,5.9,100.0,31.21,241.0,3.0,93,51,42837,180.04,90,56,43187,177.77,0,0,3,30.42,0,0,3,30.60
1785714939.105,6.2,99.0,31.19,237.0,3.0,94,46,42837,178.68,91,61,43187,181.84,0,0,3,30.38,0,0,3,30.66
1785714940.105,4.2,100.0,31.19,238.0,2.0,91,51,42837,168.56,86,51,43187,174.81,0,0,3,30.41,0,0,3,30.65
1785714941.105,4.2,99.0,31.20,238.0,3.0,91,48,42837,179.60,87,54,43187,182.00,0,0,3,30.41,0,0,3,30.65
1785714942.105,4.7,100.0,31.19,236.0,2.0,93,56,42837,177.11,90,51,43187,184.97,0,0,3,30.41,0,0,3,30.60
1785714943.105,5.6,100.0,31.20,237.0,2.0,93,46,42837,178.83,90,62,43187,178.10,0,0,3,30.45,0,0,3,30.60
1785714944.106,4.8,100.0,31.21,240.0,2.0,91,45,42837,171.42,85,56,43187,186.17,0,0,3,30.36,0,0,3,30.59
1785714945.106,4.2,98.0,31.19,236.0,4.0,96,37,42837,168.39,91,59,43187,180.17,0,0,3,30.37,0,0,3,30.56
1785714946.106,5.6,100.0,31.19,240.0,2.0,93,46,42837,177.66,90,62,43187,182.86,0,0,3,30.41,0,0,3,30.55
1785714947.106,4.0,98.0,31.17,239.0,3.0,93,45,42837,177.32,91,62,43187,180.01,0,0,3,30.40,0,0,3,30.54
1785714948.106,4.3,100.0,31.15,236.0,3.0,93,47,42837,176.01,91,61,43187,181.65,0,0,3,30.41,0,0,3,30.55
1785714949.106,4.5,100.0,31.14,242.0,4.0,93,44,42837,202.65,91,63,43187,207.48,0,0,3,30.42,0,0,3,30.60
1785714950.106,4.2,99.0,31.15,239.0,3.0,93,46,42837,177.34,91,61,43187,183.80,0,0,3,30.47,0,0,3,30.60
1785714951.106,4.1,99.0,31.14,236.0,2.0,93,45,42837,175.40,89,62,43187,180.74,0,0,3,30.41,0,0,3,30.55
1785714952.106,4.2,100.0,31.13,236.0,2.0,93,43,42837,173.41,90,61,43187,184.14,0,0,3,30.40,0,0,3,30.55
1785714953.106,4.0,99.0,31.13,234.0,2.0,91,47,42837,172.36,87,53,43187,189.18,0,0,3,30.40,0,0,3,30.55
1785714954.106,4.3,100.0,31.13,237.0,3.0,93,56,42837,178.40,90,50,43187,185.60,0,0,3,30.41,0,0,3,30.60
1785714955.107,4.0,100.0,31.12,236.0,1.0,93,48,42837,179.40,90,59,43187,180.16,0,0,3,30.47,0,0,3,30.65
1785714956.107,4.1,100.0,31.11,235.0,2.0,91,45,42837,171.77,88,55,43187,184.21,0,0,3,30.47,0,0,3,30.65
1785714957.107,4.2,98.0,31.11,238.0,2.0,93,51,42837,176.90,90,57,43187,180.15,0,0,3,30.47,0,0,3,30.66
1785714958.107,4.4,99.0,31.07,233.0,1.0,91,45,42837,171.82,86,56,43187,183.57,0,0,3,30.47,0,0,3,30.66
1785714959.107,4.6,98.0,31.11,237.0,3.0,94,51,42837,187.56,87,56,43187,184.77,0,0,3,30.46,0,0,3,30.61
1785714960.107,4.9,100.0,31.11,238.0,1.0,94,53,42837,176.26,91,56,43187,185.29,0,0,3,30.46,0,0,3,30.61
1785714961.107,4.2,100.0,31.12,235.0,2.0,93,43,42837,175.62,90,61,43187,181.41,0,0,3,30.46,0,0,3,30.66
1785714962.107,4.4,100.0,31.10,237.0,3.0,91,50,42837,172.86,88,50,43187,189.83,0,0,3,30.46,0,0,3,30.65
1785714963.107,3.9,98.0,31.08,238.0,1.0,93,47,42837,180.63,89,61,43187,181.88,0,0,3,30.46,0,0,3,30.60
1785714964.108,4.2,100.0,31.06,240.0,2.0,93,43,42837,180.43,90,53,43187,184.10,0,0,3,30.42,0,0,3,30.60
1785714965.108,4.4,99.0,31.06,239.0,4.0,93,44,42837,183.96,91,62,43187,188.92,0,0,3,30.45,0,0,3,30.70
1785714966.108,4.3,99.0,31.06,238.0,3.0,93,46,42837,174.88,90,61,43187,185.58,0,0,3,30.45,0,0,3,30.70
1785714967.108,4.2,100.0,31.04,240.0,3.0,93,43,42837,176.32,91,62,43187,188.85,0,0,3,30.45,0,0,3,30.59
1785714968.108,4.3,100.0,31.04,238.0,4.0,93,43,42837,174.47,89,61,43187,185.03,0,0,3,30.45,0,0,3,30.59
1785714969.108,6.1,99.0,31.05,238.0,2.0,93,43,42837,174.38,89,60,43187,189.04,0,0,3,30.50,0,0,3,30.65
1785714970.108,4.3,100.0,31.05,238.0,4.0,90,45,42837,173.30,87,56,43187,189.65,0,0,3,30.51,0,0,3,30.65
1785714971.108,4.1,99.0,31.04,242.0,2.0,93,55,42837,175.21,90,52,43187,197.65,0,0,3,30.41,0,0,3,30.65
1785714972.108,4.3,100.0,31.02,238.0,3.0,93,52,42837,182.39,91,56,43187,182.91,0,0,3,30.41,0,0,3,30.65
1785714973.108,5.1,100.0,31.03,243.0,4.0,93,51,42837,181.15,90,57,43187,185.42,0,0,3,30.45,0,0,3,30.65
1785714974.109,4.2,100.0,31.01,236.0,3.0,93,45,42837,178.83,91,63,43187,181.32,0,0,3,30.45,0,0,3,30.66
1785714975.109,4.5,99.0,31.01,239.0,3.0,93,51,42837,175.57,90,56,43187,196.62,0,0,3,30.46,0,0,3,30.66
1785714976.109,4.5,100.0,31.00,238.0,2.0,93,43,42837,176.83,89,62,43187,182.38,0,0,3,30.46,0,0,3,30.65
1785714977.109,6.3,99.0,31.00,240.0,3.0,92,45,42837,182.70,91,60,43187,178.33,0,0,3,30.36,0,0,3,30.65
1785714978.109,5.3,100.0,30.99,238.0,3.0,93,46,42837,178.06,91,62,43187,181.90,0,0,3,30.36,0,0,3,30.65
1785714979.109,4.9,100.0,30.97,242.0,4.0,93,52,42837,173.18,91,55,43187,190.03,0,0,3,30.41,0,0,3,30.65
1785714980.109,4.2,100.0,30.97,240.0,2.0,93,47,42837,179.98,91,61,43187,181.33,0,0,3,30.41,0,0,3,30.65
1785714981.109,4.0,99.0,30.96,239.0,2.0,93,44,42837,184.91,91,62,43187,184.51,0,0,3,30.45,0,0,3,30.65
1785714982.109,5.5,100.0,30.97,240.0,3.0,93,48,42837,191.70,89,44,43187,190.69,0,0,3,30.45,0,0,3,30.70
1785714983.109,4.0,99.0,30.97,239.0,3.0,93,45,42837,179.07,91,62,43187,185.69,0,0,3,30.47,0,0,3,30.70
1785714984.110,4.2,100.0,30.95,241.0,2.0,92,53,42837,171.83,90,50,43187,185.79,0,0,3,30.47,0,0,3,30.66
1785714985.110,4.0,100.0,30.96,238.0,3.0,93,48,42837,180.90,91,60,43187,180.70,0,0,3,30.42,0,0,3,30.66
1785714986.110,4.1,100.0,30.96,235.0,2.0,93,44,42837,177.97,91,62,43187,182.12,0,0,3,30.42,0,0,3,30.60
1785714987.110,4.1,100.0,30.94,237.5,3.0,93,43,42837,176.63,91,62,43187,188.89,0,0,3,30.42,0,0,3,30.60
1785714988.110,4.5,99.0,30.94,237.2,2.0,93,43,42837,175.05,88,60,43187,185.85,0,0,3,30.42,0,0,3,30.70
1785714989.110,4.4,99.0,30.94,240.0,4.0,92,45,42837,178.20,89,61,43187,185.24,0,0,3,30.46,0,0,3,30.71
1785714990.110,4.5,100.0,30.97,242.0,4.0,91,53,42837,183.75,89,51,43187,179.75,0,0,3,30.46,0,0,3,30.65
1785714991.110,4.6,100.0,30.97,238.0,4.0,91,49,42837,179.84,85,53,43187,187.45,0,0,3,30.52,0,0,3,30.60
1785714992.110,4.5,100.0,30.93,238.0,2.0,91,47,42837,178.11,88,56,43187,188.04,0,0,3,30.52,0,0,3,30.66
1785714993.110,4.0,99.0,30.93,241.0,5.0,93,55,42837,187.63,91,52,43187,188.85,0,0,3,30.46,0,0,3,30.75
1785714994.111,4.2,99.0,30.93,239.0,3.0,93,44,42837,186.68,91,61,43187,179.08,0,0,3,30.45,0,0,3,30.70
1785714995.111,4.0,100.0,30.91,240.0,4.0,91,48,42837,174.85,88,54,43187,191.74,0,0,3,30.47,0,0,3,30.66
1785714996.111,4.7,96.0,30.91,242.0,5.0,93,47,42837,187.72,90,59,43187,172.48,0,0,3,30.47,0,0,3,30.66
1785714997.111,5.1,100.0,30.91,238.0,2.0,93,54,42837,180.31,91,52,43187,186.18,0,0,3,30.42,0,0,3,30.65
1785714998.111,6.0,100.0,30.91,237.0,4.0,93,55,42837,182.43,90,51,43187,186.46,0,0,3,30.42,0,0,3,30.65
1785714999.111,5.7,100.0,30.91,241.0,2.0,91,49,42837,179.96,88,53,43187,186.23,0,0,3,30.41,0,0,3,30.70
1785715000.111,5.0,99.0,30.89,241.0,4.0,93,44,42837,180.48,87,59,43187,188.16,0,0,3,30.37,0,0,3,30.70
1785715001.111,4.2,100.0,30.89,239.0,4.0,93,54,42837,175.08,91,52,43187,196.19,0,0,3,30.42,0,0,3,30.65
1785715002.111,4.0,99.0,30.89,241.0,3.0,92,44,42837,182.75,88,59,43187,184.23,0,0,3,30.57,0,0,3,30.66
1785715003.112,4.2,100.0,30.87,238.0,4.0,93,54,42837,182.71,91,55,43187,187.11,0,0,3,30.52,0,0,3,30.67
1785715004.112,4.4,100.0,30.89,241.0,3.0,91,50,42837,180.69,88,52,43187,186.22,0,0,3,30.47,0,0,3,30.66
1785715005.112,4.3,100.0,30.88,237.0,3.0,93,49,42837,181.40,91,58,43187,192.19,0,0,3,30.46,0,0,3,30.66
1785715006.112,4.2,99.0,30.90,239.0,4.0,93,46,42837,175.06,90,54,43187,188.94,0,0,3,30.51,0,0,3,30.61
1785715007.112,5.9,100.0,30.88,244.0,4.0,93,46,42837,182.69,91,60,43187,184.02,0,0,3,30.51,0,0,3,30.60
1785715008.112,4.1,100.0,30.89,237.0,3.0,94,53,42837,181.65,92,56,43187,186.30,0,0,3,30.46,0,0,3,30.70
1785715009.112,4.1,100.0,30.89,239.0,3.0,93,55,42837,181.59,91,51,43187,186.05,0,0,3,30.47,0,0,3,30.71
1785715010.112,4.2,100.0,30.87,238.0,3.0,94,55,42837,174.73,88,37,43187,180.73,0,0,3,30.46,0,0,3,30.66
1785715011.112,4.3,100.0,30.88,239.0,3.0,93,47,42837,174.20,89,60,43187,177.38,0,0,3,30.46,0,0,3,30.66
1785715012.112,5.3,100.0,30.90,240.0,2.0,94,43,42837,178.25,91,62,43187,181.96,0,0,3,30.46,0,0,3,30.66
1785715013.113,5.0,100.0,30.90,237.0,3.0,91,48,42837,176.71,88,54,43187,190.79,0,0,3,30.51,0,0,3,30.66
1785715014.113,4.4,99.0,30.89,240.0,3.0,93,55,42837,181.44,91,51,43187,188.46,0,0,3,30.52,0,0,3,30.66
1785715015.113,4.5,100.0,30.87,238.0,3.0,93,52,42837,184.29,91,56,43187,183.96,0,0,3,30.41,0,0,3,30.60
1785715016.113,4.2,100.0,30.87,240.0,4.0,93,49,42837,183.52,91,59,43187,185.19,0,0,3,30.36,0,0,3,30.65
1785715017.113,4.0,100.0,30.86,240.0,3.0,93,55,42837,177.96,91,52,43187,186.65,0,0,3,30.46,0,0,3,30.70
1785715018.113,4.3,99.0,30.86,238.0,3.0,91,52,42837,179.22,89,51,43187,186.15,0,0,3,30.51,0,0,3,30.66
1785715019.113,4.2,100.0,30.89,240.6,3.0,93,55,42837,184.44,91,52,43187,182.33,0,0,3,30.37,0,0,3,30.60
1785715020.113,4.7,100.0,30.91,235.3,3.0,94,54,42837,176.31,91,54,43187,187.20,0,0,3,30.37,0,0,3,30.60
1785715021.113,4.3,100.0,30.91,240.0,2.0,93,43,42837,175.90,88,59,43187,196.75,0,0,3,30.41,0,0,3,30.60
1785715022.113,4.5,100.0,30.90,237.0,3.0,91,49,42837,184.42,88,50,43187,189.88,0,0,3,30.46,0,0,3,30.66
1785715023.114,4.5,100.0,30.88,238.0,2.0,93,43,42837,178.04,91,62,43187,184.44,0,0,3,30.46,0,0,3,30.65
1785715024.114,4.8,99.0,30.86,238.0,2.0,92,43,42837,179.99,88,58,43187,185.00,0,0,3,30.41,0,0,3,30.69
1785715025.114,4.0,100.0,30.84,239.0,3.0,92,49,42837,184.17,88,50,43187,188.32,0,0,3,30.41,0,0,3,30.71
1785715026.114,4.4,99.0,30.84,239.0,3.0,93,49,42837,200.50,91,51,43187,194.46,0,0,3,30.42,0,0,3,30.66
1785715027.114,4.3,100.0,30.85,238.0,3.0,92,49,42837,181.61,91,51,43187,184.11,0,0,3,30.36,0,0,3,30.65
1785715028.114,4.4,100.0,30.85,243.0,4.0,92,49,42837,174.96,88,57,43187,189.78,0,0,3,30.42,0,0,3,30.71
1785715029.114,4.1,100.0,30.85,239.0,4.0,92,48,42837,181.23,91,51,43187,202.77,0,0,3,30.42,0,0,3,30.77
1785715030.114,6.2,99.0,30.84,241.0,5.0,92,48,42837,200.73,87,53,43187,186.00,0,0,3,30.41,0,0,3,30.72
1785715031.114,4.8,100.0,30.84,240.0,4.0,93,48,42837,188.14,91,60,43187,200.11,0,0,3,30.45,0,0,3,30.71
1785715032.114,4.0,99.0,30.85,242.0,4.0,93,49,42837,174.67,87,54,43187,196.41,0,0,3,30.45,0,0,3,30.71
1785715033.115,4.3,100.0,30.86,237.0,4.0,93,49,42837,181.34,90,56,43187,185.73,0,0,3,30.41,0,0,3,30.66
1785715034.115,5.1,100.0,30.87,239.0,3.0,92,48,42837,185.47,90,57,43187,181.88,0,0,3,30.41,0,0,3,30.65
1785715035.115,4.6,100.0,30.85,237.0,3.0,93,47,42837,181.14,90,57,43187,187.51,0,0,3,30.45,0,0,3,30.66
1785715036.115,4.1,99.0,30.85,239.0,3.0,93,48,42837,181.46,90,58,43187,186.75,0,0,3,30.45,0,0,3,30.61
1785715037.115,6.2,100.0,30.85,233.0,3.0,92,48,42837,184.74,90,57,43187,185.01,0,0,3,30.45,0,0,3,30.55
1785715038.115,4.0,99.0,30.85,240.0,3.0,94,44,42837,182.03,93,49,43187,166.71,0,0,3,30.47,0,0,3,30.56
1785715039.115,4.6,100.0,30.85,237.0,4.0,93,50,42837,178.67,90,54,43187,182.62,0,0,3,30.47,0,0,3,30.61
1785715040.115,4.1,100.0,30.83,240.0,2.0,93,50,42837,184.29,90,55,43187,184.51,0,0,3,30.47,0,0,3,30.70
1785715041.115,4.3,100.0,30.84,234.0,3.0,93,50,42837,182.24,90,58,43187,181.15,0,0,3,30.47,0,0,3,30.70
1785715042.115,5.1,98.0,30.85,247.0,2.0,94,40,42837,183.60,93,46,43187,179.67,0,0,3,30.42,0,0,3,30.65
1785715043.116,4.4,100.0,30.84,237.0,3.0,93,48,42837,182.28,90,58,43187,181.56,0,0,3,30.42,0,0,3,30.65
1785715044.116,4.0,99.0,30.85,238.0,4.0,93,47,42837,182.68,90,58,43187,185.46,0,0,3,30.41,0,0,3,30.70
1785715045.116,4.2,100.0,30.84,239.0,4.0,93,47,42837,184.00,90,57,43187,183.84,0,0,3,30.41,0,0,3,30.70
1785715046.116,5.2,100.0,30.83,239.0,3.0,92,49,42837,180.43,90,57,43187,187.24,0,0,3,30.45,0,0,3,30.65
1785715047.116,5.3,100.0,30.84,241.0,5.0,92,48,42837,195.65,90,55,43187,199.17,0,0,3,30.45,0,0,3,30.65
1785715048.116,4.7,100.0,30.83,240.0,4.0,93,49,42837,177.74,90,55,43187,194.10,0,0,3,30.41,0,0,3,30.65
1785715049.116,4.6,99.0,30.84,241.0,5.0,92,47,42837,187.03,90,54,43187,183.92,0,0,3,30.37,0,0,3,30.70
1785715050.116,4.0,100.0,30.86,242.0,4.0,94,50,42837,176.02,90,28,43187,201.72,0,0,3,30.46,0,0,3,30.60
1785715051.116,4.7,100.0,30.85,241.0,5.0,93,49,42837,174.78,90,55,43187,192.69,0,0,3,30.46,0,0,3,30.60
1785715052.116,4.2,100.0,30.84,239.0,4.0,92,46,42837,176.47,91,47,43187,194.40,0,0,3,30.46,0,0,3,30.56
1785715053.117,4.3,100.0,30.85,239.0,5.0,92,48,42837,178.68,90,56,43187,190.48,0,0,3,30.46,0,0,3,30.61
1785715054.117,4.4,100.0,30.83,241.0,5.0,93,49,42837,179.67,90,56,43187,189.56,0,0,3,30.42,0,0,3,30.71
1785715055.117,4.6,99.0,30.85,241.0,5.0,93,48,42837,187.72,90,56,43187,183.48,0,0,3,30.42,0,0,3,30.71
1785715056.117,4.2,100.0,30.85,240.0,5.0,92,48,42837,179.11,90,56,43187,190.96,0,0,3,30.37,0,0,3,30.60
1785715057.117,5.3,100.0,30.87,242.0,5.0,92,48,42837,188.50,90,56,43187,183.18,0,0,3,30.35,0,0,3,30.60
1785715058.117,5.8,100.0,30.87,243.0,3.0,92,47,42837,183.87,90,56,43187,194.79,0,0,3,30.51,0,0,3,30.66
1785715059.117,6.2,100.0,30.86,238.0,5.0,92,48,42837,187.65,90,56,43187,182.09,0,0,3,30.51,0,0,3,30.66
1785715060.117,4.3,100.0,30.85,240.0,4.0,91,48,42837,184.07,88,56,43187,189.96,0,0,3,30.48,0,0,3,30.66
1785715061.117,3.9,100.0,30.86,237.5,3.0,93,48,42837,178.70,90,57,43187,188.31,0,0,3,30.47,0,0,3,30.67
1785715062.118,4.5,100.0,30.86,238.2,3.0,93,49,42837,174.52,90,57,43187,185.20,0,0,3,30.41,0,0,3,30.65
1785715063.118,4.1,99.0,30.86,243.0,4.0,92,48,42837,189.97,87,55,43187,193.86,0,0,3,30.36,0,0,3,30.59
1785715064.118,4.2,100.0,30.86,236.0,3.0,93,47,42837,182.60,90,58,43187,197.08,0,0,3,30.41,0,0,3,30.60
1785715065.118,4.1,100.0,30.85,238.0,4.0,93,49,42837,180.88,90,58,43187,186.17,0,0,3,30.42,0,0,3,30.65
1785715066.118,4.3,100.0,30.84,238.0,2.0,93,47,42837,180.58,90,58,43187,183.50,0,0,3,30.37,0,0,3,30.65
1785715067.118,4.7,99.0,30.84,238.0,2.0,91,48,42837,186.46,90,54,43187,186.35,0,0,3,30.42,0,0,3,30.66
1785715068.118,4.8,100.0,30.85,235.0,3.0,93,47,42837,179.27,88,56,43187,190.54,0,0,3,30.41,0,0,3,30.70
1785715069.118,4.1,99.0,30.84,236.0,1.0,92,46,42837,176.76,88,53,43187,191.57,0,0,3,30.41,0,0,3,30.70
1785715070.118,4.0,100.0,30.85,238.0,1.0,93,49,42837,177.18,90,58,43187,199.29,0,0,3,30.46,0,0,3,30.65
1785715071.118,4.8,100.0,30.85,233.0,2.0,92,50,42837,180.10,91,54,43187,186.02,0,0,3,30.47,0,0,3,30.65
1785715072.119,4.5,100.0,30.84,238.0,2.0,94,49,42837,185.93,92,57,43187,189.57,0,0,3,30.42,0,0,3,30.66
1785715073.119,4.1,99.0,30.84,236.0,1.0,93,46,42837,180.27,90,59,43187,189.12,0,0,3,30.41,0,0,3,30.71
1785715074.119,3.9,100.0,30.85,231.0,2.0,93,46,42837,177.88,88,57,43187,193.51,0,0,3,30.47,0,0,3,30.70
1785715075.119,4.1,99.0,30.86,236.0,1.0,92,46,42837,177.63,87,54,43187,191.99,0,0,3,30.47,0,0,3,30.71
1785715076.119,4.0,100.0,30.86,236.0,2.0,93,47,42837,180.62,88,57,43187,186.50,0,0,3,30.42,0,0,3,30.65
1785715077.119,4.2,100.0,30.85,239.0,2.0,93,51,42837,176.63,90,54,43187,190.27,0,0,3,30.42,0,0,3,30.65
1785715078.119,4.0,100.0,30.86,235.0,2.0,93,46,42837,179.78,91,58,43187,183.21,0,0,3,30.42,0,0,3,30.66
1785715079.119,4.7,96.0,30.86,232.0,2.0,92,50,42837,175.20,90,54,43187,185.95,0,0,3,30.42,0,0,3,30.66
1785715080.119,4.3,100.0,30.88,230.0,1.0,92,46,42837,179.35,89,58,43187,187.72,0,0,3,30.37,0,0,3,30.71
1785715081.120,5.2,99.0,30.87,234.0,1.0,92,47,42837,182.44,89,57,43187,190.73,0,0,3,30.37,0,0,3,30.70
1785715082.120,5.4,100.0,30.86,233.0,2.0,92,47,42837,173.96,89,55,43187,189.19,0,0,3,30.37,0,0,3,30.65
1785715083.120,4.8,100.0,30.87,234.0,2.0,92,50,42837,174.05,90,54,43187,189.82,0,0,3,30.36,0,0,3,30.65
1785715084.120,4.0,100.0,30.88,235.0,1.0,93,46,42837,184.91,87,50,43187,179.09,0,0,3,30.41,0,0,3,30.70
1785715085.120,4.2,99.0,30.89,232.0,2.0,92,47,42837,181.80,90,58,43187,182.17,0,0,3,30.41,0,0,3,30.70
1785715086.120,4.0,100.0,30.89,235.0,4.0,92,47,42837,172.27,90,58,43187,186.94,0,0,3,30.37,0,0,3,30.75
1785715087.120,4.6,99.0,30.88,232.0,1.0,91,47,42837,177.66,89,54,43187,190.35,0,0,3,30.37,0,0,3,30.75
1785715088.120,4.5,100.0,30.86,235.0,3.0,92,50,42837,181.50,89,54,43187,186.86,0,0,3,30.37,0,0,3,30.71
1785715089.120,4.3,100.0,30.84,235.0,2.0,97,37,42837,178.83,93,58,43187,181.05,0,0,3,30.41,0,0,3,30.67
1785715090.120,4.2,100.0,30.84,237.0,4.0,92,47,42837,176.33,88,55,43187,189.13,0,0,3,30.47,0,0,3,30.61
1785715091.120,6.0,99.0,30.82,242.0,3.0,91,48,42837,183.13,90,56,43187,209.31,0,0,3,30.47,0,0,3,30.66
1785715092.121,4.9,100.0,30.81,240.0,5.0,93,48,42837,182.84,90,57,43187,186.68,0,0,3,30.41,0,0,3,30.75
1785715093.121,4.0,96.0,30.81,236.0,3.0,92,48,42837,182.71,90,57,43187,186.28,0,0,3,30.41,0,0,3,30.76
1785715094.121,5.1,100.0,30.82,236.0,3.0,93,47,42837,184.06,90,58,43187,182.52,0,0,3,30.46,0,0,3,30.76
1785715095.121,4.5,100.0,30.82,241.0,3.0,92,49,42837,178.14,89,55,43187,193.28,0,0,3,30.47,0,0,3,30.71
1785715096.121,4.3,100.0,30.82,237.0,3.0,93,50,42837,181.00,90,55,43187,184.78,0,0,3,30.48,0,0,3,30.72
1785715097.121,5.7,99.0,30.83,238.0,2.0,92,50,42837,182.00,89,55,43187,183.68,0,0,3,30.48,0,0,3,30.77
1785715098.121,4.2,100.0,30.85,238.0,3.0,93,50,42837,184.15,90,57,43187,183.82,0,0,3,30.42,0,0,3,30.76
1785715099.121,4.1,99.0,30.83,240.0,3.0,93,47,42837,200.56,90,58,43187,177.85,0,0,3,30.37,0,0,3,30.71
1785715100.121,4.3,100.0,30.84,239.0,4.0,93,47,42837,180.21,90,57,43187,189.00,0,0,3,30.38,0,0,3,30.67
1785715101.121,4.1,100.0,30.84,238.0,2.0,93,47,42837,173.95,87,55,43187,192.42,0,0,3,30.38,0,0,3,30.67
1785715102.121,5.0,100.0,30.82,236.0,2.0,93,50,42837,174.89,90,54,43187,187.82,0,0,3,30.42,0,0,3,30.71
1785715103.122,4.4,98.0,30.84,235.0,3.0,93,47,42837,178.14,89,56,43187,185.55,0,0,3,30.45,0,0,3,30.75
1785715104.122,4.6,99.0,30.86,236.0,1.0,93,51,42837,175.70,90,57,43187,185.09,0,0,3,30.46,0,0,3,30.75
1785715105.122,4.3,99.0,30.85,239.0,1.0,91,47,42837,176.30,87,54,43187,186.93,0,0,3,30.42,0,0,3,30.75
1785715106.122,4.3,100.0,30.84,234.0,2.0,93,47,42837,179.86,90,58,43187,185.88,0,0,3,30.43,0,0,3,30.71
1785715107.122,4.1,100.0,30.85,236.0,1.0,93,51,42837,177.51,90,54,43187,186.79,0,0,3,30.51,0,0,3,30.66
1785715108.122,4.2,100.0,30.86,237.0,2.0,92,46,42837,178.21,87,53,43187,187.35,0,0,3,30.46,0,0,3,30.66
1785715109.122,4.4,100.0,30.88,233.9,2.0,91,46,42837,180.31,89,53,43187,190.62,0,0,3,30.41,0,0,3,30.71
1785715110.122,4.4,100.0,30.75,214.0,34.8,0,0,42837,136.66,0,0,43187,132.88,0,0,3,30.40,0,0,3,30.71
1785715111.122,2.6,93.0,30.74,48.0,20.0,0,0,42837,118.27,0,0,43187,119.90,0,0,3,30.40,0,0,3,30.70
1785715112.122,2.3,100.0,30.73,7.0,7.0,0,0,42837,113.78,0,0,43187,111.15,0,0,3,30.45,0,0,3,30.70
1785715113.123,2.4,100.0,29.34,5.0,0.0,0,0,42837,113.66,0,0,43187,111.05,0,0,3,30.46,0,0,3,30.70
1785715114.123,1.7,100.0,29.34,5.0,0.0,0,0,42837,113.19,0,0,43187,110.85,0,0,3,30.46,0,0,3,30.70
1785715115.123,1.6,100.0,29.34,8.0,0.0,0,0,42837,112.49,0,0,43187,110.70,0,0,3,30.40,0,0,3,30.70
1785715116.123,3.4,100.0,29.37,7.0,30.0,0,0,42837,112.06,0,0,43187,110.53,0,0,3,30.36,0,0,3,30.65
1785715117.123,4.4,100.0,29.48,9.0,22.0,0,0,42837,111.97,0,0,43187,110.44,0,0,3,30.36,0,0,3,30.70
1785715118.123,4.7,100.0,29.48,2.0,9.0,0,0,42837,111.90,0,0,43187,110.41,0,0,3,30.41,0,0,3,30.70
1785715119.123,4.4,100.0,29.50,7.0,21.0,0,0,42837,111.80,0,0,43187,110.27,0,0,3,30.46,0,0,3,30.70
1785715120.123,3.2,100.0,29.55,8.0,49.0,0,0,42837,111.66,0,0,43187,110.22,0,0,3,30.41,0,0,3,30.70
1785715121.124,8.1,100.0,29.56,3.9,575.0,0,0,42837,111.56,0,0,43187,110.11,0,0,3,30.41,0,0,3,30.65
1785715122.124,1.8,94.0,29.55,7.1,14.3,0,0,42837,111.52,0,0,43187,109.87,0,0,3,30.51,0,0,3,30.65
1785715123.124,2.3,98.0,29.56,9.0,25.0,0,0,42837,111.42,0,0,43187,109.78,0,0,3,30.51,0,0,3,30.65
1785715124.124,1.9,100.0,29.54,4.0,22.0,0,0,42837,111.33,0,0,43187,109.73,0,0,3,30.41,0,0,3,30.70
1785715125.124,2.1,100.0,29.54,6.0,24.0,0,0,42837,111.29,0,0,43187,109.59,0,0,3,30.35,0,0,3,30.70
1785715126.124,2.0,100.0,29.55,8.0,19.0,0,0,42837,111.24,0,0,43187,109.52,0,0,3,30.40,0,0,3,30.69
1785715127.124,2.4,100.0,29.55,6.0,12.0,0,0,42837,111.07,0,0,43187,109.57,0,0,3,30.46,0,0,3,30.69
1785715128.124,3.1,90.0,29.55,7.0,12.0,0,0,42837,110.97,0,0,43187,109.49,0,0,3,30.42,0,0,3,30.65
1785715129.125,2.7,100.0,29.55,7.0,15.0,0,0,42837,110.95,0,0,43187,109.29,0,0,3,30.37,0,0,3,30.70
1785715130.125,2.1,92.0,29.56,7.0,23.0,0,0,42837,110.82,0,0,43187,109.34,0,0,3,30.46,0,0,3,30.75
1785715131.125,2.1,100.0,29.56,5.0,9.0,0,0,42837,110.75,0,0,43187,109.29,0,0,3,30.50,0,0,3,30.70
1785715132.125,2.1,100.0,29.56,8.0,10.0,0,0,42837,110.70,0,0,43187,109.14,0,0,3,30.45,0,0,3,30.70
1785715133.125,1.8,100.0,29.55,5.0,21.0,0,0,42837,110.66,0,0,43187,109.04,0,0,3,30.45,0,0,3,30.70
1785715134.125,2.1,63.0,29.56,7.0,19.0,0,0,42837,110.61,0,0,43187,109.00,0,0,3,30.45,0,0,3,30.70
1785715135.125,2.0,100.0,29.56,8.0,14.0,0,0,42837,110.51,0,0,43187,108.95,0,0,3,30.46,0,0,3,30.65
1785715136.125,2.5,64.0,29.54,7.0,13.0,0,0,42837,110.47,0,0,43187,108.96,0,0,3,30.41,0,0,3,30.65
1785715137.126,2.1,100.0,29.54,6.0,12.0,0,0,42837,110.48,0,0,43187,108.86,0,0,3,30.41,0,0,3,30.70
1785715138.126,2.1,100.0,29.56,4.0,13.0,0,0,42837,110.42,0,0,43187,108.69,0,0,3,30.50,0,0,3,30.70
1785715139.126,2.1,100.0,29.57,6.0,13.0,0,0,42837,110.37,0,0,43187,108.59,0,0,3,30.50,0,0,3,30.74
1785715140.126,2.6,64.4,29.59,8.0,27.0,0,0,42837,110.32,0,0,43187,108.56,0,0,3,30.45,0,0,3,30.74
1785715141.126,2.3,100.0,29.61,7.0,50.0,0,0,42837,110.21,0,0,43187,108.51,0,0,3,30.40,0,0,3,30.69
1785715142.126,2.7,72.3,29.58,9.0,36.0,0,0,42837,110.17,0,0,43187,108.17,0,0,3,30.40,0,0,3,30.65
1785715143.126,2.0,100.0,29.58,5.0,13.0,0,0,42837,110.15,0,0,43187,107.54,0,0,3,30.41,0,0,3,30.70
1785715144.126,2.0,100.0,29.58,8.0,14.0,0,0,42837,110.15,0,0,43187,107.18,0,0,3,30.41,0,0,3,30.70
1785715145.127,1.9,100.0,29.59,5.0,30.0,0,0,42837,110.10,0,0,43187,107.17,0,0,3,30.50,0,0,3,30.70
1785715146.127,2.3,81.8,29.57,8.0,12.0,0,0,42837,109.98,0,0,43187,107.15,0,0,3,30.50,0,0,3,30.70
1785715147.127,2.0,100.0,29.58,5.0,16.0,0,0,42837,109.93,0,0,43187,107.10,0,0,3,30.46,0,0,3,30.65
1785715148.127,2.2,81.2,29.58,9.0,15.0,0,0,42837,109.91,0,0,43187,107.10,0,0,3,30.46,0,0,3,30.65
1785715149.127,1.9,100.0,29.59,7.0,25.0,0,0,42837,109.87,0,0,43187,107.05,0,0,3,30.41,0,0,3,30.65
1785715150.127,2.4,100.0,29.59,5.0,14.0,0,0,42837,109.82,0,0,43187,106.95,0,0,3,30.41,0,0,3,30.65
1785715151.127,3.2,100.0,29.60,6.0,16.0,0,0,42837,109.82,0,0,43187,106.81,0,0,3,30.46,0,0,3,30.60
1785715152.127,5.2,100.0,29.62,4.0,26.0,0,0,42837,109.82,0,0,43187,106.71,0,0,3,30.40,0,0,3,30.65
1785715153.128,3.2,89.9,29.64,6.0,14.0,0,0,42837,109.78,0,0,43187,106.76,0,0,3,30.40,0,0,3,30.65
1785715154.128,2.0,100.0,29.65,5.0,16.0,0,0,42837,109.71,0,0,43187,106.71,0,0,3,30.42,0,0,3,30.65
1785715155.128,3.0,97.0,29.64,8.0,16.0,0,0,42837,109.66,0,0,43187,106.66,0,0,3,30.42,0,0,3,30.65
1785715156.128,2.6,100.0,29.65,6.0,34.0,0,0,42837,109.66,0,0,43187,106.70,0,0,3,30.41,0,0,3,30.70
1785715157.128,3.2,100.0,29.65,6.0,15.0,0,0,42837,109.59,0,0,43187,106.66,0,0,3,30.46,0,0,3,30.65
1785715158.128,2.0,100.0,29.66,7.0,15.0,0,0,42837,109.44,0,0,43187,106.62,0,0,3,30.46,0,0,3,30.65
1785715159.128,1.9,86.0,29.67,7.0,12.0,0,0,42837,109.26,0,0,43187,106.56,0,0,3,30.45,0,0,3,30.65
1785715160.128,2.1,100.0,29.65,5.0,13.0,0,0,42837,109.20,0,0,43187,106.46,0,0,3,30.45,0,0,3,30.65
1785715161.128,1.8,94.0,29.65,7.0,14.0,0,0,42837,109.14,0,0,43187,106.42,0,0,3,30.46,0,0,3,30.65
1785715162.128,2.3,100.0,29.64,8.0,13.0,0,0,42837,109.17,0,0,43187,106.42,0,0,3,30.46,0,0,3,30.65
1785715163.129,2.8,100.0,29.65,6.0,26.0,0,0,42837,109.24,0,0,43187,106.32,0,0,3,30.51,0,0,3,30.75
1785715164.129,2.1,100.0,29.67,5.0,29.0,0,0,42837,109.15,0,0,43187,106.22,0,0,3,30.51,0,0,3,30.75
1785715165.129,2.1,84.7,29.68,8.0,22.0,0,0,42837,109.13,0,0,43187,106.17,0,0,3,30.51,0,0,3,30.75
1785715166.129,1.9,100.0,29.68,6.0,26.0,0,0,42837,109.18,0,0,43187,106.13,0,0,3,30.46,0,0,3,30.65
1785715167.129,2.8,92.1,29.68,6.0,31.0,0,0,42837,109.09,0,0,43187,106.17,0,0,3,30.47,0,0,3,30.65
1785715168.129,2.6,100.0,29.67,6.0,44.0,0,0,42837,109.00,0,0,43187,106.12,0,0,3,30.46,0,0,3,30.60
1785715169.129,2.8,100.0,29.72,7.0,32.0,0,0,42837,108.96,0,0,43187,106.13,0,0,3,30.46,0,0,3,30.60
1785715170.129,1.9,100.0,29.71,6.0,13.0,0,0,42837,108.98,0,0,43187,106.12,0,0,3,30.46,0,0,3,30.65
1785715171.129,2.8,78.8,29.71,7.0,17.0,0,0,42837,109.02,0,0,43187,106.07,0,0,3,30.46,0,0,3,30.65
1785715172.130,2.2,100.0,29.71,7.0,12.0,0,0,42837,108.92,0,0,43187,106.08,0,0,3,30.41,0,0,3,30.55
1785715173.130,2.0,89.1,29.71,5.0,11.0,0,0,42837,108.81,0,0,43187,105.98,0,0,3,30.41,0,0,3,30.55
1785715174.130,1.7,100.0,29.70,7.0,11.0,0,0,42837,108.87,0,0,43187,105.98,0,0,3,30.40,0,0,3,30.70
1785715175.130,2.0,100.0,29.71,7.0,9.0,0,0,42837,108.92,0,0,43187,105.97,0,0,3,30.40,0,0,3,30.70
1785715176.130,2.3,100.0,29.72,7.0,31.0,0,0,42837,108.83,0,0,43187,105.87,0,0,3,30.45,0,0,3,30.65
1785715177.130,3.3,77.0,29.71,7.0,31.0,0,0,42837,108.79,0,0,43187,105.83,0,0,3,30.45,0,0,3,30.65
1785715178.130,3.9,100.0,29.72,6.0,25.0,0,0,42837,108.80,0,0,43187,105.83,0,0,3,30.46,0,0,3,30.65
1785715179.130,4.0,86.0,29.74,7.0,25.0,0,0,42837,108.78,0,0,43187,105.78,0,0,3,30.46,0,0,3,30.65
1785715180.130,2.2,100.0,29.75,6.0,21.0,0,0,42837,108.74,0,0,43187,105.74,0,0,3,30.50,0,0,3,30.65
1785715181.130,2.1,100.0,29.73,8.0,19.0,0,0,42837,108.71,0,0,43187,105.68,0,0,3,30.50,0,0,3,30.75
1785715182.131,1.9,100.0,29.72,7.0,19.0,0,0,42837,108.71,0,0,43187,105.64,0,0,3,30.46,0,0,3,30.80
1785715183.131,2.1,76.8,29.71,7.0,27.0,0,0,42837,108.68,0,0,43187,105.98,0,0,3,30.41,0,0,3,30.70
1785715184.131,2.5,100.0,29.71,7.0,26.9,0,0,42837,108.64,0,0,43187,105.93,0,0,3,30.46,0,0,3,30.65
1785715185.131,3.4,84.8,29.72,6.0,18.1,0,0,42837,108.64,0,0,43187,105.54,0,0,3,30.42,0,0,3,30.60
1785715186.131,3.8,100.0,29.72,6.0,29.0,0,0,42837,108.66,0,0,43187,105.54,0,0,3,30.41,0,0,3,30.60
1785715187.131,3.2,100.0,29.71,3.0,22.0,0,0,42837,108.66,0,0,43187,105.54,0,0,3,30.46,0,0,3,30.65
1785715188.131,2.0,100.0,29.73,6.0,17.9,0,0,42837,108.57,0,0,43187,105.50,0,0,3,30.45,0,0,3,30.70
1785715189.131,4.0,74.3,29.73,8.0,19.0,0,0,42837,108.53,0,0,43187,105.59,0,0,3,30.45,0,0,3,30.70
1785715190.131,2.2,100.0,29.73,6.0,16.0,0,0,42837,108.55,0,0,43187,105.59,0,0,3,30.37,0,0,3,30.60
1785715191.132,2.4,75.8,29.75,8.0,17.0,0,0,42837,108.49,0,0,43187,105.55,0,0,3,30.37,0,0,3,30.60
1785715192.132,2.0,100.0,29.75,6.0,15.0,0,0,42837,108.47,0,0,43187,105.43,0,0,3,30.46,0,0,3,30.65
1785715193.132,2.1,100.0,29.75,6.0,18.0,0,0,42837,108.53,0,0,43187,105.43,0,0,3,30.46,0,0,3,30.65
1785715194.132,1.9,100.0,29.74,6.0,17.0,0,0,42837,108.53,0,0,43187,105.43,0,0,3,30.46,0,0,3,30.70
1785715195.132,2.3,53.0,29.73,7.0,16.0,0,0,42837,108.50,0,0,43187,105.49,0,0,3,30.46,0,0,3,30.70
1785715196.132,2.3,100.0,29.72,6.0,18.0,0,0,42837,108.45,0,0,43187,105.49,0,0,3,30.51,0,0,3,30.65
1785715197.132,2.0,53.0,29.71,7.0,21.0,0,0,42837,108.48,0,0,43187,105.44,0,0,3,30.51,0,0,3,30.80
1785715198.132,2.1,100.0,29.71,9.0,15.0,0,0,42837,108.57,0,0,43187,105.39,0,0,3,30.50,0,0,3,30.79
1785715199.132,2.2,100.0,29.72,7.0,17.1,0,0,42837,108.53,0,0,43187,105.34,0,0,3,30.36,0,0,3,30.59
1785715200.132,2.6,100.0,29.75,5.0,10.9,0,0,42837,108.38,0,0,43187,105.40,0,0,3,30.35,0,0,3,30.64
1785715201.133,1.4,56.0,29.74,6.0,0.0,0,0,42837,108.45,0,0,43187,105.27,0,0,3,30.42,0,0,3,30.61
1785715202.133,3.2,49.0,29.79,5.0,6.0,0,0,42837,108.42,0,0,43187,105.27,0,0,3,30.51,0,0,3,30.61
1785715203.133,4.5,100.0,29.82,7.0,17.0,0,0,42837,108.24,0,0,43187,105.25,0,0,3,30.51,0,0,3,30.65
1785715204.158,3.1,77.2,29.83,5.9,15.6,0,0,42837,108.24,0,0,43187,105.25,0,0,3,48.05,0,0,3,47.84
1785715205.158,2.8,100.0,29.85,7.0,15.0,0,0,42837,108.37,0,0,43187,105.32,0,0,3,66.46,0,0,3,65.03
1785715206.158,3.0,100.0,29.89,7.0,14.0,0,0,42837,108.15,0,0,43187,105.30,0,0,3,67.18,0,0,3,65.24
1785715207.159,3.1,100.0,29.87,6.0,13.0,0,0,42837,108.15,0,0,43187,105.30,0,0,3,79.69,0,0,3,65.24
1785715208.159,3.3,52.0,29.96,6.0,12.0,0,0,42837,108.18,0,0,43187,105.30,0,0,3,92.71,0,0,3,78.30
1785715209.159,3.5,100.0,30.19,9.0,11.0,2,0,43104,108.46,0,0,43187,105.39,0,0,3,31.30,0,0,3,31.61
1785715210.159,3.6,78.0,30.61,5.0,16.0,0,0,43104,108.42,0,0,43454,105.48,0,0,3,31.08,0,0,3,31.30
1785715211.159,3.0,100.0,30.98,7.0,20.0,0,0,43104,108.47,0,0,43454,105.36,0,0,271,93.63,0,0,271,55.53
1785715212.159,3.5,100.0,29.87,5.0,13.0,0,0,42837,108.54,0,0,43187,105.35,0,0,3,100.28,0,0,3,101.27
1785715213.159,3.6,100.0,29.91,6.0,15.0,0,0,42837,108.50,0,0,43187,105.36,0,0,3,100.28,0,0,3,101.43
1785715214.159,4.0,52.0,29.93,7.0,19.0,0,0,42837,108.41,0,0,43187,105.33,0,0,3,62.51,0,0,3,64.39
1785715215.160,3.8,100.0,29.94,7.0,15.0,0,0,42837,108.37,0,0,43187,105.23,0,0,3,44.89,0,0,3,46.06
1785715216.160,2.9,56.6,29.97,7.0,14.0,0,0,42837,108.34,0,0,43187,105.20,0,0,3,30.94,0,0,3,31.19
1785715217.160,4.1,100.0,29.97,5.0,15.0,0,0,42837,108.45,0,0,43187,105.21,0,0,3,30.80,0,0,3,30.90
1785715218.160,2.3,100.0,29.95,8.0,17.0,0,0,42837,108.52,0,0,43187,105.60,0,0,3,30.75,0,0,3,30.90
1785715219.160,2.0,100.0,29.93,6.0,15.0,0,0,42837,108.42,0,0,43187,105.59,0,0,3,30.65,0,0,3,30.94
1785715220.160,2.6,69.7,29.91,6.0,15.0,0,0,42837,108.33,0,0,43187,105.13,0,0,3,30.65,0,0,3,30.89
1785715221.160,3.3,100.0,29.91,8.0,15.0,0,0,42837,108.32,0,0,43187,105.14,0,0,3,30.70,0,0,3,30.80
1785715222.160,3.3,92.0,29.89,5.0,21.0,0,0,42837,108.34,0,0,43187,105.11,0,0,3,30.65,0,0,3,30.80
1785715223.160,2.8,100.0,29.91,6.0,15.0,0,0,42837,108.34,0,0,43187,105.11,0,0,3,30.61,0,0,3,30.84
1785715224.160,1.9,100.0,29.91,6.0,19.0,0,0,42837,108.34,0,0,43187,105.20,0,0,3,30.65,0,0,3,30.80
1785715225.161,2.2,100.0,29.90,6.0,19.0,0,0,42837,108.39,0,0,43187,105.14,0,0,3,30.65,0,0,3,30.79
1785715226.161,1.9,55.0,29.90,7.0,16.0,0,0,42837,108.39,0,0,43187,105.05,0,0,3,30.70,0,0,3,30.74
1785715227.161,2.2,100.0,29.90,9.0,20.0,0,0,42837,108.34,0,0,43187,105.15,0,0,3,30.75,0,0,3,30.70
1785715228.161,2.0,52.0,29.91,6.0,20.0,0,0,42837,108.39,0,0,43187,105.20,0,0,3,30.66,0,0,3,30.75
1785715229.161,2.6,100.0,29.93,8.0,17.0,0,0,42837,108.36,0,0,43187,105.15,0,0,3,30.56,0,0,3,30.75
1785715230.161,1.9,100.0,29.93,5.0,15.0,0,0,42837,108.27,0,0,43187,105.10,0,0,3,30.61,0,0,3,30.70
1785715231.161,2.6,62.0,29.90,5.0,13.0,0,0,42837,108.31,0,0,43187,105.06,0,0,3,30.71,0,0,3,30.70
1785715232.161,2.3,60.0,29.87,7.0,16.0,0,0,42837,108.29,0,0,43187,105.11,0,0,3,30.66,0,0,3,30.80
1785715233.161,2.1,100.0,29.86,10.0,17.0,0,0,42837,108.31,0,0,43187,105.11,0,0,3,30.61,0,0,3,30.85
1785715234.162,2.7,78.8,29.86,5.0,18.0,0,0,42837,108.33,0,0,43187,105.06,0,0,3,30.56,0,0,3,30.85
1785715235.162,1.9,100.0,29.86,6.0,18.0,0,0,42837,108.27,0,0,43187,105.21,0,0,3,30.51,0,0,3,30.80
1785715236.162,2.1,100.0,29.85,6.0,18.0,0,0,42837,108.25,0,0,43187,105.20,0,0,3,30.56,0,0,3,30.75
1785715237.162,3.0,100.0,29.86,8.0,16.0,0,0,42837,108.24,0,0,43187,105.06,0,0,3,30.60,0,0,3,30.75
1785715238.162,4.3,100.0,29.85,5.0,18.0,0,0,42837,108.21,0,0,43187,105.06,0,0,3,30.50,0,0,3,30.75
1785715239.162,3.9,93.9,29.85,7.0,21.0,0,0,42837,108.18,0,0,43187,105.06,0,0,3,30.51,0,0,3,30.70
1785715240.162,2.7,100.0,29.83,8.0,30.0,0,0,42837,108.22,0,0,43187,105.01,0,0,3,30.56,0,0,3,30.70
1785715241.162,2.1,100.0,29.84,7.0,14.0,0,0,42837,108.25,0,0,43187,105.01,0,0,3,30.60,0,0,3,30.75
1785715242.162,1.9,100.0,29.85,5.0,12.0,0,0,42837,108.24,0,0,43187,105.16,0,0,3,30.60,0,0,3,30.75
1785715243.162,2.1,100.0,29.85,7.0,13.0,0,0,42837,108.25,0,0,43187,105.15,0,0,3,30.56,0,0,3,30.75
1785715244.163,1.8,100.0,29.85,6.0,14.0,0,0,42837,108.18,0,0,43187,105.00,0,0,3,30.56,0,0,3,30.75
1785715245.163,2.2,91.0,29.83,6.0,12.0,0,0,42837,108.13,0,0,43187,104.96,0,0,3,30.56,0,0,3,30.75
1785715246.163,2.4,100.0,29.82,10.0,12.0,0,0,42837,108.14,0,0,43187,104.96,0,0,3,30.55,0,0,3,30.70
1785715247.163,2.1,99.0,29.82,5.0,11.0,0,0,42837,108.12,0,0,43187,104.96,0,0,3,30.55,0,0,3,30.69
1785715248.163,1.8,100.0,29.81,7.0,11.0,0,0,42837,108.12,0,0,43187,104.91,0,0,3,30.59,0,0,3,30.74
1785715249.163,2.0,100.0,29.80,6.0,9.0,0,0,42837,108.19,0,0,43187,104.96,0,0,3,30.55,0,0,3,30.70
1785715250.163,3.7,100.0,29.81,6.0,10.0,0,0,42837,108.24,0,0,43187,104.96,0,0,3,30.60,0,0,3,30.70
1785715251.163,2.3,89.8,29.82,6.0,9.0,0,0,42837,108.14,0,0,43187,104.88,0,0,3,30.66,0,0,3,30.75
1785715252.163,1.8,95.0,29.81,6.0,10.0,0,0,42837,108.10,0,0,43187,104.93,0,0,3,30.66,0,0,3,30.70
1785715253.164,2.1,97.0,29.80,8.0,11.0,0,0,42837,108.20,0,0,43187,104.91,0,0,3,30.66,0,0,3,30.70
1785715254.164,1.9,100.0,29.80,7.0,11.0,0,0,42837,108.19,0,0,43187,104.86,0,0,3,30.51,0,0,3,30.75
1785715255.164,2.9,100.0,29.80,7.0,10.0,0,0,42837,108.17,0,0,43187,104.86,0,0,3,30.47,0,0,3,30.70
1785715256.164,3.2,100.0,29.79,4.0,12.0,0,0,42837,108.15,0,0,43187,104.86,0,0,3,30.46,0,0,3,30.65
1785715257.164,2.4,86.9,29.78,6.0,7.0,0,0,42837,108.13,0,0,43187,104.91,0,0,3,30.45,0,0,3,30.65
1785715258.164,2.2,100.0,29.79,6.0,12.0,0,0,42837,108.15,0,0,43187,104.80,0,0,3,30.50,0,0,3,30.70
1785715259.164,2.1,88.0,29.82,6.0,17.0,0,0,42837,108.13,0,0,43187,105.00,0,0,3,30.50,0,0,3,30.70
1785715260.164,2.3,100.0,29.82,6.0,13.0,0,0,42837,108.13,0,0,43187,105.11,0,0,3,30.46,0,0,3,30.70
1785715261.164,2.0,100.0,29.82,7.0,15.0,0,0,42837,108.13,0,0,43187,104.81,0,0,3,30.51,0,0,3,30.75
1785715262.165,2.3,100.0,29.80,6.0,19.0,0,0,42837,108.15,0,0,43187,104.75,0,0,3,30.51,0,0,3,30.70
1785715263.165,1.9,59.6,29.79,7.0,18.0,0,0,42837,108.19,0,0,43187,104.76,0,0,3,30.45,0,0,3,30.70
1785715264.165,2.8,100.0,29.79,6.0,18.0,0,0,42837,108.06,0,0,43187,104.77,0,0,3,30.46,0,0,3,30.70
1785715265.165,1.9,66.0,29.79,7.0,17.0,0,0,42837,108.00,0,0,43187,104.76,0,0,3,30.46,0,0,3,30.65
1785715266.165,2.6,100.0,29.79,6.0,17.0,0,0,42837,108.09,0,0,43187,104.80,0,0,3,30.46,0,0,3,30.65
1785715267.165,2.1,100.0,29.80,8.0,18.0,0,0,42837,108.12,0,0,43187,104.85,0,0,3,30.46,0,0,3,30.64
1785715268.165,2.2,100.0,29.80,5.0,17.0,0,0,42837,108.08,0,0,43187,104.81,0,0,3,30.50,0,0,3,30.68
1785715269.165,2.0,54.5,29.79,6.0,21.0,0,0,42837,108.10,0,0,43187,104.76,0,0,3,30.50,0,0,3,30.69
1785715270.165,2.3,100.0,29.77,9.0,19.0,0,0,42837,108.14,0,0,43187,104.71,0,0,3,30.50,0,0,3,30.65
1785715271.165,2.1,57.0,29.77,5.0,15.0,0,0,42837,108.07,0,0,43187,104.71,0,0,3,30.51,0,0,3,30.70
1785715272.166,2.0,100.0,29.76,7.0,16.0,0,0,42837,108.02,0,0,43187,104.75,0,0,3,30.46,0,0,3,30.75
1785715273.166,2.1,100.0,29.76,7.0,14.0,0,0,42837,108.02,0,0,43187,104.76,0,0,3,30.45,0,0,3,30.69
1785715274.166,2.7,100.0,29.76,5.0,15.0,0,0,42837,108.11,0,0,43187,104.77,0,0,3,30.50,0,0,3,30.65
1785715275.166,3.3,70.7,29.76,9.0,14.0,0,0,42837,108.12,0,0,43187,104.77,0,0,3,30.50,0,0,3,30.65
1785715276.166,3.6,100.0,29.76,8.0,16.0,0,0,42837,108.07,0,0,43187,104.77,0,0,3,30.41,0,0,3,30.70
1785715277.166,3.8,65.0,29.77,4.0,16.0,0,0,42837,108.09,0,0,43187,104.77,0,0,3,30.41,0,0,3,30.70
1785715278.166,1.8,100.0,29.77,7.0,10.0,0,0,42837,108.04,0,0,43187,104.71,0,0,3,30.41,0,0,3,30.65
1785715279.166,2.1,100.0,29.76,9.0,37.0,0,0,42837,108.06,0,0,43187,104.90,0,0,3,30.41,0,0,3,30.65
1785715280.166,2.0,100.0,29.76,5.0,15.9,0,0,42837,108.04,0,0,43187,105.00,0,0,3,30.46,0,0,3,30.65
1785715281.167,2.2,74.3,29.76,5.0,19.1,0,0,42837,108.02,0,0,43187,104.76,0,0,3,30.41,0,0,3,30.65
1785715282.167,7.6,100.0,29.78,8.0,485.9,0,0,42837,108.02,0,0,43187,104.71,0,0,3,30.41,0,0,3,30.69
1785715283.167,2.3,67.3,29.79,8.0,24.0,0,0,42837,107.97,0,0,43187,104.72,0,0,3,30.50,0,0,3,30.69
1785715284.167,2.8,100.0,29.80,5.0,16.0,0,0,42837,108.00,0,0,43187,104.72,0,0,3,30.51,0,0,3,30.65
1785715285.167,2.0,100.0,29.82,8.0,30.0,0,0,42837,108.00,0,0,43187,104.72,0,0,3,30.56,0,0,3,30.60
1785715286.167,2.1,100.0,29.83,5.0,20.0,0,0,42837,107.95,0,0,43187,104.67,0,0,3,30.50,0,0,3,30.65
1785715287.167,2.0,76.2,29.81,5.0,9.0,0,0,42837,107.95,0,0,43187,104.67,0,0,3,30.41,0,0,3,30.75
1785715288.167,2.0,100.0,29.81,9.0,11.0,0,0,42837,107.94,0,0,43187,104.72,0,0,3,30.41,0,0,3,30.75
1785715289.167,2.4,70.0,29.80,6.0,9.0,0,0,42837,107.96,0,0,43187,104.72,0,0,3,30.41,0,0,3,30.85
1785715290.168,3.2,100.0,29.80,6.0,15.0,0,0,42837,107.99,0,0,43187,104.67,0,0,3,30.46,0,0,3,30.80
1785715291.168,3.6,100.0,29.82,7.0,25.0,0,0,42837,107.99,0,0,43187,104.71,0,0,3,30.46,0,0,3,30.70
1785715292.168,2.8,100.0,29.80,4.0,41.0,0,0,42837,108.06,0,0,43187,104.76,0,0,3,30.46,0,0,3,30.70
1785715293.168,2.6,79.0,29.79,7.0,20.0,0,0,42837,108.04,0,0,43187,104.72,0,0,3,30.51,0,0,3,30.70
1785715294.168,2.0,100.0,29.80,7.0,26.0,0,0,42837,108.03,0,0,43187,104.71,0,0,3,30.50,0,0,3,30.70
1785715295.168,2.2,73.0,29.79,7.0,22.0,0,0,42837,108.03,0,0,43187,104.71,0,0,3,30.51,0,0,3,30.65
1785715296.168,2.0,100.0,29.80,4.0,21.0,0,0,42837,107.95,0,0,43187,104.67,0,0,3,30.65,0,0,3,30.65
1785715297.168,3.2,100.0,29.80,9.0,22.0,0,0,42837,108.00,0,0,43187,104.66,0,0,3,30.60,0,0,3,30.70
1785715298.168,3.8,100.0,29.79,6.0,19.0,0,0,42837,107.99,0,0,43187,104.66,0,0,3,30.46,0,0,3,30.70
1785715299.169,4.4,83.0,29.78,6.0,31.0,0,0,42837,108.00,0,0,43187,104.62,0,0,3,30.45,0,0,3,30.60
1785715300.169,2.2,100.0,29.79,8.0,42.0,0,0,42837,108.05,0,0,43187,104.57,0,0,3,30.50,0,0,3,30.60
1785715301.169,2.7,76.0,29.79,6.0,21.0,0,0,42837,108.04,0,0,43187,104.66,0,0,3,30.50,0,0,3,30.70
1785715302.169,2.1,100.0,29.80,6.0,26.0,0,0,42837,108.04,0,0,43187,104.75,0,0,3,30.46,0,0,3,30.70
1785715303.169,2.2,100.0,29.82,7.0,27.0,0,0,42837,107.99,0,0,43187,104.66,0,0,3,30.42,0,0,3,30.70
1785715304.169,2.0,100.0,29.81,7.0,33.0,0,0,42837,107.94,0,0,43187,104.76,0,0,3,30.41,0,0,3,30.75
1785715305.169,2.2,85.1,29.83,6.0,34.0,0,0,42837,107.94,0,0,43187,104.81,0,0,3,30.45,0,0,3,30.70
1785715306.169,2.2,100.0,29.83,7.0,48.0,0,0,42837,107.99,0,0,43187,104.66,0,0,3,30.40,0,0,3,30.65
1785715307.170,6.0,85.1,29.85,6.0,382.3,0,0,42837,107.99,0,0,43187,104.67,0,0,3,30.36,0,0,3,30.70
1785715308.170,2.0,100.0,29.86,6.0,25.0,0,0,42837,107.90,0,0,43187,104.66,0,0,3,30.40,0,0,3,30.70
1785715309.170,2.2,100.0,29.86,6.0,16.0,0,0,42837,107.96,0,0,43187,104.61,0,0,3,30.50,0,0,3,30.65
1785715310.170,2.4,100.0,29.85,8.0,16.0,0,0,42837,108.01,0,0,43187,104.61,0,0,3,30.46,0,0,3,30.65
1785715311.170,3.3,100.0,29.82,5.0,17.0,0,0,42837,108.03,0,0,43187,104.63,0,0,3,30.41,0,0,3,30.70
1785715312.170,1.9,62.6,29.83,8.0,15.0,0,0,42837,108.03,0,0,43187,104.63,0,0,3,30.46,0,0,3,30.65
1785715313.170,2.2,100.0,29.83,6.0,16.0,0,0,42837,107.97,0,0,43187,104.66,0,0,3,30.46,0,0,3,30.60
1785715314.170,2.3,91.0,29.82,7.0,16.0,0,0,42837,107.97,0,0,43187,104.67,0,0,3,30.41,0,0,3,30.65
1785715315.170,2.7,100.0,29.84,6.0,15.0,0,0,42837,107.97,0,0,43187,104.63,0,0,3,30.41,0,0,3,30.70
1785715316.171,1.9,100.0,29.84,8.0,17.0,0,0,42837,107.97,0,0,43187,104.64,0,0,3,30.46,0,0,3,30.70
1785715317.171,2.1,100.0,29.84,5.0,16.0,0,0,42837,108.01,0,0,43187,104.66,0,0,3,30.41,0,0,3,30.69
1785715318.171,1.9,82.0,29.83,8.0,15.0,0,0,42837,107.98,0,0,43187,104.61,0,0,3,30.46,0,0,3,30.70
1785715319.171,2.4,100.0,29.85,6.0,21.0,0,0,42837,107.88,0,0,43187,104.57,0,0,3,30.50,0,0,3,30.66
1785715320.171,2.4,82.0,29.89,6.0,24.0,0,0,42837,107.90,0,0,43187,104.62,0,0,3,30.45,0,0,3,30.69
1785715321.171,2.2,100.0,29.90,6.0,17.0,0,0,42837,108.02,0,0,43187,104.61,0,0,3,30.45,0,0,3,30.69
1785715322.171,2.5,100.0,29.88,8.0,27.0,0,0,42837,108.09,0,0,43187,104.61,0,0,3,30.50,0,0,3,30.65
1785715323.171,2.2,100.0,29.87,6.0,29.0,0,0,42837,108.01,0,0,43187,104.57,0,0,3,30.50,0,0,3,30.65
1785715324.171,2.3,55.0,29.86,8.0,25.0,0,0,42837,107.94,0,0,43187,104.56,0,0,3,30.46,0,0,3,30.70
1785715325.172,3.4,100.0,29.88,5.0,44.0,0,0,42837,107.89,0,0,43187,104.61,0,0,3,30.46,0,0,3,30.70
1785715326.172,3.3,100.0,29.90,4.0,48.0,0,0,42837,107.90,0,0,43187,104.56,0,0,3,30.51,0,0,3,30.65
1785715327.172,2.5,100.0,29.89,8.0,36.0,0,0,42837,107.99,0,0,43187,104.61,0,0,3,30.46,0,0,3,30.70
1785715328.172,2.0,100.0,29.89,4.0,17.0,0,0,42837,107.98,0,0,43187,104.61,0,0,3,30.46,0,0,3,30.70
1785715329.172,2.1,100.0,29.89,7.0,19.0,0,0,42837,107.96,0,0,43187,104.52,0,0,3,30.51,0,0,3,30.65
1785715330.172,2.6,59.4,29.88,9.0,16.0,0,0,42837,108.04,0,0,43187,104.57,0,0,3,30.46,0,0,3,30.70
1785715331.172,2.8,100.0,29.90,6.0,14.0,0,0,42837,108.03,0,0,43187,104.66,0,0,3,30.46,0,0,3,30.70
1785715332.172,2.0,54.5,29.89,6.0,16.0,0,0,42837,108.00,0,0,43187,104.61,0,0,3,30.45,0,0,3,30.65
1785715333.172,2.1,100.0,29.89,8.0,15.0,0,0,42837,108.00,0,0,43187,104.57,0,0,3,30.50,0,0,3,30.65
1785715334.172,2.0,100.0,29.88,6.0,24.0,0,0,42837,107.95,0,0,43187,104.67,0,0,3,30.45,0,0,3,30.70
1785715335.173,2.9,100.0,29.88,7.0,32.0,0,0,42837,108.00,0,0,43187,104.72,0,0,3,30.41,0,0,3,30.70
1785715336.173,4.6,62.6,29.90,6.0,27.0,0,0,42837,108.02,0,0,43187,104.62,0,0,3,30.45,0,0,3,30.65
1785715337.173,6.3,82.7,29.94,7.0,20.0,0,0,42837,107.98,0,0,43187,104.57,0,0,3,30.51,0,0,3,30.65
1785715338.173,2.2,56.6,29.96,7.0,23.0,0,0,42837,108.02,0,0,43187,104.57,0,0,3,30.50,0,0,3,30.75
1785715339.173,2.0,100.0,29.98,7.0,21.0,0,0,42837,108.06,0,0,43187,104.57,0,0,3,30.40,0,0,3,30.75
1785715340.173,2.1,100.0,29.99,5.0,19.0,0,0,42837,107.99,0,0,43187,104.56,0,0,3,30.41,0,0,3,30.65
1785715341.173,2.0,100.0,29.99,9.0,27.0,0,0,42837,107.93,0,0,43187,104.61,0,0,3,30.46,0,0,3,30.65
1785715342.173,2.7,65.0,29.99,5.0,31.0,0,0,42837,107.91,0,0,43187,104.66,0,0,3,30.45,0,0,3,30.65
1785715343.173,2.1,100.0,30.01,7.0,17.0,0,0,42837,107.97,0,0,43187,104.66,0,0,3,30.50,0,0,3,30.70
1785715344.174,2.9,59.0,30.03,7.0,21.0,0,0,42837,107.99,0,0,43187,104.61,0,0,3,30.51,0,0,3,30.69
1785715345.174,1.9,100.0,30.04,5.0,24.0,0,0,42837,107.95,0,0,43187,104.57,0,0,3,30.51,0,0,3,30.60
1785715346.174,2.2,100.0,30.05,7.0,18.0,0,0,42837,107.93,0,0,43187,104.57,0,0,3,30.52,0,0,3,30.60
1785715347.174,2.5,100.0,30.09,6.0,50.0,0,0,42837,107.92,0,0,43187,104.57,0,0,3,30.56,0,0,3,30.60
1785715348.174,2.8,68.0,30.33,8.0,62.8,0,0,42837,107.95,0,0,43187,104.62,0,0,3,30.56,0,0,3,30.55
1785715349.174,3.4,64.3,30.52,6.0,42.1,0,0,42837,108.01,0,0,43187,104.62,0,0,3,30.45,0,0,3,30.60
1785715350.174,2.9,65.3,30.73,5.0,39.0,0,0,42837,107.99,0,0,43187,104.57,0,0,3,30.50,0,0,3,30.65
1785715351.174,2.9,100.0,31.50,7.0,62.0,0,0,42837,107.93,0,0,43187,104.57,0,0,3,30.50,0,0,3,30.75
1785715352.175,3.2,100.0,31.44,6.0,100.0,0,0,42837,107.99,0,0,43187,104.57,0,0,3,30.45,0,0,3,30.80
1785715353.175,2.7,100.0,31.62,7.0,100.0,0,0,42837,108.06,0,0,43187,104.57,0,0,3,30.45,0,0,3,30.70
1785715354.175,2.6,100.0,31.53,6.0,100.0,0,0,42837,107.97,0,0,43187,104.61,0,0,3,30.46,0,0,3,30.65
1785715355.175,3.2,100.0,31.51,104.0,24.0,100,60,42837,137.80,100,48,43187,129.94,0,0,3,30.46,0,0,3,30.65
1785715356.175,3.3,100.0,31.51,181.0,6.0,86,74,42837,205.85,76,86,43187,242.96,0,0,3,30.51,0,0,3,30.65
1785715357.175,4.8,100.0,31.49,190.0,8.0,86,76,42837,216.81,76,86,43187,227.86,0,0,3,30.50,0,0,3,30.65
1785715358.175,5.3,100.0,31.49,183.0,8.0,88,73,42837,219.99,83,93,43187,231.49,0,0,3,30.50,0,0,3,30.60
1785715359.175,6.0,100.0,31.49,186.0,8.0,88,72,42837,231.83,80,90,43187,223.91,0,0,3,30.51,0,0,3,30.60
1785715360.175,5.5,100.0,31.47,185.0,8.0,88,75,42837,217.12,78,87,43187,233.85,0,0,3,30.46,0,0,3,30.65
1785715361.175,4.8,100.0,31.47,186.0,9.0,90,78,42837,219.41,76,86,43187,231.93,0,0,3,30.46,0,0,3,30.70
1785715362.176,4.1,100.0,31.47,187.0,8.0,88,73,42837,226.53,81,91,43187,243.23,0,0,3,30.45,0,0,3,30.69
1785715363.176,4.1,100.0,31.46,184.0,9.0,89,74,42837,221.53,81,91,43187,232.91,0,0,3,30.45,0,0,3,30.70
1785715364.176,3.5,100.0,31.45,183.0,8.0,88,74,42837,222.39,80,90,43187,235.45,0,0,3,30.45,0,0,3,30.70
1785715365.176,3.8,100.0,31.45,183.0,9.0,90,79,42837,220.84,77,87,43187,228.26,0,0,3,30.50,0,0,3,30.65
1785715366.176,3.7,80.0,31.44,203.9,6.0,0,0,42837,193.13,0,0,43187,195.66,0,0,3,30.55,0,0,3,30.64
1785715367.176,4.0,100.0,31.43,220.0,1.0,93,42,42837,133.74,88,57,43187,152.44,0,0,3,30.45,0,0,3,30.65
1785715368.176,4.1,99.0,31.41,235.0,1.0,93,40,42837,171.49,88,49,43187,198.62,0,0,3,30.41,0,0,3,30.65
1785715369.176,4.3,100.0,31.41,240.0,2.0,91,44,42837,189.65,81,38,43187,166.68,0,0,3,30.45,0,0,3,30.65
1785715370.176,3.9,100.0,31.40,237.0,2.0,94,46,42837,172.07,91,62,43187,170.89,0,0,3,30.46,0,0,3,30.65
1785715371.176,5.5,100.0,31.39,235.0,3.0,92,47,42837,172.06,88,52,43187,184.46,0,0,3,30.46,0,0,3,30.61
1785715372.177,4.5,100.0,31.38,239.0,3.0,94,54,42837,178.36,91,56,43187,178.38,0,0,3,30.46,0,0,3,30.65
1785715373.177,4.1,100.0,31.38,237.0,1.0,94,43,42837,175.70,88,58,43187,184.08,0,0,3,30.51,0,0,3,30.70
1785715374.177,4.1,100.0,31.37,240.0,4.0,92,50,42837,189.01,90,50,43187,177.03,0,0,3,30.50,0,0,3,30.65
1785715375.177,4.2,99.0,31.36,240.0,3.0,93,50,42837,198.29,90,50,43187,183.45,0,0,3,30.46,0,0,3,30.70
1785715376.177,4.0,100.0,31.35,239.0,4.0,93,47,42837,189.13,88,55,43187,185.15,0,0,3,30.42,0,0,3,30.66
1785715377.177,12.1,100.0,31.36,245.5,3.0,92,49,42837,174.71,89,57,43187,182.80,0,0,3,30.42,0,0,3,30.61
1785715378.177,5.8,100.0,31.36,239.5,2.0,91,47,42837,175.58,90,55,43187,181.27,0,0,3,30.42,0,0,3,30.71
1785715379.177,5.3,99.0,31.36,242.0,4.0,94,51,42837,180.33,89,56,43187,183.68,0,0,3,30.42,0,0,3,30.66
1785715380.177,4.5,100.0,31.38,240.0,4.0,92,48,42837,168.67,90,56,43187,197.13,0,0,3,30.51,0,0,3,30.61
1785715381.177,4.4,99.0,31.36,240.0,4.0,92,49,42837,179.38,88,55,43187,179.91,0,0,3,30.51,0,0,3,30.67
1785715382.177,4.2,100.0,31.32,240.0,4.0,92,48,42837,180.52,90,56,43187,186.76,0,0,3,30.46,0,0,3,30.71
1785715383.178,4.2,100.0,31.32,240.0,5.0,92,47,42837,170.14,88,57,43187,191.86,0,0,3,30.41,0,0,3,30.75
1785715384.178,4.1,100.0,31.30,241.0,4.0,92,48,42837,186.51,90,56,43187,179.07,0,0,3,30.41,0,0,3,30.70
1785715385.178,4.3,99.0,31.29,240.0,5.0,92,48,42837,184.24,90,56,43187,180.23,0,0,3,30.46,0,0,3,30.60
1785715386.178,4.1,100.0,31.29,240.0,4.0,92,48,42837,154.29,89,55,43187,186.53,0,0,3,30.46,0,0,3,30.65
1785715387.178,4.4,99.0,31.29,242.0,5.0,92,48,42837,181.70,90,56,43187,185.94,0,0,3,30.47,0,0,3,30.71
1785715388.178,4.5,100.0,31.29,241.0,5.0,92,48,42837,174.09,90,56,43187,189.33,0,0,3,30.47,0,0,3,30.70
1785715389.178,4.2,99.0,31.27,239.0,4.0,92,49,42837,180.03,90,56,43187,178.62,0,0,3,30.42,0,0,3,30.70
1785715390.178,4.1,100.0,31.27,240.0,4.0,93,49,42837,200.10,90,55,43187,187.93,0,0,3,30.42,0,0,3,30.66
1785715391.178,4.3,100.0,31.24,240.0,4.0,92,49,42837,177.89,90,55,43187,183.38,0,0,3,30.47,0,0,3,30.72
1785715392.179,4.2,100.0,31.24,239.0,5.0,92,49,42837,178.81,89,55,43187,185.19,0,0,3,30.47,0,0,3,30.76
1785715393.179,4.0,99.0,31.23,239.0,4.0,92,49,42837,176.80,89,54,43187,186.26,0,0,3,30.47,0,0,3,30.71
1785715394.179,4.5,100.0,31.24,244.0,5.0,92,49,42837,177.75,88,54,43187,185.20,0,0,3,30.52,0,0,3,30.65
1785715395.179,5.6,100.0,31.22,242.0,5.0,92,48,42837,156.12,90,56,43187,194.49,0,0,3,30.47,0,0,3,30.66
1785715396.179,5.8,100.0,31.20,238.0,4.0,92,48,42837,174.42,89,56,43187,190.77,0,0,3,30.41,0,0,3,30.67
1785715397.179,9.2,99.0,31.25,245.0,5.0,94,49,42837,198.91,100,35,43187,195.56,0,0,3,30.46,0,0,3,30.70
1785715398.179,4.9,100.0,31.22,241.0,3.0,91,48,42837,188.50,90,57,43187,202.62,0,0,3,30.41,0,0,3,30.74
1785715399.179,4.2,99.0,31.20,234.0,4.0,94,41,42837,179.71,90,58,43187,193.94,0,0,3,30.42,0,0,3,30.71
1785715400.179,4.0,100.0,31.20,242.0,2.0,92,49,42837,171.68,90,57,43187,192.58,0,0,3,30.48,0,0,3,30.71
1785715401.179,4.1,100.0,31.19,236.0,3.0,93,47,42837,176.00,90,55,43187,174.93,0,0,3,30.51,0,0,3,30.75
1785715402.179,4.7,100.0,31.17,242.0,2.0,92,47,42837,190.02,90,58,43187,195.01,0,0,3,30.47,0,0,3,30.70
1785715403.180,4.2,99.0,31.17,240.0,4.0,93,47,42837,175.62,90,57,43187,181.21,0,0,3,30.43,0,0,3,30.71
1785715404.180,4.3,100.0,31.17,241.0,2.0,93,48,42837,183.20,88,56,43187,185.64,0,0,3,30.46,0,0,3,30.71
1785715405.180,4.6,99.0,31.17,241.0,4.0,93,50,42837,167.94,90,57,43187,207.87,0,0,3,30.51,0,0,3,30.66
1785715406.180,4.0,100.0,31.16,238.0,4.0,92,49,42837,177.86,90,55,43187,185.15,0,0,3,30.52,0,0,3,30.66
1785715407.180,4.3,100.0,31.14,239.0,2.0,93,51,42837,173.73,86,54,43187,187.99,0,0,3,30.47,0,0,3,30.66
1785715408.180,4.0,100.0,31.14,239.0,2.0,93,47,42837,177.68,90,58,43187,182.10,0,0,3,30.42,0,0,3,30.67
1785715409.180,4.7,99.0,31.12,237.0,3.0,93,50,42837,175.65,89,56,43187,187.51,0,0,3,30.41,0,0,3,30.66
1785715410.180,4.3,100.0,31.14,242.0,4.0,92,49,42837,193.65,89,55,43187,169.63,0,0,3,30.46,0,0,3,30.65
1785715411.180,4.5,99.0,31.14,240.8,4.0,93,48,42837,193.09,90,56,43187,182.93,0,0,3,30.46,0,0,3,30.66
1785715412.180,4.5,100.0,31.12,241.2,4.0,93,50,42837,195.96,90,57,43187,192.77,0,0,3,30.46,0,0,3,30.62
1785715413.181,4.3,100.0,31.11,237.0,3.0,95,32,42837,188.38,84,37,43187,174.46,0,0,3,30.46,0,0,3,30.62
1785715414.181,4.3,100.0,31.11,241.0,3.0,93,49,42837,176.15,90,57,43187,185.91,0,0,3,30.47,0,0,3,30.67
1785715415.181,4.2,100.0,31.09,239.0,5.0,92,49,42837,182.78,88,56,43187,171.73,0,0,3,30.47,0,0,3,30.72
1785715416.181,4.1,99.0,31.08,239.0,4.0,91,48,42837,179.42,90,57,43187,184.53,0,0,3,30.47,0,0,3,30.77
1785715417.181,5.3,100.0,31.07,238.0,3.0,92,49,42837,173.07,89,57,43187,195.12,0,0,3,30.42,0,0,3,30.71
1785715418.181,5.9,96.0,31.05,238.0,3.0,92,49,42837,178.62,88,55,43187,185.95,0,0,3,30.42,0,0,3,30.66
1785715419.181,5.8,100.0,31.05,242.0,4.0,92,48,42837,198.05,86,55,43187,186.56,0,0,3,30.47,0,0,3,30.71
1785715420.181,4.1,100.0,31.06,236.0,4.0,92,48,42837,172.84,90,56,43187,194.29,0,0,3,30.47,0,0,3,30.76
1785715421.181,4.8,99.0,31.06,244.0,4.0,93,48,42837,176.96,84,56,43187,188.06,0,0,3,30.42,0,0,3,30.66
1785715422.181,4.2,99.0,31.05,240.0,5.0,92,49,42837,194.21,90,55,43187,185.04,0,0,3,30.47,0,0,3,30.62
1785715423.182,4.0,100.0,31.04,238.0,4.0,93,49,42837,172.83,90,56,43187,194.01,0,0,3,30.52,0,0,3,30.71
1785715424.182,4.3,99.0,31.05,240.0,4.0,92,48,42837,173.12,90,56,43187,194.03,0,0,3,30.42,0,0,3,30.75
1785715425.182,4.1,100.0,31.03,238.0,3.0,93,49,42837,191.79,87,52,43187,179.75,0,0,3,30.41,0,0,3,30.70
1785715426.182,4.3,100.0,31.02,238.0,5.0,93,50,42837,177.75,89,56,43187,182.80,0,0,3,30.50,0,0,3,30.70
1785715427.182,4.2,100.0,31.02,241.0,2.0,92,49,42837,181.64,89,55,43187,185.81,0,0,3,30.55,0,0,3,30.69
1785715428.182,4.7,99.0,31.02,239.0,4.0,93,48,42837,180.45,89,57,43187,185.39,0,0,3,30.51,0,0,3,30.65
1785715429.182,5.0,100.0,31.03,225.0,4.0,93,48,42837,177.62,92,58,43187,190.80,0,0,3,30.46,0,0,3,30.70
1785715430.182,5.3,100.0,31.01,228.0,3.0,93,47,42837,180.03,92,56,43187,186.48,0,0,3,30.45,0,0,3,30.71
1785715431.182,4.7,100.0,31.00,228.0,6.0,92,45,42837,180.10,89,54,43187,186.88,0,0,3,30.51,0,0,3,30.67
1785715432.182,5.8,100.0,30.99,229.0,4.0,93,48,42837,185.64,91,57,43187,182.80,0,0,3,30.52,0,0,3,30.70
1785715433.183,3.9,100.0,30.99,228.0,5.0,93,48,42837,180.46,91,57,43187,187.98,0,0,3,30.43,0,0,3,30.69
1785715434.183,4.3,97.0,30.99,232.0,4.0,92,49,42837,179.76,90,57,43187,186.86,0,0,3,30.37,0,0,3,30.66
1785715435.183,4.0,100.0,30.97,239.0,3.0,92,49,42837,174.82,90,55,43187,187.54,0,0,3,30.42,0,0,3,30.70
1785715436.183,4.3,100.0,30.96,239.0,4.0,92,47,42837,177.73,90,57,43187,187.37,0,0,3,30.42,0,0,3,30.71
1785715437.183,4.0,100.0,30.95,240.0,3.0,93,48,42837,177.01,89,57,43187,188.02,0,0,3,30.42,0,0,3,30.71
1785715438.183,4.4,100.0,30.94,239.0,4.0,93,50,42837,178.87,88,56,43187,194.72,0,0,3,30.46,0,0,3,30.74
1785715439.183,4.4,100.0,30.98,240.0,4.0,93,48,42837,190.12,92,38,43187,190.84,0,0,3,30.40,0,0,3,30.69
1785715440.183,4.5,99.0,30.96,239.0,2.0,93,47,42837,175.38,90,55,43187,202.27,0,0,3,30.41,0,0,3,30.70
1785715441.183,4.6,100.0,30.97,234.0,4.0,93,47,42837,182.31,90,55,43187,184.43,0,0,3,30.51,0,0,3,30.70
1785715442.183,4.5,100.0,30.95,239.0,2.0,93,48,42837,182.82,90,55,43187,185.54,0,0,3,30.51,0,0,3,30.65
1785715443.184,4.1,100.0,30.95,236.0,3.0,92,48,42837,180.98,90,55,43187,185.51,0,0,3,30.52,0,0,3,30.70
1785715444.184,4.6,100.0,30.93,238.0,2.0,93,49,42837,172.80,90,57,43187,180.28,0,0,3,30.51,0,0,3,30.70
1785715445.184,4.0,100.0,30.93,238.0,3.0,92,44,42837,180.77,91,34,43187,198.05,0,0,3,30.46,0,0,3,30.66
1785715446.184,4.3,100.0,30.94,239.0,2.0,92,48,42837,174.53,90,54,43187,215.45,0,0,3,30.46,0,0,3,30.60
1785715447.184,4.0,100.0,30.93,234.0,3.0,91,48,42837,177.95,90,55,43187,191.09,0,0,3,30.46,0,0,3,30.59
1785715448.184,4.5,99.0,30.92,241.0,3.0,93,48,42837,178.98,90,58,43187,188.72,0,0,3,30.45,0,0,3,30.69
1785715449.184,4.1,100.0,30.91,238.0,2.0,93,48,42837,177.76,90,58,43187,188.64,0,0,3,30.46,0,0,3,30.74
1785715450.184,4.5,100.0,30.90,236.0,4.0,92,48,42837,172.00,90,55,43187,183.97,0,0,3,30.46,0,0,3,30.75
1785715451.184,4.1,100.0,30.91,238.0,2.0,93,50,42837,184.27,90,57,43187,187.24,0,0,3,30.42,0,0,3,30.72
1785715452.184,4.3,99.0,30.90,238.0,3.0,93,50,42837,184.17,90,57,43187,186.44,0,0,3,30.42,0,0,3,30.62
1785715453.184,4.0,100.0,30.89,236.0,3.0,93,48,42837,184.86,90,57,43187,170.62,0,0,3,30.46,0,0,3,30.62
1785715454.185,4.2,99.0,30.88,240.0,2.0,92,48,42837,193.26,97,44,43187,187.32,0,0,3,30.46,0,0,3,30.71
1785715455.185,4.1,100.0,30.88,237.0,4.0,93,48,42837,180.24,90,57,43187,185.20,0,0,3,30.47,0,0,3,30.70
1785715456.185,4.4,100.0,30.87,243.0,3.0,93,48,42837,170.00,90,58,43187,209.55,0,0,3,30.47,0,0,3,30.69
1785715457.185,6.2,100.0,30.89,240.0,4.0,93,48,42837,182.07,89,58,43187,186.55,0,0,3,30.45,0,0,3,30.70
1785715458.185,6.7,99.0,30.91,236.0,2.0,93,48,42837,182.14,90,55,43187,186.07,0,0,3,30.45,0,0,3,30.65
1785715459.185,4.9,100.0,30.89,238.0,4.0,92,48,42837,182.18,90,57,43187,185.34,0,0,3,30.46,0,0,3,30.65
1785715460.185,5.0,99.0,30.88,237.0,2.0,93,47,42837,183.96,90,55,43187,182.45,0,0,3,30.51,0,0,3,30.66
1785715461.185,4.0,100.0,30.88,236.0,1.0,93,47,42837,180.98,88,55,43187,187.01,0,0,3,30.56,0,0,3,30.65
1785715462.185,4.4,100.0,30.88,234.0,3.0,93,50,42837,174.35,90,57,43187,188.13,0,0,3,30.51,0,0,3,30.65
1785715463.186,4.6,100.0,30.88,236.0,3.0,93,50,42837,177.27,90,57,43187,182.19,0,0,3,30.46,0,0,3,30.65
1785715464.186,5.4,100.0,30.87,237.0,1.0,91,47,42837,184.34,89,54,43187,181.72,0,0,3,30.42,0,0,3,30.65
1785715465.186,5.8,100.0,30.85,241.0,4.0,92,50,42837,174.55,87,55,43187,196.84,0,0,3,30.42,0,0,3,30.71
1785715466.186,4.5,99.0,30.86,240.0,2.0,92,50,42837,180.36,87,54,43187,183.99,0,0,3,30.46,0,0,3,30.75
1785715467.186,4.0,100.0,30.86,237.0,2.0,93,47,42837,180.01,89,57,43187,184.10,0,0,3,30.46,0,0,3,30.71
1785715468.186,4.3,100.0,30.85,234.0,2.0,93,51,42837,175.97,88,56,43187,187.90,0,0,3,30.51,0,0,3,30.72
1785715469.186,4.8,100.0,30.86,237.0,1.0,93,47,42837,180.09,90,57,43187,181.20,0,0,3,30.52,0,0,3,30.71
1785715470.186,4.4,100.0,30.87,213.8,1.0,0,0,42837,139.92,0,0,43187,137.71,0,0,3,30.42,0,0,3,30.70
1785715471.186,4.0,99.0,30.88,229.0,2.0,95,49,42837,168.14,90,57,43187,172.56,0,0,3,30.42,0,0,3,30.75
1785715472.186,4.6,100.0,30.88,241.0,2.0,92,47,42837,177.67,87,26,43187,177.08,0,0,3,30.51,0,0,3,30.65
1785715473.187,4.0,100.0,30.88,235.0,2.0,92,50,42837,192.88,90,58,43187,183.62,0,0,3,30.55,0,0,3,30.60
1785715474.187,4.1,100.0,30.87,236.0,3.0,93,47,42837,180.30,89,54,43187,185.11,0,0,3,30.50,0,0,3,30.69
1785715475.187,4.1,100.0,30.85,237.0,2.0,93,47,42837,185.62,90,58,43187,187.54,0,0,3,30.45,0,0,3,30.69
1785715476.187,4.7,97.0,30.85,239.0,2.0,92,47,42837,198.23,88,55,43187,171.17,0,0,3,30.46,0,0,3,30.66
1785715477.187,5.0,99.0,30.85,240.0,4.0,93,47,42837,181.11,90,58,43187,186.12,0,0,3,30.46,0,0,3,30.66
1785715478.187,6.3,99.0,30.87,238.8,3.0,92,47,42837,182.91,89,58,43187,181.03,0,0,3,30.51,0,0,3,30.70
1785715479.187,5.8,100.0,30.88,238.2,2.0,90,51,42837,194.85,90,58,43187,187.32,0,0,3,30.51,0,0,3,30.70
1785715480.187,4.6,100.0,30.85,239.0,4.0,91,47,42837,218.08,89,55,43187,198.07,0,0,3,30.51,0,0,3,30.71
1785715481.187,4.0,100.0,30.84,237.0,2.0,92,50,42837,189.20,89,55,43187,181.62,0,0,3,30.47,0,0,3,30.75
1785715482.187,4.3,100.0,30.85,238.0,2.0,92,48,42837,185.24,90,55,43187,184.99,0,0,3,30.37,0,0,3,30.76
1785715483.188,3.9,96.0,30.86,236.0,3.0,92,47,42837,183.50,90,57,43187,183.74,0,0,3,30.46,0,0,3,30.71
1785715484.188,4.2,100.0,30.86,238.0,2.0,92,47,42837,183.08,90,55,43187,184.61,0,0,3,30.56,0,0,3,30.71
1785715485.188,4.0,99.0,30.85,240.0,4.0,92,49,42837,195.67,90,55,43187,180.92,0,0,3,30.51,0,0,3,30.75
1785715486.188,4.7,100.0,30.84,238.0,3.0,93,48,42837,186.75,90,55,43187,197.20,0,0,3,30.46,0,0,3,30.66
1785715487.188,4.0,100.0,30.84,239.0,3.0,93,47,42837,184.36,90,58,43187,184.73,0,0,3,30.41,0,0,3,30.65
1785715488.188,4.2,100.0,30.84,236.0,2.0,93,47,42837,182.65,90,55,43187,182.36,0,0,3,30.41,0,0,3,30.70
1785715489.188,4.6,99.0,30.87,237.0,3.0,93,47,42837,179.36,90,57,43187,189.96,0,0,3,30.47,0,0,3,30.66
1785715490.188,4.3,100.0,30.85,241.0,3.0,92,47,42837,191.24,90,57,43187,206.30,0,0,3,30.43,0,0,3,30.66
1785715491.188,4.3,100.0,30.86,236.0,2.0,90,47,42837,177.28,90,54,43187,184.91,0,0,3,30.47,0,0,3,30.65
1785715492.188,5.6,100.0,30.86,241.0,4.0,91,47,42837,190.87,90,33,43187,201.18,0,0,3,30.52,0,0,3,30.65
1785715493.189,5.0,100.0,30.87,236.0,2.0,92,49,42837,174.79,88,54,43187,182.58,0,0,3,30.42,0,0,3,30.66
1785715494.189,4.2,100.0,30.85,237.0,3.0,93,50,42837,178.72,88,55,43187,183.77,0,0,3,30.42,0,0,3,30.70
1785715495.189,4.1,99.0,30.85,237.0,2.0,93,50,42837,184.79,90,58,43187,186.18,0,0,3,30.42,0,0,3,30.75
1785715496.189,4.3,100.0,30.84,243.0,4.0,93,48,42837,181.63,85,54,43187,188.36,0,0,3,30.41,0,0,3,30.70
1785715497.189,4.1,99.0,30.84,238.0,3.0,93,47,42837,179.42,89,56,43187,187.48,0,0,3,30.51,0,0,3,30.66
1785715498.189,5.3,100.0,30.85,240.0,4.0,92,53,42837,195.88,91,62,43187,183.64,0,0,3,30.46,0,0,3,30.65
1785715499.189,5.4,100.0,30.85,240.0,3.0,92,47,42837,191.71,91,51,43187,187.68,0,0,3,30.36,0,0,3,30.65
1785715500.189,5.3,100.0,30.83,241.0,4.0,92,49,42837,180.88,88,58,43187,187.55,0,0,3,30.37,0,0,3,30.71
1785715501.189,4.3,99.0,30.84,237.0,3.0,93,47,42837,175.72,88,50,43187,190.33,0,0,3,30.41,0,0,3,30.75
1785715502.189,4.5,100.0,30.82,239.0,2.0,93,47,42837,186.94,91,63,43187,191.10,0,0,3,30.45,0,0,3,30.75
1785715503.189,4.0,99.0,30.81,234.0,3.0,93,51,42837,184.76,87,51,43187,188.12,0,0,3,30.46,0,0,3,30.70
1785715504.190,4.3,100.0,30.80,237.0,2.0,93,50,42837,186.51,88,53,43187,202.57,0,0,3,30.50,0,0,3,30.65
1785715505.190,4.1,100.0,30.81,238.0,4.0,93,48,42837,198.13,88,54,43187,189.32,0,0,3,30.50,0,0,3,30.69
1785715506.190,4.4,100.0,30.81,240.0,2.0,93,48,42837,179.99,91,59,43187,188.14,0,0,3,30.46,0,0,3,30.75
1785715507.190,4.4,99.0,30.81,239.0,4.0,93,49,42837,188.18,91,51,43187,206.72,0,0,3,30.46,0,0,3,30.70
1785715508.190,4.8,100.0,30.81,240.8,4.0,91,48,42837,180.06,88,58,43187,190.80,0,0,3,30.45,0,0,3,30.69
1785715509.190,4.1,99.0,30.82,238.0,4.0,91,53,42837,179.04,90,61,43187,190.84,0,0,3,30.45,0,0,3,30.74
1785715510.190,4.3,100.0,30.82,241.0,4.0,93,51,42837,169.84,88,51,43187,186.55,0,0,3,30.45,0,0,3,30.75
1785715511.190,4.0,100.0,30.81,235.0,2.0,93,53,42837,182.91,88,53,43187,186.65,0,0,3,30.46,0,0,3,30.70
1785715512.190,4.4,100.0,30.80,241.0,4.0,93,43,42837,193.55,85,54,43187,184.70,0,0,3,30.51,0,0,3,30.65
1785715513.190,4.0,99.0,30.80,237.0,2.0,93,46,42837,182.62,91,51,43187,184.83,0,0,3,30.51,0,0,3,30.65
1785715514.191,4.2,100.0,30.81,238.0,3.0,93,44,42837,179.85,91,57,43187,183.10,0,0,3,30.46,0,0,3,30.65
1785715515.191,4.0,99.0,30.80,239.0,3.0,93,44,42837,180.89,91,54,43187,184.60,0,0,3,30.46,0,0,3,30.65
1785715516.191,4.6,100.0,30.80,236.0,3.0,94,44,42837,183.58,91,51,43187,184.32,0,0,3,30.47,0,0,3,30.71
1785715517.191,5.6,100.0,30.81,238.0,1.0,92,43,42837,182.47,91,56,43187,184.07,0,0,3,30.42,0,0,3,30.71
1785715518.191,4.5,100.0,30.82,240.0,3.0,93,48,42837,187.17,90,62,43187,189.08,0,0,3,30.47,0,0,3,30.70
1785715519.191,6.4,99.0,30.81,236.0,2.0,92,43,42837,204.54,91,57,43187,188.36,0,0,3,30.51,0,0,3,30.75
1785715520.191,5.1,100.0,30.82,237.0,2.0,92,54,42837,175.74,89,60,43187,189.05,0,0,3,30.46,0,0,3,30.71
1785715521.191,4.0,99.0,30.82,239.0,2.0,93,48,42837,182.68,89,50,43187,184.60,0,0,3,30.42,0,0,3,30.66
1785715522.191,4.4,100.0,30.82,234.0,2.0,91,45,42837,181.25,91,59,43187,182.95,0,0,3,30.42,0,0,3,30.71
1785715523.192,4.0,100.0,30.81,234.0,1.0,94,50,42837,177.30,91,60,43187,185.18,0,0,3,30.46,0,0,3,30.70
1785715524.192,5.1,100.0,30.80,239.0,1.0,91,44,42837,180.29,91,59,43187,184.14,0,0,3,30.46,0,0,3,30.70
1785715525.192,4.4,99.0,30.82,236.0,2.0,93,51,42837,176.44,91,59,43187,183.52,0,0,3,30.46,0,0,3,30.75
1785715526.192,4.3,100.0,30.82,238.0,2.0,93,43,42837,184.28,91,55,43187,180.63,0,0,3,30.51,0,0,3,30.75
1785715527.192,4.2,99.0,30.81,237.0,2.0,93,43,42837,180.95,87,58,43187,190.32,0,0,3,30.51,0,0,3,30.74
1785715528.192,4.4,100.0,30.81,238.0,3.0,91,46,42837,181.32,87,60,43187,186.52,0,0,3,30.42,0,0,3,30.70
1785715529.192,4.4,100.0,30.82,234.0,2.0,94,53,42837,175.43,88,55,43187,190.55,0,0,3,30.42,0,0,3,30.70
1785715530.192,4.4,100.0,30.84,238.0,2.0,95,37,42837,180.41,91,59,43187,177.23,0,0,3,30.46,0,0,3,30.70
1785715531.192,4.1,100.0,30.86,237.0,4.0,93,44,42837,180.72,91,51,43187,179.21,0,0,3,30.45,0,0,3,30.65
1785715532.192,4.3,100.0,30.85,236.0,1.0,91,49,42837,179.56,91,64,43187,186.84,0,0,3,30.45,0,0,3,30.75
1785715533.193,4.9,99.0,30.85,238.0,3.0,93,43,42837,186.82,91,57,43187,183.17,0,0,3,30.46,0,0,3,30.80
1785715534.193,5.3,100.0,30.84,238.0,2.0,91,53,42837,174.66,90,62,43187,189.95,0,0,3,30.42,0,0,3,30.81
1785715535.193,4.6,100.0,30.83,240.0,3.0,91,45,42837,176.49,89,61,43187,188.68,0,0,3,30.36,0,0,3,30.80
1785715536.193,4.6,100.0,30.82,240.0,4.0,91,50,42837,176.83,91,63,43187,193.91,0,0,3,30.46,0,0,3,30.80
1785715537.193,5.2,100.0,30.83,241.0,4.0,93,51,42837,187.09,88,51,43187,184.15,0,0,3,30.56,0,0,3,30.80
1785715538.193,6.1,100.0,30.82,237.0,2.0,93,46,42837,185.17,91,51,43187,184.36,0,0,3,30.51,0,0,3,30.89
1785715539.193,5.3,98.0,30.82,190.0,3.0,87,75,42837,211.95,78,88,43187,218.41,0,0,3,30.51,0,0,3,30.84
1785715540.193,4.7,100.0,30.82,236.0,3.0,91,44,42837,192.09,91,62,43187,191.52,0,0,3,30.51,0,0,3,30.70
1785715541.193,4.1,100.0,30.82,240.0,3.0,93,41,42837,175.88,91,52,43187,200.87,0,0,3,30.47,0,0,3,30.70
1785715542.193,4.4,100.0,30.83,237.0,3.0,91,46,42837,178.12,91,63,43187,192.24,0,0,3,30.47,0,0,3,30.70
1785715543.194,4.1,99.0,30.83,237.0,3.0,91,47,42837,178.45,91,62,43187,193.24,0,0,3,30.42,0,0,3,30.76
1785715544.194,4.5,100.0,30.82,234.0,2.0,91,47,42837,179.63,91,62,43187,192.42,0,0,3,30.42,0,0,3,30.86
1785715545.194,4.0,99.0,30.83,239.0,3.0,93,44,42837,175.35,91,53,43187,182.14,0,0,3,30.46,0,0,3,30.85
1785715546.194,4.3,100.0,30.84,240.0,3.0,93,52,42837,179.37,89,51,43187,190.05,0,0,3,30.46,0,0,3,30.80
1785715547.194,4.1,100.0,30.84,238.0,3.0,93,44,42837,205.15,91,53,43187,180.51,0,0,3,30.41,0,0,3,30.70
1785715548.194,4.2,100.0,30.83,237.0,3.0,93,46,42837,184.31,91,51,43187,187.11,0,0,3,30.41,0,0,3,30.80
1785715549.194,4.1,99.0,30.84,237.0,3.0,93,50,42837,182.77,89,51,43187,188.92,0,0,3,30.46,0,0,3,30.84
1785715550.194,4.2,100.0,30.85,239.0,3.0,93,47,42837,171.82,91,51,43187,197.85,0,0,3,30.47,0,0,3,30.80
1785715551.194,4.2,99.0,30.84,239.0,2.0,91,48,42837,183.54,91,62,43187,177.31,0,0,3,30.42,0,0,3,30.81
1785715552.194,4.8,100.0,30.83,236.0,3.0,92,44,42837,180.43,91,60,43187,189.43,0,0,3,30.47,0,0,3,30.75
1785715553.194,5.3,100.0,30.82,240.0,3.0,93,44,42837,178.19,91,57,43187,188.48,0,0,3,30.57,0,0,3,30.80
1785715554.195,4.5,100.0,30.81,240.0,2.0,91,44,42837,179.95,91,61,43187,188.79,0,0,3,30.51,0,0,3,30.80
1785715555.195,4.0,99.0,30.82,240.0,4.0,91,47,42837,192.59,91,62,43187,212.98,0,0,3,30.50,0,0,3,30.74
1785715556.195,4.9,100.0,30.80,239.0,2.0,93,45,42837,177.09,91,52,43187,180.89,0,0,3,30.51,0,0,3,30.75
1785715557.195,4.1,99.0,30.80,237.0,3.0,94,44,42837,184.29,91,53,43187,184.33,0,0,3,30.47,0,0,3,30.76
1785715558.195,4.3,100.0,30.80,238.0,3.0,93,43,42837,181.74,91,57,43187,188.20,0,0,3,30.47,0,0,3,30.70
1785715559.195,4.3,99.0,30.83,236.0,2.0,94,53,42837,179.63,91,59,43187,188.57,0,0,3,30.52,0,0,3,30.75
1785715560.195,4.5,100.0,30.83,237.0,1.0,93,47,42837,191.71,89,50,43187,182.51,0,0,3,30.51,0,0,3,30.75
1785715561.195,4.1,99.0,30.85,239.0,3.0,91,46,42837,180.23,89,60,43187,189.01,0,0,3,30.42,0,0,3,30.71
1785715562.195,4.5,99.0,30.83,236.0,2.0,93,52,42837,176.82,88,52,43187,191.19,0,0,3,30.42,0,0,3,30.75
1785715563.195,4.1,99.0,30.82,240.0,4.0,91,46,42837,182.96,92,53,43187,173.61,0,0,3,30.51,0,0,3,30.75
1785715564.196,4.2,99.0,30.83,237.0,2.0,93,56,42837,176.94,88,59,43187,193.52,0,0,3,30.51,0,0,3,30.75
1785715565.196,4.0,100.0,30.82,238.0,3.0,93,43,42837,182.55,91,52,43187,186.57,0,0,3,30.51,0,0,3,30.75
1785715566.196,4.8,100.0,30.80,238.0,2.0,93,50,42837,182.24,90,53,43187,188.78,0,0,3,30.50,0,0,3,30.69
1785715567.196,4.1,99.0,30.81,237.0,2.0,91,44,42837,181.09,91,58,43187,184.62,0,0,3,30.41,0,0,3,30.75
1785715568.196,5.4,100.0,30.82,238.0,2.0,93,55,42837,176.77,88,56,43187,193.19,0,0,3,30.42,0,0,3,30.71
1785715569.196,5.0,100.0,30.81,235.0,2.0,94,43,42837,184.28,91,53,43187,185.97,0,0,3,30.47,0,0,3,30.67
1785715570.196,4.7,100.0,30.81,235.0,2.0,93,56,42837,177.59,88,58,43187,189.94,0,0,3,30.42,0,0,3,30.81
1785715571.196,4.2,100.0,30.80,234.0,2.0,92,43,42837,183.16,91,56,43187,185.07,0,0,3,30.46,0,0,3,30.80
1785715572.196,4.2,100.0,30.80,235.0,1.0,94,43,42837,178.53,90,49,43187,190.54,0,0,3,30.50,0,0,3,30.70
1785715573.196,4.4,100.0,30.81,235.0,1.0,92,42,42837,181.71,91,54,43187,188.60,0,0,3,30.46,0,0,3,30.71
1785715574.197,4.2,100.0,30.77,238.0,2.0,93,55,42837,183.60,91,57,43187,193.06,0,0,3,30.46,0,0,3,30.66
1785715575.197,4.1,100.0,30.77,232.0,0.0,94,52,42837,182.31,91,60,43187,195.31,0,0,3,30.46,0,0,3,30.75
1785715576.197,4.0,99.0,30.78,233.0,1.0,92,53,42837,178.76,91,64,43187,194.07,0,0,3,30.42,0,0,3,30.76
1785715577.197,5.7,100.0,30.66,212.0,38.0,0,0,42837,131.60,0,0,43187,129.70,0,0,3,30.42,0,0,3,30.81
1785715578.197,2.3,100.0,30.68,27.0,18.0,0,0,42837,122.97,0,0,43187,119.02,0,0,3,30.47,0,0,3,30.85
1785715579.197,3.3,100.0,30.69,6.0,9.0,0,0,42837,113.86,0,0,43187,112.77,0,0,3,30.47,0,0,3,30.70
1785715580.197,3.4,70.0,29.29,7.0,0.0,0,0,42837,113.63,0,0,43187,112.11,0,0,3,30.57,0,0,3,30.66
1785715581.197,3.4,100.0,29.30,5.0,0.0,0,0,42837,112.86,0,0,43187,111.68,0,0,3,30.57,0,0,3,30.67
1785715582.197,2.1,77.8,29.30,8.0,0.0,0,0,42837,112.17,0,0,43187,111.50,0,0,3,30.47,0,0,3,30.67
1785715583.197,2.0,100.0,29.33,4.0,27.0,0,0,42837,112.12,0,0,43187,111.08,0,0,3,30.47,0,0,3,30.67
1785715584.198,2.2,100.0,29.44,6.0,20.0,0,0,42837,112.03,0,0,43187,110.85,0,0,3,30.47,0,0,3,30.81
1785715585.198,2.6,100.0,29.44,8.0,10.0,0,0,42837,111.88,0,0,43187,110.64,0,0,3,30.47,0,0,3,30.81
1785715586.198,2.2,67.7,29.49,7.0,16.0,0,0,42837,111.73,0,0,43187,110.64,0,0,3,30.42,0,0,3,30.76
1785715587.198,2.1,100.0,29.51,6.0,28.0,0,0,42837,111.64,0,0,43187,110.38,0,0,3,30.42,0,0,3,30.80
1785715588.198,2.5,76.0,29.56,8.0,48.0,0,0,42837,111.54,0,0,43187,110.31,0,0,3,30.47,0,0,3,30.71
1785715589.198,7.6,100.0,29.57,4.0,446.4,0,0,42837,111.59,0,0,43187,110.12,0,0,3,30.52,0,0,3,30.66
1785715590.198,2.2,100.0,29.59,7.0,19.9,0,0,42837,111.39,0,0,43187,110.12,0,0,3,30.51,0,0,3,30.66
1785715591.198,2.2,100.0,29.61,8.0,25.0,0,0,42837,111.34,0,0,43187,109.88,0,0,3,30.46,0,0,3,30.71
1785715592.198,2.7,44.0,29.62,4.0,20.0,0,0,42837,111.34,0,0,43187,109.88,0,0,3,30.52,0,0,3,30.76
1785715593.199,1.9,100.0,29.62,7.0,26.0,0,0,42837,111.25,0,0,43187,109.80,0,0,3,30.52,0,0,3,30.72
1785715594.199,2.2,52.0,29.61,8.0,14.0,0,0,42837,111.18,0,0,43187,110.00,0,0,3,30.47,0,0,3,30.66
1785715595.199,1.9,100.0,29.61,6.0,12.0,0,0,42837,111.13,0,0,43187,109.60,0,0,3,30.47,0,0,3,30.66
1785715596.199,2.3,100.0,29.60,8.0,24.0,0,0,42837,111.04,0,0,43187,109.60,0,0,3,30.47,0,0,3,30.70
1785715597.199,2.8,100.0,29.59,6.0,11.0,0,0,42837,110.86,0,0,43187,109.39,0,0,3,30.47,0,0,3,30.71
1785715598.199,4.0,62.0,29.58,6.0,11.0,0,0,42837,110.86,0,0,43187,109.39,0,0,3,30.47,0,0,3,30.66
1785715599.199,3.7,100.0,29.58,8.0,24.0,0,0,42837,110.86,0,0,43187,109.32,0,0,3,30.47,0,0,3,30.66
1785715600.199,3.1,59.0,29.57,6.0,18.0,0,0,42837,110.76,0,0,43187,109.45,0,0,3,30.52,0,0,3,30.85
1785715601.199,2.0,100.0,29.56,8.0,8.0,0,0,42837,110.71,0,0,43187,109.34,0,0,3,30.52,0,0,3,30.85
1785715602.200,2.2,100.0,29.57,5.0,7.0,0,0,42837,110.71,0,0,43187,109.08,0,0,3,30.42,0,0,3,30.66
1785715603.200,3.2,100.0,29.56,5.0,15.0,0,0,42837,110.66,0,0,43187,109.08,0,0,3,30.42,0,0,3,30.71
1785715604.200,3.3,100.0,29.55,5.0,58.0,0,0,42837,110.56,0,0,43187,109.02,0,0,3,30.42,0,0,3,30.70
1785715605.200,3.0,100.0,29.60,5.0,39.0,0,0,42837,110.47,0,0,43187,108.95,0,0,3,30.42,0,0,3,30.65
1785715606.200,2.0,65.7,29.61,7.0,15.0,0,0,42837,110.42,0,0,43187,108.63,0,0,3,30.47,0,0,3,30.71
1785715607.200,2.2,100.0,29.63,7.0,22.0,0,0,42837,110.42,0,0,43187,108.63,0,0,3,30.47,0,0,3,30.71
1785715608.200,2.3,100.0,29.63,6.0,22.0,0,0,42837,110.37,0,0,43187,108.53,0,0,3,30.42,0,0,3,30.70
1785715609.200,2.1,100.0,29.65,5.0,19.0,0,0,42837,110.27,0,0,43187,108.53,0,0,3,30.42,0,0,3,30.75
1785715610.200,1.8,99.0,29.65,8.0,11.0,0,0,42837,110.17,0,0,43187,107.91,0,0,3,30.47,0,0,3,30.66
1785715611.200,2.5,100.0,29.65,5.0,29.0,0,0,42837,110.16,0,0,43187,107.91,0,0,3,30.42,0,0,3,30.61
1785715612.201,1.9,84.0,29.65,7.0,12.0,0,0,42837,110.16,0,0,43187,107.24,0,0,3,30.42,0,0,3,30.70
1785715613.201,2.1,100.0,29.65,7.0,16.0,0,0,42837,110.13,0,0,43187,107.23,0,0,3,30.42,0,0,3,30.71
1785715614.201,3.4,100.0,29.66,7.0,17.0,0,0,42837,110.03,0,0,43187,107.18,0,0,3,30.42,0,0,3,30.66
1785715615.201,2.0,100.0,29.67,5.0,17.0,0,0,42837,109.93,0,0,43187,107.18,0,0,3,30.47,0,0,3,30.71
1785715616.201,2.0,94.1,29.67,5.0,9.0,0,0,42837,109.93,0,0,43187,107.13,0,0,3,30.48,0,0,3,30.75
1785715617.201,2.0,100.0,29.68,8.0,14.0,0,0,42837,109.90,0,0,43187,107.06,0,0,3,30.43,0,0,3,30.71
1785715618.201,2.4,87.0,29.67,9.0,27.0,0,0,42837,109.90,0,0,43187,107.01,0,0,3,30.43,0,0,3,30.66
1785715619.201,2.5,100.0,29.72,6.0,29.0,0,0,42837,109.88,0,0,43187,107.06,0,0,3,30.47,0,0,3,30.66
1785715620.202,2.3,100.0,29.73,6.0,11.0,0,0,42837,109.78,0,0,43187,106.99,0,0,3,30.47,0,0,3,30.67
1785715621.202,2.5,100.0,29.74,6.0,8.0,0,0,42837,109.66,0,0,43187,106.87,0,0,3,30.47,0,0,3,30.62
1785715622.202,2.6,96.0,29.74,7.0,7.0,0,0,42837,109.49,0,0,43187,106.89,0,0,3,30.47,0,0,3,30.70
1785715623.202,2.0,100.0,29.75,5.0,11.0,0,0,42837,109.41,0,0,43187,106.85,0,0,3,30.47,0,0,3,30.75
1785715624.202,2.2,89.1,29.74,8.0,11.0,0,0,42837,109.41,0,0,43187,106.87,0,0,3,30.47,0,0,3,30.71
1785715625.202,2.0,100.0,29.74,7.0,18.0,0,0,42837,109.39,0,0,43187,107.15,0,0,3,30.42,0,0,3,30.72
1785715626.202,2.3,100.0,29.74,6.0,28.0,0,0,42837,109.35,0,0,43187,107.15,0,0,3,30.38,0,0,3,30.77
1785715627.202,2.2,100.0,29.74,7.0,16.0,0,0,42837,109.25,0,0,43187,106.55,0,0,3,30.38,0,0,3,30.81
1785715628.202,2.6,100.0,29.74,5.0,25.0,0,0,42837,109.25,0,0,43187,106.55,0,0,3,30.42,0,0,3,30.81
1785715629.203,2.2,98.0,29.73,8.0,24.0,0,0,42837,109.17,0,0,43187,106.53,0,0,3,30.42,0,0,3,30.76
1785715630.203,2.6,93.0,29.74,6.0,43.0,0,0,42837,109.26,0,0,43187,106.50,0,0,3,30.42,0,0,3,30.75
1785715631.203,2.5,100.0,29.74,6.0,39.0,0,0,42837,109.25,0,0,43187,106.42,0,0,3,30.47,0,0,3,30.76
1785715632.203,2.0,100.0,29.74,8.0,16.0,0,0,42837,109.15,0,0,43187,106.32,0,0,3,30.47,0,0,3,30.66
1785715633.203,1.9,100.0,29.74,6.0,10.0,0,0,42837,109.15,0,0,43187,106.37,0,0,3,30.47,0,0,3,30.65
1785715634.203,1.9,100.0,29.74,5.0,11.0,0,0,42837,109.15,0,0,43187,106.37,0,0,3,30.47,0,0,3,30.66
1785715635.203,2.6,97.0,29.72,7.0,12.0,0,0,42837,109.15,0,0,43187,106.32,0,0,3,30.42,0,0,3,30.76
1785715636.203,2.1,100.0,29.71,8.0,15.0,0,0,42837,109.00,0,0,43187,106.42,0,0,3,30.38,0,0,3,30.76
1785715637.203,4.4,99.0,29.73,7.0,13.0,0,0,42837,109.00,0,0,43187,106.29,0,0,3,30.42,0,0,3,30.76
1785715638.204,3.0,100.0,29.73,4.0,31.0,0,0,42837,108.96,0,0,43187,106.23,0,0,3,30.42,0,0,3,30.75
1785715639.204,3.5,100.0,29.73,7.0,43.0,0,0,42837,108.96,0,0,43187,106.18,0,0,3,30.37,0,0,3,30.75
1785715640.204,3.6,100.0,29.74,5.0,26.0,0,0,42837,108.96,0,0,43187,106.24,0,0,3,30.42,0,0,3,30.75
1785715641.204,2.6,70.0,29.74,7.0,23.0,0,0,42837,108.96,0,0,43187,106.17,0,0,3,30.47,0,0,3,30.81
1785715642.204,5.0,100.0,29.75,16.0,17.0,0,0,42837,108.96,0,0,43187,106.03,0,0,3,30.42,0,0,3,30.81
1785715643.204,2.3,77.2,29.75,6.0,31.0,0,0,42837,108.91,0,0,43187,106.12,0,0,3,30.42,0,0,3,30.65
1785715644.204,1.9,100.0,29.77,8.0,21.0,0,0,42837,108.86,0,0,43187,106.03,0,0,3,30.47,0,0,3,30.65
1785715645.204,2.4,51.5,29.78,4.0,23.0,0,0,42837,108.86,0,0,43187,105.95,0,0,3,30.51,0,0,3,30.71
1785715646.204,2.6,100.0,29.78,8.0,34.0,0,0,42837,108.80,0,0,43187,105.89,0,0,3,30.51,0,0,3,30.75
1785715647.204,2.1,67.0,29.77,4.0,18.0,0,0,42837,108.78,0,0,43187,105.82,0,0,3,30.46,0,0,3,30.65
1785715648.205,2.1,100.0,29.75,9.0,19.0,0,0,42837,108.85,0,0,43187,105.75,0,0,3,30.47,0,0,3,30.61
1785715649.205,2.4,76.0,29.76,6.0,17.0,0,0,42837,108.81,0,0,43187,105.80,0,0,3,30.52,0,0,3,30.66
1785715650.205,2.2,100.0,29.79,7.0,16.0,0,0,42837,108.76,0,0,43187,105.87,0,0,3,30.52,0,0,3,30.60
1785715651.205,2.2,100.0,29.78,6.0,16.0,0,0,42837,108.71,0,0,43187,105.74,0,0,3,30.47,0,0,3,30.61
1785715652.205,2.5,100.0,29.78,6.0,16.0,0,0,42837,108.66,0,0,43187,105.64,0,0,3,30.52,0,0,3,30.66
1785715653.205,2.4,66.3,29.79,6.0,17.0,0,0,42837,108.66,0,0,43187,105.62,0,0,3,30.52,0,0,3,30.66
1785715654.205,2.1,100.0,29.80,7.0,17.0,0,0,42837,108.71,0,0,43187,105.62,0,0,3,30.42,0,0,3,30.61
1785715655.205,1.9,77.2,29.81,7.0,15.0,0,0,42837,108.71,0,0,43187,105.61,0,0,3,30.42,0,0,3,30.61
1785715656.205,2.1,100.0,29.81,7.0,16.0,0,0,42837,108.61,0,0,43187,105.51,0,0,3,30.51,0,0,3,30.65
1785715657.206,3.0,81.0,29.81,6.0,19.0,0,0,42837,108.62,0,0,43187,105.89,0,0,3,30.52,0,0,3,30.60
1785715658.206,4.1,100.0,29.80,6.0,16.0,0,0,42837,108.63,0,0,43187,105.89,0,0,3,30.47,0,0,3,30.75
1785715659.206,3.5,64.6,29.81,6.0,18.0,0,0,42837,108.61,0,0,43187,105.66,0,0,3,30.47,0,0,3,30.80
1785715660.206,2.3,100.0,29.81,10.0,17.0,0,0,42837,108.61,0,0,43187,105.67,0,0,3,30.42,0,0,3,30.75
1785715661.206,2.5,71.0,29.80,4.0,11.0,0,0,42837,108.61,0,0,43187,105.48,0,0,3,30.42,0,0,3,30.71
1785715662.206,1.8,100.0,29.79,8.0,6.0,0,0,42837,108.61,0,0,43187,105.46,0,0,3,30.47,0,0,3,30.66
1785715663.206,2.0,100.0,29.80,6.0,7.0,0,0,42837,108.56,0,0,43187,105.41,0,0,3,30.42,0,0,3,30.71
1785715664.206,1.9,100.0,29.79,7.0,6.0,0,0,42837,108.57,0,0,43187,105.44,0,0,3,30.42,0,0,3,30.60
1785715665.206,2.1,60.6,29.79,5.0,16.0,0,0,42837,108.57,0,0,43187,105.44,0,0,3,30.47,0,0,3,30.65
1785715666.207,2.0,100.0,29.80,9.0,18.0,0,0,42837,108.47,0,0,43187,105.33,0,0,3,30.47,0,0,3,30.66
1785715667.207,2.1,54.5,29.79,5.0,15.0,0,0,42837,108.47,0,0,43187,105.27,0,0,3,30.47,0,0,3,30.66
1785715668.207,2.2,100.0,29.79,7.0,19.0,0,0,42837,108.47,0,0,43187,105.30,0,0,3,30.52,0,0,3,30.71
1785715669.207,2.7,100.0,29.77,7.0,13.0,0,0,42837,108.42,0,0,43187,105.33,0,0,3,30.52,0,0,3,30.61
1785715670.207,1.9,100.0,29.78,6.0,15.0,0,0,42837,108.42,0,0,43187,105.25,0,0,3,30.47,0,0,3,30.65
1785715671.207,2.3,58.0,29.75,7.0,19.0,0,0,42837,108.42,0,0,43187,105.25,0,0,3,30.47,0,0,3,30.70
1785715672.207,2.9,100.0,29.77,7.0,19.0,0,0,42837,108.43,0,0,43187,105.26,0,0,3,30.42,0,0,3,30.65
1785715673.207,3.4,100.0,29.76,7.0,18.0,0,0,42837,108.38,0,0,43187,105.25,0,0,3,30.47,0,0,3,30.66
1785715674.207,3.0,100.0,29.76,4.0,18.0,0,0,42837,108.32,0,0,43187,105.25,0,0,3,30.52,0,0,3,30.66
1785715675.208,3.4,100.0,29.76,7.0,17.0,0,0,42837,108.32,0,0,43187,105.23,0,0,3,30.42,0,0,3,30.66
1785715676.208,1.7,100.0,29.76,7.0,12.0,0,0,42837,108.27,0,0,43187,105.40,0,0,3,30.42,0,0,3,30.61
1785715677.208,2.2,56.0,29.76,6.0,14.0,0,0,42837,108.27,0,0,43187,105.32,0,0,3,30.47,0,0,3,30.62
1785715678.208,2.1,100.0,29.76,6.0,18.0,0,0,42837,108.37,0,0,43187,105.42,0,0,3,30.47,0,0,3,30.67
1785715679.208,2.3,63.6,29.77,9.0,16.0,0,0,42837,108.27,0,0,43187,105.50,0,0,3,30.47,0,0,3,30.80
1785715680.208,2.3,100.0,29.75,4.0,15.0,0,0,42837,108.32,0,0,43187,105.18,0,0,3,30.42,0,0,3,30.75
1785715681.208,2.5,100.0,29.75,7.0,14.0,0,0,42837,108.32,0,0,43187,105.14,0,0,3,30.42,0,0,3,30.61
1785715682.208,2.0,100.0,29.73,6.0,18.0,0,0,42837,108.32,0,0,43187,105.11,0,0,3,30.41,0,0,3,30.60
1785715683.208,2.1,55.0,29.74,9.0,17.0,0,0,42837,108.32,0,0,43187,105.07,0,0,3,30.41,0,0,3,30.61
1785715684.209,2.0,100.0,29.76,4.0,16.0,0,0,42837,108.27,0,0,43187,105.04,0,0,3,30.41,0,0,3,30.66
1785715685.209,2.5,55.6,29.76,8.0,18.0,0,0,42837,108.27,0,0,43187,105.03,0,0,3,30.41,0,0,3,30.80
1785715686.209,2.0,100.0,29.77,7.0,12.0,0,0,42837,108.21,0,0,43187,105.11,0,0,3,30.47,0,0,3,30.80
1785715687.209,2.0,100.0,29.78,7.0,11.0,0,0,42837,108.21,0,0,43187,105.12,0,0,3,30.41,0,0,3,30.71
1785715688.209,1.9,100.0,29.77,6.0,13.0,0,0,42837,108.26,0,0,43187,105.10,0,0,3,30.41,0,0,3,30.70
1785715689.209,2.3,83.0,29.76,7.0,14.0,0,0,42837,108.26,0,0,43187,105.07,0,0,3,30.46,0,0,3,30.60
1785715690.209,2.2,100.0,29.77,5.0,18.0,0,0,42837,108.18,0,0,43187,105.01,0,0,3,30.51,0,0,3,30.60
1785715691.209,2.1,77.8,29.77,8.0,16.0,0,0,42837,108.13,0,0,43187,105.03,0,0,3,30.52,0,0,3,30.65
1785715692.209,2.0,100.0,29.78,8.0,12.0,0,0,42837,108.13,0,0,43187,105.03,0,0,3,30.47,0,0,3,30.65
1785715693.210,1.8,100.0,29.78,6.0,13.0,0,0,42837,108.18,0,0,43187,105.00,0,0,3,30.42,0,0,3,30.65
1785715694.210,2.1,100.0,29.77,7.0,15.0,0,0,42837,108.18,0,0,43187,104.99,0,0,3,30.42,0,0,3,30.66
1785715695.210,2.0,85.9,29.77,5.0,19.0,0,0,42837,108.12,0,0,43187,105.29,0,0,3,30.46,0,0,3,30.71
1785715696.210,2.3,100.0,29.76,9.0,23.9,0,0,42837,108.08,0,0,43187,105.27,0,0,3,30.46,0,0,3,30.70
1785715697.210,4.7,86.0,29.78,4.0,11.0,0,0,42837,108.13,0,0,43187,104.99,0,0,3,30.47,0,0,3,30.65
1785715698.210,2.0,100.0,29.77,9.0,8.0,0,0,42837,108.13,0,0,43187,105.01,0,0,3,30.52,0,0,3,30.66
1785715699.210,2.1,100.0,29.77,7.0,12.0,0,0,42837,108.16,0,0,43187,104.91,0,0,3,30.52,0,0,3,30.66
1785715700.210,2.7,100.0,29.80,5.0,9.0,0,0,42837,108.16,0,0,43187,104.86,0,0,3,30.42,0,0,3,30.65
1785715701.210,2.4,100.0,29.81,8.0,9.0,0,0,42837,108.13,0,0,43187,104.91,0,0,3,30.42,0,0,3,30.66
1785715702.211,2.6,85.0,29.82,7.0,13.0,0,0,42837,108.19,0,0,43187,104.86,0,0,3,30.47,0,0,3,30.66
1785715703.211,4.9,100.0,29.79,6.0,12.0,0,0,42837,108.19,0,0,43187,104.83,0,0,3,30.47,0,0,3,30.65
1785715704.211,2.1,92.1,29.80,6.0,9.0,0,0,42837,108.08,0,0,43187,105.03,0,0,3,30.42,0,0,3,30.70
1785715705.211,2.0,100.0,29.79,7.0,9.0,0,0,42837,108.08,0,0,43187,105.02,0,0,3,30.46,0,0,3,30.75
1785715706.211,2.6,100.0,29.78,8.0,9.0,0,0,42837,108.16,0,0,43187,105.12,0,0,3,30.46,0,0,3,30.71
1785715707.211,2.9,100.0,29.78,5.0,11.0,0,0,42837,108.16,0,0,43187,105.11,0,0,3,30.37,0,0,3,30.75
1785715708.211,3.0,81.4,29.79,4.0,14.0,0,0,42837,108.07,0,0,43187,104.93,0,0,3,30.37,0,0,3,30.80
1785715709.211,3.2,100.0,29.75,5.0,16.0,0,0,42837,108.07,0,0,43187,104.89,0,0,3,30.42,0,0,3,30.75
1785715710.211,2.4,83.0,29.76,6.0,5.0,0,0,42837,108.11,0,0,43187,104.83,0,0,3,30.47,0,0,3,30.65
1785715711.212,2.1,100.0,29.77,7.0,5.0,0,0,42837,108.11,0,0,43187,104.77,0,0,3,30.47,0,0,3,30.60
1785715712.212,2.2,100.0,29.76,5.0,12.0,0,0,42837,108.13,0,0,43187,104.72,0,0,3,30.47,0,0,3,30.65
1785715713.212,2.0,100.0,29.75,8.0,18.0,0,0,42837,108.13,0,0,43187,104.82,0,0,3,30.52,0,0,3,30.65
1785715714.212,2.2,46.0,29.75,6.0,13.0,0,0,42837,108.11,0,0,43187,104.77,0,0,3,30.52,0,0,3,30.65
1785715715.212,1.9,100.0,29.77,6.0,19.0,0,0,42837,108.01,0,0,43187,104.72,0,0,3,30.47,0,0,3,30.60
1785715716.212,2.2,58.6,29.78,7.0,13.0,0,0,42837,108.08,0,0,43187,104.67,0,0,3,30.47,0,0,3,30.60
1785715717.212,3.4,100.0,29.78,6.0,14.0,0,0,42837,108.07,0,0,43187,104.67,0,0,3,30.47,0,0,3,30.65
1785715718.212,4.5,100.0,29.80,7.0,13.0,0,0,42837,108.07,0,0,43187,104.68,0,0,3,30.47,0,0,3,30.60
1785715719.212,3.5,100.0,29.81,4.0,15.0,0,0,42837,108.05,0,0,43187,104.65,0,0,3,30.47,0,0,3,30.60
1785715720.213,2.6,54.5,29.81,10.0,14.0,0,0,42837,108.07,0,0,43187,104.73,0,0,3,30.42,0,0,3,30.66
1785715721.213,2.1,100.0,29.81,6.0,15.0,0,0,42837,108.07,0,0,43187,104.78,0,0,3,30.37,0,0,3,30.66
1785715722.213,1.9,54.0,29.79,7.0,14.0,0,0,42837,108.02,0,0,43187,104.78,0,0,3,30.42,0,0,3,30.66
1785715723.213,2.0,100.0,29.80,6.0,15.0,0,0,42837,107.96,0,0,43187,104.72,0,0,3,30.56,0,0,3,30.66
1785715724.213,2.1,100.0,29.80,6.0,6.0,0,0,42837,107.96,0,0,43187,104.65,0,0,3,30.52,0,0,3,30.65
1785715725.213,2.0,100.0,29.79,9.0,4.0,0,0,42837,107.98,0,0,43187,104.65,0,0,3,30.42,0,0,3,30.65
1785715726.213,1.8,54.0,29.78,5.0,7.0,0,0,42837,107.98,0,0,43187,104.70,0,0,3,30.42,0,0,3,30.60
1785715727.213,2.0,100.0,29.79,8.0,12.0,0,0,42837,107.98,0,0,43187,104.70,0,0,3,30.47,0,0,3,30.55
1785715728.213,2.1,54.5,29.79,7.0,7.0,0,0,42837,107.97,0,0,43187,104.72,0,0,3,30.52,0,0,3,30.50
1785715729.214,1.9,100.0,29.78,8.0,7.0,0,0,42837,107.98,0,0,43187,104.78,0,0,3,30.47,0,0,3,30.55
1785715730.214,2.3,100.0,29.79,5.0,25.0,0,0,42837,107.98,0,0,43187,104.73,0,0,3,30.46,0,0,3,30.60
1785715731.214,2.1,100.0,29.80,7.0,12.0,0,0,42837,107.97,0,0,43187,104.72,0,0,3,30.42,0,0,3,30.60
1785715732.214,2.1,82.2,29.81,6.0,18.0,0,0,42837,107.97,0,0,43187,104.75,0,0,3,30.42,0,0,3,30.70
1785715733.214,4.0,100.0,29.83,7.0,211.9,0,0,42837,107.91,0,0,43187,104.70,0,0,3,30.46,0,0,3,30.70
1785715734.214,6.2,76.0,29.83,6.0,305.1,0,0,42837,107.91,0,0,43187,104.70,0,0,3,30.47,0,0,3,30.70
1785715735.214,2.4,100.0,29.84,8.0,10.0,0,0,42837,107.97,0,0,43187,104.89,0,0,3,30.42,0,0,3,30.70
1785715736.214,2.9,100.0,29.83,6.0,9.0,0,0,42837,107.97,0,0,43187,104.82,0,0,3,30.37,0,0,3,30.70
1785715737.214,2.2,100.0,29.86,6.0,29.0,0,0,42837,107.93,0,0,43187,104.81,0,0,3,30.46,0,0,3,30.65
1785715738.215,2.2,86.0,29.87,5.0,18.0,0,0,42837,107.93,0,0,43187,104.84,0,0,3,30.51,0,0,3,30.70
1785715739.215,2.2,100.0,29.86,8.0,10.0,0,0,42837,107.95,0,0,43187,104.71,0,0,3,30.41,0,0,3,30.70
1785715740.215,2.6,80.2,29.88,8.0,10.0,0,0,42837,107.95,0,0,43187,104.71,0,0,3,30.41,0,0,3,30.65
1785715741.215,2.0,100.0,29.87,7.0,3.0,0,0,42837,107.88,0,0,43187,104.70,0,0,3,30.47,0,0,3,30.65
1785715742.215,3.5,100.0,29.86,5.0,17.0,0,0,42837,107.88,0,0,43187,104.67,0,0,3,30.47,0,0,3,30.60
1785715743.215,3.4,100.0,29.88,5.0,36.0,0,0,42837,107.82,0,0,43187,104.57,0,0,3,30.47,0,0,3,30.61
1785715744.215,2.6,90.0,29.88,4.0,28.0,0,0,42837,107.82,0,0,43187,104.57,0,0,3,30.42,0,0,3,30.61
1785715745.215,1.9,100.0,29.86,8.0,16.0,0,0,42837,107.89,0,0,43187,104.97,0,0,3,30.42,0,0,3,30.60
1785715746.215,2.3,84.0,29.85,7.0,21.0,0,0,42837,107.89,0,0,43187,104.97,0,0,3,30.42,0,0,3,30.70
1785715747.216,1.9,100.0,29.83,7.0,15.0,0,0,42837,107.88,0,0,43187,104.62,0,0,3,30.42,0,0,3,30.71
1785715748.216,2.2,100.0,29.84,5.0,16.0,0,0,42837,107.88,0,0,43187,104.64,0,0,3,30.42,0,0,3,30.66
1785715749.216,2.0,100.0,29.84,7.0,18.0,0,0,42837,107.88,0,0,43187,104.59,0,0,3,30.37,0,0,3,30.75
1785715750.216,2.4,93.0,29.83,6.0,19.0,0,0,42837,107.88,0,0,43187,104.60,0,0,3,30.42,0,0,3,30.65
1785715751.216,2.2,100.0,29.83,7.0,42.0,0,0,42837,107.90,0,0,43187,104.63,0,0,3,30.47,0,0,3,30.60
1785715752.216,2.8,87.0,29.83,6.0,41.0,0,0,42837,107.83,0,0,43187,104.63,0,0,3,30.47,0,0,3,30.65
1785715753.216,2.2,100.0,29.83,8.0,16.0,0,0,42837,107.83,0,0,43187,104.55,0,0,3,30.47,0,0,3,30.60
1785715754.216,2.0,100.0,29.83,6.0,22.0,0,0,42837,107.92,0,0,43187,104.55,0,0,3,30.42,0,0,3,30.55
1785715755.216,2.2,100.0,29.83,6.0,26.0,0,0,42837,107.92,0,0,43187,104.55,0,0,3,30.42,0,0,3,30.61
1785715756.217,2.1,97.0,29.82,6.0,22.0,0,0,42837,107.93,0,0,43187,104.52,0,0,3,30.47,0,0,3,30.61
1785715757.217,4.1,100.0,29.85,8.0,24.0,0,0,42837,107.93,0,0,43187,104.59,0,0,3,30.47,0,0,3,30.55
1785715758.217,2.4,90.0,29.87,8.0,43.0,0,0,42837,107.88,0,0,43187,104.54,0,0,3,30.47,0,0,3,30.55
1785715759.217,2.0,100.0,29.87,7.0,32.0,0,0,42837,107.93,0,0,43187,104.67,0,0,3,30.42,0,0,3,30.55
1785715760.217,7.0,66.7,29.86,5.0,484.9,0,0,42837,107.93,0,0,43187,104.77,0,0,3,30.41,0,0,3,30.70
1785715761.217,3.1,100.0,29.88,5.0,22.0,0,0,42837,107.88,0,0,43187,104.65,0,0,3,30.46,0,0,3,30.81
1785715762.217,2.3,99.0,29.89,7.0,6.0,0,0,42837,107.88,0,0,43187,104.61,0,0,3,30.47,0,0,3,30.76
1785715763.217,2.5,98.0,29.88,8.0,14.0,0,0,42837,107.98,0,0,43187,104.13,0,0,3,30.47,0,0,3,30.71
1785715764.217,4.1,100.0,29.87,7.0,13.0,0,0,42837,107.98,0,0,43187,103.64,0,0,3,30.47,0,0,3,30.66
1785715765.218,2.4,87.9,29.86,6.0,7.0,0,0,42837,107.93,0,0,43187,103.66,0,0,3,30.47,0,0,3,30.56
1785715766.218,2.9,100.0,29.87,7.0,8.0,0,0,42837,107.83,0,0,43187,103.70,0,0,3,30.47,0,0,3,30.56
1785715767.218,2.0,100.0,29.87,6.0,8.0,0,0,42837,107.87,0,0,43187,103.66,0,0,3,30.56,0,0,3,30.65
1785715768.218,1.7,100.0,29.88,6.0,8.0,0,0,42837,107.90,0,0,43187,103.66,0,0,3,30.56,0,0,3,30.60
1785715769.218,3.3,77.0,29.87,7.0,13.0,0,0,42837,107.87,0,0,43187,103.70,0,0,3,30.51,0,0,3,30.55
1785715770.218,1.9,100.0,29.89,8.0,15.0,0,0,42837,107.93,0,0,43187,103.63,0,0,3,30.47,0,0,3,30.55
1785715771.218,2.3,84.7,29.89,6.0,15.0,0,0,42837,107.93,0,0,43187,103.53,0,0,3,30.42,0,0,3,30.60
1785715772.218,2.1,100.0,29.88,7.0,10.0,0,0,42837,107.98,0,0,43187,103.58,0,0,3,30.42,0,0,3,30.60
1785715773.218,2.3,100.0,29.90,6.0,25.0,0,0,42837,107.98,0,0,43187,103.71,0,0,3,30.42,0,0,3,30.60
1785715774.219,1.9,100.0,29.91,7.0,17.0,0,0,42837,107.88,0,0,43187,103.74,0,0,3,30.46,0,0,3,30.61
1785715775.219,2.2,75.0,29.91,7.0,21.0,0,0,42837,107.88,0,0,43187,103.65,0,0,3,30.47,0,0,3,30.61
1785715776.219,2.2,100.0,29.90,7.0,27.0,0,0,42837,107.98,0,0,43187,103.60,0,0,3,30.47,0,0,3,30.66
1785715777.219,4.8,100.0,29.91,6.0,27.0,0,0,42837,107.98,0,0,43187,103.61,0,0,3,30.42,0,0,3,30.67
1785715778.219,5.0,100.0,29.92,3.0,40.0,0,0,42837,107.88,0,0,43187,103.61,0,0,3,30.42,0,0,3,30.66
1785715779.219,4.0,100.0,29.93,6.0,25.0,0,0,42837,107.88,0,0,43187,103.64,0,0,3,30.46,0,0,3,30.70
1785715780.219,2.1,100.0,29.94,7.0,36.0,0,0,42837,107.87,0,0,43187,103.82,0,0,3,30.42,0,0,3,30.71
1785715781.219,2.2,98.0,29.94,6.0,28.0,0,0,42837,107.87,0,0,43187,103.77,0,0,3,30.42,0,0,3,30.71
1785715782.220,2.5,100.0,29.93,6.0,21.0,0,0,42837,107.87,0,0,43187,103.56,0,0,3,30.52,0,0,3,30.71
1785715783.220,2.1,89.0,29.93,5.0,16.0,0,0,42837,107.83,0,0,43187,103.54,0,0,3,30.47,0,0,3,30.60
1785715784.220,2.1,100.0,29.95,6.0,9.0,0,0,42837,107.83,0,0,43187,103.59,0,0,3,30.42,0,0,3,30.60
1785715785.220,1.9,100.0,29.94,9.0,6.0,0,0,42837,107.85,0,0,43187,103.63,0,0,3,30.47,0,0,3,30.56
1785715786.220,2.4,100.0,29.94,4.0,7.0,0,0,42837,107.85,0,0,43187,103.60,0,0,3,30.47,0,0,3,30.56
1785715787.220,2.0,51.0,29.93,9.0,14.0,0,0,42837,107.83,0,0,43187,103.56,0,0,3,30.42,0,0,3,30.61
1785715788.220,2.2,100.0,29.92,7.0,19.0,0,0,42837,107.83,0,0,43187,103.58,0,0,3,30.42,0,0,3,30.66
1785715789.220,2.1,53.0,29.94,7.0,27.0,0,0,42837,107.88,0,0,43187,103.61,0,0,3,30.47,0,0,3,30.65
1785715790.220,2.2,100.0,29.94,6.0,28.0,0,0,42837,107.88,0,0,43187,103.56,0,0,3,30.42,0,0,3,30.80
1785715791.221,2.3,100.0,29.94,7.0,15.0,0,0,42837,107.88,0,0,43187,103.56,0,0,3,30.47,0,0,3,30.75
1785715792.221,2.1,57.6,29.95,6.0,20.0,0,0,42837,107.88,0,0,43187,103.61,0,0,3,30.47,0,0,3,30.65
1785715793.221,2.1,80.0,29.94,7.0,17.0,0,0,42837,107.89,0,0,43187,103.65,0,0,3,30.41,0,0,3,30.70
1785715794.221,2.4,100.0,29.94,5.0,19.0,0,0,42837,107.89,0,0,43187,103.61,0,0,3,30.46,0,0,3,30.65
1785715795.221,2.1,75.2,29.95,9.0,19.0,0,0,42837,107.84,0,0,43187,103.58,0,0,3,30.47,0,0,3,30.65
1785715796.221,2.9,60.0,29.95,6.0,26.0,0,0,42837,107.82,0,0,43187,103.58,0,0,3,30.47,0,0,3,30.65
1785715797.221,2.4,100.0,29.95,7.0,27.0,0,0,42837,107.82,0,0,43187,103.61,0,0,3,30.51,0,0,3,30.65
1785715798.221,2.6,100.0,29.95,7.0,14.0,0,0,42837,107.83,0,0,43187,103.63,0,0,3,30.51,0,0,3,30.65
1785715799.221,3.0,83.8,29.95,6.0,21.0,0,0,42837,107.83,0,0,43187,103.58,0,0,3,30.47,0,0,3,30.65
1785715800.222,2.5,100.0,29.98,5.0,15.0,0,0,42837,107.83,0,0,43187,103.61,0,0,3,30.47,0,0,3,30.60
1785715801.222,2.3,83.0,29.97,6.0,34.0,0,0,42837,107.83,0,0,43187,103.65,0,0,3,30.47,0,0,3,30.60
1785715802.222,2.7,100.0,30.15,6.0,66.0,0,0,42837,107.79,0,0,43187,103.61,0,0,3,30.42,0,0,3,30.66
1785715803.222,2.5,100.0,30.30,8.0,29.0,0,0,42837,107.79,0,0,43187,103.59,0,0,3,30.42,0,0,3,30.66
1785715804.222,2.6,100.0,30.48,5.0,31.0,0,0,42837,107.93,0,0,43187,103.64,0,0,3,30.51,0,0,3,30.60
1785715805.222,2.7,100.0,30.65,9.0,30.0,0,0,42837,107.93,0,0,43187,103.58,0,0,3,30.52,0,0,3,30.60
1785715806.222,2.6,88.0,31.35,7.0,61.0,0,0,42837,107.93,0,0,43187,103.55,0,0,3,30.47,0,0,3,30.60
1785715807.222,3.2,100.0,31.35,7.0,100.0,0,0,42837,107.93,0,0,43187,103.58,0,0,3,30.52,0,0,3,30.60
1785715808.222,3.0,100.0,31.51,6.0,100.0,0,0,42837,107.87,0,0,43187,103.54,0,0,3,30.57,0,0,3,30.71
1785715809.223,2.9,100.0,31.45,6.0,101.0,0,0,42837,107.87,0,0,43187,103.53,0,0,3,30.57,0,0,3,30.71
1785715810.223,3.3,100.0,31.44,137.0,33.0,91,48,42837,129.17,87,55,43187,137.75,0,0,3,30.47,0,0,3,30.65
1785715811.223,5.1,100.0,31.45,251.0,9.0,91,47,42837,182.68,87,57,43187,191.46,0,0,3,30.41,0,0,3,30.65
1785715812.223,5.4,100.0,31.43,248.0,8.0,92,50,42837,180.89,87,55,43187,191.24,0,0,3,30.46,0,0,3,30.65
1785715813.223,5.2,100.0,31.41,247.0,10.0,91,49,42837,180.09,89,55,43187,186.71,0,0,3,30.47,0,0,3,30.60
1785715814.223,4.6,98.0,31.39,247.8,10.0,91,49,42837,185.97,90,55,43187,183.41,0,0,3,30.42,0,0,3,30.55
1785715815.223,4.7,100.0,31.40,246.2,9.0,92,50,42837,184.36,89,55,43187,188.79,0,0,3,30.36,0,0,3,30.60
1785715816.223,4.8,100.0,31.40,249.0,10.0,92,50,42837,184.47,90,56,43187,187.93,0,0,3,30.35,0,0,3,30.65
1785715817.223,5.6,100.0,31.38,246.0,9.0,90,48,42837,185.13,89,56,43187,190.72,0,0,3,30.46,0,0,3,30.65
1785715818.224,4.2,100.0,31.38,239.0,5.0,90,49,42837,155.97,91,53,43187,156.01,0,0,3,30.52,0,0,3,30.65
1785715819.224,4.1,100.0,31.38,239.0,4.0,92,47,42837,190.26,88,42,43187,193.27,0,0,3,30.47,0,0,3,30.64
1785715820.224,4.3,99.0,31.37,244.0,4.0,93,50,42837,194.53,89,57,43187,169.86,0,0,3,30.51,0,0,3,30.65
1785715821.224,4.6,100.0,31.37,241.0,4.0,92,48,42837,168.83,89,56,43187,171.87,0,0,3,30.51,0,0,3,30.60
1785715822.224,5.4,100.0,31.36,240.0,4.0,94,45,42837,173.70,90,54,43187,192.99,0,0,3,30.61,0,0,3,30.60
1785715823.224,4.2,100.0,31.34,243.0,6.0,92,48,42837,170.16,89,55,43187,189.33,0,0,3,30.57,0,0,3,30.65
1785715824.224,4.4,100.0,31.34,246.0,6.0,92,48,42837,178.92,90,56,43187,178.63,0,0,3,30.51,0,0,3,30.66
1785715825.224,5.5,100.0,31.32,243.0,5.0,92,48,42837,169.38,90,56,43187,185.82,0,0,3,30.55,0,0,3,30.69
1785715826.224,5.3,99.0,31.31,242.0,6.0,94,43,42837,166.49,90,59,43187,187.65,0,0,3,30.46,0,0,3,30.69
1785715827.224,4.3,100.0,31.32,243.0,6.0,93,48,42837,180.66,90,55,43187,176.65,0,0,3,30.42,0,0,3,30.61
1785715828.224,4.4,100.0,31.32,242.0,5.0,93,48,42837,180.38,90,55,43187,182.73,0,0,3,30.42,0,0,3,30.61
1785715829.225,4.9,100.0,31.31,238.0,5.0,96,25,42837,204.68,81,31,43187,187.42,0,0,3,30.46,0,0,3,30.60
1785715830.225,4.5,100.0,31.33,245.0,7.0,93,48,42837,192.62,90,56,43187,188.28,0,0,3,30.45,0,0,3,30.55
1785715831.225,4.7,100.0,31.33,241.0,6.0,92,49,42837,178.83,90,55,43187,174.89,0,0,3,30.46,0,0,3,30.60
1785715832.225,4.4,99.0,31.31,238.0,5.0,92,49,42837,183.90,89,55,43187,174.89,0,0,3,30.57,0,0,3,30.66
1785715833.225,4.0,100.0,31.30,244.0,6.0,92,48,42837,183.91,88,57,43187,175.10,0,0,3,30.52,0,0,3,30.61
1785715834.225,4.3,100.0,31.30,241.0,7.0,95,51,42837,194.45,90,54,43187,173.57,0,0,3,30.52,0,0,3,30.57
1785715835.225,4.2,100.0,31.30,242.0,5.0,95,20,42837,185.27,91,51,43187,195.41,0,0,3,30.56,0,0,3,30.61
1785715836.225,4.3,99.0,31.32,242.0,5.0,92,50,42837,182.86,91,61,43187,162.34,0,0,3,30.60,0,0,3,30.70
1785715837.225,5.4,100.0,31.31,242.0,5.0,93,48,42837,175.33,87,55,43187,190.99,0,0,3,30.61,0,0,3,30.66
1785715838.225,6.1,99.0,31.30,241.0,5.0,92,48,42837,178.66,87,54,43187,187.89,0,0,3,30.47,0,0,3,30.57
1785715839.225,5.8,100.0,31.29,242.0,4.0,92,48,42837,171.82,88,56,43187,185.69,0,0,3,30.41,0,0,3,30.61
1785715840.226,4.8,100.0,31.28,243.0,5.0,92,49,42837,180.63,89,59,43187,192.91,0,0,3,30.45,0,0,3,30.61
1785715841.226,4.1,100.0,31.28,238.0,4.0,92,48,42837,170.70,87,51,43187,189.82,0,0,3,30.50,0,0,3,30.61
1785715842.226,4.4,100.0,31.27,246.0,7.0,92,47,42837,154.99,88,51,43187,199.32,0,0,3,30.45,0,0,3,30.64
1785715843.226,4.1,100.0,31.26,248.0,5.0,91,47,42837,177.13,90,55,43187,184.21,0,0,3,30.40,0,0,3,30.60
1785715844.226,4.3,99.0,31.24,243.0,5.0,92,48,42837,187.48,91,60,43187,168.17,0,0,3,30.36,0,0,3,30.65
1785715845.226,4.6,100.0,31.22,246.0,5.0,92,48,42837,175.86,91,53,43187,178.63,0,0,3,30.41,0,0,3,30.70
1785715846.226,5.0,100.0,31.22,245.0,6.0,91,47,42837,190.42,91,60,43187,164.52,0,0,3,30.45,0,0,3,30.70
1785715847.226,5.7,100.0,31.21,243.0,6.0,92,49,42837,176.59,90,60,43187,188.46,0,0,3,30.42,0,0,3,30.71
1785715848.226,4.9,99.0,31.19,243.0,4.0,92,48,42837,170.74,84,51,43187,192.46,0,0,3,30.42,0,0,3,30.66
1785715849.226,4.3,100.0,31.20,244.0,3.0,92,49,42837,186.32,87,54,43187,183.88,0,0,3,30.47,0,0,3,30.65
1785715850.227,4.2,100.0,31.20,244.0,5.0,97,31,42837,165.51,92,35,43187,182.04,0,0,3,30.42,0,0,3,30.65
1785715851.227,4.5,100.0,31.19,241.0,5.0,92,48,42837,175.26,91,51,43187,191.64,0,0,3,30.46,0,0,3,30.71
1785715852.227,4.1,100.0,31.19,241.0,4.0,93,54,42837,175.61,88,53,43187,172.38,0,0,3,30.51,0,0,3,30.71
1785715853.227,4.5,100.0,31.19,241.0,5.0,93,49,42837,195.43,88,54,43187,184.71,0,0,3,30.46,0,0,3,30.75
1785715854.227,4.1,99.0,31.18,241.0,4.0,93,55,42837,189.64,91,54,43187,177.53,0,0,3,30.46,0,0,3,30.80
1785715855.227,4.1,100.0,31.16,238.0,4.0,92,44,42837,181.62,88,56,43187,177.42,0,0,3,30.46,0,0,3,30.70
1785715856.227,4.2,99.0,31.17,240.0,3.0,93,54,42837,182.51,91,57,43187,186.34,0,0,3,30.47,0,0,3,30.60
1785715857.227,5.6,100.0,31.16,242.0,3.0,91,49,42837,167.41,90,51,43187,205.80,0,0,3,30.42,0,0,3,30.60
1785715858.227,4.3,100.0,31.14,238.0,5.0,92,52,42837,174.63,88,50,43187,187.62,0,0,3,30.42,0,0,3,30.65
1785715859.227,4.3,100.0,31.17,242.0,4.0,93,45,42837,192.63,91,60,43187,188.79,0,0,3,30.42,0,0,3,30.60
1785715860.228,4.5,99.0,31.17,240.0,4.0,93,44,42837,178.55,86,56,43187,189.48,0,0,3,30.42,0,0,3,30.61
1785715861.228,4.3,100.0,31.15,244.0,2.0,93,43,42837,195.78,89,59,43187,183.59,0,0,3,30.46,0,0,3,30.65
1785715862.228,4.4,99.0,31.12,239.0,4.0,93,53,42837,191.27,91,52,43187,186.62,0,0,3,30.55,0,0,3,30.64
1785715863.228,5.0,100.0,31.12,243.0,5.0,95,48,42837,187.74,91,57,43187,186.07,0,0,3,30.56,0,0,3,30.65
1785715864.228,4.4,100.0,31.12,244.0,5.0,93,50,42837,204.52,91,58,43187,190.98,0,0,3,30.47,0,0,3,30.67
1785715865.228,4.1,100.0,31.12,242.0,5.0,92,51,42837,177.90,90,53,43187,186.84,0,0,3,30.48,0,0,3,30.67
1785715866.228,4.4,99.0,31.11,245.0,6.0,95,41,42837,205.54,91,53,43187,177.86,0,0,3,30.57,0,0,3,30.66
1785715867.228,4.1,100.0,31.10,242.0,7.0,93,53,42837,176.65,90,52,43187,208.47,0,0,3,30.52,0,0,3,30.66
1785715868.228,4.4,96.0,31.09,246.0,5.0,93,45,42837,219.41,91,60,43187,168.96,0,0,3,30.56,0,0,3,30.65
1785715869.228,4.3,100.0,31.09,243.0,6.0,93,45,42837,181.84,89,58,43187,185.94,0,0,3,30.59,0,0,3,30.60
1785715870.228,4.4,100.0,31.08,243.0,6.0,93,42,42837,169.63,88,57,43187,196.47,0,0,3,30.46,0,0,3,30.65
1785715871.229,4.4,100.0,31.06,241.0,5.0,95,35,42837,198.70,91,60,43187,181.37,0,0,3,30.47,0,0,3,30.70
1785715872.229,4.2,99.0,31.04,242.0,5.0,93,53,42837,170.54,90,54,43187,200.01,0,0,3,30.66,0,0,3,30.65
1785715873.229,3.9,100.0,31.04,241.0,5.0,93,45,42837,187.05,91,60,43187,180.27,0,0,3,30.66,0,0,3,30.65
1785715874.229,4.2,99.0,31.05,238.0,3.0,93,45,42837,185.46,90,60,43187,181.83,0,0,3,30.53,0,0,3,30.61
1785715875.229,4.3,100.0,31.04,244.0,6.0,92,50,42837,166.01,91,52,43187,210.37,0,0,3,30.52,0,0,3,30.65
1785715876.229,4.7,100.0,31.03,242.5,4.0,93,53,42837,180.74,88,51,43187,183.90,0,0,3,30.47,0,0,3,30.79
1785715877.229,6.2,100.0,31.05,240.4,4.0,91,44,42837,212.76,91,60,43187,174.45,0,0,3,30.47,0,0,3,30.80
1785715878.229,4.2,99.0,31.04,240.0,4.0,91,52,42837,163.98,91,52,43187,201.29,0,0,3,30.51,0,0,3,30.66
1785715879.229,4.7,100.0,31.03,240.0,2.0,91,47,42837,170.89,88,52,43187,196.77,0,0,3,30.51,0,0,3,30.61
1785715880.229,4.4,99.0,31.02,243.0,3.0,93,54,42837,177.83,88,51,43187,186.63,0,0,3,30.47,0,0,3,30.66
1785715881.230,5.4,100.0,31.01,242.0,4.0,93,53,42837,181.85,91,51,43187,184.67,0,0,3,30.51,0,0,3,30.66
1785715882.230,6.5,100.0,31.03,243.0,5.0,91,50,42837,190.38,90,51,43187,180.62,0,0,3,30.47,0,0,3,30.66
1785715883.230,4.6,100.0,31.00,245.0,4.0,93,52,42837,182.75,89,51,43187,184.29,0,0,3,30.43,0,0,3,30.71
1785715884.230,4.1,100.0,31.01,241.0,6.0,92,52,42837,163.12,88,56,43187,183.22,0,0,3,30.45,0,0,3,30.71
1785715885.230,4.3,99.0,31.01,241.0,2.0,93,54,42837,173.07,91,51,43187,193.15,0,0,3,30.55,0,0,3,30.65
1785715886.230,5.5,100.0,30.99,244.0,3.0,90,46,42837,170.59,92,65,43187,184.60,0,0,3,30.56,0,0,3,30.65
1785715887.230,6.1,100.0,30.97,242.0,6.0,91,49,42837,163.04,90,52,43187,195.14,0,0,3,30.57,0,0,3,30.70
1785715888.230,4.1,100.0,30.96,242.0,5.0,93,53,42837,196.76,89,45,43187,171.10,0,0,3,30.56,0,0,3,30.70
1785715889.230,4.7,100.0,30.96,241.0,4.0,92,49,42837,181.22,88,49,43187,199.66,0,0,3,30.55,0,0,3,30.65
1785715890.230,4.0,100.0,30.95,241.0,5.0,93,57,42837,199.50,88,55,43187,187.81,0,0,3,30.55,0,0,3,30.66
1785715891.230,4.6,100.0,30.93,246.0,6.0,93,45,42837,209.22,89,59,43187,187.82,0,0,3,30.56,0,0,3,30.72
1785715892.231,4.1,99.0,30.94,241.0,5.0,93,50,42837,195.32,91,51,43187,189.28,0,0,3,30.56,0,0,3,30.71
1785715893.231,4.6,100.0,30.94,241.0,5.0,93,49,42837,186.84,91,59,43187,181.50,0,0,3,30.50,0,0,3,30.69
1785715894.231,4.1,100.0,30.94,246.0,5.0,93,46,42837,181.06,89,53,43187,192.19,0,0,3,30.50,0,0,3,30.69
1785715895.231,5.0,100.0,30.93,244.0,6.0,93,53,42837,179.28,91,56,43187,191.45,0,0,3,30.46,0,0,3,30.71
1785715896.231,4.2,100.0,30.92,245.0,6.0,93,44,42837,197.87,91,60,43187,185.60,0,0,3,30.46,0,0,3,30.75
1785715897.231,5.4,99.0,30.91,240.6,6.0,92,44,42837,185.09,86,55,43187,192.25,0,0,3,30.59,0,0,3,30.69
1785715898.231,5.9,100.0,30.91,241.3,6.0,93,38,42837,179.79,91,42,43187,193.69,0,0,3,30.59,0,0,3,30.59
1785715899.231,6.0,96.0,30.89,243.0,5.0,92,48,42837,160.52,90,35,43187,228.17,0,0,3,30.45,0,0,3,30.59
1785715900.231,4.1,100.0,30.90,241.0,5.0,94,29,42837,176.74,91,18,43187,176.05,0,0,3,30.50,0,0,3,30.65
1785715901.231,4.7,100.0,30.88,244.0,6.0,90,48,42837,188.18,89,49,43187,174.42,0,0,3,30.51,0,0,3,30.65
1785715902.232,4.5,100.0,30.87,247.0,7.0,90,44,42837,200.40,87,51,43187,199.91,0,0,3,30.47,0,0,3,30.65
1785715903.232,4.1,99.0,30.88,244.0,6.0,93,46,42837,192.09,90,62,43187,196.56,0,0,3,30.46,0,0,3,30.70
1785715904.232,4.3,100.0,30.89,244.0,7.0,93,49,42837,183.89,91,63,43187,201.10,0,0,3,30.50,0,0,3,30.65
1785715905.232,4.1,99.0,30.87,248.0,7.0,91,42,42837,187.86,87,54,43187,200.11,0,0,3,30.56,0,0,3,30.60
1785715906.232,4.3,100.0,30.87,244.0,6.0,93,45,42837,185.31,91,60,43187,191.43,0,0,3,30.57,0,0,3,30.66
1785715907.232,4.2,100.0,30.86,243.0,7.0,90,49,42837,174.00,86,53,43187,219.82,0,0,3,30.53,0,0,3,30.66
1785715908.232,4.4,100.0,30.84,247.0,7.0,97,34,42837,172.17,92,49,43187,195.85,0,0,3,30.57,0,0,3,30.66
1785715909.232,4.3,100.0,30.85,246.0,7.0,91,42,42837,195.18,91,48,43187,199.71,0,0,3,30.55,0,0,3,30.72
1785715910.232,4.5,100.0,30.84,247.0,8.0,92,46,42837,196.30,90,61,43187,202.93,0,0,3,30.47,0,0,3,30.71
1785715911.232,5.0,99.0,30.85,240.0,4.0,92,45,42837,179.86,88,55,43187,191.91,0,0,3,30.47,0,0,3,30.64
1785715912.232,4.1,100.0,30.86,245.0,5.0,93,54,42837,169.55,91,57,43187,222.35,0,0,3,30.47,0,0,3,30.64
1785715913.233,4.3,100.0,30.86,240.0,5.0,96,32,42837,208.46,91,60,43187,181.85,0,0,3,30.41,0,0,3,30.65
1785715914.233,4.1,100.0,30.85,241.0,4.0,92,45,42837,183.16,88,58,43187,187.56,0,0,3,30.45,0,0,3,30.69
1785715915.233,4.7,99.0,30.85,239.0,4.0,93,45,42837,182.04,87,55,43187,189.31,0,0,3,30.55,0,0,3,30.69
1785715916.233,5.1,100.0,30.83,244.0,5.0,93,45,42837,192.22,90,60,43187,198.73,0,0,3,30.51,0,0,3,30.75
1785715917.233,6.0,100.0,30.84,241.0,4.0,93,45,42837,193.58,88,57,43187,202.85,0,0,3,30.52,0,0,3,30.75
1785715918.233,5.2,100.0,30.85,239.0,5.0,91,51,42837,176.16,91,52,43187,192.42,0,0,3,30.52,0,0,3,30.70
1785715919.233,4.6,100.0,30.85,241.0,4.0,92,44,42837,181.37,88,55,43187,186.78,0,0,3,30.52,0,0,3,30.70
1785715920.233,4.4,100.0,30.86,234.0,2.0,93,44,42837,180.55,88,57,43187,188.56,0,0,3,30.57,0,0,3,30.70
1785715921.233,4.9,99.0,30.86,238.0,4.0,93,44,42837,179.94,91,62,43187,187.13,0,0,3,30.51,0,0,3,30.69
1785715922.233,4.2,100.0,30.84,239.0,3.0,93,47,42837,180.88,91,62,43187,186.70,0,0,3,30.46,0,0,3,30.69
1785715923.233,4.2,99.0,30.84,238.0,2.0,93,50,42837,181.68,91,61,43187,186.45,0,0,3,30.47,0,0,3,30.70
1785715924.234,4.1,100.0,30.83,238.0,4.0,94,51,42837,182.37,91,61,43187,187.90,0,0,3,30.46,0,0,3,30.65
1785715925.234,4.2,100.0,30.83,235.0,1.0,92,43,42837,177.43,88,54,43187,188.02,0,0,3,30.51,0,0,3,30.69
1785715926.234,4.0,100.0,30.82,237.0,2.0,94,46,42837,177.89,89,61,43187,187.32,0,0,3,30.51,0,0,3,30.70
1785715927.234,4.7,99.0,30.78,233.9,2.0,94,42,42837,177.26,88,56,43187,192.78,0,0,3,30.50,0,0,3,30.71
1785715928.234,4.0,100.0,30.79,235.0,1.0,92,42,42837,177.55,88,53,43187,191.12,0,0,3,30.55,0,0,3,30.75
1785715929.234,4.3,99.0,30.80,232.8,0.0,92,45,42837,177.76,89,49,43187,190.55,0,0,3,30.51,0,0,3,30.70
1785715930.234,4.4,100.0,30.81,237.0,2.0,92,50,42837,182.12,91,50,43187,187.75,0,0,3,30.47,0,0,3,30.65
1785715931.234,4.3,100.0,30.81,235.0,2.0,91,53,42837,183.50,91,53,43187,185.51,0,0,3,30.51,0,0,3,30.65
1785715932.234,3.9,100.0,30.80,233.0,0.0,93,42,42837,179.89,91,54,43187,188.21,0,0,3,30.46,0,0,3,30.71
1785715933.234,4.2,99.0,30.81,234.0,1.0,92,55,42837,183.52,91,55,43187,185.71,0,0,3,30.51,0,0,3,30.71
1785715934.234,3.8,100.0,30.80,233.0,1.0,91,43,42837,178.47,91,56,43187,189.83,0,0,3,30.56,0,0,3,30.69
1785715935.234,4.3,99.0,30.80,233.0,1.0,93,56,42837,182.92,91,58,43187,185.58,0,0,3,30.52,0,0,3,30.69
1785715936.235,4.4,100.0,30.80,234.8,2.0,94,55,42837,177.73,91,59,43187,191.50,0,0,3,30.58,0,0,3,30.66
1785715937.235,6.5,100.0,30.71,208.2,46.0,0,0,42837,126.08,0,0,43187,126.14,0,0,3,30.57,0,0,3,30.66
1785715938.235,2.2,100.0,30.71,20.0,17.0,0,0,42837,113.37,0,0,43187,111.12,0,0,3,30.47,0,0,3,30.80
1785715939.235,2.1,76.0,30.71,7.0,8.0,0,0,42837,113.37,0,0,43187,111.12,0,0,3,30.46,0,0,3,30.80
1785715940.235,2.3,64.0,29.37,8.0,0.0,0,0,42837,113.08,0,0,43187,110.90,0,0,3,30.51,0,0,3,30.80
1785715941.235,1.6,77.0,29.37,5.0,0.0,0,0,42837,112.90,0,0,43187,110.66,0,0,3,30.52,0,0,3,30.75
1785715942.235,2.3,100.0,29.38,6.0,0.0,0,0,42837,112.95,0,0,43187,110.51,0,0,3,30.57,0,0,3,30.75
1785715943.235,3.5,100.0,29.45,7.0,26.0,0,0,42837,112.84,0,0,43187,110.41,0,0,3,30.52,0,0,3,30.75
1785715944.235,2.2,100.0,29.52,7.0,19.0,0,0,42837,112.67,0,0,43187,110.27,0,0,3,30.47,0,0,3,30.66
1785715945.236,1.8,100.0,29.50,6.0,11.0,0,0,42837,112.58,0,0,43187,110.07,0,0,3,30.41,0,0,3,30.71
1785715946.236,2.4,94.0,29.53,7.0,22.0,0,0,42837,112.58,0,0,43187,110.07,0,0,3,30.56,0,0,3,30.71
1785715947.236,4.3,99.0,29.54,7.0,49.0,0,0,42837,112.37,0,0,43187,109.76,0,0,3,30.61,0,0,3,30.65
1785715948.244,7.7,100.0,29.58,5.0,389.1,0,0,42837,112.37,0,0,43187,109.76,0,0,3,30.52,0,0,3,30.65
1785715949.244,2.6,100.0,29.61,7.0,21.0,0,0,42837,112.20,0,0,43187,109.68,0,0,3,30.51,0,0,3,30.71
1785715950.244,3.1,100.0,29.65,6.0,28.0,0,0,42837,112.20,0,0,43187,109.68,0,0,3,30.56,0,0,3,30.71
1785715951.244,3.1,100.0,29.65,5.0,20.0,0,0,42837,112.01,0,0,43187,109.44,0,0,3,30.62,0,0,3,30.70
1785715952.244,3.4,93.1,29.64,5.0,31.0,0,0,42837,112.01,0,0,43187,109.44,0,0,3,30.52,0,0,3,30.70
1785715953.244,2.0,95.0,29.65,7.0,13.0,0,0,42837,111.88,0,0,43187,109.25,0,0,3,30.47,0,0,3,30.75
1785715954.244,2.4,76.0,29.66,8.0,16.0,0,0,42837,111.88,0,0,43187,109.25,0,0,3,30.61,0,0,3,30.75
1785715955.245,1.9,100.0,29.65,5.0,23.0,0,0,42837,111.78,0,0,43187,109.39,0,0,3,30.61,0,0,3,30.70
1785715956.245,2.0,100.0,29.64,7.0,11.0,0,0,42837,111.78,0,0,43187,109.39,0,0,3,30.46,0,0,3,30.70
1785715957.245,3.1,100.0,29.64,5.0,18.0,0,0,42837,111.59,0,0,43187,109.00,0,0,3,30.46,0,0,3,30.71
1785715958.245,3.8,52.0,29.66,8.0,26.0,0,0,42837,111.59,0,0,43187,108.97,0,0,3,30.46,0,0,3,30.71
1785715959.245,4.2,100.0,29.67,8.0,16.0,0,0,42837,111.48,0,0,43187,108.87,0,0,3,30.47,0,0,3,30.70
1785715960.245,2.9,59.0,29.67,6.0,16.0,0,0,42837,111.48,0,0,43187,108.75,0,0,3,30.51,0,0,3,30.75
1785715961.245,2.1,100.0,29.66,7.0,15.0,0,0,42837,111.46,0,0,43187,108.75,0,0,3,30.50,0,0,3,30.75
1785715962.245,2.0,100.0,29.67,6.0,15.0,0,0,42837,111.35,0,0,43187,108.66,0,0,3,30.46,0,0,3,30.71
1785715963.246,2.1,100.0,29.67,6.0,17.0,0,0,42837,111.26,0,0,43187,108.08,0,0,3,30.47,0,0,3,30.70
1785715964.246,2.0,84.8,29.67,7.0,40.0,0,0,42837,111.25,0,0,43187,107.38,0,0,3,30.52,0,0,3,30.70
1785715965.246,2.5,100.0,29.68,8.0,61.0,0,0,42837,111.17,0,0,43187,107.26,0,0,3,30.51,0,0,3,30.75
1785715966.246,2.1,79.0,29.67,7.0,16.0,0,0,42837,111.14,0,0,43187,107.34,0,0,3,30.46,0,0,3,30.66
1785715967.246,2.1,100.0,29.67,7.0,15.0,0,0,42837,111.14,0,0,43187,107.28,0,0,3,30.52,0,0,3,30.66
1785715968.246,2.1,100.0,29.70,5.0,29.0,0,0,42837,111.00,0,0,43187,107.23,0,0,3,30.52,0,0,3,30.71
1785715969.246,2.1,100.0,29.70,7.0,15.0,0,0,42837,111.00,0,0,43187,107.17,0,0,3,30.47,0,0,3,30.71
1785715970.246,2.3,88.0,29.69,7.0,19.0,0,0,42837,110.95,0,0,43187,107.13,0,0,3,30.47,0,0,3,30.67
1785715971.246,2.5,100.0,29.69,7.0,23.0,0,0,42837,110.95,0,0,43187,107.11,0,0,3,30.51,0,0,3,30.66
1785715972.247,2.1,81.0,29.69,7.0,26.0,0,0,42837,110.86,0,0,43187,107.08,0,0,3,30.51,0,0,3,30.70
1785715973.247,2.1,100.0,29.68,6.0,13.0,0,0,42837,110.86,0,0,43187,107.06,0,0,3,30.46,0,0,3,30.70
1785715974.247,1.9,100.0,29.68,5.0,16.0,0,0,42837,110.79,0,0,43187,107.01,0,0,3,30.47,0,0,3,30.75
1785715975.247,2.0,100.0,29.68,8.0,16.0,0,0,42837,110.79,0,0,43187,106.81,0,0,3,30.42,0,0,3,30.75
1785715976.247,2.4,90.1,29.68,6.0,21.0,0,0,42837,110.15,0,0,43187,106.65,0,0,3,30.42,0,0,3,30.71
1785715977.247,2.1,100.0,29.69,7.0,13.0,0,0,42837,109.53,0,0,43187,106.69,0,0,3,30.52,0,0,3,30.76
1785715978.247,3.3,89.0,29.70,8.0,15.0,0,0,42837,109.54,0,0,43187,106.67,0,0,3,30.52,0,0,3,30.81
1785715979.247,2.9,100.0,29.73,5.0,26.0,0,0,42837,109.49,0,0,43187,106.71,0,0,3,30.42,0,0,3,30.71
1785715980.247,2.7,100.0,29.74,6.0,31.0,0,0,42837,109.44,0,0,43187,106.67,0,0,3,30.46,0,0,3,30.66
1785715981.248,2.0,100.0,29.75,7.0,16.0,0,0,42837,109.44,0,0,43187,106.57,0,0,3,30.51,0,0,3,30.70
1785715982.248,2.5,100.0,29.72,6.0,14.0,0,0,42837,109.39,0,0,43187,106.53,0,0,3,30.47,0,0,3,30.70
1785715983.248,1.9,82.0,29.70,7.0,15.0,0,0,42837,109.30,0,0,43187,106.51,0,0,3,30.47,0,0,3,30.65
1785715984.248,2.0,100.0,29.70,7.0,15.0,0,0,42837,109.30,0,0,43187,106.45,0,0,3,30.47,0,0,3,30.60
1785715985.248,2.8,90.0,29.69,5.0,20.0,0,0,42837,109.35,0,0,43187,106.37,0,0,3,30.61,0,0,3,30.75
1785715986.248,3.4,100.0,29.71,5.0,43.0,0,0,42837,109.35,0,0,43187,106.32,0,0,3,30.61,0,0,3,30.75
1785715987.248,2.6,100.0,29.72,4.0,37.0,0,0,42837,109.23,0,0,43187,106.34,0,0,3,30.56,0,0,3,30.75
1785715988.248,2.2,100.0,29.71,6.0,29.0,0,0,42837,109.23,0,0,43187,106.32,0,0,3,30.56,0,0,3,30.75
1785715989.248,2.3,80.8,29.73,10.0,52.0,0,0,42837,109.20,0,0,43187,106.24,0,0,3,30.56,0,0,3,30.75
1785715990.249,2.3,100.0,29.72,6.0,27.0,0,0,42837,109.20,0,0,43187,106.19,0,0,3,30.56,0,0,3,30.75
1785715991.249,2.4,88.0,29.73,6.0,14.0,0,0,42837,109.14,0,0,43187,106.16,0,0,3,30.46,0,0,3,30.65
1785715992.249,2.6,100.0,29.75,6.0,18.0,0,0,42837,109.14,0,0,43187,106.08,0,0,3,30.46,0,0,3,30.65
1785715993.249,1.8,100.0,29.76,6.0,12.0,0,0,42837,109.09,0,0,43187,105.98,0,0,3,30.46,0,0,3,30.70
1785715994.249,2.0,100.0,29.76,8.0,13.0,0,0,42837,109.09,0,0,43187,106.05,0,0,3,30.47,0,0,3,30.70
1785715995.249,2.1,78.0,29.74,7.0,13.0,0,0,42837,109.00,0,0,43187,106.00,0,0,3,30.42,0,0,3,30.65
1785715996.249,2.9,100.0,29.75,6.0,33.0,0,0,42837,108.95,0,0,43187,105.95,0,0,3,30.42,0,0,3,30.80
1785715997.249,4.9,86.0,29.76,6.0,34.0,0,0,42837,109.00,0,0,43187,106.00,0,0,3,30.47,0,0,3,30.75
1785715998.249,2.1,100.0,29.76,5.0,39.0,0,0,42837,108.94,0,0,43187,105.95,0,0,3,30.47,0,0,3,30.71
1785715999.250,2.2,100.0,29.76,6.0,20.0,0,0,42837,108.88,0,0,43187,105.88,0,0,3,30.42,0,0,3,30.80
1785716000.250,2.0,100.0,29.78,7.0,22.0,0,0,42837,108.89,0,0,43187,105.92,0,0,3,30.42,0,0,3,30.80
1785716001.250,2.2,76.2,29.78,8.0,32.0,0,0,42837,108.84,0,0,43187,105.84,0,0,3,30.42,0,0,3,30.70
1785716002.250,2.6,100.0,29.77,6.0,23.0,0,0,42837,108.81,0,0,43187,105.82,0,0,3,30.42,0,0,3,30.65
1785716003.250,2.8,84.0,29.79,7.0,23.0,0,0,42837,108.81,0,0,43187,105.77,0,0,3,30.47,0,0,3,30.66
1785716004.250,2.4,100.0,29.81,6.0,32.0,0,0,42837,108.81,0,0,43187,105.74,0,0,3,30.47,0,0,3,30.66
1785716005.250,1.8,100.0,29.82,6.0,18.0,0,0,42837,108.76,0,0,43187,105.84,0,0,3,30.46,0,0,3,30.75
1785716006.250,2.2,100.0,29.81,7.0,20.0,0,0,42837,108.75,0,0,43187,105.84,0,0,3,30.46,0,0,3,30.75
1785716007.250,2.7,73.3,29.81,6.0,19.0,0,0,42837,108.78,0,0,43187,105.74,0,0,3,30.51,0,0,3,30.71
1785716008.251,3.4,100.0,29.80,9.0,20.0,0,0,42837,108.75,0,0,43187,105.62,0,0,3,30.51,0,0,3,30.71
1785716009.251,4.5,75.8,29.80,5.0,19.0,0,0,42837,108.71,0,0,43187,105.62,0,0,3,30.61,0,0,3,30.66
1785716010.251,2.4,100.0,29.81,7.0,20.0,0,0,42837,108.71,0,0,43187,105.62,0,0,3,30.61,0,0,3,30.66
1785716011.251,2.1,100.0,29.82,3.0,20.0,0,0,42837,108.65,0,0,43187,105.59,0,0,3,30.42,0,0,3,30.66
1785716012.251,2.4,100.0,29.79,7.0,19.0,0,0,42837,108.65,0,0,43187,105.51,0,0,3,30.42,0,0,3,30.66
1785716013.251,2.3,52.5,29.80,8.0,19.0,0,0,42837,108.66,0,0,43187,105.51,0,0,3,30.46,0,0,3,30.71
1785716014.251,2.1,100.0,29.78,7.0,23.0,0,0,42837,108.65,0,0,43187,105.49,0,0,3,30.61,0,0,3,30.71
1785716015.251,2.1,53.0,29.78,8.0,19.0,0,0,42837,108.60,0,0,43187,105.83,0,0,3,30.52,0,0,3,30.66
1785716016.251,2.0,100.0,29.79,5.0,17.0,0,0,42837,108.61,0,0,43187,105.85,0,0,3,30.52,0,0,3,30.70
1785716017.252,3.4,100.0,29.78,7.0,19.0,0,0,42837,108.61,0,0,43187,105.45,0,0,3,30.52,0,0,3,30.70
1785716018.252,3.8,100.0,29.79,5.0,19.0,0,0,42837,108.57,0,0,43187,105.46,0,0,3,30.52,0,0,3,30.81
1785716019.252,4.7,57.0,29.80,7.0,20.0,0,0,42837,108.57,0,0,43187,105.46,0,0,3,30.52,0,0,3,30.76
1785716020.252,3.1,100.0,29.78,4.0,26.0,0,0,42837,108.60,0,0,43187,105.41,0,0,3,30.47,0,0,3,30.61
1785716021.252,3.0,77.0,29.78,4.0,23.0,0,0,42837,108.60,0,0,43187,105.32,0,0,3,30.47,0,0,3,30.65
1785716022.252,2.2,100.0,29.76,7.0,18.0,0,0,42837,108.56,0,0,43187,105.33,0,0,3,30.52,0,0,3,30.66
1785716023.252,1.9,100.0,29.76,7.0,17.0,0,0,42837,108.52,0,0,43187,105.38,0,0,3,30.57,0,0,3,30.75
1785716024.252,2.4,100.0,29.78,4.0,22.0,0,0,42837,108.47,0,0,43187,105.35,0,0,3,30.51,0,0,3,30.71
1785716025.252,1.9,83.2,29.77,7.0,18.0,0,0,42837,108.47,0,0,43187,105.34,0,0,3,30.42,0,0,3,30.60
1785716026.252,2.2,78.0,29.77,8.0,20.0,0,0,42837,108.47,0,0,43187,105.29,0,0,3,30.42,0,0,3,30.61
1785716027.253,2.3,77.0,29.76,7.0,17.0,0,0,42837,108.47,0,0,43187,105.33,0,0,3,30.47,0,0,3,30.71
1785716028.253,2.1,100.0,29.75,7.0,17.0,0,0,42837,108.47,0,0,43187,105.28,0,0,3,30.47,0,0,3,30.70
1785716029.253,1.9,100.0,29.76,6.0,18.0,0,0,42837,108.47,0,0,43187,105.21,0,0,3,30.47,0,0,3,30.80
1785716030.253,1.9,100.0,29.77,5.0,18.0,0,0,42837,108.42,0,0,43187,105.21,0,0,3,30.47,0,0,3,30.85
1785716031.253,2.2,86.9,29.76,7.0,17.0,0,0,42837,108.42,0,0,43187,105.22,0,0,3,30.47,0,0,3,30.67
1785716032.253,2.0,99.0,29.76,7.0,17.0,0,0,42837,108.42,0,0,43187,105.23,0,0,3,30.42,0,0,3,30.61
1785716033.253,2.2,79.8,29.76,7.0,16.0,0,0,42837,108.37,0,0,43187,105.17,0,0,3,30.46,0,0,3,30.65
1785716034.253,1.8,100.0,29.75,6.0,18.0,0,0,42837,108.36,0,0,43187,105.21,0,0,3,30.46,0,0,3,30.60
1785716035.253,2.1,100.0,29.75,8.0,17.0,0,0,42837,108.34,0,0,43187,105.21,0,0,3,30.46,0,0,3,30.65
1785716036.254,2.1,100.0,29.74,6.0,17.0,0,0,42837,108.29,0,0,43187,105.16,0,0,3,30.46,0,0,3,30.70
1785716037.254,2.1,89.0,29.75,5.0,16.0,0,0,42837,108.31,0,0,43187,105.16,0,0,3,30.46,0,0,3,30.61
1785716038.254,2.1,99.0,29.75,8.0,20.0,0,0,42837,108.37,0,0,43187,105.09,0,0,3,30.47,0,0,3,30.62
1785716039.254,3.8,82.0,29.75,6.0,17.0,0,0,42837,108.36,0,0,43187,105.12,0,0,3,30.47,0,0,3,30.71
1785716040.254,3.1,100.0,29.79,5.0,14.0,0,0,42837,108.31,0,0,43187,105.17,0,0,3,30.47,0,0,3,30.70
1785716041.254,2.3,100.0,29.80,8.0,14.0,0,0,42837,108.32,0,0,43187,105.13,0,0,3,30.47,0,0,3,30.70
1785716042.254,2.1,100.0,29.81,6.0,17.0,0,0,42837,108.36,0,0,43187,105.14,0,0,3,30.51,0,0,3,30.70
1785716043.254,2.1,99.0,29.81,6.0,14.0,0,0,42837,108.25,0,0,43187,105.12,0,0,3,30.51,0,0,3,30.70
1785716044.255,2.0,94.0,29.81,8.0,16.0,0,0,42837,108.21,0,0,43187,105.14,0,0,3,30.52,0,0,3,30.60
1785716045.255,2.2,78.2,29.80,6.0,16.0,0,0,42837,108.26,0,0,43187,105.12,0,0,3,30.52,0,0,3,30.60
1785716046.255,2.0,100.0,29.81,5.0,17.0,0,0,42837,108.25,0,0,43187,105.01,0,0,3,30.46,0,0,3,30.65
1785716047.255,2.6,100.0,29.80,7.0,17.0,0,0,42837,108.26,0,0,43187,105.07,0,0,3,30.46,0,0,3,30.65
1785716048.255,1.9,100.0,29.80,7.0,16.0,0,0,42837,108.22,0,0,43187,105.09,0,0,3,30.47,0,0,3,30.65
1785716049.255,2.3,100.0,29.78,6.0,17.0,0,0,42837,108.22,0,0,43187,105.00,0,0,3,30.47,0,0,3,30.65
1785716050.255,1.9,98.0,29.78,8.0,19.0,0,0,42837,108.27,0,0,43187,105.04,0,0,3,30.57,0,0,3,30.66
1785716051.255,2.2,93.9,29.76,5.0,28.0,0,0,42837,108.27,0,0,43187,104.96,0,0,3,30.57,0,0,3,30.66
1785716052.255,2.0,100.0,29.77,6.0,12.0,0,0,42837,108.27,0,0,43187,104.91,0,0,3,30.57,0,0,3,30.66
1785716053.256,1.8,100.0,29.78,6.0,12.0,0,0,42837,108.32,0,0,43187,104.91,0,0,3,30.56,0,0,3,30.66
1785716054.256,3.0,100.0,29.79,7.0,12.0,0,0,42837,108.27,0,0,43187,105.03,0,0,3,30.56,0,0,3,30.66
1785716055.256,3.0,100.0,29.80,6.0,13.0,0,0,42837,108.22,0,0,43187,105.07,0,0,3,30.61,0,0,3,30.70
1785716056.256,4.0,96.0,29.80,5.0,15.0,0,0,42837,108.22,0,0,43187,104.91,0,0,3,30.61,0,0,3,30.66
1785716057.256,3.8,96.0,29.79,8.0,12.0,0,0,42837,108.22,0,0,43187,104.91,0,0,3,30.51,0,0,3,30.61
1785716058.256,2.0,100.0,29.79,5.0,12.0,0,0,42837,108.22,0,0,43187,104.91,0,0,3,30.51,0,0,3,30.61
1785716059.256,2.0,100.0,29.81,6.0,11.0,0,0,42837,108.13,0,0,43187,104.94,0,0,3,30.46,0,0,3,30.66
1785716060.256,1.9,100.0,29.81,7.0,10.0,0,0,42837,108.13,0,0,43187,105.02,0,0,3,30.47,0,0,3,30.66
1785716061.256,2.0,100.0,29.81,8.0,12.0,0,0,42837,108.18,0,0,43187,104.94,0,0,3,30.47,0,0,3,30.65
1785716062.256,2.3,91.9,29.81,4.0,13.0,0,0,42837,108.18,0,0,43187,104.86,0,0,3,30.52,0,0,3,30.66
1785716063.257,2.0,99.0,29.82,7.0,12.0,0,0,42837,108.13,0,0,43187,104.86,0,0,3,30.52,0,0,3,30.66
1785716064.257,3.6,100.0,29.80,8.0,10.0,0,0,42837,108.13,0,0,43187,104.84,0,0,3,30.47,0,0,3,30.71
1785716065.257,2.0,100.0,29.79,6.0,13.0,0,0,42837,108.13,0,0,43187,104.89,0,0,3,30.46,0,0,3,30.71
1785716066.257,2.0,100.0,29.80,6.0,9.0,0,0,42837,108.08,0,0,43187,104.91,0,0,3,30.42,0,0,3,30.61
1785716067.257,2.1,100.0,29.78,7.0,9.0,0,0,42837,108.08,0,0,43187,104.91,0,0,3,30.42,0,0,3,30.61
1785716068.257,3.1,91.9,29.77,6.0,9.0,0,0,42837,108.08,0,0,43187,104.84,0,0,3,30.46,0,0,3,30.66
1785716069.257,3.3,100.0,29.77,6.0,21.1,0,0,42837,108.13,0,0,43187,104.75,0,0,3,30.46,0,0,3,30.66
1785716070.257,4.1,94.0,29.78,6.0,16.0,0,0,42837,108.13,0,0,43187,104.83,0,0,3,30.47,0,0,3,30.61
1785716071.257,2.3,100.0,29.77,5.0,15.0,0,0,42837,108.08,0,0,43187,104.78,0,0,3,30.47,0,0,3,30.61
1785716072.257,2.6,100.0,29.76,8.0,18.9,0,0,42837,108.07,0,0,43187,104.72,0,0,3,30.52,0,0,3,30.65
1785716073.258,2.2,100.0,29.78,6.0,16.0,0,0,42837,108.03,0,0,43187,104.84,0,0,3,30.52,0,0,3,30.65
1785716074.258,1.9,63.0,29.77,8.0,15.0,0,0,42837,108.04,0,0,43187,104.84,0,0,3,30.47,0,0,3,30.71
1785716075.258,2.2,100.0,29.76,6.0,18.0,0,0,42837,108.08,0,0,43187,104.86,0,0,3,30.47,0,0,3,30.71
1785716076.258,1.9,72.7,29.75,6.0,14.0,0,0,42837,108.13,0,0,43187,104.88,0,0,3,30.52,0,0,3,30.66
1785716077.258,3.2,100.0,29.75,5.0,16.0,0,0,42837,108.13,0,0,43187,104.83,0,0,3,30.52,0,0,3,30.66
1785716078.258,4.2,100.0,29.75,9.0,17.0,0,0,42837,108.03,0,0,43187,104.83,0,0,3,30.47,0,0,3,30.65
1785716079.258,3.9,100.0,29.76,5.0,16.0,0,0,42837,107.98,0,0,43187,104.81,0,0,3,30.47,0,0,3,30.65
1785716080.258,2.4,50.0,29.78,7.0,20.0,0,0,42837,107.98,0,0,43187,104.77,0,0,3,30.51,0,0,3,30.71
1785716081.258,1.8,86.0,29.79,6.0,0.0,0,0,42837,108.03,0,0,43187,104.76,0,0,3,30.51,0,0,3,30.71
1785716082.259,1.8,67.3,29.79,7.0,0.0,0,0,42837,108.03,0,0,43187,104.75,0,0,3,30.47,0,0,3,30.71
1785716083.259,1.6,100.0,29.78,6.0,0.0,0,0,42837,108.03,0,0,43187,104.71,0,0,3,30.47,0,0,3,30.71
1785716084.259,1.6,100.0,29.79,7.0,0.0,0,0,42837,108.02,0,0,43187,104.73,0,0,3,30.47,0,0,3,30.66
1785716085.259,1.5,100.0,29.78,7.0,0.0,0,0,42837,107.97,0,0,43187,104.70,0,0,3,30.47,0,0,3,30.61
1785716086.259,1.9,59.2,29.76,6.0,0.0,0,0,42837,107.98,0,0,43187,104.68,0,0,3,30.52,0,0,3,30.61
1785716087.259,1.6,100.0,29.76,8.0,5.0,0,0,42837,108.03,0,0,43187,104.71,0,0,3,30.52,0,0,3,30.60
1785716088.259,2.3,65.0,29.78,6.0,0.0,0,0,42837,108.03,0,0,43187,104.78,0,0,3,30.52,0,0,3,30.60
1785716089.259,2.6,100.0,29.79,7.0,0.0,0,0,42837,107.96,0,0,43187,104.81,0,0,3,30.52,0,0,3,30.61
1785716090.259,2.8,100.0,29.78,5.0,0.0,0,0,42837,107.96,0,0,43187,104.75,0,0,3,30.52,0,0,3,30.61
1785716091.259,2.5,100.0,29.78,5.0,0.0,0,0,42837,107.98,0,0,43187,104.71,0,0,3,30.47,0,0,3,30.65
1785716092.260,1.8,54.5,29.77,8.0,0.0,0,0,42837,107.98,0,0,43187,104.71,0,0,3,30.47,0,0,3,30.65
1785716093.260,1.6,100.0,29.77,7.0,0.0,0,0,42837,107.98,0,0,43187,104.70,0,0,3,30.52,0,0,3,30.60
1785716094.260,2.2,63.0,29.77,8.0,0.0,0,0,42837,107.98,0,0,43187,104.71,0,0,3,30.52,0,0,3,30.60
1785716095.260,1.5,100.0,29.77,5.0,0.0,0,0,42837,108.03,0,0,43187,104.71,0,0,3,30.51,0,0,3,30.61
1785716096.260,1.8,100.0,29.76,4.0,0.0,0,0,42837,108.03,0,0,43187,104.65,0,0,3,30.51,0,0,3,30.61
1785716097.260,1.5,100.0,29.74,8.0,0.0,0,0,42837,107.98,0,0,43187,104.61,0,0,3,30.47,0,0,3,30.60
1785716098.260,1.9,54.1,29.75,8.0,0.0,0,0,42837,108.03,0,0,43187,104.71,0,0,3,30.47,0,0,3,30.60
1785716099.260,1.9,100.0,29.77,7.0,0.0,0,0,42837,108.03,0,0,43187,104.76,0,0,3,30.47,0,0,3,30.66
1785716100.260,3.5,60.6,29.78,5.0,0.0,0,0,42837,108.03,0,0,43187,104.70,0,0,3,30.47,0,0,3,30.66
1785716101.261,1.7,100.0,29.81,7.0,0.0,0,0,42837,108.03,0,0,43187,104.70,0,0,3,30.52,0,0,3,30.66
1785716102.261,2.5,100.0,29.82,3.0,0.0,0,0,42837,107.98,0,0,43187,104.68,0,0,3,30.52,0,0,3,30.66
1785716103.261,2.5,100.0,29.83,8.0,0.0,0,0,42837,107.86,0,0,43187,104.59,0,0,3,30.71,0,0,3,30.60
1785716104.261,2.9,51.0,29.88,7.0,0.0,0,0,42837,107.88,0,0,43187,104.68,0,0,3,30.71,0,0,3,47.69
1785716105.261,4.5,100.0,30.01,5.0,0.0,0,0,42837,108.01,0,0,43187,104.73,0,0,3,48.26,0,0,3,64.93
1785716106.261,2.7,85.1,30.20,9.0,0.0,2,0,43104,108.22,0,0,43187,104.67,0,0,3,30.61,0,0,3,30.75
1785716107.261,2.7,100.0,30.68,6.0,0.0,0,0,43104,108.11,0,0,43454,104.80,0,0,73,42.32,0,0,3,30.77
1785716108.261,2.5,100.0,30.77,4.0,0.0,0,0,42837,108.10,0,0,43187,104.89,0,0,3,100.15,0,0,3,88.06
1785716109.261,2.5,100.0,30.07,7.0,0.0,0,0,42837,108.35,0,0,43187,104.34,0,0,3,100.27,0,0,3,101.26
1785716110.262,2.2,77.0,30.14,8.0,0.0,0,0,42837,108.32,0,0,43187,104.05,0,0,3,100.22,0,0,3,101.33
1785716111.262,2.4,100.0,30.16,6.0,0.0,0,0,42837,108.01,0,0,43187,103.76,0,0,3,63.07,0,0,3,61.86
1785716112.262,2.4,71.7,30.20,10.0,0.0,0,0,42837,108.00,0,0,43187,103.72,0,0,3,45.35,0,0,3,44.33
1785716113.262,2.7,100.0,30.07,4.0,0.0,0,0,42837,108.02,0,0,43187,103.75,0,0,3,31.04,0,0,3,30.75
1785716114.262,2.2,100.0,30.01,6.0,7.0,0,0,42837,108.04,0,0,43187,103.79,0,0,3,30.74,0,0,3,30.75
1785716115.262,1.9,100.0,30.00,7.0,15.0,0,0,42837,108.00,0,0,43187,103.83,0,0,3,30.65,0,0,3,30.75
1785716116.262,2.2,80.0,29.98,7.0,16.0,0,0,42837,107.98,0,0,43187,103.83,0,0,3,30.66,0,0,3,30.79
1785716117.262,3.4,100.0,29.96,6.0,15.0,0,0,42837,108.02,0,0,43187,103.73,0,0,3,30.65,0,0,3,30.74
1785716118.262,2.1,73.0,29.95,9.0,15.0,0,0,42837,108.04,0,0,43187,103.73,0,0,3,30.61,0,0,3,30.75
1785716119.263,2.2,100.0,29.93,6.0,14.0,0,0,42837,108.07,0,0,43187,103.79,0,0,3,30.65,0,0,3,30.75
1785716120.263,2.1,100.0,29.92,6.0,13.0,0,0,42837,108.08,0,0,43187,103.72,0,0,3,30.65,0,0,3,30.80
1785716121.263,1.9,100.0,29.91,7.0,15.1,0,0,42837,108.00,0,0,43187,103.68,0,0,3,30.65,0,0,3,30.84
1785716122.263,2.3,81.2,29.89,6.0,10.9,0,0,42837,107.95,0,0,43187,103.70,0,0,3,30.60,0,0,3,30.79
1785716123.263,2.1,100.0,29.89,8.0,17.0,0,0,42837,107.90,0,0,43187,103.74,0,0,3,30.60,0,0,3,30.79
1785716124.263,4.4,100.0,29.87,6.0,38.0,0,0,42837,107.89,0,0,43187,103.68,0,0,3,30.60,0,0,3,30.74
1785716125.263,3.4,100.0,29.88,5.0,23.0,0,0,42837,107.97,0,0,43187,103.80,0,0,3,30.60,0,0,3,30.69
1785716126.263,2.5,100.0,29.85,7.0,10.0,0,0,42837,108.01,0,0,43187,103.85,0,0,3,30.65,0,0,3,30.64
1785716127.263,7.0,100.0,29.83,5.0,486.0,0,0,42837,108.10,0,0,43187,103.68,0,0,3,30.59,0,0,3,30.69
1785716128.264,2.7,100.0,29.85,4.0,21.0,0,0,42837,108.07,0,0,43187,103.73,0,0,3,30.60,0,0,3,30.75
1785716129.264,2.6,93.9,29.85,8.0,15.0,0,0,42837,107.94,0,0,43187,103.73,0,0,3,30.75,0,0,3,30.70
1785716130.264,2.8,98.0,29.87,6.0,32.9,0,0,42837,107.96,0,0,43187,103.68,0,0,3,30.70,0,0,3,30.70
1785716131.264,4.0,100.0,29.87,6.0,17.0,0,0,42837,107.89,0,0,43187,103.64,0,0,3,30.55,0,0,3,30.75
1785716132.264,2.7,100.0,29.87,7.0,8.0,0,0,42837,107.86,0,0,43187,103.65,0,0,3,30.59,0,0,3,30.75
1785716133.264,2.0,100.0,29.87,6.0,9.0,0,0,42837,107.99,0,0,43187,103.69,0,0,3,30.60,0,0,3,30.75
1785716134.264,1.8,100.0,29.87,6.0,8.0,0,0,42837,108.07,0,0,43187,103.73,0,0,3,30.60,0,0,3,30.65
1785716135.264,2.0,92.9,29.87,7.0,9.0,0,0,42837,108.02,0,0,43187,103.78,0,0,3,30.61,0,0,3,30.75
1785716136.264,2.1,100.0,29.86,8.0,22.0,0,0,42837,107.97,0,0,43187,103.69,0,0,3,30.57,0,0,3,30.81
1785716137.264,3.5,94.0,29.87,4.0,29.0,0,0,42837,107.93,0,0,43187,103.59,0,0,3,30.61,0,0,3,30.65
1785716138.265,4.4,100.0,29.87,8.0,28.0,0,0,42837,107.91,0,0,43187,103.74,0,0,3,30.60,0,0,3,30.65
1785716139.265,3.4,100.0,29.86,5.0,18.0,0,0,42837,107.86,0,0,43187,103.84,0,0,3,30.55,0,0,3,30.65
1785716140.265,2.0,100.0,29.87,7.0,26.0,0,0,42837,107.93,0,0,43187,103.73,0,0,3,30.55,0,0,3,30.65
1785716141.265,2.0,64.0,29.86,5.0,21.0,0,0,42837,107.99,0,0,43187,103.69,0,0,3,30.50,0,0,3,30.70
1785716142.265,2.1,100.0,29.86,8.0,19.0,0,0,42837,107.91,0,0,43187,103.65,0,0,3,30.46,0,0,3,30.70
1785716143.265,2.1,72.0,29.86,6.0,21.0,0,0,42837,107.92,0,0,43187,103.65,0,0,3,30.51,0,0,3,30.70
1785716144.265,1.9,100.0,29.85,7.0,19.0,0,0,42837,107.96,0,0,43187,103.70,0,0,3,30.56,0,0,3,30.75
1785716145.265,2.1,100.0,29.84,6.0,26.0,0,0,42837,107.95,0,0,43187,103.69,0,0,3,30.51,0,0,3,30.75
1785716146.265,2.9,100.0,29.83,6.0,46.0,0,0,42837,107.93,0,0,43187,103.64,0,0,3,30.46,0,0,3,30.74
1785716147.266,2.1,62.0,29.83,6.0,19.0,0,0,42837,107.91,0,0,43187,103.64,0,0,3,30.50,0,0,3,30.69
1785716148.266,2.0,100.0,29.85,7.0,25.0,0,0,42837,107.90,0,0,43187,103.64,0,0,3,30.55,0,0,3,30.65
1785716149.266,2.2,63.4,29.86,6.0,29.0,0,0,42837,107.92,0,0,43187,103.60,0,0,3,30.55,0,0,3,30.70
1785716150.266,2.2,100.0,29.87,7.0,27.0,0,0,42837,107.93,0,0,43187,103.60,0,0,3,30.55,0,0,3,30.75
1785716151.266,2.2,100.0,29.86,6.0,27.0,0,0,42837,107.93,0,0,43187,103.65,0,0,3,30.51,0,0,3,30.75
1785716152.266,2.3,100.0,29.87,8.0,50.0,0,0,42837,107.95,0,0,43187,103.65,0,0,3,30.41,0,0,3,30.84
1785716153.266,2.2,64.4,29.88,5.0,38.0,0,0,42837,107.93,0,0,43187,103.70,0,0,3,30.41,0,0,3,30.80
1785716154.266,7.0,100.0,29.89,7.0,428.8,0,0,42837,107.88,0,0,43187,103.70,0,0,3,30.50,0,0,3,30.75
1785716155.266,2.1,64.6,29.90,6.0,23.0,0,0,42837,107.91,0,0,43187,103.60,0,0,3,30.56,0,0,3,30.75
1785716156.267,2.1,100.0,29.91,6.0,14.0,0,0,42837,107.97,0,0,43187,103.60,0,0,3,30.56,0,0,3,30.65
1785716157.267,1.9,100.0,29.90,7.0,14.0,0,0,42837,107.90,0,0,43187,103.64,0,0,3,30.55,0,0,3,30.70
1785716158.267,2.3,100.0,29.91,6.0,14.0,0,0,42837,107.90,0,0,43187,103.61,0,0,3,30.56,0,0,3,30.70
1785716159.267,3.4,100.0,29.96,6.0,15.0,0,0,42837,107.90,0,0,43187,103.70,0,0,3,30.61,0,0,3,30.70
1785716160.267,3.6,100.0,29.94,4.0,14.0,0,0,42837,107.88,0,0,43187,103.69,0,0,3,30.61,0,0,3,30.74
1785716161.267,3.6,91.0,29.95,5.0,14.0,0,0,42837,107.95,0,0,43187,103.55,0,0,3,30.56,0,0,3,30.70
1785716162.267,2.6,91.0,29.93,8.0,14.0,0,0,42837,107.92,0,0,43187,103.64,0,0,3,30.51,0,0,3,30.60
1785716163.267,2.0,100.0,29.93,4.0,21.0,0,0,42837,107.83,0,0,43187,103.64,0,0,3,30.50,0,0,3,30.60
1785716164.267,2.0,100.0,29.94,6.0,21.0,0,0,42837,107.88,0,0,43187,103.60,0,0,3,30.50,0,0,3,30.65
1785716165.267,2.1,100.0,29.95,8.0,21.0,0,0,42837,107.95,0,0,43187,103.64,0,0,3,30.56,0,0,3,30.65
1785716166.268,2.3,79.8,29.95,5.0,25.0,0,0,42837,107.90,0,0,43187,103.61,0,0,3,30.61,0,0,3,30.65
1785716167.268,2.2,100.0,29.92,8.0,30.0,0,0,42837,107.87,0,0,43187,103.51,0,0,3,30.56,0,0,3,30.65
1785716168.268,2.2,87.0,29.94,7.0,28.0,0,0,42837,107.87,0,0,43187,103.55,0,0,3,30.56,0,0,3,30.65
1785716169.268,2.4,100.0,29.95,6.0,35.0,0,0,42837,107.86,0,0,43187,103.59,0,0,3,30.56,0,0,3,30.70
1785716170.268,1.9,100.0,29.94,6.0,24.0,0,0,42837,107.87,0,0,43187,103.54,0,0,3,30.51,0,0,3,30.75
1785716171.268,2.3,100.0,29.95,6.0,45.0,0,0,42837,107.88,0,0,43187,103.55,0,0,3,30.46,0,0,3,30.79
1785716172.268,2.0,77.0,29.94,7.0,15.0,0,0,42837,107.89,0,0,43187,103.70,0,0,3,30.45,0,0,3,30.75
1785716173.268,2.4,100.0,29.92,6.0,49.0,0,0,42837,107.93,0,0,43187,103.70,0,0,3,30.46,0,0,3,30.65
1785716174.269,2.1,85.9,29.92,7.0,11.0,0,0,42837,107.93,0,0,43187,103.55,0,0,3,30.51,0,0,3,30.65
1785716175.269,2.0,100.0,29.91,7.0,18.0,0,0,42837,107.92,0,0,43187,103.54,0,0,3,30.50,0,0,3,30.65
1785716176.269,2.6,100.0,29.92,5.0,13.0,0,0,42837,107.89,0,0,43187,103.54,0,0,3,30.45,0,0,3,30.65
1785716177.269,2.4,100.0,29.94,5.0,11.0,0,0,42837,107.93,0,0,43187,103.49,0,0,3,30.50,0,0,3,30.65
1785716178.269,2.4,75.0,29.94,6.0,14.0,0,0,42837,107.93,0,0,43187,103.44,0,0,3,30.55,0,0,3,30.65
1785716179.269,2.4,100.0,29.95,7.0,22.0,0,0,42837,107.88,0,0,43187,103.44,0,0,3,30.55,0,0,3,30.65
1785716180.269,2.1,84.0,29.96,4.0,35.0,0,0,42837,107.98,0,0,43187,103.59,0,0,3,30.51,0,0,3,30.65
1785716181.269,2.5,100.0,29.96,6.0,30.0,0,0,42837,107.95,0,0,43187,103.64,0,0,3,30.45,0,0,3,30.60
1785716182.269,2.5,100.0,29.97,7.0,25.0,0,0,42837,107.88,0,0,43187,103.59,0,0,3,30.55,0,0,3,30.59
1785716183.269,2.0,100.0,29.97,5.0,21.0,0,0,42837,107.88,0,0,43187,103.59,0,0,3,30.55,0,0,3,30.60
1785716184.270,2.1,73.5,29.98,6.0,18.0,0,0,42837,107.89,0,0,43187,103.54,0,0,3,30.50,0,0,3,30.65
1785716185.270,3.2,100.0,29.98,7.0,30.0,0,0,42837,107.89,0,0,43187,103.73,0,0,3,30.51,0,0,3,30.70
1785716186.270,2.0,81.0,29.97,5.0,28.0,0,0,42837,107.89,0,0,43187,103.78,0,0,3,30.46,0,0,3,30.65
1785716187.270,2.4,100.0,29.96,7.0,17.0,0,0,42837,107.93,0,0,43187,103.59,0,0,3,30.45,0,0,3,30.70
1785716188.270,2.3,100.0,29.97,5.0,29.0,0,0,42837,107.88,0,0,43187,103.54,0,0,3,30.45,0,0,3,30.75
1785716189.270,2.9,100.0,29.97,6.0,20.0,0,0,42837,107.88,0,0,43187,103.50,0,0,3,30.60,0,0,3,30.75
1785716190.270,2.1,71.0,29.99,6.0,38.0,0,0,42837,107.88,0,0,43187,103.54,0,0,3,30.66,0,0,3,30.75
1785716191.270,3.5,100.0,30.16,5.0,80.4,0,0,42837,107.88,0,0,43187,103.54,0,0,3,30.55,0,0,3,30.74
1785716192.270,4.6,79.2,30.44,5.0,52.6,0,0,42837,107.91,0,0,43187,103.49,0,0,3,30.55,0,0,3,30.69
1785716193.271,3.9,100.0,30.70,5.0,49.0,0,0,42837,107.86,0,0,43187,103.54,0,0,3,30.55,0,0,3,30.64
1785716194.271,4.5,100.0,31.38,7.0,97.0,0,0,42837,107.81,0,0,43187,103.59,0,0,3,30.50,0,0,3,30.64
1785716195.271,4.0,100.0,31.38,5.0,100.0,0,0,42837,107.83,0,0,43187,103.59,0,0,3,30.46,0,0,3,30.75
1785716196.271,3.3,100.0,31.59,6.0,99.9,0,0,42837,107.83,0,0,43187,103.54,0,0,3,30.46,0,0,3,30.74
1785716197.271,3.9,100.0,31.48,16.0,90.0,0,0,42837,107.83,0,0,43187,103.50,0,0,3,30.45,0,0,3,30.59
1785716198.271,5.4,81.0,31.49,164.0,5.0,85,72,42837,145.35,74,84,43187,165.19,0,0,3,30.40,0,0,3,30.64
1785716199.271,5.2,100.0,31.49,201.0,7.0,0,0,42837,182.31,0,0,43187,175.27,0,0,3,30.40,0,0,3,30.74
1785716200.271,4.1,100.0,31.49,237.3,3.0,92,50,42837,139.29,89,52,43187,175.20,0,0,3,30.46,0,0,3,30.70
1785716201.271,4.5,100.0,31.48,244.6,3.0,92,50,42837,159.24,86,58,43187,189.00,0,0,3,30.46,0,0,3,30.60
1785716202.272,4.6,99.0,31.46,239.0,3.0,90,47,42837,163.85,91,56,43187,181.07,0,0,3,30.52,0,0,3,30.60
1785716203.272,4.1,100.0,31.45,240.0,2.0,93,47,42837,174.92,85,52,43187,186.41,0,0,3,30.52,0,0,3,30.66
1785716204.272,4.2,99.0,31.44,239.0,4.0,93,47,42837,173.78,89,44,43187,182.18,0,0,3,30.47,0,0,3,30.70
1785716205.272,4.1,100.0,31.43,238.0,3.0,93,50,42837,176.23,91,58,43187,189.16,0,0,3,30.47,0,0,3,30.71
1785716206.272,4.1,100.0,31.41,239.0,4.0,92,47,42837,174.64,87,58,43187,184.98,0,0,3,30.52,0,0,3,30.66
1785716207.272,4.1,100.0,31.41,239.0,4.0,92,48,42837,158.11,87,54,43187,221.14,0,0,3,30.51,0,0,3,30.65
1785716208.272,4.1,99.0,31.40,243.0,5.0,92,48,42837,182.68,88,54,43187,186.95,0,0,3,30.46,0,0,3,30.65
1785716209.272,4.2,100.0,31.39,249.0,6.0,92,48,42837,194.32,85,55,43187,174.30,0,0,3,30.51,0,0,3,30.65
1785716210.272,4.5,99.0,31.39,241.0,6.0,92,48,42837,167.59,91,51,43187,191.32,0,0,3,30.51,0,0,3,30.65
1785716211.273,4.8,100.0,31.37,246.0,7.0,92,48,42837,166.35,91,59,43187,200.86,0,0,3,30.45,0,0,3,30.70
1785716212.273,4.2,100.0,31.37,242.0,6.0,91,49,42837,168.64,90,50,43187,194.45,0,0,3,30.45,0,0,3,30.74
1785716213.273,4.3,100.0,31.35,244.0,6.0,92,52,42837,174.72,89,52,43187,180.63,0,0,3,30.46,0,0,3,30.69
1785716214.273,4.2,99.0,31.34,239.0,5.0,93,45,42837,184.04,91,60,43187,174.04,0,0,3,30.51,0,0,3,30.65
1785716215.273,4.0,100.0,31.33,244.0,5.0,90,44,42837,172.73,87,52,43187,188.68,0,0,3,30.51,0,0,3,30.60
1785716216.273,4.2,99.0,31.34,241.0,4.0,91,46,42837,166.32,88,51,43187,196.07,0,0,3,30.52,0,0,3,30.60
1785716217.273,4.0,100.0,31.33,238.0,5.0,93,54,42837,185.78,91,52,43187,178.80,0,0,3,30.51,0,0,3,30.65
1785716218.273,4.5,100.0,31.31,243.0,5.0,93,44,42837,185.16,88,57,43187,176.19,0,0,3,30.51,0,0,3,30.65
1785716219.273,4.9,100.0,31.31,239.0,4.0,93,55,42837,167.38,91,55,43187,184.35,0,0,3,30.52,0,0,3,30.65
1785716220.273,4.5,100.0,31.32,236.0,4.0,93,45,42837,195.07,91,61,43187,183.46,0,0,3,30.51,0,0,3,30.70
1785716221.274,5.1,100.0,31.30,241.0,3.0,93,53,42837,175.43,88,57,43187,182.83,0,0,3,30.56,0,0,3,30.70
1785716222.274,4.9,99.0,31.27,242.0,5.0,93,53,42837,184.99,91,58,43187,188.20,0,0,3,30.55,0,0,3,30.65
1785716223.274,4.0,100.0,31.27,240.0,5.0,93,44,42837,184.56,90,60,43187,176.48,0,0,3,30.55,0,0,3,30.59
1785716224.274,4.3,100.0,31.26,243.0,5.0,93,45,42837,203.30,88,58,43187,198.71,0,0,3,30.50,0,0,3,30.60
1785716225.274,4.0,100.0,31.26,239.0,4.0,93,55,42837,174.21,91,57,43187,181.65,0,0,3,30.51,0,0,3,30.60
1785716226.274,4.3,99.0,31.24,239.0,3.0,93,55,42837,178.65,91,54,43187,180.90,0,0,3,30.51,0,0,3,30.70
1785716227.274,4.5,100.0,31.25,239.0,5.0,91,47,42837,177.47,89,51,43187,182.60,0,0,3,30.46,0,0,3,30.75
1785716228.274,4.4,99.0,31.24,236.0,3.0,91,44,42837,175.02,86,53,43187,184.07,0,0,3,30.45,0,0,3,30.65
1785716229.274,5.2,100.0,31.22,239.0,3.0,94,55,42837,169.98,91,56,43187,185.82,0,0,3,30.51,0,0,3,30.70
1785716230.274,5.3,100.0,31.23,241.0,5.0,91,50,42837,178.59,91,50,43187,183.35,0,0,3,30.65,0,0,3,30.70
1785716231.274,4.8,100.0,31.22,242.0,4.0,95,36,42837,176.84,91,54,43187,186.02,0,0,3,30.61,0,0,3,30.60
1785716232.274,4.2,100.0,31.21,242.0,5.0,91,47,42837,184.49,89,51,43187,170.95,0,0,3,30.52,0,0,3,30.65
1785716233.275,4.2,99.0,31.20,240.0,4.0,93,53,42837,173.68,90,51,43187,186.53,0,0,3,30.50,0,0,3,30.70
1785716234.275,4.0,99.0,31.20,240.0,5.0,92,50,42837,183.44,91,58,43187,176.64,0,0,3,30.51,0,0,3,30.66
1785716235.275,4.2,100.0,31.18,244.0,5.0,92,44,42837,187.72,87,54,43187,184.96,0,0,3,30.56,0,0,3,30.66
1785716236.275,4.6,100.0,31.17,241.0,5.0,91,52,42837,173.59,90,51,43187,189.69,0,0,3,30.50,0,0,3,30.60
1785716237.275,5.7,100.0,31.18,244.0,5.0,91,50,42837,185.81,91,51,43187,180.39,0,0,3,30.56,0,0,3,30.60
1785716238.275,4.1,100.0,31.18,240.0,6.0,93,44,42837,185.96,88,57,43187,182.18,0,0,3,30.56,0,0,3,30.65
1785716239.275,4.4,99.0,31.16,245.0,6.0,93,45,42837,175.94,88,53,43187,185.96,0,0,3,30.51,0,0,3,30.66
1785716240.275,4.1,99.0,31.16,243.0,5.0,94,50,42837,189.13,93,47,43187,200.02,0,0,3,30.56,0,0,3,30.66
1785716241.275,4.1,100.0,31.17,244.0,6.0,95,41,42837,176.42,89,57,43187,199.64,0,0,3,30.51,0,0,3,30.65
1785716242.275,4.8,100.0,31.14,247.0,5.0,91,45,42837,177.45,87,52,43187,188.57,0,0,3,30.46,0,0,3,30.70
1785716243.276,4.6,100.0,31.14,237.0,5.0,93,54,42837,172.95,90,53,43187,188.73,0,0,3,30.40,0,0,3,30.69
1785716244.276,4.3,100.0,31.15,242.0,5.0,92,52,42837,178.43,91,51,43187,214.65,0,0,3,30.55,0,0,3,30.65
1785716245.276,4.4,99.0,31.14,241.0,5.0,93,53,42837,178.77,90,52,43187,183.78,0,0,3,30.62,0,0,3,30.65
1785716246.276,5.2,99.0,31.15,246.0,6.0,90,49,42837,190.73,90,51,43187,177.28,0,0,3,30.57,0,0,3,30.61
1785716247.276,4.1,100.0,31.13,240.0,6.0,92,45,42837,187.02,90,60,43187,179.09,0,0,3,30.56,0,0,3,30.61
1785716248.276,4.8,100.0,31.09,240.0,4.0,93,44,42837,182.96,88,57,43187,183.67,0,0,3,30.52,0,0,3,30.76
1785716249.276,4.9,100.0,31.09,242.0,5.0,92,52,42837,173.23,89,51,43187,187.89,0,0,3,30.46,0,0,3,30.69
1785716250.276,4.4,100.0,31.10,239.0,6.0,93,51,42837,184.08,91,59,43187,179.13,0,0,3,30.45,0,0,3,30.64
1785716251.276,4.6,100.0,31.07,244.0,5.0,93,45,42837,194.21,88,55,43187,170.88,0,0,3,30.47,0,0,3,30.71
1785716252.276,4.4,99.0,31.07,239.0,4.0,92,48,42837,201.23,88,52,43187,173.66,0,0,3,30.47,0,0,3,30.66
1785716253.277,5.6,100.0,31.07,240.0,4.0,93,44,42837,185.56,91,61,43187,182.61,0,0,3,30.51,0,0,3,30.66
1785716254.277,5.1,100.0,31.07,242.0,5.0,90,45,42837,177.97,88,41,43187,203.44,0,0,3,30.61,0,0,3,30.62
1785716255.277,4.1,100.0,31.06,243.0,5.0,92,48,42837,184.27,91,60,43187,195.51,0,0,3,30.66,0,0,3,30.61
1785716256.277,4.3,100.0,31.04,239.0,5.0,93,45,42837,185.96,90,60,43187,182.99,0,0,3,30.61,0,0,3,30.66
1785716257.277,5.2,99.0,31.02,247.0,7.0,93,45,42837,179.94,90,60,43187,189.50,0,0,3,30.57,0,0,3,30.65
1785716258.277,6.2,99.0,31.00,246.0,5.0,93,53,42837,169.61,90,51,43187,209.86,0,0,3,30.61,0,0,3,30.65
1785716259.277,6.2,100.0,31.00,236.0,5.0,93,53,42837,195.85,91,54,43187,194.08,0,0,3,30.61,0,0,3,30.61
1785716260.277,4.1,100.0,31.00,234.0,7.0,93,45,42837,189.68,91,60,43187,179.80,0,0,3,30.52,0,0,3,30.61
1785716261.277,4.1,100.0,30.99,242.0,6.0,92,51,42837,177.35,91,52,43187,213.42,0,0,3,30.57,0,0,3,30.70
1785716262.277,4.7,100.0,30.98,247.0,6.0,100,36,42837,178.84,97,58,43187,161.33,0,0,3,30.61,0,0,3,30.71
1785716263.278,4.8,99.0,30.97,249.0,7.0,93,52,42837,165.74,88,56,43187,194.30,0,0,3,30.57,0,0,3,30.66
1785716264.278,5.3,100.0,30.96,249.0,8.0,91,42,42837,206.64,87,53,43187,183.08,0,0,3,30.42,0,0,3,30.70
1785716265.278,5.4,100.0,30.95,244.0,6.0,92,42,42837,183.60,87,53,43187,213.95,0,0,3,30.47,0,0,3,30.71
1785716266.278,4.2,100.0,30.94,246.0,7.0,93,53,42837,178.20,90,52,43187,200.11,0,0,3,30.52,0,0,3,30.61
1785716267.278,4.1,100.0,30.92,242.0,6.0,92,52,42837,180.95,91,52,43187,187.04,0,0,3,30.57,0,0,3,30.60
1785716268.278,4.0,100.0,30.92,243.0,5.0,93,45,42837,188.38,89,41,43187,186.43,0,0,3,30.57,0,0,3,30.66
1785716269.278,4.3,99.0,30.93,245.0,6.0,93,45,42837,180.59,88,58,43187,182.25,0,0,3,30.56,0,0,3,30.70
1785716270.278,4.3,100.0,30.91,240.0,5.0,91,45,42837,179.82,91,40,43187,204.83,0,0,3,30.59,0,0,3,30.74
1785716271.278,4.6,99.0,30.90,244.0,6.0,93,45,42837,182.63,89,58,43187,200.30,0,0,3,30.46,0,0,3,30.75
1785716272.278,4.1,100.0,30.89,241.0,5.0,92,45,42837,176.88,87,54,43187,192.79,0,0,3,30.41,0,0,3,30.75
1785716273.279,4.4,100.0,30.89,245.0,6.0,92,44,42837,178.58,87,56,43187,182.41,0,0,3,30.50,0,0,3,30.71
1785716274.279,4.2,100.0,30.90,252.0,8.0,90,44,42837,198.20,84,37,43187,200.88,0,0,3,30.46,0,0,3,30.68
1785716275.279,4.9,99.0,30.90,245.0,7.0,91,54,42837,201.51,92,53,43187,192.97,0,0,3,30.42,0,0,3,30.67
1785716276.279,4.0,100.0,30.89,248.0,7.0,91,54,42837,188.18,91,56,43187,196.47,0,0,3,30.42,0,0,3,30.70
1785716277.279,4.4,99.0,30.88,243.0,7.0,93,41,42837,200.15,86,54,43187,193.57,0,0,3,30.47,0,0,3,30.70
1785716278.279,4.5,100.0,30.87,247.0,7.0,92,51,42837,190.32,89,55,43187,198.08,0,0,3,30.52,0,0,3,30.66
1785716279.279,4.7,100.0,30.89,244.0,7.0,93,48,42837,188.44,88,62,43187,199.29,0,0,3,30.52,0,0,3,30.66
1785716280.279,4.4,100.0,30.89,242.0,7.0,93,50,42837,202.92,90,59,43187,199.57,0,0,3,30.53,0,0,3,30.66
1785716281.279,4.6,99.0,30.89,246.0,7.0,96,34,42837,209.29,88,60,43187,205.31,0,0,3,30.62,0,0,3,30.71
1785716282.279,5.7,100.0,30.86,249.0,8.0,92,42,42837,188.82,87,55,43187,228.95,0,0,3,30.61,0,0,3,30.72
1785716283.280,4.3,100.0,30.85,244.0,7.0,93,49,42837,176.18,91,52,43187,206.87,0,0,3,30.57,0,0,3,30.67
1785716284.280,4.0,100.0,30.85,243.0,7.0,93,45,42837,197.31,91,60,43187,165.49,0,0,3,30.57,0,0,3,30.66
1785716285.280,4.3,100.0,30.84,241.0,5.0,93,45,42837,183.38,89,53,43187,184.68,0,0,3,30.61,0,0,3,30.71
1785716286.280,4.1,100.0,30.84,239.0,5.0,92,44,42837,181.46,88,54,43187,192.78,0,0,3,30.61,0,0,3,30.71
1785716287.280,4.3,99.0,30.84,241.0,5.0,93,44,42837,182.30,87,58,43187,189.68,0,0,3,30.61,0,0,3,30.65
1785716288.280,4.0,100.0,30.85,240.0,4.0,93,55,42837,182.31,90,56,43187,189.88,0,0,3,30.61,0,0,3,30.65
1785716289.280,4.7,99.0,30.85,240.0,3.0,93,50,42837,186.60,91,62,43187,189.12,0,0,3,30.60,0,0,3,30.65
1785716290.280,4.0,100.0,30.85,238.0,3.0,91,49,42837,171.68,91,51,43187,184.16,0,0,3,30.60,0,0,3,30.65
1785716291.280,4.7,100.0,30.84,240.0,4.0,91,50,42837,181.23,89,51,43187,187.99,0,0,3,30.56,0,0,3,30.66
1785716292.280,4.0,100.0,30.84,238.0,5.0,93,44,42837,185.99,89,61,43187,202.52,0,0,3,30.56,0,0,3,30.65
1785716293.280,4.1,99.0,30.83,240.0,2.0,93,44,42837,180.30,89,60,43187,190.76,0,0,3,30.56,0,0,3,30.70
1785716294.280,4.3,100.0,30.83,239.0,4.0,91,44,42837,175.98,87,51,43187,185.71,0,0,3,30.65,0,0,3,30.69
1785716295.280,4.1,99.0,30.84,245.0,6.0,93,44,42837,183.38,91,61,43187,190.54,0,0,3,30.60,0,0,3,30.65
1785716296.281,4.8,100.0,30.84,240.0,4.0,92,52,42837,176.34,90,51,43187,191.63,0,0,3,30.60,0,0,3,30.69
1785716297.281,5.6,100.0,30.85,242.0,5.0,93,54,42837,187.25,90,56,43187,181.38,0,0,3,30.56,0,0,3,30.71
1785716298.281,4.9,100.0,30.84,240.0,4.0,93,44,42837,189.41,90,55,43187,191.06,0,0,3,30.61,0,0,3,30.66
1785716299.281,5.2,100.0,30.85,241.0,4.0,93,44,42837,182.59,88,55,43187,191.80,0,0,3,30.56,0,0,3,30.65
1785716300.281,5.0,100.0,30.84,241.0,4.0,93,43,42837,180.81,88,55,43187,190.85,0,0,3,30.46,0,0,3,30.69
1785716301.281,4.2,99.0,30.86,235.0,3.0,93,43,42837,180.37,89,55,43187,190.88,0,0,3,30.50,0,0,3,30.74
1785716302.281,4.4,100.0,30.85,240.0,3.0,93,44,42837,179.23,90,55,43187,190.16,0,0,3,30.41,0,0,3,30.70
1785716303.281,4.2,100.0,30.87,237.0,3.0,93,43,42837,179.01,90,55,43187,188.97,0,0,3,30.42,0,0,3,30.71
1785716304.281,4.1,100.0,30.87,236.0,4.0,91,43,42837,177.39,90,54,43187,186.88,0,0,3,30.42,0,0,3,30.72
1785716305.281,4.1,100.0,30.87,237.0,4.0,93,56,42837,177.85,91,54,43187,185.64,0,0,3,30.42,0,0,3,30.66
1785716306.282,5.3,100.0,30.86,237.0,2.0,93,45,42837,183.30,89,55,43187,190.41,0,0,3,30.51,0,0,3,30.65
1785716307.282,4.6,99.0,30.85,238.0,2.0,91,46,42837,182.14,90,58,43187,191.12,0,0,3,30.56,0,0,3,30.65
1785716308.282,4.0,100.0,30.85,233.0,2.0,94,49,42837,181.46,88,53,43187,186.66,0,0,3,30.52,0,0,3,30.72
1785716309.282,5.4,100.0,30.88,235.0,1.0,94,45,42837,183.58,91,59,43187,192.21,0,0,3,30.52,0,0,3,30.72
1785716310.282,4.0,100.0,30.88,235.0,2.0,94,42,42837,178.22,90,53,43187,186.60,0,0,3,30.52,0,0,3,30.67
1785716311.282,4.4,100.0,30.88,235.0,1.0,92,44,42837,180.66,91,59,43187,190.92,0,0,3,30.57,0,0,3,30.66
1785716312.282,4.1,100.0,30.87,237.8,2.0,91,44,42837,179.67,90,59,43187,190.16,0,0,3,30.57,0,0,3,30.66
1785716313.282,4.2,99.0,30.86,233.0,2.0,91,46,42837,178.13,90,58,43187,189.57,0,0,3,30.51,0,0,3,30.71
1785716314.282,5.2,100.0,30.85,230.0,1.0,92,51,42837,182.94,91,59,43187,186.66,0,0,3,30.51,0,0,3,30.75
1785716315.282,5.2,100.0,30.85,235.0,2.0,94,55,42837,179.17,91,54,43187,187.96,0,0,3,30.46,0,0,3,30.79
1785716316.283,4.3,100.0,30.71,221.0,35.0,0,0,42837,144.92,0,0,43187,142.25,0,0,3,30.46,0,0,3,30.79
1785716317.283,4.9,100.0,30.71,84.0,22.0,0,0,42837,118.51,0,0,43187,121.80,0,0,3,30.61,0,0,3,30.75
1785716318.283,3.7,58.0,30.71,7.0,9.0,0,0,42837,113.47,0,0,43187,110.75,0,0,3,30.61,0,0,3,30.70
1785716319.283,4.0,100.0,29.35,6.0,0.0,0,0,42837,113.29,0,0,43187,110.62,0,0,3,30.46,0,0,3,30.70
1785716320.283,1.5,94.0,29.36,7.0,0.0,0,0,42837,113.10,0,0,43187,110.48,0,0,3,30.46,0,0,3,30.80
1785716321.283,2.4,100.0,29.35,6.0,0.0,0,0,42837,113.00,0,0,43187,110.32,0,0,3,30.46,0,0,3,30.80
1785716322.283,2.1,100.0,29.36,6.0,25.0,0,0,42837,112.85,0,0,43187,110.17,0,0,3,30.46,0,0,3,30.65
1785716323.283,2.6,100.0,29.50,6.0,20.0,0,0,42837,112.76,0,0,43187,110.12,0,0,3,30.47,0,0,3,30.65
1785716324.283,2.3,66.0,29.50,6.0,13.0,0,0,42837,112.67,0,0,43187,110.06,0,0,3,30.51,0,0,3,30.65
1785716325.283,2.5,100.0,29.59,9.0,15.0,0,0,42837,112.52,0,0,43187,110.31,0,0,3,30.56,0,0,3,30.70
1785716326.284,2.4,84.0,29.53,7.0,37.0,0,0,42837,112.46,0,0,43187,110.24,0,0,3,30.57,0,0,3,30.75
1785716327.284,2.2,100.0,29.54,5.0,44.0,0,0,42837,112.37,0,0,43187,109.89,0,0,3,30.46,0,0,3,30.85
1785716328.284,6.2,100.0,29.55,5.0,411.4,0,0,42837,112.22,0,0,43187,109.73,0,0,3,30.46,0,0,3,30.85
1785716329.284,2.0,100.0,29.57,8.0,24.0,0,0,42837,112.12,0,0,43187,109.46,0,0,3,30.51,0,0,3,30.86
1785716330.284,2.1,74.7,29.58,6.0,25.0,0,0,42837,112.11,0,0,43187,109.37,0,0,3,30.47,0,0,3,30.70
1785716331.284,2.6,100.0,29.59,7.0,25.0,0,0,42837,112.06,0,0,43187,109.26,0,0,3,30.52,0,0,3,30.70
1785716332.284,2.1,81.2,29.60,8.0,23.0,0,0,42837,111.96,0,0,43187,109.20,0,0,3,30.51,0,0,3,30.66
1785716333.284,2.8,100.0,29.62,6.0,13.0,0,0,42837,111.90,0,0,43187,109.20,0,0,3,30.47,0,0,3,30.66
1785716334.284,3.3,100.0,29.61,5.0,14.0,0,0,42837,111.80,0,0,43187,109.10,0,0,3,30.46,0,0,3,30.75
1785716335.285,3.2,100.0,29.62,8.0,24.0,0,0,42837,111.77,0,0,43187,109.02,0,0,3,30.47,0,0,3,30.75
1785716336.285,2.2,72.7,29.61,6.0,12.0,0,0,42837,111.68,0,0,43187,108.61,0,0,3,30.47,0,0,3,30.75
1785716337.285,2.1,100.0,29.60,7.0,12.0,0,0,42837,111.64,0,0,43187,107.97,0,0,3,30.52,0,0,3,30.70
1785716338.285,2.0,79.0,29.60,5.0,26.0,0,0,42837,111.59,0,0,43187,107.80,0,0,3,30.52,0,0,3,30.70
1785716339.285,2.9,100.0,29.63,8.0,19.0,0,0,42837,111.48,0,0,43187,107.74,0,0,3,30.52,0,0,3,30.71
1785716340.285,2.4,100.0,29.64,6.0,14.0,0,0,42837,111.46,0,0,43187,107.59,0,0,3,30.47,0,0,3,30.71
1785716341.285,2.1,100.0,29.65,6.0,14.0,0,0,42837,111.43,0,0,43187,107.54,0,0,3,30.47,0,0,3,30.70
1785716342.285,2.9,70.4,29.62,9.0,16.0,0,0,42837,111.39,0,0,43187,107.49,0,0,3,30.52,0,0,3,30.75
1785716343.285,3.3,100.0,29.62,5.0,15.0,0,0,42837,111.29,0,0,43187,107.40,0,0,3,30.47,0,0,3,30.70
1785716344.286,2.1,76.0,29.63,6.0,22.0,0,0,42837,110.60,0,0,43187,107.30,0,0,3,30.52,0,0,3,30.60
1785716345.286,2.5,100.0,29.62,7.0,58.0,0,0,42837,110.31,0,0,43187,107.20,0,0,3,30.51,0,0,3,30.60
1785716346.286,2.2,100.0,29.65,8.0,36.0,0,0,42837,110.26,0,0,43187,107.18,0,0,3,30.47,0,0,3,30.65
1785716347.286,1.9,100.0,29.65,4.0,16.0,0,0,42837,109.92,0,0,43187,107.24,0,0,3,30.47,0,0,3,30.75
1785716348.286,2.3,67.7,29.67,8.0,27.0,0,0,42837,109.93,0,0,43187,107.17,0,0,3,30.57,0,0,3,30.75
1785716349.286,1.9,100.0,29.65,7.0,20.0,0,0,42837,109.93,0,0,43187,107.13,0,0,3,30.57,0,0,3,30.70
1785716350.286,2.3,74.0,29.66,5.0,19.0,0,0,42837,109.80,0,0,43187,107.08,0,0,3,30.47,0,0,3,30.65
1785716351.286,1.8,100.0,29.67,6.0,15.0,0,0,42837,109.70,0,0,43187,106.92,0,0,3,30.47,0,0,3,30.65
1785716352.286,2.4,100.0,29.66,7.0,29.0,0,0,42837,109.74,0,0,43187,106.87,0,0,3,30.66,0,0,3,30.65
1785716353.287,1.8,100.0,29.65,5.0,14.0,0,0,42837,109.67,0,0,43187,106.91,0,0,3,30.66,0,0,3,30.65
1785716354.287,2.6,66.0,29.67,9.0,17.0,0,0,42837,109.57,0,0,43187,106.78,0,0,3,30.47,0,0,3,30.65
1785716355.287,2.6,100.0,29.67,5.0,17.0,0,0,42837,109.53,0,0,43187,106.68,0,0,3,30.47,0,0,3,30.65
1785716356.287,2.4,72.0,29.69,8.0,24.0,0,0,42837,109.46,0,0,43187,106.71,0,0,3,30.46,0,0,3,30.65
1785716357.287,3.3,100.0,29.69,6.0,13.0,0,0,42837,109.42,0,0,43187,106.67,0,0,3,30.51,0,0,3,30.65
1785716358.287,1.8,100.0,29.70,5.0,17.0,0,0,42837,109.38,0,0,43187,106.52,0,0,3,30.56,0,0,3,30.70
1785716359.287,2.2,100.0,29.70,6.0,37.0,0,0,42837,109.33,0,0,43187,106.49,0,0,3,30.61,0,0,3,30.75
1785716360.287,2.2,63.5,29.72,9.0,18.0,0,0,42837,109.38,0,0,43187,106.49,0,0,3,30.57,0,0,3,30.70
1785716361.287,2.2,100.0,29.73,5.0,18.0,0,0,42837,109.39,0,0,43187,106.49,0,0,3,30.47,0,0,3,30.70
1785716362.288,2.5,69.3,29.74,6.0,16.0,0,0,42837,109.28,0,0,43187,106.44,0,0,3,30.46,0,0,3,30.75
1785716363.288,2.0,100.0,29.72,6.0,15.0,0,0,42837,109.24,0,0,43187,106.39,0,0,3,30.56,0,0,3,30.66
1785716364.288,2.2,100.0,29.70,6.0,14.0,0,0,42837,109.25,0,0,43187,106.39,0,0,3,30.56,0,0,3,30.66
1785716365.288,2.5,100.0,29.69,6.0,18.0,0,0,42837,109.19,0,0,43187,106.28,0,0,3,30.51,0,0,3,30.70
1785716366.288,2.5,60.8,29.71,7.0,35.0,0,0,42837,109.09,0,0,43187,106.23,0,0,3,30.51,0,0,3,30.70
1785716367.288,3.5,100.0,29.72,6.0,21.0,0,0,42837,109.10,0,0,43187,106.21,0,0,3,30.52,0,0,3,30.66
1785716368.288,2.3,66.3,29.73,8.0,0.0,0,0,42837,109.15,0,0,43187,106.14,0,0,3,30.52,0,0,3,30.66
1785716369.288,3.5,100.0,29.77,3.0,0.0,0,0,42837,109.15,0,0,43187,106.11,0,0,3,30.52,0,0,3,30.66
1785716370.288,3.4,100.0,29.77,6.0,0.0,0,0,42837,109.09,0,0,43187,106.13,0,0,3,30.47,0,0,3,30.66
1785716371.288,1.9,100.0,29.74,5.0,0.0,0,0,42837,109.09,0,0,43187,106.14,0,0,3,30.47,0,0,3,30.66
1785716372.289,2.1,55.6,29.74,6.0,0.0,0,0,42837,109.04,0,0,43187,106.05,0,0,3,30.47,0,0,3,30.66
1785716373.289,1.5,100.0,29.74,6.0,0.0,0,0,42837,108.99,0,0,43187,106.00,0,0,3,30.51,0,0,3,30.65
1785716374.289,1.7,57.4,29.73,8.0,0.0,0,0,42837,109.00,0,0,43187,106.01,0,0,3,30.51,0,0,3,30.65
1785716375.289,2.5,100.0,29.73,5.0,0.0,0,0,42837,108.96,0,0,43187,106.00,0,0,3,30.51,0,0,3,30.65
1785716376.289,3.2,100.0,29.72,6.0,0.0,0,0,42837,108.89,0,0,43187,105.93,0,0,3,30.46,0,0,3,30.65
1785716377.289,2.9,100.0,29.72,7.0,0.0,0,0,42837,108.91,0,0,43187,105.89,0,0,3,30.46,0,0,3,30.65
1785716378.289,3.5,71.0,29.73,7.0,0.0,0,0,42837,108.87,0,0,43187,105.89,0,0,3,30.46,0,0,3,30.80
1785716379.289,3.2,100.0,29.74,7.0,0.0,0,0,42837,108.76,0,0,43187,105.80,0,0,3,30.47,0,0,3,30.80
1785716380.289,1.7,64.4,29.73,7.0,0.0,0,0,42837,108.76,0,0,43187,105.78,0,0,3,30.47,0,0,3,30.70
1785716381.290,2.0,100.0,29.72,6.0,0.0,0,0,42837,108.79,0,0,43187,105.82,0,0,3,30.47,0,0,3,30.70
1785716382.290,1.5,100.0,29.72,6.0,0.0,0,0,42837,108.82,0,0,43187,105.79,0,0,3,30.42,0,0,3,30.65
1785716383.290,1.6,100.0,29.71,6.0,0.0,0,0,42837,108.80,0,0,43187,105.69,0,0,3,30.46,0,0,3,30.65
1785716384.290,1.7,74.0,29.71,6.0,0.0,0,0,42837,108.76,0,0,43187,105.64,0,0,3,30.51,0,0,3,30.66
1785716385.290,1.6,100.0,29.70,8.0,0.0,0,0,42837,108.76,0,0,43187,105.64,0,0,3,30.46,0,0,3,30.65
1785716386.290,1.8,73.7,29.70,6.0,0.0,0,0,42837,108.71,0,0,43187,105.66,0,0,3,30.56,0,0,3,30.65
1785716387.290,1.7,100.0,29.70,7.0,0.0,0,0,42837,108.65,0,0,43187,105.61,0,0,3,30.47,0,0,3,30.66
1785716388.290,2.0,100.0,29.70,7.0,0.0,0,0,42837,108.65,0,0,43187,105.59,0,0,3,30.47,0,0,3,30.66
1785716389.291,1.8,100.0,29.69,5.0,0.0,0,0,42837,108.66,0,0,43187,105.59,0,0,3,30.41,0,0,3,30.65
1785716390.291,1.8,100.0,29.69,7.0,0.0,0,0,42837,108.66,0,0,43187,105.50,0,0,3,30.41,0,0,3,30.65
1785716391.291,1.8,96.0,29.68,6.0,0.0,0,0,42837,108.66,0,0,43187,105.45,0,0,3,30.48,0,0,3,30.67
1785716392.291,1.8,96.0,29.68,7.0,0.0,0,0,42837,108.63,0,0,43187,105.46,0,0,3,30.48,0,0,3,30.67
1785716393.291,1.6,100.0,29.68,5.0,0.0,0,0,42837,108.63,0,0,43187,105.46,0,0,3,30.52,0,0,3,30.66
1785716394.291,1.7,100.0,29.68,9.0,0.0,0,0,42837,108.61,0,0,43187,105.45,0,0,3,30.52,0,0,3,30.66
1785716395.291,1.6,100.0,29.68,7.0,0.0,0,0,42837,108.50,0,0,43187,105.45,0,0,3,30.47,0,0,3,30.60
1785716396.291,1.8,100.0,29.67,6.0,0.0,0,0,42837,108.55,0,0,43187,105.40,0,0,3,30.47,0,0,3,30.60
1785716397.291,2.1,94.1,29.65,4.0,9.0,0,0,42837,108.60,0,0,43187,105.35,0,0,3,30.42,0,0,3,30.65
1785716398.292,2.2,98.0,29.66,7.0,21.0,0,0,42837,108.54,0,0,43187,105.40,0,0,3,30.42,0,0,3,30.65
1785716399.292,2.0,100.0,29.70,8.0,0.0,0,0,42837,108.50,0,0,43187,105.45,0,0,3,30.46,0,0,3,30.66
1785716400.292,2.0,100.0,29.69,5.0,0.0,0,0,42837,108.52,0,0,43187,105.41,0,0,3,30.46,0,0,3,30.66
1785716401.292,1.8,100.0,29.70,6.0,0.0,0,0,42837,108.52,0,0,43187,105.39,0,0,3,30.52,0,0,3,30.65
1785716402.292,1.8,100.0,29.68,8.0,0.0,0,0,42837,108.47,0,0,43187,105.38,0,0,3,30.47,0,0,3,30.70
1785716403.292,3.1,85.0,29.68,5.0,0.0,0,0,42837,108.47,0,0,43187,105.30,0,0,3,30.42,0,0,3,30.75
1785716404.292,4.3,100.0,29.69,5.0,38.0,0,0,42837,108.52,0,0,43187,105.21,0,0,3,30.46,0,0,3,30.70
1785716405.292,3.1,94.0,29.70,4.0,54.0,0,0,42837,108.41,0,0,43187,105.16,0,0,3,30.46,0,0,3,30.65
1785716406.292,1.9,100.0,29.70,6.0,19.0,0,0,42837,108.36,0,0,43187,105.21,0,0,3,30.41,0,0,3,30.65
1785716407.292,2.1,100.0,29.69,6.0,18.0,0,0,42837,108.45,0,0,43187,105.25,0,0,3,30.42,0,0,3,30.65
1785716408.293,2.3,100.0,29.69,7.0,15.0,0,0,42837,108.45,0,0,43187,105.25,0,0,3,30.61,0,0,3,30.65
1785716409.293,2.1,84.0,29.69,6.0,12.0,0,0,42837,108.47,0,0,43187,105.19,0,0,3,30.61,0,0,3,30.65
1785716410.293,2.1,100.0,29.69,7.0,14.0,0,0,42837,108.37,0,0,43187,105.19,0,0,3,30.42,0,0,3,30.65
1785716411.293,2.2,92.0,29.70,6.0,22.0,0,0,42837,108.26,0,0,43187,105.25,0,0,3,30.42,0,0,3,30.65
1785716412.293,2.1,100.0,29.72,6.0,37.0,0,0,42837,108.29,0,0,43187,105.20,0,0,3,30.56,0,0,3,30.65
1785716413.293,2.3,100.0,29.72,6.0,35.0,0,0,42837,108.31,0,0,43187,105.16,0,0,3,30.51,0,0,3,30.60
1785716414.293,2.1,100.0,29.70,5.0,25.0,0,0,42837,108.31,0,0,43187,105.16,0,0,3,30.51,0,0,3,30.60
1785716415.293,2.6,82.0,29.71,8.0,28.0,0,0,42837,108.32,0,0,43187,105.17,0,0,3,30.37,0,0,3,30.65
1785716416.294,2.3,100.0,29.72,7.0,16.0,0,0,42837,108.28,0,0,43187,105.18,0,0,3,30.42,0,0,3,30.65
1785716417.294,3.7,90.0,29.74,5.0,34.0,0,0,42837,108.31,0,0,43187,105.23,0,0,3,30.47,0,0,3,30.70
1785716418.294,2.0,100.0,29.74,7.0,30.0,0,0,42837,108.26,0,0,43187,105.23,0,0,3,30.47,0,0,3,30.75
1785716419.294,2.1,100.0,29.75,6.0,18.0,0,0,42837,108.21,0,0,43187,105.07,0,0,3,30.47,0,0,3,30.71
1785716420.294,2.6,100.0,29.75,5.0,33.0,0,0,42837,108.29,0,0,43187,105.01,0,0,3,30.42,0,0,3,30.71
1785716421.294,1.9,80.0,29.75,7.0,17.0,0,0,42837,108.30,0,0,43187,105.07,0,0,3,30.42,0,0,3,30.75
1785716422.294,3.0,100.0,29.76,7.0,21.0,0,0,42837,108.27,0,0,43187,105.07,0,0,3,30.51,0,0,3,30.70
1785716423.294,1.9,81.0,29.76,6.0,19.0,0,0,42837,108.22,0,0,43187,105.07,0,0,3,30.52,0,0,3,30.65
1785716424.294,2.2,100.0,29.77,8.0,17.0,0,0,42837,108.18,0,0,43187,105.00,0,0,3,30.52,0,0,3,30.65
1785716425.295,2.1,100.0,29.77,4.0,19.0,0,0,42837,108.14,0,0,43187,104.98,0,0,3,30.52,0,0,3,30.70
1785716426.295,2.2,100.0,29.75,7.0,20.0,0,0,42837,108.19,0,0,43187,105.00,0,0,3,30.52,0,0,3,30.70
1785716427.295,3.2,53.0,29.76,7.0,20.0,0,0,42837,108.25,0,0,43187,104.96,0,0,3,30.52,0,0,3,30.66
1785716428.295,2.9,100.0,29.75,8.0,20.0,0,0,42837,108.19,0,0,43187,104.62,0,0,3,30.52,0,0,3,30.66
1785716429.295,2.4,52.5,29.75,4.0,18.0,0,0,42837,108.21,0,0,43187,104.62,0,0,3,30.51,0,0,3,30.70
1785716430.295,2.7,100.0,29.74,7.0,22.0,0,0,42837,108.26,0,0,43187,104.64,0,0,3,30.47,0,0,3,30.70
1785716431.295,2.6,100.0,29.72,7.0,20.0,0,0,42837,108.20,0,0,43187,104.34,0,0,3,30.47,0,0,3,30.71
1785716432.295,2.3,100.0,29.71,5.0,19.0,0,0,42837,108.11,0,0,43187,104.31,0,0,3,30.47,0,0,3,30.70
1785716433.295,2.1,75.8,29.71,8.0,20.0,0,0,42837,108.13,0,0,43187,104.36,0,0,3,30.47,0,0,3,30.70
1785716434.296,2.0,100.0,29.71,6.0,19.0,0,0,42837,108.16,0,0,43187,104.40,0,0,3,30.52,0,0,3,30.75
1785716435.296,2.1,69.0,29.71,7.0,19.0,0,0,42837,108.14,0,0,43187,104.27,0,0,3,30.47,0,0,3,30.70
1785716436.296,3.0,100.0,29.73,5.0,21.0,0,0,42837,108.11,0,0,43187,104.25,0,0,3,30.42,0,0,3,30.65
1785716437.296,5.3,100.0,29.75,7.0,17.0,0,0,42837,108.08,0,0,43187,104.23,0,0,3,30.46,0,0,3,30.70
1785716438.296,4.9,100.0,29.76,6.0,19.0,0,0,42837,108.07,0,0,43187,104.23,0,0,3,30.47,0,0,3,30.75
1785716439.296,4.8,100.0,29.75,6.0,18.0,0,0,42837,108.11,0,0,43187,104.25,0,0,3,30.52,0,0,3,30.70
1785716440.296,2.5,100.0,29.75,9.0,19.0,0,0,42837,108.13,0,0,43187,104.15,0,0,3,30.56,0,0,3,30.61
1785716441.296,2.7,78.0,29.74,7.0,23.0,0,0,42837,108.08,0,0,43187,104.14,0,0,3,30.56,0,0,3,30.61
1785716442.296,1.9,100.0,29.75,4.0,17.0,0,0,42837,108.08,0,0,43187,104.20,0,0,3,30.57,0,0,3,30.66
1785716443.297,2.3,100.0,29.73,7.0,20.0,0,0,42837,108.03,0,0,43187,104.15,0,0,3,30.57,0,0,3,30.66
1785716444.297,2.0,100.0,29.74,6.0,16.0,0,0,42837,108.08,0,0,43187,104.09,0,0,3,30.57,0,0,3,30.66
1785716445.297,1.8,100.0,29.74,8.0,17.0,0,0,42837,108.11,0,0,43187,104.08,0,0,3,30.47,0,0,3,30.70
1785716446.297,2.2,43.4,29.75,5.0,19.0,0,0,42837,108.07,0,0,43187,104.11,0,0,3,30.52,0,0,3,30.75
1785716447.297,1.9,100.0,29.76,8.0,17.0,0,0,42837,108.08,0,0,43187,104.16,0,0,3,30.52,0,0,3,30.75
1785716448.297,2.1,97.0,29.77,6.0,19.0,0,0,42837,108.13,0,0,43187,104.13,0,0,3,30.46,0,0,3,30.70
1785716449.297,1.8,100.0,29.78,5.0,16.0,0,0,42837,108.11,0,0,43187,104.14,0,0,3,30.42,0,0,3,30.65
1785716450.297,2.2,100.0,29.77,7.0,17.0,0,0,42837,108.06,0,0,43187,104.10,0,0,3,30.37,0,0,3,30.65
1785716451.297,2.5,100.0,29.77,7.0,18.0,0,0,42837,108.08,0,0,43187,104.07,0,0,3,30.42,0,0,3,30.60
1785716452.298,2.6,86.9,29.78,7.0,17.0,0,0,42837,108.03,0,0,43187,104.18,0,0,3,30.56,0,0,3,30.60
1785716453.298,2.0,100.0,29.79,8.0,17.0,0,0,42837,107.98,0,0,43187,104.13,0,0,3,30.56,0,0,3,30.70
1785716454.298,2.0,96.0,29.78,4.0,17.0,0,0,42837,108.03,0,0,43187,104.05,0,0,3,30.47,0,0,3,30.70
1785716455.298,2.0,100.0,29.78,8.0,19.0,0,0,42837,108.08,0,0,43187,104.11,0,0,3,30.47,0,0,3,30.70
1785716456.298,1.9,100.0,29.79,4.0,16.0,0,0,42837,108.03,0,0,43187,104.08,0,0,3,30.47,0,0,3,30.70
1785716457.298,2.0,100.0,29.78,7.0,16.0,0,0,42837,108.03,0,0,43187,104.10,0,0,3,30.46,0,0,3,30.70
1785716458.298,2.0,85.1,29.77,7.0,16.0,0,0,42837,108.05,0,0,43187,104.12,0,0,3,30.46,0,0,3,30.80
1785716459.298,2.8,100.0,29.79,8.0,14.0,0,0,42837,108.00,0,0,43187,104.07,0,0,3,30.47,0,0,3,30.66
1785716460.299,2.4,87.0,29.79,4.0,13.0,0,0,42837,108.03,0,0,43187,104.09,0,0,3,30.42,0,0,3,30.66
1785716461.299,2.1,100.0,29.79,8.0,15.0,0,0,42837,108.08,0,0,43187,104.10,0,0,3,30.37,0,0,3,30.75
1785716462.299,2.1,100.0,29.77,6.0,16.0,0,0,42837,108.03,0,0,43187,104.04,0,0,3,30.37,0,0,3,30.75
1785716463.299,2.1,100.0,29.76,5.0,18.0,0,0,42837,107.97,0,0,43187,104.08,0,0,3,30.41,0,0,3,30.70
1785716464.299,3.0,57.0,29.76,6.0,16.0,0,0,42837,107.90,0,0,43187,104.13,0,0,3,30.41,0,0,3,30.65
1785716465.299,2.8,100.0,29.78,10.0,15.0,0,0,42837,107.92,0,0,43187,104.04,0,0,3,30.36,0,0,3,30.65
1785716466.299,1.9,63.0,29.78,5.0,16.0,0,0,42837,107.97,0,0,43187,104.05,0,0,3,30.41,0,0,3,30.70
1785716467.299,2.2,100.0,29.77,6.0,16.0,0,0,42837,107.92,0,0,43187,104.06,0,0,3,30.42,0,0,3,30.70
1785716468.299,2.3,100.0,29.76,7.0,20.0,0,0,42837,107.93,0,0,43187,104.00,0,0,3,30.42,0,0,3,30.66
1785716469.299,2.3,100.0,29.77,6.0,27.0,0,0,42837,107.91,0,0,43187,103.99,0,0,3,30.56,0,0,3,30.66
1785716470.300,2.2,53.1,29.77,7.0,11.0,0,0,42837,107.91,0,0,43187,103.90,0,0,3,30.56,0,0,3,30.65
1785716471.300,2.2,100.0,29.76,8.0,13.0,0,0,42837,107.97,0,0,43187,103.90,0,0,3,30.52,0,0,3,30.65
1785716472.300,2.4,54.5,29.76,6.0,12.0,0,0,42837,107.93,0,0,43187,104.05,0,0,3,30.47,0,0,3,30.65
1785716473.300,3.2,100.0,29.76,4.0,17.0,0,0,42837,107.92,0,0,43187,104.01,0,0,3,30.42,0,0,3,30.65
1785716474.300,2.7,100.0,29.74,5.0,13.0,0,0,42837,107.93,0,0,43187,103.90,0,0,3,30.46,0,0,3,30.65
1785716475.300,2.0,100.0,29.75,6.0,13.0,0,0,42837,107.94,0,0,43187,103.99,0,0,3,30.46,0,0,3,30.65
1785716476.300,2.7,74.0,29.76,7.0,10.0,0,0,42837,107.91,0,0,43187,104.03,0,0,3,30.41,0,0,3,30.60
1785716477.300,4.1,100.0,29.76,7.0,12.0,0,0,42837,107.86,0,0,43187,103.98,0,0,3,30.35,0,0,3,30.60
1785716478.301,2.0,69.0,29.77,5.0,10.0,0,0,42837,107.88,0,0,43187,103.99,0,0,3,30.46,0,0,3,30.55
1785716479.301,1.8,100.0,29.76,7.0,11.0,0,0,42837,107.88,0,0,43187,103.94,0,0,3,30.51,0,0,3,30.65
1785716480.301,2.0,100.0,29.77,6.0,13.0,0,0,42837,107.88,0,0,43187,103.89,0,0,3,30.47,0,0,3,30.65
1785716481.301,1.9,100.0,29.77,7.0,10.0,0,0,42837,107.87,0,0,43187,103.89,0,0,3,30.47,0,0,3,30.60
1785716482.301,2.4,78.0,29.78,6.0,16.0,0,0,42837,107.93,0,0,43187,103.86,0,0,3,30.42,0,0,3,30.60
1785716483.301,1.9,100.0,29.78,8.0,9.0,0,0,42837,107.97,0,0,43187,103.86,0,0,3,30.36,0,0,3,30.60
1785716484.301,2.6,89.9,29.77,5.0,9.0,0,0,42837,107.93,0,0,43187,103.84,0,0,3,30.41,0,0,3,30.60
1785716485.301,1.9,100.0,29.77,7.0,8.0,0,0,42837,107.88,0,0,43187,103.84,0,0,3,30.47,0,0,3,30.60
1785716486.302,2.1,100.0,29.76,5.0,12.0,0,0,42837,107.92,0,0,43187,103.90,0,0,3,30.52,0,0,3,30.60
1785716487.302,2.2,100.0,29.78,7.0,18.0,0,0,42837,107.95,0,0,43187,103.86,0,0,3,30.51,0,0,3,30.60
1785716488.302,3.2,98.0,29.76,6.0,14.0,0,0,42837,107.90,0,0,43187,103.84,0,0,3,30.50,0,0,3,30.60
1785716489.302,2.5,100.0,29.76,5.0,14.0,0,0,42837,107.85,0,0,43187,103.89,0,0,3,30.46,0,0,3,30.55
1785716490.302,3.2,92.0,29.78,7.0,19.0,0,0,42837,107.82,0,0,43187,103.95,0,0,3,30.42,0,0,3,30.55
1785716491.302,2.0,100.0,29.79,7.0,14.0,0,0,42837,107.82,0,0,43187,103.90,0,0,3,30.51,0,0,3,30.65
1785716492.302,2.3,100.0,29.77,4.0,16.0,0,0,42837,107.82,0,0,43187,103.84,0,0,3,30.51,0,0,3,30.65
1785716493.302,1.9,100.0,29.77,8.0,16.0,0,0,42837,107.80,0,0,43187,103.88,0,0,3,30.50,0,0,3,30.65
1785716494.302,2.4,100.0,29.76,6.0,15.0,0,0,42837,107.83,0,0,43187,103.88,0,0,3,30.45,0,0,3,30.60
1785716495.302,1.9,97.0,29.77,6.0,16.0,0,0,42837,107.83,0,0,43187,103.88,0,0,3,30.41,0,0,3,30.60
1785716496.303,2.2,100.0,29.76,8.0,17.0,0,0,42837,107.80,0,0,43187,103.88,0,0,3,30.41,0,0,3,30.60
1785716497.303,3.4,99.0,29.78,6.0,15.0,0,0,42837,107.77,0,0,43187,103.88,0,0,3,30.56,0,0,3,30.65
1785716498.303,5.9,100.0,29.77,6.0,20.0,0,0,42837,107.87,0,0,43187,103.88,0,0,3,30.56,0,0,3,30.65
1785716499.303,3.4,100.0,29.78,6.0,16.0,0,0,42837,107.91,0,0,43187,103.89,0,0,3,30.46,0,0,3,30.60
1785716500.303,2.6,100.0,29.78,6.0,14.0,0,0,42837,107.85,0,0,43187,103.79,0,0,3,30.46,0,0,3,30.60
1785716501.303,2.0,71.0,29.79,6.0,14.0,0,0,42837,107.79,0,0,43187,103.74,0,0,3,30.47,0,0,3,30.65
1785716502.303,2.1,100.0,29.79,6.0,14.0,0,0,42837,107.80,0,0,43187,103.81,0,0,3,30.47,0,0,3,30.65
1785716503.303,2.0,78.0,29.78,8.0,14.0,0,0,42837,107.88,0,0,43187,103.82,0,0,3,30.42,0,0,3,30.60
1785716504.303,2.0,100.0,29.75,5.0,12.0,0,0,42837,107.83,0,0,43187,103.86,0,0,3,30.36,0,0,3,30.60
1785716505.304,2.0,100.0,29.76,7.0,14.0,0,0,42837,107.72,0,0,43187,103.84,0,0,3,30.41,0,0,3,30.70
1785716506.304,1.8,100.0,29.75,6.0,12.0,0,0,42837,107.72,0,0,43187,103.74,0,0,3,30.41,0,0,3,30.70
1785716507.304,2.9,68.0,29.76,8.0,14.0,0,0,42837,107.82,0,0,43187,103.75,0,0,3,30.42,0,0,3,30.65
1785716508.304,3.1,100.0,29.77,7.0,41.0,0,0,42837,107.87,0,0,43187,103.74,0,0,3,30.47,0,0,3,30.60
1785716509.304,3.0,86.1,29.78,3.0,21.0,0,0,42837,107.87,0,0,43187,103.75,0,0,3,30.47,0,0,3,30.60
1785716510.304,2.0,100.0,29.78,6.0,18.0,0,0,42837,107.81,0,0,43187,103.81,0,0,3,30.46,0,0,3,30.65
1785716511.304,7.1,100.0,29.77,6.0,476.9,0,0,42837,107.82,0,0,43187,103.81,0,0,3,30.46,0,0,3,30.65
1785716512.304,2.4,100.0,29.78,5.0,28.0,0,0,42837,107.86,0,0,43187,103.75,0,0,3,30.42,0,0,3,30.60
1785716513.305,2.1,66.0,29.79,6.0,16.0,0,0,42837,107.80,0,0,43187,103.70,0,0,3,30.42,0,0,3,30.60
1785716514.305,2.2,100.0,29.76,7.0,24.0,0,0,42837,107.82,0,0,43187,103.87,0,0,3,30.46,0,0,3,30.55
1785716515.305,2.0,74.3,29.77,7.0,27.0,0,0,42837,107.83,0,0,43187,103.92,0,0,3,30.41,0,0,3,30.65
1785716516.305,2.1,100.0,29.77,6.0,13.0,0,0,42837,107.79,0,0,43187,103.79,0,0,3,30.42,0,0,3,30.65
1785716517.305,2.2,100.0,29.78,4.0,9.0,0,0,42837,107.79,0,0,43187,103.75,0,0,3,30.47,0,0,3,30.60
1785716518.305,2.1,100.0,29.77,8.0,8.0,0,0,42837,107.82,0,0,43187,103.74,0,0,3,30.47,0,0,3,30.60
1785716519.305,2.4,66.0,29.82,5.0,17.0,0,0,42837,107.82,0,0,43187,103.79,0,0,3,30.42,0,0,3,30.65
1785716520.305,2.7,100.0,29.83,6.0,24.0,0,0,42837,107.82,0,0,43187,103.79,0,0,3,30.42,0,0,3,30.65
1785716521.305,2.2,68.0,29.83,8.0,37.0,0,0,42837,107.82,0,0,43187,103.72,0,0,3,30.36,0,0,3,30.60
1785716522.305,2.3,100.0,29.82,6.0,17.0,0,0,42837,107.79,0,0,43187,103.68,0,0,3,30.36,0,0,3,30.60
1785716523.306,1.9,100.0,29.81,6.0,17.0,0,0,42837,107.77,0,0,43187,103.74,0,0,3,30.41,0,0,3,30.60
1785716524.306,2.2,100.0,29.81,5.0,28.0,0,0,42837,107.76,0,0,43187,103.74,0,0,3,30.51,0,0,3,30.55
1785716525.306,3.7,60.0,29.82,8.0,16.0,0,0,42837,107.80,0,0,43187,103.79,0,0,3,30.42,0,0,3,30.55
1785716526.306,2.2,100.0,29.83,5.0,19.0,0,0,42837,107.75,0,0,43187,103.79,0,0,3,30.42,0,0,3,30.55
1785716527.306,1.9,54.5,29.82,7.0,20.0,0,0,42837,107.72,0,0,43187,103.70,0,0,3,30.37,0,0,3,30.55
1785716528.306,2.2,100.0,29.83,5.0,17.0,0,0,42837,107.82,0,0,43187,103.75,0,0,3,30.37,0,0,3,30.55
1785716529.306,2.0,100.0,29.82,6.0,27.0,0,0,42837,107.86,0,0,43187,103.79,0,0,3,30.51,0,0,3,30.60
1785716530.306,2.4,100.0,29.80,5.0,45.0,0,0,42837,107.81,0,0,43187,103.74,0,0,3,30.51,0,0,3,30.60
1785716531.306,1.8,63.0,29.82,7.0,16.0,0,0,42837,107.82,0,0,43187,103.74,0,0,3,30.42,0,0,3,30.60
1785716532.307,2.7,100.0,29.83,8.0,22.0,0,0,42837,107.83,0,0,43187,103.77,0,0,3,30.42,0,0,3,30.60
1785716533.307,2.8,59.2,29.83,6.0,26.0,0,0,42837,107.79,0,0,43187,103.68,0,0,3,30.41,0,0,3,30.55
1785716534.307,2.0,100.0,29.83,6.0,28.0,0,0,42837,107.79,0,0,43187,103.68,0,0,3,30.41,0,0,3,30.65
1785716535.307,2.2,100.0,29.84,7.0,28.0,0,0,42837,107.74,0,0,43187,103.72,0,0,3,30.41,0,0,3,30.65
1785716536.307,2.8,100.0,29.84,5.0,42.0,0,0,42837,107.69,0,0,43187,103.76,0,0,3,30.42,0,0,3,30.66
1785716537.307,2.9,66.0,29.86,6.0,42.0,0,0,42837,107.79,0,0,43187,103.75,0,0,3,30.42,0,0,3,30.66
1785716538.307,7.1,100.0,29.88,8.0,501.8,0,0,42837,107.83,0,0,43187,103.70,0,0,3,30.42,0,0,3,30.55
1785716539.307,2.7,68.7,29.87,6.0,19.0,0,0,42837,107.77,0,0,43187,103.77,0,0,3,30.47,0,0,3,30.55
1785716540.308,1.8,100.0,29.87,7.0,13.0,0,0,42837,107.76,0,0,43187,103.75,0,0,3,30.41,0,0,3,30.60
1785716541.308,2.1,100.0,29.87,5.0,14.0,0,0,42837,107.77,0,0,43187,103.69,0,0,3,30.41,0,0,3,30.60
1785716542.308,3.2,100.0,29.87,6.0,14.0,0,0,42837,107.82,0,0,43187,103.65,0,0,3,30.56,0,0,3,30.55
1785716543.308,3.1,93.0,29.86,8.0,15.0,0,0,42837,107.87,0,0,43187,103.68,0,0,3,30.56,0,0,3,30.55
1785716544.308,3.0,100.0,29.86,6.0,15.0,0,0,42837,107.88,0,0,43187,103.72,0,0,3,30.57,0,0,3,30.56
1785716545.308,2.0,88.9,29.86,8.0,16.0,0,0,42837,107.82,0,0,43187,103.72,0,0,3,30.52,0,0,3,30.61
1785716546.308,2.0,100.0,29.86,5.0,14.0,0,0,42837,107.76,0,0,43187,103.72,0,0,3,30.47,0,0,3,30.60
1785716547.308,2.0,100.0,29.86,7.0,16.0,0,0,42837,107.72,0,0,43187,103.72,0,0,3,30.42,0,0,3,30.60
1785716548.308,2.8,100.0,29.86,6.0,13.0,0,0,42837,107.74,0,0,43187,103.96,0,0,3,30.46,0,0,3,30.65
1785716549.309,3.6,97.0,29.88,6.0,14.0,0,0,42837,107.83,0,0,43187,103.93,0,0,3,30.46,0,0,3,30.80
1785716550.309,2.9,100.0,29.89,6.0,15.0,0,0,42837,107.88,0,0,43187,103.65,0,0,3,30.47,0,0,3,30.75
1785716551.309,2.4,91.0,29.88,7.0,20.0,0,0,42837,107.83,0,0,43187,103.63,0,0,3,30.47,0,0,3,30.60
1785716552.309,2.1,100.0,29.88,6.0,18.0,0,0,42837,107.74,0,0,43187,103.70,0,0,3,30.47,0,0,3,30.65
1785716553.309,1.9,100.0,29.91,6.0,24.0,0,0,42837,107.74,0,0,43187,103.74,0,0,3,30.51,0,0,3,30.65
1785716554.309,2.1,100.0,29.90,6.0,15.0,0,0,42837,107.83,0,0,43187,103.74,0,0,3,30.56,0,0,3,30.60
1785716555.309,1.9,99.0,29.91,6.0,25.0,0,0,42837,107.83,0,0,43187,103.72,0,0,3,30.42,0,0,3,30.65
1785716556.309,2.3,85.0,29.91,6.0,24.0,0,0,42837,107.77,0,0,43187,103.69,0,0,3,30.42,0,0,3,30.65
1785716557.309,3.2,93.0,29.91,6.0,24.0,0,0,42837,107.77,0,0,43187,103.72,0,0,3,30.47,0,0,3,30.65
1785716558.310,4.4,100.0,29.89,6.0,33.0,0,0,42837,107.74,0,0,43187,103.70,0,0,3,30.47,0,0,3,30.65
1785716559.310,5.4,100.0,29.90,7.0,21.0,0,0,42837,107.74,0,0,43187,103.63,0,0,3,30.47,0,0,3,30.62
1785716560.310,2.4,100.0,29.91,6.0,37.0,0,0,42837,107.79,0,0,43187,103.72,0,0,3,30.47,0,0,3,30.62
1785716561.310,2.4,100.0,29.93,6.0,28.0,0,0,42837,107.74,0,0,43187,103.74,0,0,3,30.47,0,0,3,30.61
1785716562.310,2.7,98.0,29.90,9.0,24.0,0,0,42837,107.72,0,0,43187,103.66,0,0,3,30.47,0,0,3,30.65
1785716563.310,2.3,94.0,29.89,5.0,34.0,0,0,42837,107.82,0,0,43187,103.76,0,0,3,30.47,0,0,3,30.65
1785716564.310,1.8,100.0,29.89,5.0,15.0,0,0,42837,107.88,0,0,43187,103.77,0,0,3,30.51,0,0,3,30.75
1785716565.310,2.4,100.0,29.90,7.0,13.0,0,0,42837,107.77,0,0,43187,103.71,0,0,3,30.56,0,0,3,30.60
1785716566.310,1.8,100.0,29.90,7.0,12.0,0,0,42837,107.72,0,0,43187,103.65,0,0,3,30.52,0,0,3,30.60
1785716567.311,2.0,100.0,29.89,5.0,13.0,0,0,42837,107.82,0,0,43187,103.66,0,0,3,30.47,0,0,3,30.55
1785716568.311,1.9,77.8,29.90,7.0,14.0,0,0,42837,107.77,0,0,43187,103.69,0,0,3,30.47,0,0,3,30.55
1785716569.311,2.1,100.0,29.90,8.0,14.0,0,0,42837,107.74,0,0,43187,103.73,0,0,3,30.47,0,0,3,30.60
1785716570.311,1.9,97.0,29.90,7.0,15.0,0,0,42837,107.74,0,0,43187,103.77,0,0,3,30.42,0,0,3,30.60
1785716571.311,2.7,100.0,29.89,6.0,18.0,0,0,42837,107.79,0,0,43187,103.75,0,0,3,30.42,0,0,3,30.60
1785716572.311,2.0,100.0,29.89,6.0,31.0,0,0,42837,107.83,0,0,43187,103.74,0,0,3,30.42,0,0,3,30.71
1785716573.311,2.3,100.0,29.90,6.0,30.0,0,0,42837,107.77,0,0,43187,103.68,0,0,3,30.42,0,0,3,30.66
1785716574.311,2.1,87.0,29.91,7.0,24.0,0,0,42837,107.74,0,0,43187,103.64,0,0,3,30.42,0,0,3,30.55
1785716575.311,2.1,100.0,29.91,8.0,17.0,0,0,42837,107.75,0,0,43187,103.61,0,0,3,30.42,0,0,3,30.55
1785716576.311,2.0,94.1,29.91,7.0,19.0,0,0,42837,107.79,0,0,43187,103.61,0,0,3,30.61,0,0,3,30.55
1785716577.312,3.4,100.0,29.91,5.0,14.0,0,0,42837,107.77,0,0,43187,103.68,0,0,3,30.61,0,0,3,30.55
1785716578.312,3.1,100.0,29.92,5.0,29.0,0,0,42837,107.77,0,0,43187,103.66,0,0,3,30.61,0,0,3,30.60
1785716579.312,2.8,100.0,29.95,5.0,28.0,0,0,42837,107.72,0,0,43187,103.66,0,0,3,30.47,0,0,3,30.65
1785716580.312,2.8,84.8,29.96,7.0,12.0,0,0,42837,107.68,0,0,43187,103.72,0,0,3,30.47,0,0,3,30.60
1785716581.312,2.6,100.0,29.99,7.0,20.0,0,0,42837,107.69,0,0,43187,103.76,0,0,3,30.56,0,0,3,30.66
1785716582.312,2.3,77.2,29.97,7.0,21.0,0,0,42837,107.74,0,0,43187,103.74,0,0,3,30.56,0,0,3,30.76
1785716583.312,1.8,100.0,29.96,7.0,13.0,0,0,42837,107.83,0,0,43187,103.71,0,0,3,30.56,0,0,3,30.66
1785716584.312,2.2,100.0,29.96,6.0,37.0,0,0,42837,107.87,0,0,43187,103.70,0,0,3,30.51,0,0,3,30.60
1785716585.312,2.4,100.0,30.07,5.0,62.0,0,0,42837,107.81,0,0,43187,103.65,0,0,3,30.47,0,0,3,30.61
1785716586.313,4.9,66.3,30.49,8.0,55.9,0,0,42837,107.77,0,0,43187,103.66,0,0,3,30.52,0,0,3,30.61
1785716587.313,3.0,100.0,30.74,7.0,56.0,0,0,42837,107.74,0,0,43187,103.68,0,0,3,30.47,0,0,3,30.66
1785716588.313,3.1,73.3,31.39,7.0,89.0,0,0,42837,107.79,0,0,43187,103.59,0,0,3,30.37,0,0,3,30.65
1785716589.313,2.6,100.0,31.39,7.0,100.0,0,0,42837,107.83,0,0,43187,103.63,0,0,3,30.46,0,0,3,30.60
1785716590.313,3.0,100.0,31.58,5.0,101.0,0,0,42837,107.77,0,0,43187,103.71,0,0,3,30.46,0,0,3,30.60
1785716591.313,2.7,100.0,31.45,26.0,87.8,0,0,42837,107.79,0,0,43187,103.70,0,0,3,30.41,0,0,3,30.60
1785716592.313,3.7,88.0,31.43,148.1,2.0,87,55,42837,164.93,93,59,43187,194.97,0,0,3,30.41,0,0,3,30.55
1785716593.313,3.4,100.0,31.44,182.1,8.0,89,77,42837,218.07,78,88,43187,232.90,0,0,3,30.41,0,0,3,30.59
1785716594.313,3.6,99.0,31.42,186.0,8.0,88,77,42837,218.19,76,85,43187,234.17,0,0,3,30.45,0,0,3,30.65
1785716595.314,3.5,100.0,31.42,184.0,9.0,88,72,42837,225.59,79,89,43187,227.95,0,0,3,30.40,0,0,3,30.60
1785716596.314,4.5,100.0,31.41,185.0,8.0,89,73,42837,224.10,80,91,43187,230.36,0,0,3,30.41,0,0,3,30.60
1785716597.314,4.5,100.0,31.41,183.0,9.0,90,75,42837,223.02,80,91,43187,231.36,0,0,3,30.41,0,0,3,30.65
1785716598.314,4.0,99.0,31.41,185.0,10.0,89,75,42837,221.75,80,91,43187,233.84,0,0,3,30.40,0,0,3,30.65
1785716599.314,3.6,100.0,31.42,185.0,9.0,89,75,42837,222.33,79,89,43187,232.20,0,0,3,30.40,0,0,3,30.60
1785716600.314,3.7,100.0,31.41,187.0,9.0,88,74,42837,220.61,80,91,43187,234.62,0,0,3,30.30,0,0,3,30.60
1785716601.314,3.6,100.0,31.40,185.0,8.0,88,76,42837,220.61,79,89,43187,236.31,0,0,3,30.36,0,0,3,30.74
1785716602.314,3.8,100.0,31.39,186.0,9.0,89,78,42837,222.15,76,86,43187,229.46,0,0,3,30.41,0,0,3,30.74
1785716603.314,4.0,100.0,31.38,227.0,3.0,91,45,42837,140.75,91,61,43187,161.76,0,0,3,30.40,0,0,3,30.60
1785716604.314,4.0,99.0,31.37,239.0,3.0,93,53,42837,165.41,83,40,43187,188.33,0,0,3,30.40,0,0,3,30.59
1785716605.315,4.1,100.0,31.36,239.0,2.0,92,44,42837,181.64,91,56,43187,175.44,0,0,3,30.45,0,0,3,30.64
1785716606.315,4.3,99.0,31.35,238.0,3.0,91,44,42837,169.06,87,50,43187,185.06,0,0,3,30.50,0,0,3,30.60
1785716607.315,4.4,100.0,31.32,248.0,5.0,93,51,42837,196.05,91,51,43187,184.98,0,0,3,30.41,0,0,3,30.61
1785716608.315,4.1,100.0,31.32,239.0,3.0,91,44,42837,175.96,91,61,43187,181.76,0,0,3,30.41,0,0,3,30.61
1785716609.315,5.9,100.0,31.34,239.0,5.0,92,53,42837,164.33,88,55,43187,195.11,0,0,3,30.45,0,0,3,30.60
1785716610.315,4.1,97.0,31.34,243.0,6.0,93,51,42837,173.53,91,58,43187,169.66,0,0,3,30.45,0,0,3,30.59
1785716611.315,5.6,100.0,31.30,247.0,6.0,89,49,42837,169.88,87,52,43187,185.09,0,0,3,30.45,0,0,3,30.53
1785716612.315,5.2,100.0,31.30,244.0,6.0,93,53,42837,187.66,85,51,43187,180.14,0,0,3,30.45,0,0,3,30.59
1785716613.315,5.7,100.0,31.30,244.0,6.0,93,54,42837,187.23,87,51,43187,194.03,0,0,3,30.45,0,0,3,30.65
1785716614.316,5.0,100.0,31.30,243.0,5.0,93,53,42837,187.97,91,58,43187,175.60,0,0,3,30.41,0,0,3,30.66
1785716615.316,4.2,100.0,31.31,243.0,5.0,93,49,42837,182.53,91,53,43187,196.14,0,0,3,30.41,0,0,3,30.60
1785716616.316,4.3,100.0,31.28,240.0,7.0,93,47,42837,183.29,88,58,43187,177.80,0,0,3,30.42,0,0,3,30.65
1785716617.316,5.5,100.0,31.27,242.0,5.0,91,45,42837,181.32,90,59,43187,203.35,0,0,3,30.43,0,0,3,30.70
1785716618.316,6.0,99.0,31.26,241.0,5.0,93,42,42837,176.58,92,60,43187,169.01,0,0,3,30.45,0,0,3,30.59
1785716619.316,5.8,100.0,31.26,248.0,6.0,93,53,42837,175.60,92,43,43187,200.37,0,0,3,30.45,0,0,3,30.60
1785716620.316,6.5,100.0,31.25,243.0,6.0,92,49,42837,209.22,90,59,43187,163.04,0,0,3,30.46,0,0,3,30.60
1785716621.316,4.7,100.0,31.25,249.0,7.0,91,45,42837,193.01,90,61,43187,203.64,0,0,3,30.46,0,0,3,30.54
1785716622.316,4.1,99.0,31.25,244.0,7.0,91,42,42837,176.97,87,52,43187,224.70,0,0,3,30.45,0,0,3,30.54
1785716623.316,4.4,100.0,31.24,246.0,6.0,90,50,42837,180.69,87,52,43187,195.80,0,0,3,30.50,0,0,3,30.55
1785716624.317,4.6,99.0,31.22,249.0,7.0,94,28,42837,192.67,83,49,43187,188.85,0,0,3,30.50,0,0,3,30.65
1785716625.317,4.2,100.0,31.22,246.0,7.0,97,31,42837,203.46,84,55,43187,219.79,0,0,3,30.47,0,0,3,30.66
1785716626.317,4.2,100.0,31.21,246.0,8.0,90,45,42837,199.72,100,37,43187,224.29,0,0,3,30.47,0,0,3,30.60
1785716627.317,4.1,100.0,31.18,244.0,7.0,90,46,42837,192.71,87,56,43187,196.17,0,0,3,30.47,0,0,3,30.61
1785716628.317,4.3,100.0,31.18,244.0,5.0,92,45,42837,190.82,90,57,43187,173.57,0,0,3,30.51,0,0,3,30.61
1785716629.317,4.3,99.0,31.15,244.0,5.0,92,52,42837,168.55,91,51,43187,181.86,0,0,3,30.50,0,0,3,30.65
1785716630.317,4.5,99.0,31.15,245.0,7.0,95,35,42837,215.65,82,54,43187,186.23,0,0,3,30.45,0,0,3,30.65
1785716631.317,4.7,100.0,31.16,247.0,7.0,90,51,42837,186.59,87,59,43187,195.64,0,0,3,30.46,0,0,3,30.65
1785716632.317,4.3,100.0,31.13,243.0,6.0,93,42,42837,192.50,89,56,43187,187.66,0,0,3,30.47,0,0,3,30.61
1785716633.317,4.5,100.0,31.13,243.0,7.0,91,44,42837,207.00,91,60,43187,176.71,0,0,3,30.46,0,0,3,30.56
1785716634.317,4.2,100.0,31.12,243.0,7.0,93,45,42837,180.35,91,60,43187,185.11,0,0,3,30.41,0,0,3,30.60
1785716635.317,4.3,99.0,31.10,249.0,7.0,89,48,42837,177.10,86,52,43187,234.58,0,0,3,30.41,0,0,3,30.60
1785716636.318,4.2,99.0,31.11,247.0,9.0,93,47,42837,188.63,88,61,43187,196.64,0,0,3,30.42,0,0,3,30.60
1785716637.318,4.4,100.0,31.11,246.0,6.0,93,53,42837,190.24,87,53,43187,194.87,0,0,3,30.42,0,0,3,30.66
1785716638.318,4.2,100.0,31.10,247.0,7.0,90,45,42837,182.41,89,36,43187,192.19,0,0,3,30.31,0,0,3,30.61
1785716639.318,5.0,100.0,31.10,244.3,9.0,93,42,42837,179.24,88,49,43187,183.03,0,0,3,30.36,0,0,3,30.64
1785716640.318,4.5,100.0,31.11,242.6,6.0,91,50,42837,186.90,88,53,43187,190.05,0,0,3,30.45,0,0,3,30.70
1785716641.318,4.5,100.0,31.10,239.0,5.0,93,53,42837,173.93,91,51,43187,184.02,0,0,3,30.45,0,0,3,30.65
1785716642.318,4.2,100.0,31.08,243.0,5.0,95,29,42837,204.23,85,43,43187,167.90,0,0,3,30.45,0,0,3,30.59
1785716643.318,4.2,100.0,31.09,239.0,5.0,92,45,42837,182.45,90,55,43187,190.13,0,0,3,30.46,0,0,3,30.60
1785716644.318,4.1,100.0,31.10,239.0,4.0,93,42,42837,183.70,89,51,43187,182.67,0,0,3,30.47,0,0,3,30.65
1785716645.318,4.4,100.0,31.09,241.0,5.0,93,54,42837,183.82,90,56,43187,186.37,0,0,3,30.47,0,0,3,30.66
1785716646.319,5.5,100.0,31.08,242.0,5.0,93,50,42837,179.38,89,54,43187,182.15,0,0,3,30.41,0,0,3,30.61
1785716647.319,6.3,100.0,31.06,243.0,6.0,97,36,42837,199.30,91,34,43187,193.01,0,0,3,30.45,0,0,3,30.58
1785716648.319,5.2,100.0,31.05,241.0,6.0,93,45,42837,189.31,91,56,43187,189.38,0,0,3,30.45,0,0,3,30.58
1785716649.319,4.3,99.0,31.05,244.0,3.0,93,45,42837,181.22,90,56,43187,190.52,0,0,3,30.46,0,0,3,30.55
1785716650.319,4.6,100.0,31.03,236.0,5.0,92,45,42837,180.36,90,55,43187,191.28,0,0,3,30.42,0,0,3,30.60
1785716651.319,4.3,100.0,31.03,241.0,5.0,93,45,42837,180.87,90,55,43187,187.88,0,0,3,30.36,0,0,3,30.64
1785716652.319,4.1,100.0,31.02,244.0,6.0,91,49,42837,162.73,90,56,43187,203.00,0,0,3,30.35,0,0,3,30.65
1785716653.319,4.2,99.0,31.02,239.0,6.0,93,45,42837,180.73,89,55,43187,177.40,0,0,3,30.40,0,0,3,30.65
1785716654.319,4.0,100.0,31.01,237.0,5.0,91,47,42837,163.40,90,56,43187,214.82,0,0,3,30.45,0,0,3,30.59
1785716655.319,4.3,99.0,30.98,242.0,6.0,93,53,42837,176.97,90,56,43187,183.67,0,0,3,30.45,0,0,3,30.59
1785716656.320,4.7,100.0,30.99,243.0,6.0,93,53,42837,204.41,89,56,43187,198.47,0,0,3,30.41,0,0,3,30.64
1785716657.320,6.0,100.0,30.99,242.0,4.0,92,54,42837,183.30,90,55,43187,183.84,0,0,3,30.41,0,0,3,30.64
1785716658.320,4.2,100.0,30.99,244.0,6.0,93,51,42837,192.21,89,55,43187,195.11,0,0,3,30.35,0,0,3,30.64
1785716659.320,4.3,99.0,30.99,240.0,5.0,91,50,42837,176.53,90,58,43187,188.59,0,0,3,30.35,0,0,3,30.59
1785716660.320,4.0,100.0,30.99,241.0,4.0,93,51,42837,192.73,90,56,43187,203.18,0,0,3,30.35,0,0,3,30.55
1785716661.320,4.3,98.0,30.99,239.0,5.0,93,55,42837,181.97,90,55,43187,184.79,0,0,3,30.35,0,0,3,30.60
1785716662.320,4.8,100.0,31.01,242.0,5.0,97,36,42837,211.70,90,56,43187,179.43,0,0,3,30.36,0,0,3,30.60
1785716663.320,4.2,100.0,31.00,237.0,3.0,93,44,42837,196.92,90,56,43187,187.27,0,0,3,30.36,0,0,3,30.61
1785716664.320,4.1,100.0,31.00,243.0,5.0,93,54,42837,173.16,97,59,43187,184.42,0,0,3,30.45,0,0,3,30.66
1785716665.320,4.2,99.0,30.98,239.0,5.0,90,44,42837,176.01,90,56,43187,185.67,0,0,3,30.45,0,0,3,30.66
1785716666.321,4.4,100.0,30.98,241.0,5.0,91,47,42837,173.65,90,56,43187,180.24,0,0,3,30.40,0,0,3,30.66
1785716667.321,4.4,99.0,30.97,239.0,4.0,93,52,42837,175.61,90,56,43187,182.42,0,0,3,30.40,0,0,3,30.66
1785716668.321,4.1,100.0,30.96,241.0,5.0,91,51,42837,199.50,90,56,43187,184.98,0,0,3,30.37,0,0,3,30.67
1785716669.321,5.0,100.0,30.96,242.4,5.0,93,44,42837,170.40,91,56,43187,201.99,0,0,3,30.37,0,0,3,30.66
1785716670.321,5.2,100.0,30.95,241.5,6.0,95,39,42837,175.66,87,38,43187,196.84,0,0,3,30.42,0,0,3,30.65
1785716671.321,5.4,99.0,30.92,239.0,4.0,97,38,42837,176.40,91,38,43187,193.58,0,0,3,30.42,0,0,3,30.70
1785716672.321,4.2,100.0,30.92,244.0,5.0,91,50,42837,171.66,90,56,43187,202.71,0,0,3,30.36,0,0,3,30.70
1785716673.321,4.7,99.0,30.92,243.0,6.0,91,52,42837,172.87,90,56,43187,198.44,0,0,3,30.42,0,0,3,30.70
1785716674.321,4.0,100.0,30.92,239.0,4.0,93,54,42837,172.53,90,56,43187,191.07,0,0,3,30.36,0,0,3,30.64
1785716675.321,4.3,100.0,30.92,242.0,6.0,93,45,42837,174.46,90,56,43187,181.29,0,0,3,30.36,0,0,3,30.65
1785716676.322,4.1,100.0,30.92,242.0,5.0,93,54,42837,177.97,90,56,43187,199.26,0,0,3,30.47,0,0,3,30.60
1785716677.322,5.4,100.0,30.92,239.0,4.0,93,45,42837,191.85,90,56,43187,184.10,0,0,3,30.47,0,0,3,30.60
1785716678.322,6.4,98.0,30.90,239.0,4.0,90,46,42837,177.39,90,56,43187,194.67,0,0,3,30.36,0,0,3,30.66
1785716679.322,5.9,100.0,30.91,243.0,4.0,93,44,42837,174.40,90,55,43187,184.42,0,0,3,30.36,0,0,3,30.66
1785716680.322,4.0,100.0,30.91,240.0,4.0,91,45,42837,177.63,90,56,43187,195.14,0,0,3,30.45,0,0,3,30.64
1785716681.322,7.1,100.0,30.86,239.0,4.0,93,47,42837,176.43,90,57,43187,184.68,0,0,3,30.45,0,0,3,30.64
1785716682.322,6.4,100.0,30.86,239.0,4.0,91,47,42837,174.85,87,56,43187,196.92,0,0,3,30.41,0,0,3,30.65
1785716683.322,5.6,100.0,30.85,242.0,5.0,93,53,42837,173.97,90,57,43187,186.15,0,0,3,30.41,0,0,3,30.65
1785716684.322,4.4,100.0,30.84,240.0,4.0,93,49,42837,190.22,90,56,43187,179.89,0,0,3,30.36,0,0,3,30.64
1785716685.322,4.3,99.0,30.83,243.0,5.0,93,54,42837,177.84,90,56,43187,186.41,0,0,3,30.35,0,0,3,30.64
1785716686.322,4.1,100.0,30.84,241.0,5.0,94,54,42837,195.09,90,56,43187,191.19,0,0,3,30.41,0,0,3,30.55
1785716687.323,4.3,100.0,30.83,243.0,5.0,94,51,42837,176.67,90,56,43187,180.35,0,0,3,30.41,0,0,3,30.60
1785716688.323,4.1,100.0,30.84,242.0,5.0,91,51,42837,179.22,90,56,43187,212.59,0,0,3,30.45,0,0,3,30.65
1785716689.323,4.3,100.0,30.84,241.0,5.0,97,39,42837,171.29,88,40,43187,183.89,0,0,3,30.45,0,0,3,30.65
1785716690.323,4.1,99.0,30.82,242.0,5.0,93,54,42837,187.53,90,56,43187,188.10,0,0,3,30.41,0,0,3,30.69
1785716691.323,4.6,100.0,30.84,239.0,3.0,93,44,42837,186.61,90,57,43187,182.39,0,0,3,30.41,0,0,3,30.70
1785716692.323,4.5,100.0,30.83,239.0,4.0,91,45,42837,175.60,90,56,43187,197.73,0,0,3,30.45,0,0,3,30.70
1785716693.323,4.4,100.0,30.82,243.0,4.0,94,44,42837,186.47,90,56,43187,185.55,0,0,3,30.45,0,0,3,30.65
1785716694.323,4.6,100.0,30.85,241.0,5.0,94,53,42837,179.62,91,29,43187,204.09,0,0,3,30.41,0,0,3,30.60
1785716695.323,4.3,100.0,30.85,236.0,3.0,93,45,42837,195.68,90,56,43187,203.69,0,0,3,30.41,0,0,3,30.64
1785716696.323,4.1,99.0,30.85,245.0,4.0,93,48,42837,181.36,90,56,43187,189.21,0,0,3,30.41,0,0,3,30.64
1785716697.323,4.3,100.0,30.85,241.0,5.0,97,32,42837,159.10,90,56,43187,198.10,0,0,3,30.41,0,0,3,30.59
1785716698.324,4.0,99.0,30.85,238.0,4.0,93,49,42837,174.34,90,56,43187,186.21,0,0,3,30.42,0,0,3,30.56
1785716699.324,4.6,100.0,30.84,239.0,5.0,92,49,42837,191.02,90,55,43187,181.13,0,0,3,30.41,0,0,3,30.61
1785716700.324,4.7,100.0,30.88,240.0,4.0,92,48,42837,194.51,90,56,43187,182.53,0,0,3,30.41,0,0,3,30.60
1785716701.324,4.5,100.0,30.87,242.0,6.0,92,50,42837,203.66,90,55,43187,168.69,0,0,3,30.37,0,0,3,30.64
1785716702.324,4.4,99.0,30.85,243.0,5.0,93,49,42837,185.08,93,39,43187,200.78,0,0,3,30.41,0,0,3,30.69
1785716703.324,4.2,100.0,30.84,240.0,4.0,93,48,42837,196.79,90,58,43187,178.32,0,0,3,30.50,0,0,3,30.70
1785716704.324,4.0,99.0,30.83,237.0,4.0,93,48,42837,180.93,90,58,43187,186.59,0,0,3,30.45,0,0,3,30.66
1785716705.324,4.3,100.0,30.83,236.0,4.0,93,48,42837,181.56,90,58,43187,187.08,0,0,3,30.36,0,0,3,30.60
1785716706.324,4.0,100.0,30.83,236.0,3.0,93,48,42837,182.27,90,58,43187,185.97,0,0,3,30.41,0,0,3,30.65
1785716707.324,5.1,100.0,30.83,235.0,3.0,93,48,42837,182.76,90,56,43187,186.92,0,0,3,30.48,0,0,3,30.65
1785716708.325,4.6,100.0,30.83,240.0,4.0,93,48,42837,181.42,90,55,43187,185.12,0,0,3,30.47,0,0,3,30.65
1785716709.325,4.1,100.0,30.82,235.0,2.0,93,47,42837,183.11,90,55,43187,182.68,0,0,3,30.47,0,0,3,30.65
1785716710.325,4.5,96.0,30.84,235.0,2.0,92,47,42837,182.14,90,57,43187,184.65,0,0,3,30.46,0,0,3,30.64
1785716711.325,4.2,100.0,30.86,234.0,3.0,93,50,42837,175.04,88,56,43187,189.67,0,0,3,30.50,0,0,3,30.69
1785716712.325,4.0,100.0,30.86,234.0,1.0,93,47,42837,180.43,90,58,43187,182.19,0,0,3,30.46,0,0,3,30.70
1785716713.325,4.4,100.0,30.85,234.0,3.0,93,51,42837,176.85,89,54,43187,188.63,0,0,3,30.46,0,0,3,30.65
1785716714.325,4.1,99.0,30.83,234.0,1.0,93,47,42837,182.90,90,58,43187,183.28,0,0,3,30.41,0,0,3,30.60
1785716715.325,4.0,100.0,30.84,237.0,1.0,93,50,42837,179.53,90,54,43187,185.74,0,0,3,30.42,0,0,3,30.60
1785716716.325,5.8,99.0,30.85,234.0,1.0,93,47,42837,183.43,90,53,43187,184.62,0,0,3,30.47,0,0,3,30.79
1785716717.325,5.6,100.0,30.74,211.0,35.0,0,0,42837,113.66,0,0,43187,115.40,0,0,3,30.42,0,0,3,30.80
1785716718.326,2.3,100.0,30.75,5.0,0.0,0,0,42837,113.24,0,0,43187,110.84,0,0,3,30.37,0,0,3,30.61
1785716719.326,1.8,100.0,30.75,8.0,0.0,0,0,42837,113.16,0,0,43187,110.66,0,0,3,30.47,0,0,3,30.61
1785716720.326,1.8,58.6,30.73,5.0,0.0,0,0,42837,112.98,0,0,43187,110.43,0,0,3,30.47,0,0,3,30.65
1785716721.326,1.7,100.0,30.74,8.0,0.0,0,0,42837,112.84,0,0,43187,110.32,0,0,3,30.47,0,0,3,30.65
1785716722.326,1.9,66.3,30.75,5.0,0.0,0,0,42837,112.84,0,0,43187,110.21,0,0,3,30.37,0,0,3,30.65
1785716723.326,1.8,100.0,30.74,6.0,0.0,0,0,42837,112.69,0,0,43187,110.12,0,0,3,30.37,0,0,3,30.60
1785716724.326,1.5,100.0,30.73,7.0,0.0,0,0,42837,112.49,0,0,43187,109.97,0,0,3,30.37,0,0,3,30.60
1785716725.326,1.8,100.0,30.73,6.0,0.0,0,0,42837,112.38,0,0,43187,109.78,0,0,3,30.37,0,0,3,30.65
1785716726.326,2.0,56.4,30.73,5.0,0.0,0,0,42837,112.33,0,0,43187,109.73,0,0,3,30.36,0,0,3,30.65
1785716727.327,1.8,100.0,30.73,6.0,0.0,0,0,42837,112.24,0,0,43187,109.68,0,0,3,30.36,0,0,3,30.60
1785716728.327,1.9,58.0,30.73,8.0,0.0,0,0,42837,112.11,0,0,43187,109.68,0,0,3,30.42,0,0,3,30.55
1785716729.327,2.1,100.0,30.72,5.0,0.0,0,0,42837,111.96,0,0,43187,109.55,0,0,3,30.42,0,0,3,30.55
1785716730.327,2.8,100.0,30.72,8.0,0.0,0,0,42837,111.91,0,0,43187,109.42,0,0,3,30.51,0,0,3,30.61
1785716731.327,2.4,100.0,30.70,5.0,0.0,0,0,42837,111.88,0,0,43187,109.35,0,0,3,30.51,0,0,3,30.66
1785716732.327,1.8,69.0,30.69,7.0,0.0,0,0,42837,111.77,0,0,43187,109.19,0,0,3,30.51,0,0,3,30.70
1785716733.327,1.6,100.0,30.69,8.0,0.0,0,0,42837,111.75,0,0,43187,109.10,0,0,3,30.51,0,0,3,30.70
1785716734.327,1.8,62.6,30.69,6.0,0.0,0,0,42837,111.65,0,0,43187,109.05,0,0,3,30.51,0,0,3,30.65
1785716735.327,1.5,100.0,30.69,6.0,0.0,0,0,42837,111.57,0,0,43187,108.47,0,0,3,30.41,0,0,3,30.60
1785716736.328,1.7,100.0,30.69,8.0,0.0,0,0,42837,111.52,0,0,43187,108.22,0,0,3,30.37,0,0,3,30.60
1785716737.328,3.1,100.0,30.68,4.0,0.0,0,0,42837,111.46,0,0,43187,108.13,0,0,3,30.42,0,0,3,30.66
1785716738.328,3.8,72.0,30.71,7.0,0.0,0,0,42837,111.46,0,0,43187,107.68,0,0,3,30.46,0,0,3,30.66
1785716739.328,3.1,100.0,30.71,8.0,0.0,0,0,42837,110.72,0,0,43187,107.68,0,0,3,30.46,0,0,3,30.65
1785716740.328,1.8,65.0,30.71,7.0,0.0,0,0,42837,110.06,0,0,43187,107.59,0,0,3,30.46,0,0,3,30.70
1785716741.328,1.5,100.0,30.71,5.0,0.0,0,0,42837,110.22,0,0,43187,107.49,0,0,3,30.52,0,0,3,30.65
1785716742.328,3.8,71.3,30.70,7.0,0.0,0,0,42837,110.17,0,0,43187,107.41,0,0,3,30.52,0,0,3,30.61
1785716743.328,2.8,100.0,30.71,8.0,0.0,0,0,42837,110.03,0,0,43187,107.29,0,0,3,30.42,0,0,3,30.66
1785716744.328,1.9,74.0,30.69,7.0,0.0,0,0,42837,109.96,0,0,43187,107.23,0,0,3,30.41,0,0,3,30.60
1785716745.329,1.7,100.0,30.70,7.0,0.0,0,0,42837,109.91,0,0,43187,107.23,0,0,3,30.46,0,0,3,30.60
1785716746.329,1.6,66.7,30.71,8.0,0.0,0,0,42837,109.88,0,0,43187,107.23,0,0,3,30.51,0,0,3,30.65
1785716747.329,1.7,88.0,30.70,7.0,0.0,0,0,42837,109.86,0,0,43187,107.15,0,0,3,30.47,0,0,3,30.70
1785716748.329,1.4,100.0,30.72,6.0,0.0,0,0,42837,109.80,0,0,43187,107.00,0,0,3,30.41,0,0,3,30.70
1785716749.329,1.7,100.0,30.72,6.0,0.0,0,0,42837,109.76,0,0,43187,106.96,0,0,3,30.41,0,0,3,30.65
1785716750.329,2.0,76.0,30.72,7.0,0.0,0,0,42837,109.75,0,0,43187,106.97,0,0,3,30.41,0,0,3,30.71
1785716751.329,2.9,100.0,30.72,6.0,0.0,0,0,42837,109.68,0,0,43187,106.97,0,0,3,30.45,0,0,3,30.71
1785716752.329,2.7,100.0,30.71,3.0,0.0,0,0,42837,109.59,0,0,43187,106.86,0,0,3,30.45,0,0,3,30.65
1785716753.329,1.9,100.0,30.70,7.0,0.0,0,0,42837,109.51,0,0,43187,106.76,0,0,3,30.35,0,0,3,30.65
1785716754.330,1.7,100.0,30.70,6.0,0.0,0,0,42837,109.45,0,0,43187,106.80,0,0,3,30.41,0,0,3,30.65
1785716755.330,1.6,100.0,30.69,6.0,0.0,0,0,42837,109.40,0,0,43187,106.80,0,0,3,30.46,0,0,3,30.60
1785716756.330,1.7,100.0,30.70,5.0,0.0,0,0,42837,109.37,0,0,43187,106.71,0,0,3,30.46,0,0,3,30.60
1785716757.330,1.6,96.0,30.71,8.0,0.0,0,0,42837,109.38,0,0,43187,106.57,0,0,3,30.46,0,0,3,30.60
1785716758.330,2.5,100.0,30.70,8.0,0.0,0,0,42837,109.38,0,0,43187,106.52,0,0,3,30.42,0,0,3,30.55
1785716759.330,2.2,97.0,30.74,6.0,0.0,0,0,42837,109.33,0,0,43187,106.51,0,0,3,30.41,0,0,3,30.60
1785716760.330,2.1,100.0,30.73,6.0,0.0,0,0,42837,109.31,0,0,43187,106.46,0,0,3,30.45,0,0,3,30.65
1785716761.330,1.6,100.0,30.72,5.0,0.0,0,0,42837,109.35,0,0,43187,106.47,0,0,3,30.46,0,0,3,30.65
1785716762.330,2.0,100.0,30.71,6.0,0.0,0,0,42837,109.35,0,0,43187,106.42,0,0,3,30.41,0,0,3,30.70
1785716763.330,1.6,57.6,30.72,8.0,0.0,0,0,42837,109.28,0,0,43187,106.27,0,0,3,30.41,0,0,3,30.70
1785716764.331,1.8,100.0,30.73,9.0,0.0,0,0,42837,109.19,0,0,43187,106.23,0,0,3,30.41,0,0,3,30.65
1785716765.331,1.5,65.0,30.71,5.0,0.0,0,0,42837,109.14,0,0,43187,106.23,0,0,3,30.36,0,0,3,30.70
1785716766.331,2.0,100.0,30.70,6.0,0.0,0,0,42837,109.14,0,0,43187,106.17,0,0,3,30.41,0,0,3,30.70
1785716767.331,1.5,100.0,30.69,9.0,0.0,0,0,42837,109.12,0,0,43187,106.17,0,0,3,30.56,0,0,3,30.65
1785716768.331,2.9,100.0,30.70,6.0,0.0,0,0,42837,109.11,0,0,43187,106.18,0,0,3,30.55,0,0,3,30.65
1785716769.331,1.9,55.0,30.69,5.0,2.0,0,0,42837,109.02,0,0,43187,106.08,0,0,3,30.46,0,0,3,30.65
1785716770.331,2.5,100.0,30.71,8.0,29.0,0,0,42837,108.93,0,0,43187,106.07,0,0,3,30.46,0,0,3,30.60
1785716771.331,1.9,63.0,30.71,7.0,7.0,0,0,42837,108.94,0,0,43187,106.07,0,0,3,30.41,0,0,3,30.60
1785716772.331,1.8,100.0,30.69,6.0,2.0,0,0,42837,108.98,0,0,43187,106.03,0,0,3,30.37,0,0,3,30.60
1785716773.332,1.8,100.0,30.70,6.0,7.0,0,0,42837,108.92,0,0,43187,105.98,0,0,3,30.41,0,0,3,30.65
1785716774.332,2.0,100.0,30.67,7.0,9.0,0,0,42837,108.89,0,0,43187,105.93,0,0,3,30.46,0,0,3,30.70
1785716775.332,2.1,51.0,29.28,7.0,0.0,0,0,42837,108.89,0,0,43187,105.89,0,0,3,30.46,0,0,3,30.60
1785716776.332,2.6,100.0,29.30,6.0,0.0,0,0,42837,108.86,0,0,43187,105.88,0,0,3,30.41,0,0,3,30.60
1785716777.332,3.3,46.0,29.30,6.0,0.0,0,0,42837,108.86,0,0,43187,105.89,0,0,3,30.41,0,0,3,30.65
1785716778.332,1.8,100.0,29.31,7.0,0.0,0,0,42837,108.83,0,0,43187,105.85,0,0,3,30.46,0,0,3,30.65
1785716779.332,1.5,100.0,29.32,6.0,0.0,0,0,42837,108.89,0,0,43187,105.84,0,0,3,30.46,0,0,3,30.60
1785716780.332,1.8,87.0,29.32,6.0,0.0,0,0,42837,108.82,0,0,43187,105.79,0,0,3,30.51,0,0,3,30.60
1785716781.332,1.8,74.0,29.31,8.0,0.0,0,0,42837,108.71,0,0,43187,105.95,0,0,3,30.45,0,0,3,30.61
1785716782.333,2.0,100.0,29.32,6.0,0.0,0,0,42837,108.74,0,0,43187,105.90,0,0,3,30.41,0,0,3,30.61
1785716783.333,1.6,67.3,29.33,8.0,0.0,0,0,42837,108.69,0,0,43187,105.68,0,0,3,30.61,0,0,3,30.65
1785716784.333,1.6,100.0,29.32,5.0,0.0,0,0,42837,108.68,0,0,43187,105.68,0,0,3,30.56,0,0,3,30.66
1785716785.333,1.9,100.0,29.33,5.0,0.0,0,0,42837,108.72,0,0,43187,105.64,0,0,3,30.46,0,0,3,30.66
1785716786.333,2.8,100.0,29.33,5.0,0.0,0,0,42837,108.61,0,0,43187,105.63,0,0,3,30.46,0,0,3,30.65
1785716787.333,2.7,100.0,29.32,5.0,0.0,0,0,42837,108.58,0,0,43187,105.60,0,0,3,30.41,0,0,3,30.70
1785716788.333,1.8,100.0,29.32,6.0,0.0,0,0,42837,108.64,0,0,43187,105.56,0,0,3,30.42,0,0,3,30.70
1785716789.333,2.5,68.7,29.31,6.0,0.0,0,0,42837,108.68,0,0,43187,105.60,0,0,3,30.42,0,0,3,30.65
1785716790.334,2.0,100.0,29.32,5.0,0.0,0,0,42837,108.62,0,0,43187,105.49,0,0,3,30.41,0,0,3,30.65
1785716791.334,3.8,100.0,29.30,8.0,0.0,0,0,42837,108.51,0,0,43187,105.39,0,0,3,30.41,0,0,3,30.70
1785716792.334,2.9,100.0,29.30,5.0,0.0,0,0,42837,108.49,0,0,43187,105.45,0,0,3,30.41,0,0,3,30.70
1785716793.334,2.1,76.5,29.32,7.0,0.0,0,0,42837,108.52,0,0,43187,105.46,0,0,3,30.41,0,0,3,30.71
1785716794.334,2.4,100.0,29.31,7.0,0.0,0,0,42837,108.54,0,0,43187,105.46,0,0,3,30.41,0,0,3,30.71
1785716795.334,2.1,70.7,29.33,6.0,0.0,0,0,42837,108.51,0,0,43187,105.44,0,0,3,30.40,0,0,3,30.60
1785716796.334,2.1,100.0,29.32,8.0,0.0,0,0,42837,108.46,0,0,43187,105.44,0,0,3,30.40,0,0,3,30.55
1785716797.334,3.5,100.0,29.33,7.0,0.0,0,0,42837,108.45,0,0,43187,105.40,0,0,3,30.41,0,0,3,30.55
1785716798.334,3.9,100.0,29.32,7.0,0.0,0,0,42837,108.52,0,0,43187,105.35,0,0,3,30.46,0,0,3,30.60
1785716799.335,3.4,79.0,29.31,6.0,0.0,0,0,42837,108.52,0,0,43187,105.38,0,0,3,30.47,0,0,3,30.61
1785716800.335,1.8,100.0,29.31,6.0,0.0,0,0,42837,108.42,0,0,43187,105.39,0,0,3,30.41,0,0,3,30.61
1785716801.335,2.4,72.3,29.30,7.0,0.0,0,0,42837,108.45,0,0,43187,105.36,0,0,3,30.41,0,0,3,30.65
1785716802.335,1.9,100.0,29.33,7.0,0.0,0,0,42837,108.53,0,0,43187,105.30,0,0,3,30.41,0,0,3,30.70
1785716803.335,2.6,100.0,29.32,7.0,0.0,0,0,42837,108.43,0,0,43187,105.30,0,0,3,30.41,0,0,3,30.70
1785716804.335,2.7,100.0,29.34,6.0,0.0,0,0,42837,108.32,0,0,43187,105.30,0,0,3,30.46,0,0,3,30.65
1785716805.335,1.6,80.0,29.34,7.0,0.0,0,0,42837,108.33,0,0,43187,105.23,0,0,3,30.51,0,0,3,30.61
1785716806.335,1.6,100.0,29.33,6.0,0.0,0,0,42837,108.31,0,0,43187,105.23,0,0,3,30.51,0,0,3,30.61
1785716807.336,2.6,72.7,29.33,8.0,0.0,0,0,42837,108.24,0,0,43187,105.25,0,0,3,30.45,0,0,3,30.65
1785716808.336,1.9,100.0,29.31,7.0,10.0,0,0,42837,108.23,0,0,43187,105.25,0,0,3,30.41,0,0,3,30.65
1785716809.336,1.7,100.0,29.36,5.0,7.0,0,0,42837,108.29,0,0,43187,105.16,0,0,3,30.37,0,0,3,30.60
1785716810.336,1.7,100.0,29.34,7.0,0.0,0,0,42837,108.31,0,0,43187,105.10,0,0,3,30.37,0,0,3,30.60
1785716811.336,1.7,81.0,29.35,8.0,0.0,0,0,42837,108.27,0,0,43187,105.17,0,0,3,30.37,0,0,3,30.65
1785716812.336,1.8,99.0,29.37,6.0,1.0,0,0,42837,108.32,0,0,43187,105.12,0,0,3,30.42,0,0,3,30.65
1785716813.336,1.7,58.0,29.38,7.0,2.0,0,0,42837,108.31,0,0,43187,105.06,0,0,3,30.41,0,0,3,30.70
1785716814.336,1.8,100.0,29.39,6.0,0.0,0,0,42837,108.26,0,0,43187,105.05,0,0,3,30.36,0,0,3,30.74
1785716815.336,1.7,100.0,29.38,6.0,0.0,0,0,42837,108.24,0,0,43187,105.10,0,0,3,30.41,0,0,3,30.69
1785716816.336,1.8,100.0,29.37,5.0,0.0,0,0,42837,108.22,0,0,43187,105.10,0,0,3,30.41,0,0,3,30.60
1785716817.337,1.7,100.0,29.38,5.0,1.0,0,0,42837,108.29,0,0,43187,105.05,0,0,3,30.36,0,0,3,30.60
1785716818.337,1.9,85.9,29.38,10.0,2.0,0,0,42837,108.29,0,0,43187,105.04,0,0,3,30.41,0,0,3,30.65
1785716819.337,1.8,100.0,29.40,7.0,0.0,0,0,42837,108.21,0,0,43187,104.70,0,0,3,30.41,0,0,3,30.65
1785716820.337,2.5,92.1,29.41,6.0,0.0,0,0,42837,108.26,0,0,43187,104.43,0,0,3,30.36,0,0,3,30.60
1785716821.337,2.7,100.0,29.41,4.0,1.0,0,0,42837,108.25,0,0,43187,104.38,0,0,3,30.41,0,0,3,30.56
1785716822.337,2.8,100.0,29.41,4.0,0.0,0,0,42837,108.21,0,0,43187,104.25,0,0,3,30.46,0,0,3,30.61
1785716823.337,1.9,100.0,29.41,6.0,0.0,0,0,42837,108.21,0,0,43187,104.29,0,0,3,30.47,0,0,3,30.66
1785716824.337,2.3,82.0,29.42,7.0,2.0,0,0,42837,108.16,0,0,43187,104.28,0,0,3,30.42,0,0,3,30.65
1785716825.337,1.6,100.0,29.41,6.0,0.0,0,0,42837,108.18,0,0,43187,104.23,0,0,3,30.42,0,0,3,30.65
1785716826.338,1.8,63.0,29.42,8.0,0.0,0,0,42837,108.18,0,0,43187,104.33,0,0,3,30.46,0,0,3,30.71
1785716827.338,1.6,100.0,29.46,5.0,7.0,0,0,42837,108.22,0,0,43187,104.33,0,0,3,30.42,0,0,3,30.66
1785716828.338,1.9,100.0,29.46,7.0,0.0,0,0,42837,108.19,0,0,43187,104.31,0,0,3,30.42,0,0,3,30.71
1785716829.338,3.1,100.0,29.44,6.0,3.0,0,0,42837,108.14,0,0,43187,104.31,0,0,3,30.47,0,0,3,30.75
1785716830.338,1.9,80.2,29.45,8.0,5.0,0,0,42837,108.13,0,0,43187,104.26,0,0,3,30.42,0,0,3,30.66
1785716831.338,1.7,100.0,29.49,7.0,2.0,0,0,42837,108.13,0,0,43187,104.26,0,0,3,30.37,0,0,3,30.61
1785716832.338,1.7,83.0,29.50,5.0,0.0,0,0,42837,108.13,0,0,43187,104.23,0,0,3,30.42,0,0,3,30.55
1785716833.338,1.5,100.0,29.49,7.0,0.0,0,0,42837,108.08,0,0,43187,104.18,0,0,3,30.41,0,0,3,30.55
1785716834.338,1.8,100.0,29.46,6.0,1.0,0,0,42837,108.13,0,0,43187,104.18,0,0,3,30.37,0,0,3,30.55
1785716835.339,1.7,100.0,29.47,5.0,0.0,0,0,42837,108.13,0,0,43187,104.13,0,0,3,30.42,0,0,3,30.55
1785716836.339,3.6,54.5,29.45,7.0,0.0,0,0,42837,108.13,0,0,43187,104.11,0,0,3,30.42,0,0,3,30.61
1785716837.339,2.1,100.0,29.44,9.0,1.0,0,0,42837,108.13,0,0,43187,104.19,0,0,3,30.37,0,0,3,30.76
1785716838.339,1.9,61.0,29.44,6.0,15.0,0,0,42837,108.13,0,0,43187,104.19,0,0,3,30.37,0,0,3,30.71
1785716839.339,2.2,100.0,29.47,7.0,1.0,0,0,42837,108.13,0,0,43187,104.19,0,0,3,30.37,0,0,3,30.66
1785716840.339,2.0,100.0,29.48,7.0,21.0,0,0,42837,108.13,0,0,43187,104.36,0,0,3,30.37,0,0,3,30.71
1785716841.339,2.2,100.0,29.53,5.0,43.0,0,0,42837,108.13,0,0,43187,104.33,0,0,3,30.37,0,0,3,30.65
1785716842.339,2.2,51.5,29.53,15.0,9.0,0,0,42837,108.08,0,0,43187,104.13,0,0,3,30.47,0,0,3,30.66
1785716843.339,1.8,77.6,29.54,6.0,11.0,0,0,42837,108.07,0,0,43187,104.11,0,0,3,30.47,0,0,3,30.66
1785716844.340,8.3,59.8,29.55,9.0,616.2,0,0,42837,108.07,0,0,43187,104.09,0,0,3,30.42,0,0,3,30.75
1785716845.340,1.8,100.0,29.54,5.0,0.0,0,0,42837,108.03,0,0,43187,104.13,0,0,3,30.47,0,0,3,30.70
1785716846.340,1.9,100.0,29.53,7.0,6.0,0,0,42837,108.03,0,0,43187,104.15,0,0,3,30.42,0,0,3,30.65
1785716847.340,1.5,100.0,29.54,6.0,1.0,0,0,42837,108.08,0,0,43187,104.10,0,0,3,30.37,0,0,3,30.66
1785716848.340,1.8,66.3,29.53,7.0,0.0,0,0,42837,108.03,0,0,43187,104.15,0,0,3,30.42,0,0,3,30.66
1785716849.340,2.1,100.0,29.53,7.0,0.0,0,0,42837,108.03,0,0,43187,104.15,0,0,3,30.37,0,0,3,30.70
1785716850.340,2.4,60.0,29.55,5.0,21.0,0,0,42837,108.03,0,0,43187,104.07,0,0,3,30.37,0,0,3,30.70
1785716851.340,2.6,100.0,29.53,7.0,5.0,0,0,42837,108.02,0,0,43187,104.04,0,0,3,30.47,0,0,3,30.70
1785716852.340,3.1,100.0,29.54,6.0,19.0,0,0,42837,108.00,0,0,43187,104.04,0,0,3,30.47,0,0,3,30.65
1785716853.341,1.9,100.0,29.54,7.0,1.0,0,0,42837,107.95,0,0,43187,104.02,0,0,3,30.46,0,0,3,30.66
1785716854.341,1.9,68.0,29.55,7.0,3.0,0,0,42837,107.97,0,0,43187,104.06,0,0,3,30.37,0,0,3,30.66
1785716855.341,3.2,100.0,29.57,5.0,0.0,0,0,42837,107.98,0,0,43187,104.06,0,0,3,30.37,0,0,3,30.66
1785716856.341,3.0,100.0,29.59,5.0,9.0,0,0,42837,107.98,0,0,43187,104.00,0,0,3,30.47,0,0,3,30.66
1785716857.341,3.2,100.0,29.59,6.0,2.0,0,0,42837,107.97,0,0,43187,103.99,0,0,3,30.46,0,0,3,30.60
1785716858.341,3.7,100.0,29.59,4.0,9.0,0,0,42837,107.97,0,0,43187,104.00,0,0,3,30.46,0,0,3,30.61
1785716859.341,3.1,54.0,29.60,7.0,2.0,0,0,42837,107.98,0,0,43187,104.03,0,0,3,30.42,0,0,3,30.61
1785716860.341,2.0,69.3,29.59,7.0,11.0,0,0,42837,107.97,0,0,43187,104.03,0,0,3,30.37,0,0,3,30.61
1785716861.342,2.2,63.0,29.59,6.0,8.0,0,0,42837,107.92,0,0,43187,104.02,0,0,3,30.41,0,0,3,30.61
1785716862.342,2.0,67.0,29.58,7.0,6.0,0,0,42837,107.92,0,0,43187,104.00,0,0,3,30.47,0,0,3,30.61
1785716863.342,1.7,100.0,29.57,6.0,6.0,0,0,42837,107.97,0,0,43187,103.99,0,0,3,30.42,0,0,3,30.65
1785716864.342,2.5,100.0,29.57,7.0,5.0,0,0,42837,107.92,0,0,43187,103.99,0,0,3,30.42,0,0,3,30.65
1785716865.342,3.4,100.0,29.58,6.0,3.0,0,0,42837,107.86,0,0,43187,103.99,0,0,3,30.41,0,0,3,30.65
1785716866.342,1.8,96.0,29.56,7.0,7.0,0,0,42837,107.82,0,0,43187,104.15,0,0,3,30.37,0,0,3,30.61
1785716867.342,1.8,100.0,29.57,5.0,7.0,0,0,42837,107.88,0,0,43187,104.15,0,0,3,30.42,0,0,3,30.56
1785716868.342,2.0,89.0,29.57,8.0,16.0,0,0,42837,107.93,0,0,43187,104.04,0,0,3,30.52,0,0,3,30.60
1785716869.342,1.6,100.0,29.57,7.0,6.0,0,0,42837,107.92,0,0,43187,104.04,0,0,3,30.52,0,0,3,30.65
1785716870.343,1.8,100.0,29.56,5.0,2.0,0,0,42837,107.97,0,0,43187,103.94,0,0,3,30.47,0,0,3,30.60
1785716871.343,2.6,100.0,29.57,6.0,5.0,0,0,42837,108.03,0,0,43187,103.90,0,0,3,30.42,0,0,3,30.65
1785716872.343,1.9,98.0,29.57,6.0,5.0,0,0,42837,107.98,0,0,43187,103.92,0,0,3,30.37,0,0,3,30.65
1785716873.343,2.1,79.0,29.59,6.0,5.0,0,0,42837,107.93,0,0,43187,103.97,0,0,3,30.37,0,0,3,30.61
1785716874.343,2.1,91.0,29.59,8.0,26.0,0,0,42837,107.98,0,0,43187,103.90,0,0,3,30.37,0,0,3,30.66
1785716875.343,1.7,100.0,29.58,6.0,0.0,0,0,42837,107.90,0,0,43187,103.84,0,0,3,30.37,0,0,3,30.70
1785716876.343,1.7,100.0,29.58,6.0,12.0,0,0,42837,107.88,0,0,43187,103.94,0,0,3,30.37,0,0,3,30.65
1785716877.343,2.2,100.0,29.57,6.0,9.0,0,0,42837,107.92,0,0,43187,103.95,0,0,3,30.37,0,0,3,30.70
1785716878.343,1.9,99.0,29.56,7.0,9.0,0,0,42837,107.87,0,0,43187,103.90,0,0,3,30.42,0,0,3,30.75
1785716879.344,2.5,99.0,29.60,6.0,12.0,0,0,42837,107.85,0,0,43187,103.94,0,0,3,30.61,0,0,3,30.65
1785716880.344,2.4,91.0,29.61,6.0,18.0,0,0,42837,107.84,0,0,43187,103.94,0,0,3,30.50,0,0,3,30.60
1785716881.344,2.5,100.0,29.63,6.0,58.0,0,0,42837,107.85,0,0,43187,103.89,0,0,3,30.36,0,0,3,30.55
1785716882.344,2.0,100.0,29.61,5.0,22.0,0,0,42837,107.90,0,0,43187,103.89,0,0,3,30.46,0,0,3,30.60
1785716883.344,2.0,100.0,29.62,8.0,7.0,0,0,42837,107.86,0,0,43187,103.89,0,0,3,30.42,0,0,3,30.70
1785716884.344,1.5,99.0,29.61,6.0,3.0,0,0,42837,107.79,0,0,43187,103.89,0,0,3,30.37,0,0,3,30.70
1785716885.344,2.3,100.0,29.62,8.0,15.0,0,0,42837,107.83,0,0,43187,103.92,0,0,3,30.37,0,0,3,30.70
1785716886.344,2.0,99.0,29.63,8.0,26.0,0,0,42837,107.87,0,0,43187,103.87,0,0,3,30.42,0,0,3,30.65
1785716887.345,2.4,100.0,29.63,5.0,6.0,0,0,42837,107.90,0,0,43187,103.84,0,0,3,30.47,0,0,3,30.65
1785716888.345,1.8,100.0,29.63,7.0,6.0,0,0,42837,107.89,0,0,43187,103.84,0,0,3,30.41,0,0,3,30.65
1785716889.345,2.9,100.0,29.63,6.0,0.0,0,0,42837,107.86,0,0,43187,103.79,0,0,3,30.42,0,0,3,30.70
1785716890.345,3.2,100.0,29.64,4.0,0.0,0,0,42837,107.83,0,0,43187,103.74,0,0,3,30.46,0,0,3,30.70
1785716891.345,3.3,100.0,29.66,5.0,2.0,0,0,42837,107.79,0,0,43187,103.74,0,0,3,30.42,0,0,3,30.60
1785716892.345,1.7,100.0,29.65,8.0,3.0,0,0,42837,107.83,0,0,43187,103.87,0,0,3,30.37,0,0,3,30.56
1785716893.345,1.8,80.0,29.64,6.0,2.0,0,0,42837,107.85,0,0,43187,103.86,0,0,3,30.41,0,0,3,30.56
1785716894.345,1.6,100.0,29.63,6.0,1.0,0,0,42837,107.82,0,0,43187,103.83,0,0,3,30.36,0,0,3,30.65
1785716895.345,1.8,100.0,29.62,6.0,4.0,0,0,42837,107.83,0,0,43187,103.79,0,0,3,30.36,0,0,3,30.65
1785716896.346,2.5,100.0,29.63,7.0,5.0,0,0,42837,107.81,0,0,43187,103.75,0,0,3,30.47,0,0,3,30.60
1785716897.346,3.1,71.3,29.64,6.0,2.0,0,0,42837,107.81,0,0,43187,103.79,0,0,3,30.42,0,0,3,30.55
1785716898.346,1.6,100.0,29.64,7.0,0.0,0,0,42837,107.82,0,0,43187,103.79,0,0,3,30.37,0,0,3,30.55
1785716899.346,1.7,79.0,29.65,7.0,4.0,0,0,42837,107.82,0,0,43187,103.76,0,0,3,30.42,0,0,3,30.61
1785716900.346,1.5,100.0,29.64,5.0,0.0,0,0,42837,107.87,0,0,43187,103.76,0,0,3,30.47,0,0,3,30.66
1785716901.346,1.7,100.0,29.64,8.0,0.0,0,0,42837,107.88,0,0,43187,103.79,0,0,3,30.42,0,0,3,30.75
1785716902.346,1.9,100.0,29.64,6.0,2.0,0,0,42837,107.88,0,0,43187,103.79,0,0,3,30.37,0,0,3,30.70
1785716903.346,2.4,69.7,29.64,8.0,24.0,0,0,42837,107.83,0,0,43187,103.75,0,0,3,30.37,0,0,3,30.70
1785716904.346,2.2,100.0,29.65,6.0,15.0,0,0,42837,107.79,0,0,43187,103.75,0,0,3,30.37,0,0,3,30.75
1785716905.347,1.8,77.2,29.65,6.0,4.0,0,0,42837,107.79,0,0,43187,103.81,0,0,3,30.37,0,0,3,30.75
1785716906.347,1.5,100.0,29.65,6.0,0.0,0,0,42837,107.77,0,0,43187,103.81,0,0,3,30.36,0,0,3,30.70
1785716907.347,1.9,100.0,29.67,7.0,5.0,0,0,42837,107.77,0,0,43187,103.75,0,0,3,30.41,0,0,3,30.65
1785716908.347,1.8,100.0,29.67,7.0,5.0,0,0,42837,107.79,0,0,43187,103.79,0,0,3,30.46,0,0,3,30.70
1785716909.347,3.3,68.0,29.68,7.0,16.0,0,0,42837,107.83,0,0,43187,103.79,0,0,3,30.46,0,0,3,30.65
1785716910.347,2.0,100.0,29.70,5.0,14.0,0,0,42837,107.83,0,0,43187,103.75,0,0,3,30.42,0,0,3,30.65
1785716911.347,2.3,70.0,29.71,6.0,15.0,0,0,42837,107.77,0,0,43187,103.84,0,0,3,30.42,0,0,3,30.60
1785716912.347,3.4,100.0,29.71,7.0,1.0,0,0,42837,107.77,0,0,43187,103.84,0,0,3,30.47,0,0,3,30.51
1785716913.347,1.9,100.0,29.68,4.0,1.0,0,0,42837,107.75,0,0,43187,103.79,0,0,3,30.46,0,0,3,30.51
1785716914.348,1.7,100.0,29.67,8.0,3.0,0,0,42837,107.70,0,0,43187,103.77,0,0,3,30.41,0,0,3,30.55
1785716915.348,1.6,57.4,29.68,8.0,2.0,0,0,42837,107.74,0,0,43187,103.77,0,0,3,30.42,0,0,3,30.60
1785716916.348,1.9,100.0,29.67,6.0,1.0,0,0,42837,107.74,0,0,43187,103.89,0,0,3,30.42,0,0,3,30.66
1785716917.348,3.9,52.0,29.70,6.0,0.0,0,0,42837,107.69,0,0,43187,103.84,0,0,3,30.37,0,0,3,30.66
1785716918.348,3.8,100.0,29.68,7.0,1.0,0,0,42837,107.72,0,0,43187,103.74,0,0,3,30.41,0,0,3,30.60
1785716919.348,2.9,100.0,29.69,5.0,2.0,0,0,42837,107.76,0,0,43187,103.74,0,0,3,30.41,0,0,3,30.55
1785716920.348,2.0,100.0,29.70,6.0,0.0,0,0,42837,107.77,0,0,43187,103.74,0,0,3,30.37,0,0,3,30.55
1785716921.348,2.0,60.0,29.68,8.0,0.0,0,0,42837,107.77,0,0,43187,103.79,0,0,3,30.36,0,0,3,30.55
1785716922.349,1.7,100.0,29.67,5.0,2.0,0,0,42837,107.80,0,0,43187,103.75,0,0,3,30.41,0,0,3,30.60
1785716923.349,1.6,51.5,29.67,7.0,0.0,0,0,42837,107.79,0,0,43187,103.70,0,0,3,30.46,0,0,3,30.60
1785716924.349,2.6,100.0,29.65,8.0,0.0,0,0,42837,107.77,0,0,43187,103.75,0,0,3,30.41,0,0,3,30.60
1785716925.349,3.3,100.0,29.65,3.0,14.0,0,0,42837,107.79,0,0,43187,104.23,0,0,3,30.37,0,0,3,30.60
1785716926.349,4.3,100.0,29.63,4.0,1.0,0,0,42837,107.77,0,0,43187,104.27,0,0,3,30.42,0,0,3,30.55
1785716927.349,1.7,60.6,29.64,6.0,1.0,0,0,42837,107.70,0,0,43187,103.79,0,0,3,30.56,0,0,3,30.50
1785716928.349,2.2,100.0,29.63,8.0,6.0,0,0,42837,107.72,0,0,43187,103.75,0,0,3,30.56,0,0,3,30.55
1785716929.349,2.1,53.5,29.64,9.0,26.0,0,0,42837,107.79,0,0,43187,103.76,0,0,3,30.46,0,0,3,30.65
1785716930.349,1.9,100.0,29.65,5.0,21.0,0,0,42837,107.79,0,0,43187,103.68,0,0,3,30.42,0,0,3,30.60
1785716931.350,2.1,100.0,29.65,6.0,2.0,0,0,42837,107.77,0,0,43187,103.71,0,0,3,30.42,0,0,3,30.60
1785716932.350,1.5,100.0,29.64,5.0,2.0,0,0,42837,107.77,0,0,43187,103.75,0,0,3,30.46,0,0,3,30.60
1785716933.350,1.8,62.0,29.71,8.0,2.0,0,0,42837,107.74,0,0,43187,103.68,0,0,3,30.42,0,0,3,30.71
1785716934.350,1.7,100.0,30.68,8.0,6.0,0,0,42837,107.74,0,0,43187,103.66,0,0,3,30.43,0,0,3,30.72
1785716935.350,2.1,100.0,31.04,6.0,16.0,0,0,42837,107.74,0,0,43187,103.69,0,0,3,30.48,0,0,3,30.62
1785716936.350,2.8,61.6,30.58,8.0,17.0,0,0,42837,107.74,0,0,43187,103.74,0,0,3,30.48,0,0,3,30.62
1785716937.350,3.8,30.0,30.53,8.0,15.0,0,0,42837,107.79,0,0,43187,103.76,0,0,3,30.48,0,0,3,30.62
1785716938.350,2.2,53.7,30.20,7.0,16.0,0,0,42837,107.83,0,0,43187,103.79,0,0,3,30.47,0,0,3,30.61
1785716939.351,2.4,100.0,30.22,8.0,15.0,0,0,42837,107.88,0,0,43187,103.72,0,0,3,30.42,0,0,3,30.60
1785716940.351,2.4,73.0,30.22,8.0,11.0,0,0,42837,107.88,0,0,43187,103.72,0,0,3,30.37,0,0,3,30.60
1785716941.351,2.2,100.0,30.21,6.0,23.0,0,0,42837,107.93,0,0,43187,103.87,0,0,3,30.42,0,0,3,30.60
1785716942.351,1.8,100.0,30.22,8.0,3.0,0,0,42837,107.96,0,0,43187,103.90,0,0,3,30.42,0,0,3,30.60
1785716943.351,1.6,100.0,30.21,6.0,3.0,0,0,42837,107.91,0,0,43187,103.87,0,0,3,30.41,0,0,3,30.56
1785716944.351,1.9,63.6,30.20,6.0,7.0,0,0,42837,107.93,0,0,43187,104.03,0,0,3,30.47,0,0,3,30.56
1785716945.351,1.7,84.8,30.20,9.0,5.0,0,0,42837,107.93,0,0,43187,104.03,0,0,3,30.42,0,0,3,30.55
1785716946.351,2.3,62.4,29.89,6.0,12.0,0,0,42837,107.93,0,0,43187,103.87,0,0,3,30.42,0,0,3,30.60
1785716947.351,1.9,100.0,29.89,5.0,25.0,0,0,42837,107.98,0,0,43187,103.94,0,0,3,30.42,0,0,3,30.60
1785716948.352,2.1,100.0,29.90,7.0,15.0,0,0,42837,107.92,0,0,43187,103.89,0,0,3,30.42,0,0,3,30.60
1785716949.352,1.5,100.0,29.91,6.0,2.0,0,0,42837,107.87,0,0,43187,103.89,0,0,3,30.46,0,0,3,30.60
1785716950.352,3.2,75.8,29.90,6.0,0.0,0,0,42837,107.95,0,0,43187,103.97,0,0,3,30.47,0,0,3,30.56
1785716951.352,1.7,100.0,29.92,7.0,1.0,0,0,42837,108.04,0,0,43187,103.88,0,0,3,30.52,0,0,3,30.61
1785716952.352,2.4,70.3,29.93,9.0,4.0,0,0,42837,108.08,0,0,43187,103.87,0,0,3,30.52,0,0,3,30.65
1785716953.352,1.5,100.0,29.94,6.0,1.0,0,0,42837,108.08,0,0,43187,103.86,0,0,3,30.42,0,0,3,30.60
1785716954.352,2.0,100.0,29.92,5.0,18.0,0,0,42837,108.08,0,0,43187,103.89,0,0,3,30.37,0,0,3,30.60
1785716955.352,2.1,100.0,29.93,7.0,34.0,0,0,42837,108.03,0,0,43187,104.13,0,0,3,30.37,0,0,3,30.61
1785716956.352,2.6,79.0,29.90,6.0,23.0,0,0,42837,107.98,0,0,43187,104.06,0,0,3,30.41,0,0,3,30.56
1785716957.353,4.3,100.0,29.90,6.0,14.0,0,0,42837,107.98,0,0,43187,103.95,0,0,3,30.57,0,0,3,30.56
1785716958.353,2.1,79.0,29.91,8.0,14.0,0,0,42837,107.97,0,0,43187,103.97,0,0,3,30.56,0,0,3,30.57
1785716959.353,2.9,100.0,29.88,4.0,4.0,0,0,42837,107.92,0,0,43187,103.90,0,0,3,30.51,0,0,3,30.56
1785716960.353,2.6,100.0,29.86,6.0,7.0,0,0,42837,107.97,0,0,43187,103.92,0,0,3,30.51,0,0,3,30.61
1785716961.353,2.1,100.0,29.84,5.0,3.0,0,0,42837,107.97,0,0,43187,103.95,0,0,3,30.46,0,0,3,30.66
1785716962.353,2.1,100.0,29.83,8.0,1.0,0,0,42837,107.93,0,0,43187,103.95,0,0,3,30.42,0,0,3,30.61
1785716963.353,1.6,92.0,29.82,4.0,2.0,0,0,42837,108.03,0,0,43187,103.87,0,0,3,30.37,0,0,3,30.66
1785716964.353,2.1,100.0,29.81,7.0,14.0,0,0,42837,107.98,0,0,43187,103.87,0,0,3,30.42,0,0,3,30.70
1785716965.353,1.8,99.0,29.82,7.0,5.0,0,0,42837,107.93,0,0,43187,103.90,0,0,3,30.47,0,0,3,30.60
1785716966.353,1.6,100.0,29.79,9.0,0.0,0,0,42837,107.98,0,0,43187,103.89,0,0,3,30.42,0,0,3,30.61
1785716967.354,1.8,100.0,29.79,5.0,3.0,0,0,42837,107.98,0,0,43187,103.99,0,0,3,30.42,0,0,3,30.66
1785716968.354,2.1,100.0,29.79,4.0,0.0,0,0,42837,107.93,0,0,43187,103.94,0,0,3,30.47,0,0,3,30.60
1785716969.354,2.7,90.0,29.80,8.0,1.0,0,0,42837,107.92,0,0,43187,103.87,0,0,3,30.56,0,0,3,30.60
1785716970.354,2.1,100.0,29.81,6.0,11.0,0,0,42837,107.97,0,0,43187,103.98,0,0,3,30.56,0,0,3,30.60
1785716971.354,1.9,97.1,29.80,6.0,5.0,0,0,42837,107.98,0,0,43187,103.95,0,0,3,30.47,0,0,3,30.55
1785716972.354,2.1,100.0,29.80,8.0,7.0,0,0,42837,108.03,0,0,43187,103.90,0,0,3,30.42,0,0,3,30.61
1785716973.354,3.4,100.0,29.78,4.0,3.0,0,0,42837,108.03,0,0,43187,103.90,0,0,3,30.42,0,0,3,30.66
1785716974.354,1.7,100.0,29.78,7.0,12.0,0,0,42837,107.98,0,0,43187,103.89,0,0,3,30.46,0,0,3,30.60
1785716975.354,1.8,45.4,29.76,7.0,0.0,0,0,42837,107.98,0,0,43187,103.84,0,0,3,30.47,0,0,3,30.55
1785716976.355,2.0,100.0,29.76,7.0,8.0,0,0,42837,107.98,0,0,43187,103.84,0,0,3,30.47,0,0,3,30.60
1785716977.355,3.4,96.0,29.75,7.0,19.0,0,0,42837,107.97,0,0,43187,103.86,0,0,3,30.47,0,0,3,30.61
1785716978.355,3.4,100.0,29.75,5.0,1.0,0,0,42837,107.97,0,0,43187,103.88,0,0,3,30.42,0,0,3,30.57
1785716979.355,3.2,100.0,29.73,9.0,2.0,0,0,42837,107.93,0,0,43187,103.98,0,0,3,30.42,0,0,3,30.61
1785716980.355,1.5,100.0,29.73,5.0,0.0,0,0,42837,107.90,0,0,43187,103.97,0,0,3,30.47,0,0,3,30.60
1785716981.355,2.2,74.7,29.75,6.0,11.0,0,0,42837,107.95,0,0,43187,103.95,0,0,3,30.52,0,0,3,30.56
1785716982.355,1.6,100.0,29.75,7.0,7.0,0,0,42837,107.93,0,0,43187,103.95,0,0,3,30.52,0,0,3,30.56
1785716983.355,2.0,95.0,29.73,7.0,20.0,0,0,42837,107.88,0,0,43187,103.86,0,0,3,30.42,0,0,3,30.61
1785716984.355,2.5,100.0,29.74,6.0,6.0,0,0,42837,107.93,0,0,43187,103.84,0,0,3,30.42,0,0,3,30.71
1785716985.355,1.9,100.0,29.74,6.0,5.0,0,0,42837,107.98,0,0,43187,103.89,0,0,3,30.42,0,0,3,30.70
1785716986.356,2.0,100.0,29.73,5.0,3.0,0,0,42837,107.98,0,0,43187,103.88,0,0,3,30.42,0,0,3,30.65
1785716987.356,4.1,85.9,29.71,8.0,25.0,0,0,42837,107.98,0,0,43187,103.90,0,0,3,30.42,0,0,3,30.70
1785716988.356,2.1,100.0,29.72,6.0,12.0,0,0,42837,107.98,0,0,43187,103.93,0,0,3,30.37,0,0,3,30.70
1785716989.356,1.9,93.0,29.72,7.0,21.0,0,0,42837,108.02,0,0,43187,104.26,0,0,3,30.36,0,0,3,30.70
1785716990.356,1.6,100.0,29.71,6.0,4.0,0,0,42837,107.97,0,0,43187,104.20,0,0,3,30.42,0,0,3,30.65
1785716991.356,2.0,100.0,29.72,5.0,4.0,0,0,42837,107.88,0,0,43187,103.86,0,0,3,30.47,0,0,3,30.60
1785716992.357,1.6,100.0,29.71,7.0,1.0,0,0,42837,107.92,0,0,43187,103.89,0,0,3,30.46,0,0,3,30.66
1785716993.357,2.6,83.8,29.71,8.0,14.0,0,0,42837,107.97,0,0,43187,103.89,0,0,3,30.46,0,0,3,30.61
1785716994.357,3.0,100.0,29.73,4.0,21.0,0,0,42837,107.98,0,0,43187,103.84,0,0,3,30.47,0,0,3,30.60
1785716995.357,2.9,92.0,29.72,6.0,10.0,0,0,42837,107.93,0,0,43187,103.84,0,0,3,30.47,0,0,3,30.65
1785716996.357,1.9,100.0,29.72,4.0,23.0,0,0,42837,107.92,0,0,43187,103.89,0,0,3,30.47,0,0,3,30.60
1785716997.357,1.8,100.0,29.71,6.0,5.0,0,0,42837,107.95,0,0,43187,103.94,0,0,3,30.41,0,0,3,30.70
1785716998.357,1.9,100.0,29.72,9.0,7.0,0,0,42837,107.97,0,0,43187,103.95,0,0,3,30.41,0,0,3,30.75
1785716999.357,2.4,66.3,29.74,5.0,8.0,0,0,42837,107.98,0,0,43187,103.90,0,0,3,30.41,0,0,3,30.65
1785717000.357,2.4,100.0,29.76,7.0,5.0,0,0,42837,107.92,0,0,43187,103.89,0,0,3,30.41,0,0,3,30.65
1785717001.357,2.3,89.0,29.76,6.0,1.0,0,0,42837,107.97,0,0,43187,103.89,0,0,3,30.46,0,0,3,30.65
1785717002.358,3.1,100.0,29.86,5.0,6.0,0,0,42837,108.02,0,0,43187,103.89,0,0,3,30.46,0,0,3,30.60
1785717003.358,3.1,100.0,29.90,6.0,9.0,0,0,42837,107.95,0,0,43187,103.84,0,0,3,30.45,0,0,3,30.84
1785717004.358,2.7,100.0,29.89,6.0,3.0,0,0,42837,107.92,0,0,43187,103.84,0,0,3,47.99,0,0,3,30.84
1785717005.358,3.3,79.0,29.94,7.0,20.1,0,0,42837,107.92,0,0,43187,103.88,0,0,3,65.49,0,0,3,47.93
1785717006.358,3.7,100.0,30.16,5.0,15.9,0,0,42852,107.92,0,0,43187,103.88,0,0,3,48.01,0,0,3,47.89
1785717007.358,3.2,81.8,30.63,8.0,21.0,0,0,43104,108.06,0,0,43454,104.06,0,0,3,30.57,0,0,3,30.78
1785717008.358,2.8,100.0,31.02,5.0,21.0,0,0,43104,108.06,0,0,43454,103.99,0,0,271,87.17,0,0,271,55.17
1785717009.358,4.0,100.0,29.88,5.0,23.0,0,0,42837,108.08,0,0,43187,104.10,0,0,3,100.13,0,0,3,101.37
1785717010.358,2.6,100.0,29.91,7.0,15.0,0,0,42837,108.04,0,0,43187,104.07,0,0,3,100.19,0,0,3,101.46
1785717011.358,4.3,50.0,29.94,7.0,15.0,0,0,42837,107.91,0,0,43187,104.45,0,0,3,62.89,0,0,3,63.19
1785717012.359,2.6,100.0,29.95,6.0,19.0,0,0,42837,107.96,0,0,43187,104.14,0,0,3,45.15,0,0,3,45.49
1785717013.359,2.7,55.6,29.95,6.0,12.0,0,0,42837,107.96,0,0,43187,103.92,0,0,3,30.94,0,0,3,31.23
1785717014.359,1.8,100.0,29.92,8.0,8.0,0,0,42837,107.93,0,0,43187,103.92,0,0,3,30.70,0,0,3,30.84
1785717015.359,2.1,100.0,29.91,6.0,9.0,0,0,42837,107.95,0,0,43187,103.89,0,0,3,30.64,0,0,3,30.84
1785717016.359,4.0,100.0,29.90,5.0,12.0,0,0,42837,107.95,0,0,43187,103.83,0,0,3,30.60,0,0,3,30.85
1785717017.359,2.5,54.5,29.88,7.0,17.0,0,0,42837,107.98,0,0,43187,103.88,0,0,3,30.56,0,0,3,30.79
1785717018.359,2.1,100.0,29.86,7.0,19.0,0,0,42837,107.96,0,0,43187,103.88,0,0,3,30.61,0,0,3,30.74
1785717019.359,2.0,55.0,29.84,6.0,21.0,0,0,42837,107.99,0,0,43187,103.81,0,0,3,30.61,0,0,3,30.75
1785717020.359,2.1,100.0,29.83,9.0,15.0,0,0,42837,108.04,0,0,43187,103.90,0,0,3,30.51,0,0,3,30.75
1785717021.360,2.0,100.0,29.82,4.0,17.0,0,0,42837,107.93,0,0,43187,103.97,0,0,3,30.55,0,0,3,30.80
1785717022.360,2.5,100.0,29.81,7.0,17.0,0,0,42837,107.90,0,0,43187,103.88,0,0,3,30.59,0,0,3,30.80
1785717023.360,1.9,82.8,29.80,6.0,14.0,0,0,42837,107.93,0,0,43187,103.82,0,0,3,30.55,0,0,3,30.74
1785717024.360,1.5,100.0,29.82,8.0,0.0,0,0,42837,107.93,0,0,43187,104.02,0,0,3,30.56,0,0,3,30.75
1785717025.360,2.1,82.8,29.82,7.0,19.0,0,0,42837,108.00,0,0,43187,104.04,0,0,3,30.56,0,0,3,30.75
1785717026.360,2.2,100.0,29.81,7.0,15.0,0,0,42837,107.97,0,0,43187,103.93,0,0,3,30.55,0,0,3,30.70
1785717027.360,2.1,100.0,29.81,6.0,18.0,0,0,42837,107.91,0,0,43187,103.93,0,0,3,30.55,0,0,3,30.70
1785717028.360,2.7,100.0,29.80,5.0,15.0,0,0,42837,107.93,0,0,43187,103.88,0,0,3,30.60,0,0,3,30.75
1785717029.360,3.6,100.0,29.83,5.0,30.0,0,0,42837,107.94,0,0,43187,103.88,0,0,3,30.55,0,0,3,30.75
1785717030.361,2.8,89.0,29.84,4.0,24.0,0,0,42837,107.94,0,0,43187,103.88,0,0,3,30.50,0,0,3,30.69
1785717031.361,2.4,100.0,29.85,7.0,18.0,0,0,42837,107.94,0,0,43187,103.88,0,0,3,30.55,0,0,3,30.64
1785717032.361,2.1,82.0,29.85,5.0,7.0,0,0,42837,107.93,0,0,43187,103.88,0,0,3,30.55,0,0,3,30.74
1785717033.361,4.0,100.0,29.83,6.0,15.9,0,0,42837,107.88,0,0,43187,103.89,0,0,3,30.55,0,0,3,30.80
1785717034.361,2.5,100.0,29.84,6.0,16.0,0,0,42837,107.88,0,0,43187,103.88,0,0,3,30.55,0,0,3,30.75
1785717035.361,1.6,100.0,29.83,8.0,1.0,0,0,42837,107.93,0,0,43187,103.93,0,0,3,30.56,0,0,3,30.70
1785717036.361,1.9,71.7,29.82,6.0,3.0,0,0,42837,108.00,0,0,43187,103.84,0,0,3,30.57,0,0,3,30.71
1785717037.361,3.0,100.0,29.80,6.0,7.0,0,0,42837,107.99,0,0,43187,103.79,0,0,3,30.56,0,0,3,30.75
1785717038.361,3.7,78.0,29.80,6.0,0.0,0,0,42837,107.90,0,0,43187,103.89,0,0,3,30.55,0,0,3,30.75
1785717039.362,3.0,100.0,29.80,8.0,3.0,0,0,42837,107.88,0,0,43187,103.84,0,0,3,30.51,0,0,3,30.70
1785717040.362,1.8,100.0,29.79,5.0,6.0,0,0,42837,107.91,0,0,43187,103.83,0,0,3,30.51,0,0,3,30.65
1785717041.362,2.2,100.0,29.78,7.0,3.0,0,0,42837,107.86,0,0,43187,103.88,0,0,3,30.65,0,0,3,30.65
1785717042.362,2.3,68.0,29.77,9.0,0.0,0,0,42837,107.93,0,0,43187,103.84,0,0,3,30.61,0,0,3,30.65
1785717043.362,1.6,100.0,29.77,5.0,2.0,0,0,42837,107.99,0,0,43187,103.84,0,0,3,30.61,0,0,3,30.65
1785717044.362,1.8,74.0,29.77,8.0,3.0,0,0,42837,107.95,0,0,43187,103.88,0,0,3,30.66,0,0,3,30.65
1785717045.362,1.9,100.0,29.78,6.0,7.0,0,0,42837,107.95,0,0,43187,103.83,0,0,3,30.51,0,0,3,30.80
1785717046.362,1.7,100.0,29.78,5.0,2.0,0,0,42837,107.97,0,0,43187,103.79,0,0,3,30.51,0,0,3,30.89
1785717047.362,1.6,100.0,29.77,8.0,1.0,0,0,42837,107.96,0,0,43187,103.84,0,0,3,30.55,0,0,3,30.75
1785717048.363,3.7,64.0,29.77,6.0,2.0,0,0,42837,107.93,0,0,43187,103.83,0,0,3,30.55,0,0,3,30.70
1785717049.363,2.6,100.0,29.77,8.0,0.0,0,0,42837,107.88,0,0,43187,103.88,0,0,3,30.50,0,0,3,30.74
1785717050.363,1.8,71.0,29.78,7.0,5.0,0,0,42837,107.91,0,0,43187,103.88,0,0,3,30.45,0,0,3,30.73
1785717051.363,1.8,100.0,29.78,6.0,4.0,0,0,42837,107.96,0,0,43187,103.83,0,0,3,30.50,0,0,3,30.68
1785717052.363,2.1,100.0,29.77,7.0,13.0,0,0,42837,107.93,0,0,43187,103.83,0,0,3,30.60,0,0,3,30.70
1785717053.363,1.7,100.0,29.77,5.0,8.0,0,0,42837,107.93,0,0,43187,103.83,0,0,3,30.65,0,0,3,30.74
1785717054.363,2.5,60.6,29.77,7.0,4.0,0,0,42837,107.94,0,0,43187,103.80,0,0,3,30.60,0,0,3,30.68
1785717055.363,1.8,100.0,29.77,6.0,8.0,0,0,42837,107.96,0,0,43187,103.75,0,0,3,30.65,0,0,3,30.64
1785717056.363,2.2,68.0,29.76,9.0,11.0,0,0,42837,107.94,0,0,43187,103.78,0,0,3,30.64,0,0,3,30.64
1785717057.363,1.5,100.0,29.77,4.0,5.0,0,0,42837,107.96,0,0,43187,103.84,0,0,3,30.65,0,0,3,30.60
1785717058.364,2.0,100.0,29.77,8.0,5.0,0,0,42837,107.91,0,0,43187,103.88,0,0,3,30.65,0,0,3,30.65
1785717059.364,2.1,100.0,29.79,5.0,4.0,0,0,42837,107.93,0,0,43187,103.93,0,0,3,30.66,0,0,3,30.70
1785717060.364,2.2,42.0,29.80,6.0,1.0,0,0,42837,107.98,0,0,43187,103.93,0,0,3,30.60,0,0,3,30.70
1785717061.364,1.9,100.0,29.81,7.0,9.0,0,0,42837,107.90,0,0,43187,103.88,0,0,3,30.60,0,0,3,30.70
1785717062.364,2.1,59.6,29.81,7.0,1.0,0,0,42837,107.93,0,0,43187,103.93,0,0,3,30.61,0,0,3,30.70
1785717063.364,3.0,100.0,29.81,5.0,0.0,0,0,42837,107.96,0,0,43187,103.88,0,0,3,30.45,0,0,3,30.70
1785717064.364,2.8,100.0,29.81,5.0,3.0,0,0,42837,107.96,0,0,43187,103.74,0,0,3,30.50,0,0,3,30.69
1785717065.364,2.1,100.0,29.79,5.0,0.0,0,0,42837,107.98,0,0,43187,103.82,0,0,3,30.64,0,0,3,30.70
1785717066.364,1.8,50.5,29.78,7.0,2.0,0,0,42837,107.93,0,0,43187,103.86,0,0,3,30.60,0,0,3,30.64
1785717067.365,1.6,100.0,29.79,7.0,2.0,0,0,42837,107.93,0,0,43187,103.82,0,0,3,30.50,0,0,3,30.64
1785717068.365,1.7,57.0,29.78,6.0,0.0,0,0,42837,107.94,0,0,43187,103.91,0,0,3,30.55,0,0,3,30.64
1785717069.365,1.6,100.0,29.79,8.0,1.0,0,0,42837,107.99,0,0,43187,103.88,0,0,3,30.55,0,0,3,30.64
1785717070.365,1.8,100.0,29.80,5.0,3.0,0,0,42837,108.00,0,0,43187,103.79,0,0,3,30.50,0,0,3,30.70
1785717071.365,2.5,100.0,29.79,7.0,2.0,0,0,42837,107.98,0,0,43187,103.87,0,0,3,30.46,0,0,3,30.69
1785717072.365,2.4,53.5,29.80,6.0,1.0,0,0,42837,108.01,0,0,43187,103.91,0,0,3,30.45,0,0,3,30.63
1785717073.365,1.9,100.0,29.79,5.0,21.0,0,0,42837,107.97,0,0,43187,103.83,0,0,3,30.50,0,0,3,30.68
1785717074.365,1.9,54.5,29.77,8.0,12.0,0,0,42837,107.97,0,0,43187,104.12,0,0,3,30.55,0,0,3,30.73
1785717075.365,2.2,100.0,29.77,6.0,6.0,0,0,42837,107.96,0,0,43187,104.13,0,0,3,30.50,0,0,3,30.69
1785717076.366,2.8,100.0,29.78,5.0,0.0,0,0,42837,107.91,0,0,43187,103.87,0,0,3,30.50,0,0,3,30.74
1785717077.366,2.0,100.0,29.77,8.0,0.0,0,0,42837,107.91,0,0,43187,103.92,0,0,3,30.55,0,0,3,30.79
1785717078.366,1.7,55.6,29.76,5.0,0.0,0,0,42837,107.96,0,0,43187,103.83,0,0,3,30.51,0,0,3,30.69
1785717079.366,1.5,100.0,29.77,9.0,0.0,0,0,42837,108.01,0,0,43187,103.88,0,0,3,30.45,0,0,3,30.68
1785717080.366,1.7,57.6,29.78,5.0,0.0,0,0,42837,107.96,0,0,43187,103.93,0,0,3,30.45,0,0,3,30.68
1785717081.366,2.3,100.0,29.76,6.0,0.0,0,0,42837,107.91,0,0,43187,103.83,0,0,3,30.45,0,0,3,30.65
1785717082.366,1.9,100.0,29.76,5.0,0.0,0,0,42837,107.91,0,0,43187,103.93,0,0,3,30.45,0,0,3,30.65
1785717083.366,2.0,100.0,29.77,8.0,0.0,0,0,42837,107.86,0,0,43187,103.93,0,0,3,30.45,0,0,3,30.65
1785717084.367,1.6,85.0,29.78,7.0,0.0,0,0,42837,107.96,0,0,43187,103.79,0,0,3,30.45,0,0,3,30.64
1785717085.367,1.7,99.0,29.78,7.0,0.0,0,0,42837,108.07,0,0,43187,103.83,0,0,3,30.40,0,0,3,30.64
1785717086.367,1.5,86.0,29.78,5.0,0.0,0,0,42837,107.97,0,0,43187,103.84,0,0,3,30.45,0,0,3,30.65
1785717087.367,1.8,100.0,29.77,7.0,0.0,0,0,42837,107.96,0,0,43187,103.79,0,0,3,30.50,0,0,3,30.65
1785717088.367,1.6,100.0,29.77,6.0,0.0,0,0,42837,108.01,0,0,43187,103.77,0,0,3,30.50,0,0,3,30.59
1785717089.367,2.2,100.0,29.78,7.0,0.0,0,0,42837,107.96,0,0,43187,103.77,0,0,3,30.50,0,0,3,30.59
1785717090.367,1.7,100.0,29.79,5.0,0.0,0,0,42837,107.91,0,0,43187,103.79,0,0,3,30.60,0,0,3,30.69
1785717091.367,1.9,84.8,29.76,7.0,0.0,0,0,42837,107.93,0,0,43187,103.78,0,0,3,30.55,0,0,3,30.73
1785717092.367,2.3,100.0,29.76,8.0,0.0,0,0,42837,107.93,0,0,43187,103.78,0,0,3,30.40,0,0,3,30.68
1785717093.368,2.0,92.1,29.77,6.0,0.0,0,0,42837,107.91,0,0,43187,103.75,0,0,3,30.45,0,0,3,30.65
1785717094.368,3.0,100.0,29.77,5.0,0.0,0,0,42837,107.91,0,0,43187,103.80,0,0,3,30.45,0,0,3,30.59
1785717095.368,1.8,100.0,29.76,7.0,0.0,0,0,42837,107.91,0,0,43187,103.91,0,0,3,30.50,0,0,3,30.59
1785717096.368,1.5,100.0,29.76,7.0,0.0,0,0,42837,107.91,0,0,43187,103.86,0,0,3,30.50,0,0,3,30.64
1785717097.368,4.8,91.0,29.76,8.0,0.0,0,0,42837,107.93,0,0,43187,103.82,0,0,3,30.40,0,0,3,30.65
1785717098.368,4.4,100.0,29.77,6.0,0.0,0,0,42837,107.88,0,0,43187,103.82,0,0,3,30.45,0,0,3,30.70
1785717099.368,3.9,89.0,29.76,4.0,0.0,0,0,42837,107.91,0,0,43187,103.82,0,0,3,30.55,0,0,3,30.75
1785717100.368,1.5,100.0,29.77,6.0,0.0,0,0,42837,107.96,0,0,43187,103.85,0,0,3,30.50,0,0,3,30.69
1785717101.368,2.3,100.0,29.77,6.0,0.0,0,0,42837,108.01,0,0,43187,103.86,0,0,3,30.45,0,0,3,30.63
1785717102.368,1.5,100.0,29.78,5.0,0.0,0,0,42837,108.06,0,0,43187,103.86,0,0,3,30.59,0,0,3,30.64
1785717103.369,1.8,78.8,29.77,9.0,0.0,0,0,42837,108.01,0,0,43187,103.86,0,0,3,30.64,0,0,3,30.60
1785717104.369,1.6,100.0,29.78,5.0,0.0,0,0,42837,107.96,0,0,43187,103.88,0,0,3,30.55,0,0,3,30.65
1785717105.369,1.8,85.0,29.79,8.0,0.0,0,0,42837,107.96,0,0,43187,103.88,0,0,3,30.55,0,0,3,30.69
1785717106.369,1.7,100.0,29.79,6.0,0.0,0,0,42837,107.93,0,0,43187,103.84,0,0,3,30.50,0,0,3,30.65
1785717107.369,1.6,100.0,29.77,6.0,0.0,0,0,42837,107.89,0,0,43187,103.79,0,0,3,30.45,0,0,3,30.65
1785717108.369,1.6,100.0,29.77,6.0,0.0,0,0,42837,107.97,0,0,43187,103.80,0,0,3,30.50,0,0,3,30.69
1785717109.369,3.4,75.8,29.79,9.0,0.0,0,0,42837,107.96,0,0,43187,103.85,0,0,3,30.51,0,0,3,30.75
1785717110.369,2.8,100.0,29.78,7.0,0.0,0,0,42837,107.97,0,0,43187,103.83,0,0,3,30.46,0,0,3,30.70
1785717111.370,1.7,82.0,29.79,6.0,0.0,0,0,42837,107.99,0,0,43187,104.07,0,0,3,30.50,0,0,3,30.64
1785717112.370,2.0,100.0,29.77,8.0,0.0,0,0,42837,107.93,0,0,43187,104.09,0,0,3,30.50,0,0,3,30.64
1785717113.370,1.9,100.0,29.76,6.0,0.0,0,0,42837,107.96,0,0,43187,103.84,0,0,3,30.45,0,0,3,30.64
1785717114.370,1.9,100.0,29.77,4.0,0.0,0,0,42837,108.01,0,0,43187,103.86,0,0,3,30.50,0,0,3,30.64
1785717115.370,1.5,53.1,29.78,7.0,0.0,0,0,42837,108.01,0,0,43187,103.85,0,0,3,30.51,0,0,3,30.64
1785717116.370,1.8,100.0,29.78,8.0,1.0,0,0,42837,108.01,0,0,43187,103.75,0,0,3,30.46,0,0,3,30.70
1785717117.370,1.6,74.0,29.78,5.0,0.0,0,0,42837,107.96,0,0,43187,103.73,0,0,3,30.45,0,0,3,30.69
1785717118.370,1.9,100.0,29.76,6.0,0.0,0,0,42837,107.91,0,0,43187,103.83,0,0,3,30.50,0,0,3,30.69
1785717119.370,1.9,100.0,29.77,7.0,0.0,0,0,42837,107.97,0,0,43187,103.88,0,0,3,30.55,0,0,3,30.69
1785717120.371,2.2,100.0,29.76,7.0,0.0,0,0,42837,107.97,0,0,43187,103.88,0,0,3,30.45,0,0,3,30.64
1785717121.371,1.7,55.0,29.76,6.0,0.0,0,0,42837,107.86,0,0,43187,103.88,0,0,3,30.50,0,0,3,30.65
1785717122.371,2.0,100.0,29.74,6.0,0.0,0,0,42837,107.86,0,0,43187,103.88,0,0,3,30.55,0,0,3,30.59
1785717123.371,1.5,55.0,29.74,6.0,0.0,0,0,42837,107.96,0,0,43187,103.82,0,0,3,30.45,0,0,3,30.59
1785717124.371,1.8,100.0,29.74,6.0,0.0,0,0,42837,107.97,0,0,43187,103.77,0,0,3,30.45,0,0,3,30.64
1785717125.371,1.5,100.0,29.75,7.0,0.0,0,0,42837,107.93,0,0,43187,103.83,0,0,3,30.40,0,0,3,30.64
1785717126.371,1.8,100.0,29.72,6.0,0.0,0,0,42837,107.88,0,0,43187,103.88,0,0,3,30.40,0,0,3,30.64
1785717127.371,1.5,85.0,29.72,7.0,0.0,0,0,42837,107.93,0,0,43187,103.83,0,0,3,30.45,0,0,3,30.60
1785717128.371,2.4,100.0,29.73,7.0,0.0,0,0,42837,107.96,0,0,43187,103.74,0,0,3,30.45,0,0,3,30.60
1785717129.372,1.9,87.1,29.74,7.0,0.0,0,0,42837,107.88,0,0,43187,103.74,0,0,3,30.46,0,0,3,30.65
1785717130.372,1.8,100.0,29.72,5.0,0.0,0,0,42837,107.90,0,0,43187,103.79,0,0,3,30.45,0,0,3,30.65
1785717131.372,1.7,100.0,29.74,6.0,0.0,0,0,42837,107.94,0,0,43187,103.84,0,0,3,30.45,0,0,3,30.70
1785717132.372,3.8,100.0,29.74,6.0,0.0,0,0,42837,107.92,0,0,43187,103.80,0,0,3,30.46,0,0,3,30.69
1785717133.372,2.9,100.0,29.75,6.0,0.0,0,0,42837,107.91,0,0,43187,103.74,0,0,3,30.50,0,0,3,30.63
1785717134.372,2.0,99.0,29.74,6.0,0.0,0,0,42837,107.91,0,0,43187,103.76,0,0,3,30.55,0,0,3,30.69
1785717135.372,1.8,90.9,29.73,8.0,0.0,0,0,42837,107.88,0,0,43187,103.77,0,0,3,30.50,0,0,3,30.70
1785717136.372,3.3,100.0,29.73,6.0,0.0,0,0,42837,107.83,0,0,43187,103.78,0,0,3,30.45,0,0,3,30.65
1785717137.372,2.1,100.0,29.75,5.0,0.0,0,0,42837,107.86,0,0,43187,103.83,0,0,3,30.45,0,0,3,30.65
1785717138.372,1.5,100.0,29.74,7.0,0.0,0,0,42837,107.91,0,0,43187,103.88,0,0,3,30.45,0,0,3,30.64
1785717139.373,1.8,100.0,29.75,6.0,0.0,0,0,42837,107.96,0,0,43187,103.83,0,0,3,30.45,0,0,3,30.64
1785717140.373,1.5,99.0,29.74,7.0,0.0,0,0,42837,107.97,0,0,43187,103.77,0,0,3,30.45,0,0,3,30.64
1785717141.373,1.7,93.9,29.74,7.0,0.0,0,0,42837,107.94,0,0,43187,103.82,0,0,3,30.45,0,0,3,30.63
1785717142.373,1.9,100.0,29.74,6.0,0.0,0,0,42837,107.93,0,0,43187,103.88,0,0,3,30.46,0,0,3,30.68
1785717143.373,1.7,100.0,29.73,5.0,0.0,0,0,42837,107.96,0,0,43187,103.88,0,0,3,30.45,0,0,3,30.64
1785717144.373,1.7,100.0,29.73,9.0,0.0,0,0,42837,107.96,0,0,43187,103.86,0,0,3,30.45,0,0,3,30.59
1785717145.373,1.9,100.0,29.74,5.0,0.0,0,0,42837,107.98,0,0,43187,103.82,0,0,3,30.45,0,0,3,30.69
1785717146.373,1.8,95.0,29.73,8.0,0.0,0,0,42837,107.98,0,0,43187,103.82,0,0,3,30.50,0,0,3,30.70
1785717147.373,1.5,96.0,29.74,6.0,0.0,0,0,42837,107.93,0,0,43187,103.86,0,0,3,30.55,0,0,3,30.70
1785717148.374,1.8,100.0,29.73,7.0,0.0,0,0,42837,107.93,0,0,43187,103.83,0,0,3,30.50,0,0,3,30.74
1785717149.374,2.2,100.0,29.76,6.0,0.0,0,0,42837,107.91,0,0,43187,103.86,0,0,3,30.45,0,0,3,30.69
1785717150.374,2.0,100.0,29.77,6.0,0.0,0,0,42837,107.91,0,0,43187,103.85,0,0,3,30.45,0,0,3,30.69
1785717151.374,1.8,100.0,29.76,6.0,0.0,0,0,42837,107.86,0,0,43187,103.80,0,0,3,30.45,0,0,3,30.69
1785717152.374,1.8,93.0,29.77,8.0,0.0,0,0,42837,107.86,0,0,43187,103.91,0,0,3,30.45,0,0,3,30.63
1785717153.374,1.5,100.0,29.75,8.0,0.0,0,0,42837,107.88,0,0,43187,103.93,0,0,3,30.45,0,0,3,30.64
1785717154.374,3.0,100.0,29.73,5.0,0.0,0,0,42837,107.89,0,0,43187,103.94,0,0,3,30.50,0,0,3,30.65
1785717155.374,1.9,100.0,29.74,6.0,0.0,0,0,42837,107.93,0,0,43187,103.93,0,0,3,30.55,0,0,3,30.64
1785717156.375,1.8,100.0,29.75,7.0,2.0,0,0,42837,107.86,0,0,43187,103.82,0,0,3,30.50,0,0,3,30.68
1785717157.375,3.2,50.5,29.74,5.0,0.0,0,0,42837,107.81,0,0,43187,103.82,0,0,3,30.45,0,0,3,30.73
1785717158.375,3.7,89.9,29.72,10.0,0.0,0,0,42837,107.86,0,0,43187,103.78,0,0,3,30.45,0,0,3,30.68
1785717159.375,3.1,100.0,29.73,7.0,0.0,0,0,42837,107.88,0,0,43187,103.73,0,0,3,30.45,0,0,3,30.63
1785717160.375,1.8,96.0,29.74,6.0,0.0,0,0,42837,107.90,0,0,43187,103.83,0,0,3,30.50,0,0,3,30.64
1785717161.375,2.4,100.0,29.74,7.0,0.0,0,0,42837,107.93,0,0,43187,103.83,0,0,3,30.50,0,0,3,30.60
1785717162.375,2.0,100.0,29.74,5.0,0.0,0,0,42837,107.86,0,0,43187,103.83,0,0,3,30.45,0,0,3,30.59
1785717163.375,1.6,100.0,29.75,7.0,0.0,0,0,42837,107.88,0,0,43187,103.88,0,0,3,30.45,0,0,3,30.65
1785717164.375,1.9,85.0,29.75,7.0,0.0,0,0,42837,107.88,0,0,43187,103.83,0,0,3,30.45,0,0,3,30.65
1785717165.376,2.2,100.0,29.74,6.0,0.0,0,0,42837,107.91,0,0,43187,103.79,0,0,3,30.40,0,0,3,30.60
1785717166.376,1.8,93.0,29.73,8.0,0.0,0,0,42837,107.96,0,0,43187,103.83,0,0,3,30.35,0,0,3,30.60
1785717167.376,2.7,100.0,29.74,5.0,0.0,0,0,42837,107.96,0,0,43187,103.83,0,0,3,30.40,0,0,3,30.69
1785717168.376,2.6,100.0,29.74,6.0,0.0,0,0,42837,107.97,0,0,43187,103.78,0,0,3,30.45,0,0,3,30.69
1785717169.376,1.9,100.0,29.73,4.0,0.0,0,0,42837,107.92,0,0,43187,103.82,0,0,3,30.45,0,0,3,30.65
1785717170.376,2.9,82.0,29.72,8.0,0.0,0,0,42837,107.93,0,0,43187,103.77,0,0,3,30.55,0,0,3,30.66
1785717171.376,3.7,100.0,29.71,7.0,0.0,0,0,42837,107.88,0,0,43187,103.78,0,0,3,30.55,0,0,3,30.70
1785717172.376,1.7,91.0,29.72,7.0,0.0,0,0,42837,107.88,0,0,43187,103.82,0,0,3,30.45,0,0,3,30.74
1785717173.376,1.6,100.0,29.71,4.0,0.0,0,0,42837,107.94,0,0,43187,103.77,0,0,3,30.55,0,0,3,30.69
1785717174.377,1.8,100.0,29.71,8.0,0.0,0,0,42837,107.97,0,0,43187,103.78,0,0,3,30.55,0,0,3,30.65
1785717175.377,1.6,100.0,29.72,6.0,0.0,0,0,42837,108.01,0,0,43187,103.83,0,0,3,30.50,0,0,3,30.65
1785717176.377,1.9,80.0,29.71,7.0,0.0,0,0,42837,108.01,0,0,43187,103.88,0,0,3,30.55,0,0,3,30.70
1785717177.377,1.8,100.0,29.71,5.0,0.0,0,0,42837,107.97,0,0,43187,103.93,0,0,3,30.50,0,0,3,30.79
1785717178.377,1.9,63.0,29.71,6.0,0.0,0,0,42837,107.93,0,0,43187,103.91,0,0,3,30.46,0,0,3,30.79
1785717179.377,2.0,100.0,29.74,5.0,0.0,0,0,42837,107.97,0,0,43187,103.82,0,0,3,30.45,0,0,3,30.70
1785717180.377,1.8,100.0,29.75,5.0,0.0,0,0,42837,107.97,0,0,43187,104.13,0,0,3,30.45,0,0,3,30.69
1785717181.377,1.8,100.0,29.76,5.0,0.0,0,0,42837,107.91,0,0,43187,104.17,0,0,3,30.50,0,0,3,30.69
1785717182.377,1.8,47.0,29.75,8.0,0.0,0,0,42837,107.91,0,0,43187,103.97,0,0,3,30.50,0,0,3,30.59
1785717183.378,1.8,80.8,29.74,7.0,0.0,0,0,42837,107.97,0,0,43187,103.98,0,0,3,30.45,0,0,3,30.59
1785717184.378,1.4,55.0,29.74,4.0,0.0,0,0,42837,107.98,0,0,43187,103.88,0,0,3,30.45,0,0,3,30.69
1785717185.378,2.1,100.0,29.74,8.0,0.0,0,0,42837,107.87,0,0,43187,103.83,0,0,3,30.55,0,0,3,30.65
1785717186.378,1.5,100.0,29.73,4.0,0.0,0,0,42837,107.86,0,0,43187,103.78,0,0,3,30.56,0,0,3,30.60
1785717187.378,1.7,100.0,29.74,7.0,0.0,0,0,42837,107.94,0,0,43187,103.83,0,0,3,30.45,0,0,3,30.59
1785717188.378,3.6,57.0,29.77,6.0,0.0,0,0,42837,108.01,0,0,43187,103.93,0,0,3,30.45,0,0,3,30.60
1785717189.378,5.5,100.0,29.79,4.0,0.0,0,0,42837,107.99,0,0,43187,103.93,0,0,3,30.45,0,0,3,30.70
1785717190.378,1.8,51.5,29.79,8.0,0.0,0,0,42837,107.97,0,0,43187,103.88,0,0,3,30.40,0,0,3,30.79
1785717191.378,1.6,100.0,29.78,5.0,0.0,0,0,42837,108.01,0,0,43187,103.83,0,0,3,30.41,0,0,3,30.74
1785717192.378,1.7,100.0,29.79,6.0,0.0,0,0,42837,107.96,0,0,43187,103.79,0,0,3,30.50,0,0,3,30.69
1785717193.379,3.0,100.0,29.79,5.0,0.0,0,0,42837,107.91,0,0,43187,103.84,0,0,3,30.50,0,0,3,30.75
1785717194.379,2.1,58.0,29.76,6.0,0.0,0,0,42837,107.96,0,0,43187,103.88,0,0,3,30.46,0,0,3,30.69
1785717195.379,1.8,100.0,29.77,5.0,0.0,0,0,42837,107.96,0,0,43187,103.88,0,0,3,30.46,0,0,3,30.64
1785717196.379,3.1,51.5,29.77,8.0,0.0,0,0,42837,107.97,0,0,43187,103.88,0,0,3,30.45,0,0,3,30.64
1785717197.379,2.1,70.0,29.78,4.0,1.0,0,0,42837,108.04,0,0,43187,103.84,0,0,3,30.45,0,0,3,30.64
1785717198.379,1.5,100.0,29.76,7.0,0.0,0,0,42837,107.97,0,0,43187,103.84,0,0,3,30.45,0,0,3,30.65
1785717199.379,1.6,100.0,29.77,6.0,0.0,0,0,42837,107.91,0,0,43187,103.88,0,0,3,30.45,0,0,3,30.65
1785717200.379,1.6,61.0,29.77,6.0,0.0,0,0,42837,107.91,0,0,43187,103.85,0,0,3,30.51,0,0,3,30.59
1785717201.380,2.2,100.0,29.77,5.0,0.0,0,0,42837,107.91,0,0,43187,103.90,0,0,3,30.51,0,0,3,30.59
1785717202.380,2.8,100.0,29.76,5.0,0.0,0,0,42837,107.91,0,0,43187,103.86,0,0,3,30.45,0,0,3,30.64
1785717203.380,3.2,100.0,29.76,5.0,0.0,0,0,42837,107.91,0,0,43187,103.82,0,0,3,30.45,0,0,3,30.59
1785717204.380,1.6,100.0,29.76,6.0,0.0,0,0,42837,107.91,0,0,43187,103.91,0,0,3,30.50,0,0,3,30.60
1785717205.380,1.6,100.0,29.76,4.0,0.0,0,0,42837,107.96,0,0,43187,103.91,0,0,3,30.50,0,0,3,30.70
1785717206.380,1.7,63.0,29.74,5.0,0.0,0,0,42837,107.96,0,0,43187,103.88,0,0,3,30.45,0,0,3,30.74
1785717207.380,1.9,100.0,29.73,7.0,0.0,0,0,42837,107.97,0,0,43187,103.89,0,0,3,30.45,0,0,3,30.74
1785717208.380,1.8,57.4,29.74,8.0,0.0,0,0,42837,107.94,0,0,43187,103.88,0,0,3,30.45,0,0,3,30.70
1785717209.380,1.9,100.0,29.74,5.0,0.0,0,0,42837,107.90,0,0,43187,103.98,0,0,3,30.46,0,0,3,30.65
1785717210.380,2.4,100.0,29.76,6.0,0.0,0,0,42837,107.93,0,0,43187,104.03,0,0,3,30.46,0,0,3,30.65
1785717211.381,1.7,100.0,29.75,7.0,0.0,0,0,42837,107.91,0,0,43187,103.88,0,0,3,30.46,0,0,3,30.64
1785717212.381,1.9,66.7,29.76,4.0,0.0,0,0,42837,107.88,0,0,43187,103.83,0,0,3,30.45,0,0,3,30.65
1785717213.381,1.5,100.0,29.74,10.0,0.0,0,0,42837,107.88,0,0,43187,103.88,0,0,3,30.46,0,0,3,30.65
1785717214.381,2.7,61.0,29.73,4.0,0.0,0,0,42837,107.91,0,0,43187,103.88,0,0,3,30.46,0,0,3,30.65
1785717215.381,2.6,100.0,29.72,8.0,0.0,0,0,42837,107.97,0,0,43187,103.88,0,0,3,30.46,0,0,3,30.60
1785717216.381,2.3,100.0,29.73,6.0,0.0,0,0,42837,107.99,0,0,43187,103.88,0,0,3,30.46,0,0,3,30.64
1785717217.381,3.0,100.0,29.73,7.0,0.0,0,0,42837,107.93,0,0,43187,103.88,0,0,3,30.46,0,0,3,30.74
1785717218.381,3.7,40.4,29.73,6.0,0.0,0,0,42837,107.93,0,0,43187,103.83,0,0,3,30.46,0,0,3,30.75
1785717219.381,3.0,100.0,29.73,7.0,0.0,0,0,42837,107.95,0,0,43187,103.78,0,0,3,30.45,0,0,3,30.75
1785717220.382,2.2,82.2,29.74,6.0,0.0,0,0,42837,107.95,0,0,43187,103.84,0,0,3,30.45,0,0,3,30.70
1785717221.382,1.8,100.0,29.78,7.0,0.0,0,0,42837,107.95,0,0,43187,103.89,0,0,3,30.45,0,0,3,30.65
1785717222.382,2.2,100.0,29.76,4.0,0.0,0,0,42837,107.95,0,0,43187,103.88,0,0,3,30.45,0,0,3,30.70
1785717223.382,1.5,100.0,29.77,8.0,0.0,0,0,42837,107.93,0,0,43187,103.83,0,0,3,30.40,0,0,3,30.65
1785717224.382,2.0,92.1,29.78,6.0,0.0,0,0,42837,107.97,0,0,43187,103.83,0,0,3,30.41,0,0,3,30.60
1785717225.382,1.7,100.0,29.77,6.0,0.0,0,0,42837,107.97,0,0,43187,103.88,0,0,3,30.41,0,0,3,30.70
1785717226.382,2.0,91.1,29.79,8.0,0.0,0,0,42837,107.93,0,0,43187,104.18,0,0,3,30.36,0,0,3,30.70
1785717227.382,1.8,100.0,29.78,6.0,0.0,0,0,42837,107.95,0,0,43187,104.13,0,0,3,30.41,0,0,3,30.70
1785717228.382,1.7,100.0,29.79,6.0,0.0,0,0,42837,107.95,0,0,43187,103.83,0,0,3,30.46,0,0,3,30.70
1785717229.382,1.7,100.0,29.78,8.0,0.0,0,0,42837,107.98,0,0,43187,103.83,0,0,3,30.45,0,0,3,30.65
1785717230.383,1.5,100.0,29.78,6.0,1.0,0,0,42837,107.96,0,0,43187,103.79,0,0,3,30.45,0,0,3,30.65
1785717231.383,3.1,79.8,29.77,6.0,2.0,0,0,42837,107.93,0,0,43187,103.83,0,0,3,30.51,0,0,3,30.66
1785717232.383,3.5,100.0,29.76,8.0,3.0,0,0,42837,107.99,0,0,43187,103.88,0,0,3,30.52,0,0,3,30.66
1785717233.383,1.9,86.0,29.77,5.0,4.0,0,0,42837,108.01,0,0,43187,103.89,0,0,3,30.41,0,0,3,30.65
1785717234.383,1.6,100.0,29.79,6.0,2.0,0,0,42837,107.99,0,0,43187,103.93,0,0,3,30.35,0,0,3,30.65
1785717235.383,2.1,100.0,29.77,7.0,5.0,0,0,42837,107.96,0,0,43187,103.93,0,0,3,30.40,0,0,3,30.65
1785717236.383,2.8,100.0,29.78,6.0,0.0,0,0,42837,107.93,0,0,43187,103.94,0,0,3,30.45,0,0,3,30.65
1785717237.383,2.8,100.0,29.79,4.0,1.0,0,0,42837,107.93,0,0,43187,103.99,0,0,3,30.46,0,0,3,30.65
1785717238.383,1.9,100.0,29.79,6.0,2.0,0,0,42837,108.02,0,0,43187,103.93,0,0,3,30.51,0,0,3,30.65
1785717239.384,2.0,76.0,29.81,7.0,1.0,0,0,42837,108.04,0,0,43187,103.88,0,0,3,30.51,0,0,3,30.65
1785717240.384,2.0,100.0,29.83,5.0,3.0,0,0,42837,107.93,0,0,43187,103.93,0,0,3,30.46,0,0,3,30.70
1785717241.384,1.8,100.0,29.81,7.0,0.0,0,0,42837,107.93,0,0,43187,103.93,0,0,3,30.45,0,0,3,30.75
1785717242.384,2.2,100.0,29.79,6.0,0.0,0,0,42837,108.04,0,0,43187,103.88,0,0,3,30.46,0,0,3,30.70
1785717243.384,1.7,52.0,29.78,6.0,3.0,0,0,42837,108.04,0,0,43187,103.93,0,0,3,30.51,0,0,3,30.70
1785717244.384,2.3,100.0,29.76,6.0,1.0,0,0,42837,107.95,0,0,43187,103.93,0,0,3,30.50,0,0,3,30.75
1785717245.384,1.6,53.0,29.76,7.0,1.0,0,0,42837,108.02,0,0,43187,103.89,0,0,3,30.51,0,0,3,30.70
1785717246.384,1.9,100.0,29.76,7.0,3.0,0,0,42837,108.01,0,0,43187,103.93,0,0,3,30.46,0,0,3,30.60
1785717247.384,1.5,100.0,29.76,6.0,2.0,0,0,42837,107.91,0,0,43187,103.98,0,0,3,30.45,0,0,3,30.55
1785717248.385,1.9,100.0,29.76,6.0,5.0,0,0,42837,107.98,0,0,43187,103.93,0,0,3,30.45,0,0,3,30.65
1785717249.385,1.7,56.6,29.75,8.0,4.0,0,0,42837,108.00,0,0,43187,103.88,0,0,3,30.36,0,0,3,30.65
1785717250.385,1.7,100.0,29.75,7.0,1.0,0,0,42837,107.96,0,0,43187,103.88,0,0,3,30.41,0,0,3,30.60
1785717251.385,1.6,50.0,29.75,6.0,1.0,0,0,42837,107.96,0,0,43187,103.88,0,0,3,30.46,0,0,3,30.60
1785717252.385,2.0,100.0,29.74,6.0,1.0,0,0,42837,107.93,0,0,43187,103.89,0,0,3,30.45,0,0,3,30.65
1785717253.385,1.9,100.0,29.74,6.0,1.0,0,0,42837,107.98,0,0,43187,103.89,0,0,3,30.45,0,0,3,30.69
1785717254.385,2.8,100.0,29.74,6.0,0.0,0,0,42837,108.05,0,0,43187,103.88,0,0,3,30.51,0,0,3,30.65
1785717255.385,1.9,59.4,29.74,7.0,0.0,0,0,42837,108.04,0,0,43187,103.88,0,0,3,30.52,0,0,3,30.69
1785717256.386,3.2,100.0,29.75,7.0,0.0,0,0,42837,108.04,0,0,43187,103.89,0,0,3,30.47,0,0,3,30.69
1785717257.386,2.2,53.0,29.76,7.0,2.0,0,0,42837,108.01,0,0,43187,103.90,0,0,3,30.46,0,0,3,30.65
1785717258.386,2.0,100.0,29.76,6.0,3.0,0,0,42837,107.99,0,0,43187,103.90,0,0,3,30.45,0,0,3,30.65
1785717259.386,1.8,100.0,29.78,6.0,2.0,0,0,42837,108.03,0,0,43187,103.88,0,0,3,30.51,0,0,3,30.60
1785717260.386,1.5,100.0,29.78,5.0,0.0,0,0,42837,108.00,0,0,43187,103.88,0,0,3,30.52,0,0,3,30.60
1785717261.386,2.0,63.0,29.77,7.0,3.0,0,0,42837,107.97,0,0,43187,103.83,0,0,3,30.46,0,0,3,30.60
1785717262.386,2.3,100.0,29.79,7.0,1.0,0,0,42837,108.02,0,0,43187,103.83,0,0,3,30.50,0,0,3,30.65
1785717263.386,1.8,56.0,29.80,8.0,1.0,0,0,42837,108.00,0,0,43187,103.88,0,0,3,30.51,0,0,3,30.70
1785717264.386,1.6,100.0,29.78,6.0,4.0,0,0,42837,107.96,0,0,43187,103.83,0,0,3,30.46,0,0,3,30.65
1785717265.386,1.8,100.0,29.78,6.0,1.0,0,0,42837,107.93,0,0,43187,103.83,0,0,3,30.51,0,0,3,30.69
1785717266.387,1.6,100.0,29.79,6.0,6.0,0,0,42837,107.91,0,0,43187,103.88,0,0,3,30.50,0,0,3,30.69
1785717267.387,1.9,65.0,29.77,6.0,0.0,0,0,42837,107.93,0,0,43187,103.88,0,0,3,30.45,0,0,3,30.65
1785717268.387,1.7,100.0,29.77,8.0,3.0,0,0,42837,107.93,0,0,43187,103.83,0,0,3,30.50,0,0,3,30.70
1785717269.387,2.6,64.4,29.79,7.0,0.0,0,0,42837,107.95,0,0,43187,103.78,0,0,3,30.56,0,0,3,30.75
1785717270.387,2.0,100.0,29.80,5.0,0.0,0,0,42837,107.96,0,0,43187,103.84,0,0,3,30.56,0,0,3,30.70
1785717271.387,3.4,100.0,29.77,7.0,1.0,0,0,42837,107.93,0,0,43187,103.87,0,0,3,30.50,0,0,3,30.69
1785717272.387,3.0,100.0,29.76,3.0,9.0,0,0,42837,107.92,0,0,43187,103.79,0,0,3,30.45,0,0,3,30.69
1785717273.387,1.9,93.1,29.76,7.0,0.0,0,0,42837,107.98,0,0,43187,103.76,0,0,3,30.50,0,0,3,30.69
1785717274.387,2.4,100.0,29.77,5.0,5.0,0,0,42837,108.02,0,0,43187,103.84,0,0,3,30.45,0,0,3,30.64
1785717275.388,2.7,87.0,29.75,8.0,0.0,0,0,42837,107.99,0,0,43187,103.84,0,0,3,30.45,0,0,3,30.60
1785717276.388,2.3,100.0,29.76,7.0,1.0,0,0,42837,108.00,0,0,43187,103.83,0,0,3,30.51,0,0,3,30.65
1785717277.388,3.2,100.0,29.75,5.0,2.0,0,0,42837,107.97,0,0,43187,103.88,0,0,3,30.46,0,0,3,30.69
1785717278.388,3.8,100.0,29.74,7.0,0.0,0,0,42837,107.93,0,0,43187,103.88,0,0,3,30.50,0,0,3,30.69
1785717279.388,3.0,97.0,29.74,5.0,2.0,0,0,42837,107.95,0,0,43187,103.88,0,0,3,30.50,0,0,3,30.70
1785717280.388,1.6,100.0,29.74,8.0,0.0,0,0,42837,107.93,0,0,43187,103.88,0,0,3,30.45,0,0,3,30.75
1785717281.388,2.2,96.0,29.75,5.0,1.0,0,0,42837,107.97,0,0,43187,103.84,0,0,3,30.45,0,0,3,30.65
1785717282.388,1.6,100.0,29.76,7.0,1.0,0,0,42837,108.02,0,0,43187,103.83,0,0,3,30.45,0,0,3,30.55
1785717283.388,1.7,100.0,29.74,7.0,1.0,0,0,42837,107.96,0,0,43187,103.83,0,0,3,30.45,0,0,3,30.60
1785717284.389,1.6,100.0,29.75,5.0,0.0,0,0,42837,107.93,0,0,43187,103.83,0,0,3,30.59,0,0,3,30.64
1785717285.389,1.6,100.0,29.74,8.0,1.0,0,0,42837,107.97,0,0,43187,103.83,0,0,3,30.64,0,0,3,30.64
1785717286.389,2.1,73.7,29.72,6.0,2.0,0,0,42837,107.98,0,0,43187,103.74,0,0,3,30.55,0,0,3,30.64
1785717287.389,1.6,100.0,29.72,7.0,5.0,0,0,42837,107.93,0,0,43187,103.79,0,0,3,30.51,0,0,3,30.70
1785717288.389,1.9,80.2,29.72,6.0,0.0,0,0,42837,107.88,0,0,43187,103.83,0,0,3,30.46,0,0,3,30.70
1785717289.389,1.6,100.0,29.71,6.0,0.0,0,0,42837,107.88,0,0,43187,103.78,0,0,3,30.50,0,0,3,30.64
1785717290.389,2.3,100.0,29.72,6.0,4.0,0,0,42837,107.86,0,0,43187,103.78,0,0,3,30.50,0,0,3,30.59
1785717291.389,2.0,100.0,29.73,6.0,4.0,0,0,42837,107.86,0,0,43187,103.83,0,0,3,30.46,0,0,3,30.60
1785717292.389,2.2,70.0,29.74,7.0,1.0,0,0,42837,107.94,0,0,43187,103.84,0,0,3,30.46,0,0,3,30.65
1785717293.390,3.8,100.0,29.76,7.0,0.0,0,0,42837,107.94,0,0,43187,103.84,0,0,3,30.45,0,0,3,30.64
1785717294.390,1.8,78.0,29.76,7.0,3.0,0,0,42837,108.01,0,0,43187,103.84,0,0,3,30.45,0,0,3,30.69
1785717295.390,1.7,100.0,29.77,6.0,2.0,0,0,42837,108.02,0,0,43187,103.79,0,0,3,30.50,0,0,3,30.69
1785717296.390,1.5,100.0,29.77,7.0,0.0,0,0,42837,107.93,0,0,43187,103.87,0,0,3,30.51,0,0,3,30.65
1785717297.390,2.4,100.0,29.74,5.0,8.0,0,0,42837,107.91,0,0,43187,103.90,0,0,3,30.46,0,0,3,30.69
1785717298.390,1.9,67.0,29.74,6.0,9.0,0,0,42837,107.94,0,0,43187,103.82,0,0,3,30.45,0,0,3,30.69
1785717299.390,2.5,100.0,29.76,8.0,8.0,0,0,42837,107.96,0,0,43187,103.79,0,0,3,30.50,0,0,3,30.65
1785717300.390,2.3,69.3,29.78,6.0,9.0,0,0,42837,107.93,0,0,43187,103.77,0,0,3,30.50,0,0,3,30.65
1785717301.390,1.9,100.0,29.80,7.0,3.0,0,0,42837,107.88,0,0,43187,103.82,0,0,3,30.50,0,0,3,30.65
1785717302.391,2.1,100.0,29.77,7.0,14.0,0,0,42837,107.88,0,0,43187,103.91,0,0,3,30.55,0,0,3,30.65
1785717303.391,2.1,100.0,29.79,4.0,13.0,0,0,42837,107.88,0,0,43187,103.82,0,0,3,30.50,0,0,3,30.65
1785717304.391,1.9,59.0,29.78,8.0,18.0,0,0,42837,107.88,0,0,43187,103.73,0,0,3,30.45,0,0,3,30.65
1785717305.391,2.8,100.0,29.79,7.0,17.0,0,0,42837,107.91,0,0,43187,103.79,0,0,3,30.40,0,0,3,30.59
1785717306.391,4.1,100.0,29.78,6.0,17.0,0,0,42837,107.88,0,0,43187,103.79,0,0,3,30.35,0,0,3,30.60
1785717307.391,3.6,100.0,29.78,5.0,22.0,0,0,42837,107.88,0,0,43187,103.78,0,0,3,30.40,0,0,3,30.65
1785717308.391,2.2,100.0,29.79,7.0,18.0,0,0,42837,107.91,0,0,43187,103.78,0,0,3,30.45,0,0,3,30.64
1785717309.391,2.0,100.0,29.78,5.0,16.0,0,0,42837,107.86,0,0,43187,103.78,0,0,3,30.45,0,0,3,30.63
1785717310.391,1.9,75.0,29.79,8.0,18.0,0,0,42837,107.86,0,0,43187,103.78,0,0,3,30.45,0,0,3,30.64
1785717311.391,2.1,100.0,29.77,8.0,16.0,0,0,42837,107.86,0,0,43187,103.83,0,0,3,30.50,0,0,3,30.70
1785717312.392,2.1,77.8,29.77,7.0,15.0,0,0,42837,107.81,0,0,43187,103.78,0,0,3,30.55,0,0,3,30.75
1785717313.392,2.1,100.0,29.76,7.0,15.0,0,0,42837,107.78,0,0,43187,103.69,0,0,3,30.55,0,0,3,30.69
1785717314.392,3.1,85.1,29.75,6.0,8.0,0,0,42837,107.78,0,0,43187,103.72,0,0,3,30.50,0,0,3,30.65
1785717315.392,2.3,100.0,29.76,5.0,2.0,0,0,42837,107.88,0,0,43187,103.72,0,0,3,30.50,0,0,3,30.65
1785717316.392,4.1,100.0,29.77,6.0,6.0,0,0,42837,107.88,0,0,43187,103.77,0,0,3,30.50,0,0,3,30.69
1785717317.392,2.0,97.0,29.78,10.0,4.0,0,0,42837,107.86,0,0,43187,103.82,0,0,3,30.45,0,0,3,30.68
1785717318.392,1.8,97.0,29.80,4.0,0.0,0,0,42837,107.96,0,0,43187,103.77,0,0,3,30.50,0,0,3,30.68
1785717319.392,1.5,100.0,29.81,7.0,3.0,0,0,42837,107.97,0,0,43187,103.77,0,0,3,30.50,0,0,3,30.69
1785717320.393,2.0,100.0,29.80,7.0,6.0,0,0,42837,107.93,0,0,43187,103.78,0,0,3,30.50,0,0,3,30.64
1785717321.393,1.7,100.0,29.80,7.0,4.0,0,0,42837,107.91,0,0,43187,103.77,0,0,3,30.50,0,0,3,30.63
1785717322.393,2.2,100.0,29.80,6.0,5.0,0,0,42837,107.91,0,0,43187,103.77,0,0,3,30.45,0,0,3,30.64
1785717323.393,2.2,92.9,29.80,6.0,6.0,0,0,42837,107.86,0,0,43187,103.78,0,0,3,30.45,0,0,3,30.65
1785717324.393,1.7,100.0,29.81,7.0,0.0,0,0,42837,107.86,0,0,43187,103.68,0,0,3,30.45,0,0,3,30.65
1785717325.393,2.0,99.0,29.81,8.0,26.0,0,0,42837,107.91,0,0,43187,103.67,0,0,3,30.45,0,0,3,30.64
1785717326.393,1.8,100.0,29.81,7.0,7.0,0,0,42837,107.91,0,0,43187,103.82,0,0,3,30.50,0,0,3,30.59
1785717327.393,1.6,100.0,29.80,6.0,0.0,0,0,42837,107.91,0,0,43187,103.83,0,0,3,30.50,0,0,3,30.65
1785717328.393,1.9,100.0,29.81,6.0,0.0,0,0,42837,107.88,0,0,43187,103.78,0,0,3,30.45,0,0,3,30.75
1785717329.393,2.1,89.9,29.82,5.0,2.0,0,0,42837,107.78,0,0,43187,103.73,0,0,3,30.45,0,0,3,30.79
1785717330.394,1.8,100.0,29.80,8.0,2.0,0,0,42837,107.83,0,0,43187,103.73,0,0,3,30.45,0,0,3,30.78
1785717331.394,2.0,98.0,29.80,6.0,1.0,0,0,42837,107.88,0,0,43187,103.80,0,0,3,30.50,0,0,3,30.68
1785717332.394,1.6,100.0,29.81,7.0,0.0,0,0,42837,107.81,0,0,43187,104.04,0,0,3,30.50,0,0,3,30.64
1785717333.394,2.0,66.3,29.82,5.0,15.0,0,0,42837,107.83,0,0,43187,103.98,0,0,3,30.45,0,0,3,30.69
1785717334.394,1.7,100.0,29.82,6.0,6.0,0,0,42837,107.88,0,0,43187,103.83,0,0,3,30.45,0,0,3,30.65
1785717335.394,2.7,86.1,29.78,8.0,1.0,0,0,42837,107.96,0,0,43187,103.88,0,0,3,30.50,0,0,3,30.65
1785717336.394,3.3,100.0,29.77,6.0,6.0,0,0,42837,107.96,0,0,43187,103.83,0,0,3,30.45,0,0,3,30.69
1785717337.394,3.0,88.0,29.77,8.0,0.0,0,0,42837,107.86,0,0,43187,103.82,0,0,3,30.40,0,0,3,30.59
1785717338.395,3.7,100.0,29.78,6.0,2.0,0,0,42837,107.83,0,0,43187,103.72,0,0,3,30.45,0,0,3,30.59
1785717339.395,3.4,100.0,29.78,6.0,0.0,0,0,42837,107.83,0,0,43187,103.69,0,0,3,30.45,0,0,3,30.64
1785717340.395,6.6,100.0,29.78,6.0,389.0,0,0,42837,107.82,0,0,43187,103.73,0,0,3,30.45,0,0,3,30.65
1785717341.395,3.2,100.0,29.79,6.0,15.0,0,0,42837,107.82,0,0,43187,103.78,0,0,3,30.50,0,0,3,30.64
1785717342.395,2.8,100.0,29.80,8.0,6.0,0,0,42837,107.81,0,0,43187,103.73,0,0,3,30.50,0,0,3,30.64
1785717343.395,1.9,57.0,29.78,6.0,3.0,0,0,42837,107.78,0,0,43187,103.68,0,0,3,30.41,0,0,3,30.65
1785717344.395,1.5,100.0,29.80,7.0,0.0,0,0,42837,107.83,0,0,43187,103.74,0,0,3,30.41,0,0,3,30.65
1785717345.395,1.9,100.0,29.81,7.0,9.0,0,0,42837,107.86,0,0,43187,103.82,0,0,3,30.45,0,0,3,30.65
1785717346.395,2.1,100.0,29.81,7.0,5.0,0,0,42837,107.76,0,0,43187,103.82,0,0,3,30.45,0,0,3,30.65
1785717347.396,1.5,71.7,29.79,6.0,1.0,0,0,42837,107.81,0,0,43187,104.09,0,0,3,30.45,0,0,3,30.65
1785717348.396,1.8,100.0,29.78,7.0,0.0,0,0,42837,107.88,0,0,43187,104.04,0,0,3,30.45,0,0,3,30.64
1785717349.396,1.7,65.0,29.79,7.0,5.0,0,0,42837,107.84,0,0,43187,103.88,0,0,3,30.45,0,0,3,30.60
1785717350.396,1.8,100.0,29.79,7.0,2.0,0,0,42837,107.85,0,0,43187,103.93,0,0,3,30.45,0,0,3,30.55
1785717351.396,1.8,100.0,29.79,4.0,0.0,0,0,42837,107.83,0,0,43187,103.72,0,0,3,30.45,0,0,3,30.59
1785717352.396,1.8,100.0,29.78,6.0,2.0,0,0,42837,107.81,0,0,43187,103.72,0,0,3,30.45,0,0,3,30.68
1785717353.396,1.7,74.7,29.79,8.0,1.0,0,0,42837,107.81,0,0,43187,103.78,0,0,3,30.40,0,0,3,30.69
1785717354.396,4.0,100.0,29.80,8.0,0.0,0,0,42837,107.81,0,0,43187,103.79,0,0,3,30.45,0,0,3,30.65
1785717355.396,3.0,68.3,29.81,7.0,2.0,0,0,42837,107.83,0,0,43187,103.75,0,0,3,30.50,0,0,3,30.65
1785717356.397,1.7,100.0,29.80,6.0,3.0,0,0,42837,107.83,0,0,43187,103.66,0,0,3,30.45,0,0,3,30.59
1785717357.397,1.6,100.0,29.80,5.0,0.0,0,0,42837,107.81,0,0,43187,103.66,0,0,3,30.45,0,0,3,30.58
1785717358.397,2.0,100.0,29.80,6.0,2.0,0,0,42837,107.83,0,0,43187,103.74,0,0,3,30.50,0,0,3,30.69
1785717359.397,2.0,77.8,29.81,7.0,0.0,0,0,42837,107.95,0,0,43187,103.79,0,0,3,30.45,0,0,3,30.70
1785717360.397,1.9,100.0,29.81,8.0,0.0,0,0,42837,107.96,0,0,43187,103.74,0,0,3,30.45,0,0,3,30.65
1785717361.397,1.7,71.0,29.81,4.0,1.0,0,0,42837,107.84,0,0,43187,103.88,0,0,3,30.50,0,0,3,30.64
1785717362.397,2.0,100.0,29.81,6.0,6.0,0,0,42837,107.81,0,0,43187,103.93,0,0,3,30.45,0,0,3,30.64
1785717363.397,1.7,100.0,29.80,6.0,6.0,0,0,42837,107.81,0,0,43187,103.98,0,0,3,30.41,0,0,3,30.64
1785717364.397,1.8,100.0,29.81,5.0,2.0,0,0,42837,107.84,0,0,43187,103.93,0,0,3,30.35,0,0,3,30.64
1785717365.398,1.7,80.2,29.79,8.0,11.0,0,0,42837,107.86,0,0,43187,103.77,0,0,3,30.40,0,0,3,30.65
1785717366.398,2.4,100.0,29.79,6.0,6.0,0,0,42837,107.85,0,0,43187,103.77,0,0,3,30.40,0,0,3,30.65
1785717367.398,1.7,74.3,29.81,5.0,10.0,0,0,42837,107.85,0,0,43187,103.70,0,0,3,30.40,0,0,3,30.64
1785717368.398,1.8,100.0,29.82,7.0,1.0,0,0,42837,107.83,0,0,43187,103.65,0,0,3,30.45,0,0,3,30.64
1785717369.398,1.6,100.0,29.80,4.0,2.0,0,0,42837,107.81,0,0,43187,103.65,0,0,3,30.45,0,0,3,30.65
1785717370.398,1.9,100.0,29.80,8.0,8.0,0,0,42837,107.81,0,0,43187,103.79,0,0,3,30.45,0,0,3,30.65
1785717371.398,2.4,83.0,29.80,5.0,11.0,0,0,42837,107.78,0,0,43187,103.78,0,0,3,30.46,0,0,3,30.65
1785717372.398,1.6,100.0,29.80,6.0,2.0,0,0,42837,107.75,0,0,43187,103.68,0,0,3,30.46,0,0,3,30.65
1785717373.398,1.8,76.2,29.80,6.0,1.0,0,0,42837,107.79,0,0,43187,103.69,0,0,3,30.41,0,0,3,30.60
1785717374.398,1.8,100.0,29.79,7.0,0.0,0,0,42837,107.78,0,0,43187,103.70,0,0,3,30.45,0,0,3,30.60
1785717375.399,3.9,100.0,29.79,3.0,5.0,0,0,42837,107.79,0,0,43187,103.75,0,0,3,30.50,0,0,3,30.65
1785717376.399,4.2,100.0,29.80,4.0,6.0,0,0,42837,107.85,0,0,43187,103.79,0,0,3,30.50,0,0,3,30.60
1785717377.399,2.0,85.1,29.80,7.0,1.0,0,0,42837,107.83,0,0,43187,103.74,0,0,3,30.45,0,0,3,30.60
1785717378.399,1.7,99.0,29.81,4.0,1.0,0,0,42837,107.83,0,0,43187,103.70,0,0,3,30.41,0,0,3,30.70
1785717379.399,1.7,86.9,29.82,7.0,5.0,0,0,42837,107.88,0,0,43187,103.64,0,0,3,30.41,0,0,3,30.65
1785717380.399,1.7,70.3,29.81,5.0,2.0,0,0,42837,107.81,0,0,43187,103.59,0,0,3,30.41,0,0,3,30.64
1785717381.399,1.6,84.8,29.81,6.0,2.0,0,0,42837,107.76,0,0,43187,103.93,0,0,3,30.41,0,0,3,30.69
1785717382.399,2.2,100.0,29.81,7.0,9.0,0,0,42837,107.83,0,0,43187,103.98,0,0,3,30.41,0,0,3,30.65
1785717383.399,1.5,100.0,29.81,5.0,0.0,0,0,42837,107.83,0,0,43187,103.68,0,0,3,30.45,0,0,3,30.64
1785717384.400,1.8,84.2,29.80,6.0,3.0,0,0,42837,107.83,0,0,43187,103.68,0,0,3,30.46,0,0,3,30.64
1785717385.400,1.7,100.0,29.79,7.0,12.0,0,0,42837,107.84,0,0,43187,103.64,0,0,3,30.41,0,0,3,30.65
1785717386.400,1.7,85.9,29.80,6.0,6.0,0,0,42837,107.83,0,0,43187,103.59,0,0,3,30.46,0,0,3,30.65
1785717387.400,2.3,100.0,29.81,4.0,2.0,0,0,42837,107.74,0,0,43187,103.59,0,0,3,30.50,0,0,3,30.65
1785717388.400,1.7,100.0,29.81,7.0,12.0,0,0,42837,107.74,0,0,43187,103.64,0,0,3,30.45,0,0,3,30.65
1785717389.400,2.4,100.0,29.83,6.0,6.0,0,0,42837,107.83,0,0,43187,103.74,0,0,3,30.45,0,0,3,30.59
1785717390.400,1.9,56.4,29.84,6.0,7.0,0,0,42837,107.84,0,0,43187,103.74,0,0,3,30.45,0,0,3,30.60
1785717391.400,1.9,100.0,29.83,6.0,5.0,0,0,42837,107.86,0,0,43187,103.64,0,0,3,30.45,0,0,3,30.74
1785717392.400,1.7,52.0,29.84,6.0,4.0,0,0,42837,107.81,0,0,43187,103.69,0,0,3,30.40,0,0,3,30.74
1785717393.401,1.7,100.0,29.84,6.0,0.0,0,0,42837,107.79,0,0,43187,103.79,0,0,3,30.35,0,0,3,30.60
1785717394.401,1.8,100.0,29.84,6.0,0.0,0,0,42837,107.86,0,0,43187,104.07,0,0,3,30.41,0,0,3,30.55
1785717395.401,2.3,100.0,29.84,5.0,4.0,0,0,42837,107.88,0,0,43187,104.03,0,0,3,30.40,0,0,3,30.60
1785717396.401,2.1,62.0,29.83,6.0,4.0,0,0,42837,107.79,0,0,43187,103.74,0,0,3,30.35,0,0,3,30.60
1785717397.401,4.1,100.0,29.85,7.0,3.0,0,0,42837,107.75,0,0,43187,103.73,0,0,3,30.40,0,0,3,30.55
1785717398.401,3.5,55.0,29.85,6.0,0.0,0,0,42837,107.84,0,0,43187,103.68,0,0,3,30.50,0,0,3,30.60
1785717399.401,3.2,100.0,29.87,7.0,6.0,0,0,42837,107.89,0,0,43187,103.64,0,0,3,30.46,0,0,3,30.64
1785717400.401,1.6,100.0,29.86,5.0,6.0,0,0,42837,107.83,0,0,43187,103.59,0,0,3,30.35,0,0,3,30.64
1785717401.401,2.4,100.0,29.85,8.0,0.0,0,0,42837,107.79,0,0,43187,103.65,0,0,3,30.40,0,0,3,30.65
1785717402.402,1.8,65.0,29.85,4.0,2.0,0,0,42837,107.74,0,0,43187,103.74,0,0,3,30.51,0,0,3,30.65
1785717403.402,2.0,100.0,29.83,9.0,0.0,0,0,42837,107.73,0,0,43187,103.74,0,0,3,30.51,0,0,3,30.65
1785717404.402,1.8,60.0,29.82,6.0,7.0,0,0,42837,107.75,0,0,43187,103.70,0,0,3,30.46,0,0,3,30.65
1785717405.402,1.6,100.0,29.83,5.0,5.0,0,0,42837,107.78,0,0,43187,103.75,0,0,3,30.41,0,0,3,30.65
1785717406.402,1.8,100.0,29.82,7.0,0.0,0,0,42837,107.83,0,0,43187,103.74,0,0,3,30.35,0,0,3,30.60
1785717407.402,1.6,100.0,29.82,5.0,5.0,0,0,42837,107.77,0,0,43187,103.68,0,0,3,30.45,0,0,3,30.60
1785717408.402,1.7,70.3,29.79,5.0,0.0,0,0,42837,107.76,0,0,43187,103.68,0,0,3,30.45,0,0,3,30.73
1785717409.402,2.8,100.0,29.80,9.0,8.0,0,0,42837,107.83,0,0,43187,103.69,0,0,3,30.35,0,0,3,30.74
1785717410.402,2.9,100.0,29.80,3.0,5.0,0,0,42837,107.83,0,0,43187,103.65,0,0,3,30.40,0,0,3,30.65
1785717411.402,2.6,100.0,29.79,5.0,0.0,0,0,42837,107.88,0,0,43187,103.74,0,0,3,30.45,0,0,3,30.65
1785717412.403,1.9,100.0,29.79,6.0,7.0,0,0,42837,107.84,0,0,43187,103.78,0,0,3,30.45,0,0,3,30.65
1785717413.403,1.8,100.0,29.78,7.0,6.0,0,0,42837,107.78,0,0,43187,103.64,0,0,3,30.45,0,0,3,30.65
1785717414.403,1.7,73.7,29.79,8.0,10.0,0,0,42837,107.77,0,0,43187,103.70,0,0,3,30.45,0,0,3,30.60
1785717415.403,3.4,100.0,29.80,5.0,2.0,0,0,42837,107.79,0,0,43187,103.74,0,0,3,30.41,0,0,3,30.55
1785717416.403,2.8,67.0,29.79,8.0,2.0,0,0,42837,107.80,0,0,43187,103.68,0,0,3,30.45,0,0,3,30.55
1785717417.403,1.7,100.0,29.81,6.0,4.0,0,0,42837,107.77,0,0,43187,103.68,0,0,3,30.50,0,0,3,30.60
1785717418.403,1.7,100.0,29.81,6.0,3.0,0,0,42837,107.77,0,0,43187,103.64,0,0,3,30.50,0,0,3,30.65
1785717419.403,2.8,100.0,29.82,6.0,8.0,0,0,42837,107.79,0,0,43187,103.54,0,0,3,30.50,0,0,3,30.60
1785717420.404,2.1,77.0,29.83,7.0,10.0,0,0,42837,107.79,0,0,43187,103.64,0,0,3,30.46,0,0,3,30.60
1785717421.404,2.2,100.0,29.85,7.0,7.0,0,0,42837,107.70,0,0,43187,103.68,0,0,3,30.46,0,0,3,30.60
1785717422.404,2.2,71.0,29.85,7.0,0.0,0,0,42837,107.68,0,0,43187,103.69,0,0,3,30.50,0,0,3,30.60
1785717423.404,2.1,100.0,29.86,5.0,8.0,0,0,42837,107.71,0,0,43187,103.74,0,0,3,30.50,0,0,3,30.65
1785717424.404,2.4,100.0,29.85,7.0,41.0,0,0,42837,107.71,0,0,43187,103.68,0,0,3,30.46,0,0,3,30.60
1785717425.404,2.0,100.0,29.85,6.0,7.0,0,0,42837,107.74,0,0,43187,103.64,0,0,3,30.45,0,0,3,30.50
1785717426.404,2.3,80.0,29.85,6.0,8.0,0,0,42837,107.75,0,0,43187,103.64,0,0,3,30.46,0,0,3,30.50
1785717427.404,2.3,98.0,29.84,7.0,12.0,0,0,42837,107.73,0,0,43187,103.64,0,0,3,30.46,0,0,3,30.60
1785717428.404,2.5,78.6,29.85,7.0,2.0,0,0,42837,107.73,0,0,43187,103.59,0,0,3,30.56,0,0,3,30.65
1785717429.405,2.0,100.0,29.85,6.0,4.0,0,0,42837,107.75,0,0,43187,103.64,0,0,3,30.56,0,0,3,30.65
1785717430.405,1.8,100.0,29.84,8.0,2.0,0,0,42837,107.76,0,0,43187,103.64,0,0,3,30.46,0,0,3,30.60
1785717431.405,1.6,100.0,29.83,4.0,2.0,0,0,42837,107.79,0,0,43187,103.60,0,0,3,30.41,0,0,3,30.65
1785717432.405,1.7,87.0,29.83,6.0,1.0,0,0,42837,107.76,0,0,43187,103.65,0,0,3,30.45,0,0,3,30.75
1785717433.405,1.5,99.0,29.84,7.0,3.0,0,0,42837,107.75,0,0,43187,103.65,0,0,3,30.55,0,0,3,30.65
1785717434.405,1.8,78.8,29.81,9.0,0.0,0,0,42837,107.77,0,0,43187,103.64,0,0,3,30.50,0,0,3,30.60
1785717435.405,2.1,100.0,29.83,6.0,4.0,0,0,42837,107.75,0,0,43187,103.93,0,0,3,30.45,0,0,3,30.65
1785717436.405,4.1,100.0,29.83,5.0,3.0,0,0,42837,107.83,0,0,43187,103.88,0,0,3,30.46,0,0,3,30.65
1785717437.406,3.7,100.0,29.84,6.0,1.0,0,0,42837,107.88,0,0,43187,103.59,0,0,3,30.51,0,0,3,30.65
1785717438.406,1.5,100.0,29.84,6.0,5.0,0,0,42837,107.75,0,0,43187,103.59,0,0,3,30.51,0,0,3,30.60
1785717439.406,1.9,85.1,29.84,7.0,11.0,0,0,42837,107.68,0,0,43187,103.68,0,0,3,30.42,0,0,3,30.70
1785717440.406,1.6,100.0,29.86,9.0,1.0,0,0,42837,107.78,0,0,43187,103.69,0,0,3,30.36,0,0,3,30.75
1785717441.406,1.7,93.0,29.86,6.0,1.0,0,0,42837,107.83,0,0,43187,103.64,0,0,3,30.36,0,0,3,30.65
1785717442.406,2.1,100.0,29.84,7.0,0.0,0,0,42837,107.76,0,0,43187,103.68,0,0,3,30.40,0,0,3,30.64
1785717443.406,2.3,100.0,29.86,12.0,10.0,0,0,42837,107.71,0,0,43187,103.69,0,0,3,30.50,0,0,3,30.59
1785717444.406,2.9,100.0,29.88,6.0,8.0,0,0,42837,107.71,0,0,43187,103.69,0,0,3,30.50,0,0,3,30.60
1785717445.406,2.8,97.0,29.89,3.0,14.0,0,0,42837,107.71,0,0,43187,103.69,0,0,3,30.41,0,0,3,30.60
1785717446.407,2.1,100.0,29.90,8.0,1.0,0,0,42837,107.76,0,0,43187,103.69,0,0,3,30.41,0,0,3,30.74
1785717447.407,1.5,85.0,29.90,6.0,0.0,0,0,42837,107.88,0,0,43187,103.68,0,0,3,30.46,0,0,3,30.73
1785717448.407,1.8,100.0,29.91,7.0,5.0,0,0,42837,107.89,0,0,43187,103.68,0,0,3,30.40,0,0,3,30.54
1785717449.407,2.3,100.0,29.92,5.0,9.0,0,0,42837,107.84,0,0,43187,103.79,0,0,3,30.35,0,0,3,30.60
1785717450.407,2.2,100.0,29.93,7.0,3.0,0,0,42837,107.88,0,0,43187,103.79,0,0,3,30.36,0,0,3,30.59
1785717451.407,2.0,56.0,29.91,6.0,3.0,0,0,42837,107.78,0,0,43187,103.69,0,0,3,30.41,0,0,3,30.55
1785717452.407,2.5,100.0,29.94,6.0,2.0,0,0,42837,107.72,0,0,43187,103.60,0,0,3,30.45,0,0,3,30.60
1785717453.407,1.7,65.7,29.94,9.0,1.0,0,0,42837,107.77,0,0,43187,103.54,0,0,3,30.45,0,0,3,30.65
1785717454.407,1.8,100.0,29.95,5.0,9.0,0,0,42837,107.81,0,0,43187,103.64,0,0,3,30.41,0,0,3,30.65
1785717455.407,2.9,100.0,29.95,7.0,35.0,0,0,42837,107.75,0,0,43187,103.68,0,0,3,30.36,0,0,3,30.69
1785717456.408,2.0,100.0,29.92,5.0,10.0,0,0,42837,107.75,0,0,43187,103.73,0,0,3,30.40,0,0,3,30.69
1785717457.408,4.0,55.4,29.92,7.0,1.0,0,0,42837,107.80,0,0,43187,103.78,0,0,3,30.60,0,0,3,30.65
1785717458.408,4.3,100.0,29.91,7.0,1.0,0,0,42837,107.79,0,0,43187,103.69,0,0,3,30.65,0,0,3,30.60
1785717459.408,3.3,62.0,29.91,7.0,0.0,0,0,42837,107.78,0,0,43187,103.59,0,0,3,30.50,0,0,3,30.60
1785717460.408,1.5,100.0,29.90,7.0,0.0,0,0,42837,107.79,0,0,43187,103.64,0,0,3,30.40,0,0,3,30.64
1785717461.408,1.7,100.0,29.90,6.0,0.0,0,0,42837,107.83,0,0,43187,103.69,0,0,3,30.45,0,0,3,30.69
1785717462.408,1.6,100.0,29.90,7.0,0.0,0,0,42837,107.83,0,0,43187,103.64,0,0,3,30.45,0,0,3,30.65
1785717463.408,1.7,52.0,29.90,6.0,0.0,0,0,42837,107.78,0,0,43187,103.64,0,0,3,30.40,0,0,3,30.59
1785717464.408,1.6,100.0,29.89,6.0,0.0,0,0,42837,107.79,0,0,43187,103.78,0,0,3,30.45,0,0,3,30.64
1785717465.409,1.8,59.0,29.88,9.0,0.0,0,0,42837,107.86,0,0,43187,103.74,0,0,3,30.46,0,0,3,30.65
1785717466.409,1.9,100.0,29.87,6.0,0.0,0,0,42837,107.79,0,0,43187,103.64,0,0,3,30.45,0,0,3,30.65
1785717467.409,1.9,100.0,29.86,5.0,0.0,0,0,42837,107.73,0,0,43187,103.68,0,0,3,30.45,0,0,3,30.65
1785717468.409,2.0,100.0,29.88,7.0,0.0,0,0,42837,107.84,0,0,43187,103.62,0,0,3,30.40,0,0,3,30.65
1785717469.409,1.7,50.0,29.87,7.0,0.0,0,0,42837,107.88,0,0,43187,103.57,0,0,3,30.36,0,0,3,30.69
1785717470.409,1.5,100.0,29.88,7.0,0.0,0,0,42837,107.81,0,0,43187,103.59,0,0,3,30.41,0,0,3,30.69
1785717471.409,2.0,55.4,29.88,7.0,0.0,0,0,42837,107.78,0,0,43187,103.59,0,0,3,30.41,0,0,3,30.65
1785717472.409,1.5,100.0,29.87,6.0,0.0,0,0,42837,107.75,0,0,43187,104.03,0,0,3,30.35,0,0,3,30.65
1785717473.410,1.6,100.0,29.86,6.0,0.0,0,0,42837,107.78,0,0,43187,104.05,0,0,3,30.40,0,0,3,30.64
1785717474.410,1.7,100.0,29.86,7.0,0.0,0,0,42837,107.81,0,0,43187,103.66,0,0,3,30.46,0,0,3,30.64
1785717475.410,2.0,53.5,29.85,6.0,0.0,0,0,42837,107.86,0,0,43187,103.72,0,0,3,30.45,0,0,3,30.64
1785717476.410,3.1,100.0,29.87,7.0,0.0,0,0,42837,107.86,0,0,43187,103.67,0,0,3,30.35,0,0,3,30.63
1785717477.410,3.1,55.9,29.89,8.0,0.0,0,0,42837,107.81,0,0,43187,103.59,0,0,3,30.40,0,0,3,30.64
1785717478.410,2.7,100.0,29.89,4.0,0.0,0,0,42837,107.83,0,0,43187,103.59,0,0,3,30.50,0,0,3,30.64
1785717479.410,3.0,100.0,29.89,5.0,0.0,0,0,42837,107.83,0,0,43187,103.64,0,0,3,30.55,0,0,3,30.64
1785717480.410,2.4,100.0,29.87,5.0,0.0,0,0,42837,107.78,0,0,43187,103.68,0,0,3,30.55,0,0,3,30.65
1785717481.410,1.7,80.8,29.88,6.0,0.0,0,0,42837,107.78,0,0,43187,103.68,0,0,3,30.50,0,0,3,30.64
1785717482.410,1.9,100.0,29.87,6.0,0.0,0,0,42837,107.83,0,0,43187,103.64,0,0,3,30.46,0,0,3,30.64
1785717483.411,1.5,80.8,29.87,7.0,0.0,0,0,42837,107.84,0,0,43187,103.59,0,0,3,30.46,0,0,3,30.65
1785717484.411,2.1,100.0,29.89,4.0,0.0,0,0,42837,107.83,0,0,43187,103.59,0,0,3,30.45,0,0,3,30.74
1785717485.411,1.5,100.0,29.89,5.0,0.0,0,0,42837,107.83,0,0,43187,103.64,0,0,3,30.41,0,0,3,30.74
1785717486.411,1.7,100.0,29.87,8.0,0.0,0,0,42837,107.83,0,0,43187,103.64,0,0,3,30.41,0,0,3,30.65
1785717487.411,1.6,100.0,29.86,4.0,0.0,0,0,42837,107.83,0,0,43187,103.98,0,0,3,30.45,0,0,3,30.65
1785717488.411,1.9,91.9,29.86,7.0,0.0,0,0,42837,107.78,0,0,43187,104.06,0,0,3,30.45,0,0,3,30.60
1785717489.411,2.0,100.0,29.86,7.0,0.0,0,0,42837,107.74,0,0,43187,103.82,0,0,3,30.45,0,0,3,30.61
1785717490.411,1.6,84.0,29.87,5.0,0.0,0,0,42837,107.83,0,0,43187,103.73,0,0,3,30.45,0,0,3,30.61
1785717491.412,1.7,100.0,29.86,6.0,0.0,0,0,42837,107.83,0,0,43187,103.64,0,0,3,30.45,0,0,3,30.60
1785717492.412,1.6,100.0,29.85,5.0,0.0,0,0,42837,107.78,0,0,43187,103.68,0,0,3,30.45,0,0,3,30.60
1785717493.412,1.6,100.0,29.85,6.0,0.0,0,0,42837,107.76,0,0,43187,103.68,0,0,3,30.55,0,0,3,30.55
1785717494.412,1.5,74.5,29.84,7.0,0.0,0,0,42837,107.75,0,0,43187,103.64,0,0,3,30.60,0,0,3,30.60
1785717495.412,1.7,100.0,29.85,6.0,0.0,0,0,42837,107.82,0,0,43187,103.63,0,0,3,30.50,0,0,3,30.65
1785717496.412,3.6,81.8,29.85,5.0,0.0,0,0,42837,107.78,0,0,43187,103.63,0,0,3,30.45,0,0,3,30.64
1785717497.412,2.6,95.0,29.88,8.0,0.0,0,0,42837,107.76,0,0,43187,103.64,0,0,3,30.45,0,0,3,30.65
1785717498.412,2.0,100.0,29.86,4.0,0.0,0,0,42837,107.81,0,0,43187,103.64,0,0,3,30.46,0,0,3,30.64
1785717499.412,1.6,100.0,29.85,7.0,0.0,0,0,42837,107.83,0,0,43187,103.89,0,0,3,30.41,0,0,3,30.59
1785717500.412,2.3,73.5,29.85,7.0,0.0,0,0,42837,107.81,0,0,43187,103.93,0,0,3,30.40,0,0,3,30.60
1785717501.413,1.6,100.0,29.85,4.0,0.0,0,0,42837,107.74,0,0,43187,103.73,0,0,3,30.45,0,0,3,30.64
1785717502.413,2.0,80.8,29.86,8.0,0.0,0,0,42837,107.76,0,0,43187,103.70,0,0,3,30.50,0,0,3,30.64
1785717503.413,1.7,100.0,29.86,5.0,0.0,0,0,42837,107.76,0,0,43187,103.59,0,0,3,30.51,0,0,3,30.64
1785717504.413,1.5,100.0,29.86,4.0,0.0,0,0,42837,107.76,0,0,43187,103.63,0,0,3,30.41,0,0,3,30.64
1785717505.413,1.7,100.0,29.85,5.0,3.0,0,0,42837,107.81,0,0,43187,103.64,0,0,3,30.40,0,0,3,30.65
1785717506.413,2.0,68.7,29.86,8.0,17.0,0,0,42837,107.86,0,0,43187,103.62,0,0,3,30.40,0,0,3,30.64
1785717507.413,2.0,100.0,29.87,6.0,19.0,0,0,42837,107.86,0,0,43187,103.62,0,0,3,30.35,0,0,3,30.83
1785717508.413,1.6,76.8,29.86,5.0,0.0,0,0,42837,107.81,0,0,43187,103.64,0,0,3,30.35,0,0,3,30.83
1785717509.413,7.4,100.0,29.86,6.0,476.0,0,0,42837,107.78,0,0,43187,103.67,0,0,3,30.40,0,0,3,30.59
1785717510.414,2.1,100.0,29.89,6.0,17.0,0,0,42837,107.75,0,0,43187,103.72,0,0,3,30.45,0,0,3,30.59
1785717511.414,2.2,100.0,29.89,4.0,10.0,0,0,42837,107.78,0,0,43187,103.76,0,0,3,30.40,0,0,3,30.65
1785717512.414,2.9,73.0,29.89,8.0,16.0,0,0,42837,107.81,0,0,43187,103.68,0,0,3,30.40,0,0,3,30.59
1785717513.414,3.1,100.0,29.88,4.0,20.0,0,0,42837,107.76,0,0,43187,103.61,0,0,3,30.41,0,0,3,30.59
1785717514.414,3.1,75.0,29.88,5.0,18.0,0,0,42837,107.76,0,0,43187,103.57,0,0,3,30.41,0,0,3,30.65
1785717515.414,1.9,100.0,29.88,6.0,18.0,0,0,42837,107.76,0,0,43187,103.53,0,0,3,30.45,0,0,3,30.60
1785717516.414,3.0,100.0,29.88,5.0,2.0,0,0,42837,107.78,0,0,43187,103.64,0,0,3,30.45,0,0,3,30.60
1785717517.414,2.9,100.0,29.89,6.0,0.0,0,0,42837,107.83,0,0,43187,103.73,0,0,3,30.45,0,0,3,30.64
1785717518.414,4.7,64.0,29.89,5.0,0.0,0,0,42837,107.76,0,0,43187,103.68,0,0,3,30.40,0,0,3,30.64
1785717519.414,3.5,100.0,29.87,5.0,13.0,0,0,42837,107.81,0,0,43187,103.68,0,0,3,30.40,0,0,3,30.64
1785717520.415,2.1,72.3,29.88,6.0,6.0,0,0,42837,107.86,0,0,43187,103.64,0,0,3,30.45,0,0,3,30.69
1785717521.415,2.2,100.0,29.89,8.0,5.0,0,0,42837,107.83,0,0,43187,103.64,0,0,3,30.45,0,0,3,30.69
1785717522.415,2.0,100.0,29.93,4.0,10.0,0,0,42837,107.84,0,0,43187,103.73,0,0,3,30.46,0,0,3,30.64
1785717523.415,1.6,100.0,29.91,7.0,2.0,0,0,42837,107.78,0,0,43187,103.73,0,0,3,30.51,0,0,3,30.64
1785717524.415,1.9,61.6,29.90,6.0,9.0,0,0,42837,107.71,0,0,43187,103.64,0,0,3,30.50,0,0,3,30.59
1785717525.415,1.7,100.0,29.88,5.0,1.0,0,0,42837,107.76,0,0,43187,103.67,0,0,3,30.45,0,0,3,30.59
1785717526.415,2.1,69.7,29.89,7.0,21.0,0,0,42837,107.83,0,0,43187,103.72,0,0,3,30.45,0,0,3,30.63
1785717527.415,2.0,100.0,29.91,5.0,26.0,0,0,42837,107.83,0,0,43187,103.66,0,0,3,30.45,0,0,3,30.64
1785717528.415,2.0,100.0,29.90,5.0,1.0,0,0,42837,107.81,0,0,43187,103.61,0,0,3,30.45,0,0,3,30.64
1785717529.415,1.5,87.0,29.89,6.0,0.0,0,0,42837,107.81,0,0,43187,103.73,0,0,3,30.45,0,0,3,30.59
1785717530.416,2.0,60.0,29.90,6.0,16.0,0,0,42837,107.79,0,0,43187,103.74,0,0,3,30.45,0,0,3,30.60
1785717531.416,2.0,100.0,29.90,6.0,0.0,0,0,42837,107.74,0,0,43187,103.59,0,0,3,30.50,0,0,3,30.60
1785717532.416,2.0,67.0,29.91,7.0,0.0,0,0,42837,107.71,0,0,43187,103.59,0,0,3,30.50,0,0,3,30.60
1785717533.416,2.1,100.0,29.90,4.0,19.0,0,0,42837,107.72,0,0,43187,103.57,0,0,3,30.60,0,0,3,30.64
1785717534.416,1.5,100.0,29.91,5.0,0.0,0,0,42837,107.67,0,0,43187,103.62,0,0,3,30.59,0,0,3,30.63
1785717535.416,2.0,100.0,29.91,7.0,2.0,0,0,42837,107.67,0,0,43187,103.64,0,0,3,30.45,0,0,3,30.59
1785717536.416,1.5,57.0,29.92,6.0,0.0,0,0,42837,107.76,0,0,43187,103.61,0,0,3,30.45,0,0,3,30.59
1785717537.416,2.7,100.0,29.92,6.0,5.0,0,0,42837,107.71,0,0,43187,103.61,0,0,3,30.40,0,0,3,30.69
1785717538.416,4.0,59.0,29.94,6.0,34.0,0,0,42837,107.71,0,0,43187,103.59,0,0,3,30.35,0,0,3,30.65
1785717539.417,2.2,100.0,29.99,6.0,4.0,0,0,42837,107.81,0,0,43187,103.57,0,0,3,30.45,0,0,3,30.60
1785717540.417,2.2,74.7,29.98,5.0,22.0,0,0,42837,107.71,0,0,43187,103.63,0,0,3,30.50,0,0,3,30.64
1785717541.417,2.1,100.0,29.98,7.0,25.0,0,0,42837,107.67,0,0,43187,103.69,0,0,3,30.45,0,0,3,30.64
1785717542.417,1.7,69.0,29.95,6.0,3.0,0,0,42837,107.71,0,0,43187,103.64,0,0,3,30.45,0,0,3,30.68
1785717543.417,2.3,100.0,29.94,7.0,17.0,0,0,42837,107.71,0,0,43187,103.57,0,0,3,30.45,0,0,3,30.68
1785717544.417,2.1,62.0,29.94,6.0,43.0,0,0,42837,107.68,0,0,43187,103.53,0,0,3,30.45,0,0,3,30.64
1785717545.417,2.1,100.0,29.94,6.0,3.0,0,0,42837,107.68,0,0,43187,103.58,0,0,3,30.46,0,0,3,30.78
1785717546.417,1.6,100.0,29.94,5.0,2.0,0,0,42837,107.76,0,0,43187,103.62,0,0,3,30.40,0,0,3,30.74
1785717547.417,2.7,100.0,29.94,6.0,0.0,0,0,42837,107.81,0,0,43187,103.59,0,0,3,30.40,0,0,3,30.60
1785717548.417,3.5,100.0,29.94,4.0,0.0,0,0,42837,107.76,0,0,43187,103.75,0,0,3,30.45,0,0,3,30.65
1785717549.418,2.1,76.5,29.94,7.0,0.0,0,0,42837,107.73,0,0,43187,103.80,0,0,3,30.40,0,0,3,30.64
1785717550.418,1.8,66.7,29.94,6.0,0.0,0,0,42837,107.79,0,0,43187,103.68,0,0,3,30.40,0,0,3,30.64
1785717551.418,1.5,81.8,29.92,7.0,0.0,0,0,42837,107.73,0,0,43187,103.63,0,0,3,30.40,0,0,3,30.59
1785717552.418,2.0,100.0,29.92,5.0,0.0,0,0,42837,107.67,0,0,43187,103.64,0,0,3,30.55,0,0,3,30.60
1785717553.418,2.2,100.0,29.90,4.0,0.0,0,0,42837,107.73,0,0,43187,103.68,0,0,3,30.59,0,0,3,30.60
1785717554.418,1.7,76.2,29.89,7.0,0.0,0,0,42837,107.78,0,0,43187,103.62,0,0,3,30.45,0,0,3,30.60
1785717555.418,1.5,100.0,29.90,7.0,0.0,0,0,42837,107.81,0,0,43187,103.64,0,0,3,30.45,0,0,3,30.64
1785717556.418,2.7,69.0,29.91,6.0,0.0,0,0,42837,107.76,0,0,43187,103.68,0,0,3,30.40,0,0,3,30.59
1785717557.418,2.9,100.0,29.92,6.0,0.0,0,0,42837,107.71,0,0,43187,103.68,0,0,3,30.45,0,0,3,30.54
1785717558.419,2.3,100.0,29.91,6.0,0.0,0,0,42837,107.76,0,0,43187,103.67,0,0,3,30.50,0,0,3,30.59
1785717559.419,1.5,100.0,29.91,7.0,0.0,0,0,42837,107.81,0,0,43187,103.67,0,0,3,30.46,0,0,3,30.64
1785717560.419,1.6,78.8,29.92,6.0,0.0,0,0,42837,107.73,0,0,43187,103.64,0,0,3,30.45,0,0,3,30.64
1785717561.419,2.0,100.0,29.90,6.0,0.0,0,0,42837,107.77,0,0,43187,103.59,0,0,3,30.40,0,0,3,30.65
1785717562.419,2.1,72.0,29.90,6.0,0.0,0,0,42837,107.80,0,0,43187,103.60,0,0,3,30.35,0,0,3,30.65
1785717563.419,1.6,100.0,29.91,8.0,0.0,0,0,42837,107.76,0,0,43187,103.64,0,0,3,30.35,0,0,3,30.65
1785717564.419,2.1,100.0,29.91,5.0,0.0,0,0,42837,107.73,0,0,43187,103.64,0,0,3,30.40,0,0,3,30.64
1785717565.419,1.6,100.0,29.90,4.0,0.0,0,0,42837,107.68,0,0,43187,103.64,0,0,3,30.40,0,0,3,30.64
1785717566.419,1.6,80.2,29.91,7.0,0.0,0,0,42837,107.78,0,0,43187,103.64,0,0,3,30.40,0,0,3,30.64
1785717567.420,1.8,100.0,29.90,6.0,0.0,0,0,42837,107.78,0,0,43187,103.59,0,0,3,30.45,0,0,3,30.64
1785717568.420,1.5,74.0,29.93,6.0,0.0,0,0,42837,107.73,0,0,43187,103.59,0,0,3,30.45,0,0,3,30.64
1785717569.420,2.5,100.0,29.93,6.0,0.0,0,0,42837,107.78,0,0,43187,103.57,0,0,3,30.50,0,0,3,30.65
1785717570.420,1.6,100.0,29.94,6.0,0.0,0,0,42837,107.76,0,0,43187,103.57,0,0,3,30.51,0,0,3,30.64
1785717571.420,2.0,100.0,29.94,6.0,0.0,0,0,42837,107.68,0,0,43187,103.64,0,0,3,30.50,0,0,3,30.64
1785717572.420,1.6,75.8,29.92,5.0,0.0,0,0,42837,107.68,0,0,43187,103.68,0,0,3,30.50,0,0,3,30.60
1785717573.420,1.8,100.0,29.93,7.0,0.0,0,0,42837,107.68,0,0,43187,103.59,0,0,3,30.45,0,0,3,30.55
1785717574.420,1.5,82.2,29.94,6.0,0.0,0,0,42837,107.68,0,0,43187,103.59,0,0,3,30.46,0,0,3,30.60
1785717575.420,1.7,69.0,29.94,5.0,0.0,0,0,42837,107.71,0,0,43187,103.69,0,0,3,30.41,0,0,3,30.75
1785717576.420,2.4,100.0,29.91,9.0,0.0,0,0,42837,107.81,0,0,43187,103.64,0,0,3,30.35,0,0,3,30.69
1785717577.421,3.2,100.0,29.91,5.0,0.0,0,0,42837,107.79,0,0,43187,103.62,0,0,3,30.40,0,0,3,30.65
1785717578.421,4.0,100.0,29.92,5.0,0.0,0,0,42837,107.64,0,0,43187,103.91,0,0,3,30.40,0,0,3,30.65
1785717579.421,3.8,87.9,29.93,6.0,0.0,0,0,42837,107.69,0,0,43187,103.91,0,0,3,30.36,0,0,3,30.59
1785717580.421,2.2,100.0,29.92,7.0,0.0,0,0,42837,107.72,0,0,43187,103.69,0,0,3,30.41,0,0,3,30.60
1785717581.421,1.9,70.0,29.93,8.0,0.0,0,0,42837,107.70,0,0,43187,103.75,0,0,3,30.41,0,0,3,30.60
1785717582.421,2.9,100.0,29.94,5.0,0.0,0,0,42837,107.71,0,0,43187,103.68,0,0,3,30.40,0,0,3,30.59
1785717583.421,2.5,100.0,29.95,5.0,0.0,0,0,42837,107.71,0,0,43187,103.61,0,0,3,30.40,0,0,3,30.64
1785717584.421,2.1,100.0,29.95,7.0,0.0,0,0,42837,107.71,0,0,43187,103.66,0,0,3,30.40,0,0,3,30.69
1785717585.421,1.6,58.6,29.95,5.0,0.0,0,0,42837,107.71,0,0,43187,103.64,0,0,3,30.45,0,0,3,30.64
1785717586.422,1.8,100.0,29.95,7.0,0.0,0,0,42837,107.78,0,0,43187,103.59,0,0,3,30.40,0,0,3,30.60
1785717587.422,2.0,53.0,29.94,8.0,1.0,0,0,42837,107.84,0,0,43187,103.64,0,0,3,30.40,0,0,3,30.65
1785717588.422,1.7,100.0,29.96,6.0,0.0,0,0,42837,107.80,0,0,43187,103.64,0,0,3,30.40,0,0,3,30.65
1785717589.422,1.4,100.0,29.95,6.0,0.0,0,0,42837,107.80,0,0,43187,103.61,0,0,3,30.40,0,0,3,30.55
1785717590.422,1.6,100.0,29.94,7.0,0.0,0,0,42837,107.78,0,0,43187,103.61,0,0,3,30.55,0,0,3,30.55
1785717591.422,1.8,63.4,29.93,7.0,0.0,0,0,42837,107.76,0,0,43187,103.54,0,0,3,30.55,0,0,3,30.54
1785717592.422,1.7,100.0,29.93,5.0,0.0,0,0,42837,107.78,0,0,43187,103.54,0,0,3,30.45,0,0,3,30.54
1785717593.422,1.5,59.0,29.92,9.0,0.0,0,0,42837,107.73,0,0,43187,103.59,0,0,3,30.45,0,0,3,30.55
1785717594.422,1.8,100.0,29.92,5.0,0.0,0,0,42837,107.67,0,0,43187,103.59,0,0,3,30.40,0,0,3,30.54
1785717595.423,1.5,100.0,29.91,5.0,0.0,0,0,42837,107.68,0,0,43187,103.54,0,0,3,30.35,0,0,3,30.54
1785717596.423,2.2,58.0,29.90,7.0,0.0,0,0,42837,107.75,0,0,43187,103.54,0,0,3,30.40,0,0,3,30.60
1785717597.423,1.8,67.7,29.91,7.0,0.0,0,0,42837,107.79,0,0,43187,103.68,0,0,3,30.41,0,0,3,30.60
1785717598.423,2.0,100.0,29.92,7.0,0.0,0,0,42837,107.79,0,0,43187,103.64,0,0,3,30.46,0,0,3,30.65
1785717599.423,4.6,68.3,29.94,7.0,0.0,0,0,42837,107.79,0,0,43187,103.59,0,0,3,30.45,0,0,3,30.65
1785717600.423,2.3,100.0,29.96,8.0,0.0,0,0,42837,107.80,0,0,43187,103.64,0,0,3,30.36,0,0,3,30.55
1785717601.423,1.7,100.0,29.95,5.0,0.0,0,0,42837,107.74,0,0,43187,103.74,0,0,3,30.41,0,0,3,30.60
1785717602.423,1.8,100.0,29.92,7.0,0.0,0,0,42837,107.73,0,0,43187,103.78,0,0,3,30.41,0,0,3,30.70
1785717603.424,2.3,96.0,29.91,5.0,0.0,0,0,42837,107.73,0,0,43187,103.69,0,0,3,30.40,0,0,3,30.65
1785717604.424,1.6,100.0,29.92,9.0,0.0,0,0,42837,107.74,0,0,43187,103.69,0,0,3,30.45,0,0,3,30.60
1785717605.424,1.8,90.1,29.93,6.0,0.0,0,0,42837,107.71,0,0,43187,103.64,0,0,3,30.46,0,0,3,30.65
1785717606.424,1.5,100.0,29.91,5.0,0.0,0,0,42837,107.65,0,0,43187,103.64,0,0,3,30.41,0,0,3,30.64
1785717607.424,1.7,100.0,29.92,6.0,0.0,0,0,42837,107.68,0,0,43187,103.64,0,0,3,30.35,0,0,3,30.64
1785717608.424,1.6,100.0,29.92,7.0,0.0,0,0,42837,107.73,0,0,43187,103.60,0,0,3,30.35,0,0,3,30.60
1785717609.424,2.0,100.0,29.91,5.0,0.0,0,0,42837,107.70,0,0,43187,103.64,0,0,3,30.45,0,0,3,30.60
1785717610.424,1.6,99.0,29.90,5.0,0.0,0,0,42837,107.75,0,0,43187,103.64,0,0,3,30.45,0,0,3,30.65
1785717611.424,1.6,92.0,29.89,6.0,0.0,0,0,42837,107.73,0,0,43187,103.59,0,0,3,30.35,0,0,3,30.75
1785717612.424,1.7,100.0,29.88,8.0,0.0,0,0,42837,107.67,0,0,43187,103.62,0,0,3,30.40,0,0,3,30.74
1785717613.425,2.0,100.0,29.88,6.0,0.0,0,0,42837,107.67,0,0,43187,103.63,0,0,3,30.45,0,0,3,30.64
1785717614.425,1.7,100.0,29.89,5.0,0.0,0,0,42837,107.67,0,0,43187,103.59,0,0,3,30.40,0,0,3,30.65
1785717615.425,1.6,100.0,29.91,6.0,0.0,0,0,42837,107.71,0,0,43187,103.64,0,0,3,30.36,0,0,3,30.60
1785717616.425,4.2,97.0,29.90,5.0,0.0,0,0,42837,107.71,0,0,43187,103.64,0,0,3,30.41,0,0,3,30.55
1785717617.425,3.1,100.0,29.92,6.0,0.0,0,0,42837,107.67,0,0,43187,103.59,0,0,3,30.45,0,0,3,30.60
1785717618.425,3.8,100.0,29.95,3.0,0.0,0,0,42837,107.67,0,0,43187,103.69,0,0,3,30.45,0,0,3,30.64
1785717619.425,1.6,100.0,29.94,6.0,0.0,0,0,42837,107.67,0,0,43187,103.69,0,0,3,30.45,0,0,3,30.65
1785717620.425,1.6,100.0,29.94,7.0,0.0,0,0,42837,107.67,0,0,43187,103.64,0,0,3,30.46,0,0,3,30.60
1785717621.425,1.6,100.0,29.95,6.0,0.0,0,0,42837,107.71,0,0,43187,103.68,0,0,3,30.41,0,0,3,30.55
1785717622.426,2.6,95.0,29.94,4.0,13.0,0,0,42837,107.71,0,0,43187,103.62,0,0,3,30.41,0,0,3,30.55
1785717623.426,2.0,98.0,29.94,6.0,16.0,0,0,42837,107.67,0,0,43187,103.57,0,0,3,30.46,0,0,3,30.55
1785717624.426,2.1,100.0,29.92,7.0,9.0,0,0,42837,107.64,0,0,43187,103.69,0,0,3,30.45,0,0,3,30.55
1785717625.426,1.9,100.0,29.92,6.0,14.0,0,0,42837,107.70,0,0,43187,103.69,0,0,3,30.45,0,0,3,30.60
1785717626.426,2.2,100.0,29.92,5.0,21.0,0,0,42837,107.80,0,0,43187,103.54,0,0,3,30.41,0,0,3,30.74
1785717627.426,2.1,100.0,29.91,6.0,36.0,0,0,42837,107.83,0,0,43187,103.60,0,0,3,30.46,0,0,3,30.75
1785717628.426,1.7,93.0,29.89,7.0,0.0,0,0,42837,107.81,0,0,43187,103.64,0,0,3,30.51,0,0,3,30.60
1785717629.426,2.8,99.0,29.90,6.0,0.0,0,0,42837,107.76,0,0,43187,103.59,0,0,3,30.46,0,0,3,30.60
1785717630.426,2.0,100.0,29.92,4.0,0.0,0,0,42837,107.73,0,0,43187,103.59,0,0,3,30.45,0,0,3,30.65
1785717631.427,2.0,100.0,29.92,6.0,0.0,0,0,42837,107.73,0,0,43187,103.59,0,0,3,30.40,0,0,3,30.65
1785717632.427,1.6,100.0,29.93,8.0,0.0,0,0,42837,107.71,0,0,43187,103.59,0,0,3,30.36,0,0,3,30.59
1785717633.427,1.7,100.0,29.94,4.0,0.0,0,0,42837,107.74,0,0,43187,103.59,0,0,3,30.40,0,0,3,30.55
1785717634.427,1.5,90.0,29.95,8.0,0.0,0,0,42837,107.74,0,0,43187,103.51,0,0,3,30.46,0,0,3,30.55
1785717635.427,1.8,100.0,29.93,6.0,0.0,0,0,42837,107.73,0,0,43187,103.51,0,0,3,30.42,0,0,3,30.60
1785717636.427,2.1,99.0,29.93,5.0,0.0,0,0,42837,107.72,0,0,43187,103.59,0,0,3,30.46,0,0,3,30.64
1785717637.427,3.2,100.0,29.92,6.0,0.0,0,0,42837,107.76,0,0,43187,103.59,0,0,3,30.56,0,0,3,30.69
1785717638.427,3.6,100.0,29.92,5.0,0.0,0,0,42837,107.88,0,0,43187,103.59,0,0,3,30.50,0,0,3,30.69
1785717639.427,4.0,100.0,29.93,7.0,0.0,0,0,42837,107.83,0,0,43187,103.59,0,0,3,30.40,0,0,3,30.65
1785717640.428,1.6,88.9,29.91,7.0,0.0,0,0,42837,107.76,0,0,43187,103.74,0,0,3,30.41,0,0,3,30.64
1785717641.428,2.1,100.0,29.91,7.0,0.0,0,0,42837,107.83,0,0,43187,103.74,0,0,3,30.51,0,0,3,30.64
1785717642.428,1.7,96.0,29.92,5.0,0.0,0,0,42837,107.78,0,0,43187,103.59,0,0,3,30.51,0,0,3,30.59
1785717643.428,1.5,100.0,29.91,5.0,0.0,0,0,42837,107.68,0,0,43187,103.54,0,0,3,30.41,0,0,3,30.59
1785717644.428,1.7,100.0,29.92,5.0,0.0,0,0,42837,107.71,0,0,43187,103.50,0,0,3,30.50,0,0,3,30.65
1785717645.428,2.0,100.0,29.93,7.0,0.0,0,0,42837,107.74,0,0,43187,103.57,0,0,3,30.50,0,0,3,30.65
1785717646.428,1.8,86.3,29.92,5.0,0.0,0,0,42837,107.70,0,0,43187,103.61,0,0,3,30.40,0,0,3,30.64
1785717647.428,1.8,100.0,29.90,9.0,0.0,0,0,42837,107.72,0,0,43187,103.64,0,0,3,30.45,0,0,3,30.58
1785717648.428,1.9,88.1,29.90,5.0,0.0,0,0,42837,107.74,0,0,43187,103.68,0,0,3,30.40,0,0,3,30.54
1785717649.429,1.5,100.0,29.90,7.0,0.0,0,0,42837,107.67,0,0,43187,103.64,0,0,3,30.35,0,0,3,30.60
1785717650.429,1.6,100.0,29.91,7.0,0.0,0,0,42837,107.63,0,0,43187,103.64,0,0,3,30.41,0,0,3,30.65
1785717651.429,2.8,100.0,29.92,5.0,0.0,0,0,42837,107.68,0,0,43187,103.64,0,0,3,30.45,0,0,3,30.65
1785717652.429,2.7,100.0,29.91,3.0,0.0,0,0,42837,107.78,0,0,43187,103.59,0,0,3,30.45,0,0,3,30.65
1785717653.429,1.8,100.0,29.91,7.0,0.0,0,0,42837,107.79,0,0,43187,103.59,0,0,3,30.40,0,0,3,30.65
1785717654.429,1.8,67.7,29.91,6.0,0.0,0,0,42837,107.72,0,0,43187,103.59,0,0,3,30.40,0,0,3,30.60
1785717655.429,1.5,100.0,29.90,6.0,0.0,0,0,42837,107.70,0,0,43187,103.65,0,0,3,30.40,0,0,3,30.54
1785717656.429,1.7,100.0,29.89,6.0,0.0,0,0,42837,107.69,0,0,43187,103.69,0,0,3,30.40,0,0,3,30.54
1785717657.429,1.8,100.0,29.91,6.0,0.0,0,0,42837,107.71,0,0,43187,103.64,0,0,3,30.45,0,0,3,30.55
1785717658.430,1.7,57.4,29.92,6.0,0.0,0,0,42837,107.74,0,0,43187,103.59,0,0,3,30.46,0,0,3,30.59
1785717659.430,2.0,100.0,29.92,8.0,0.0,0,0,42837,107.73,0,0,43187,103.54,0,0,3,30.46,0,0,3,30.64
1785717660.430,4.0,65.0,29.94,5.0,0.0,0,0,42837,107.78,0,0,43187,103.54,0,0,3,30.41,0,0,3,30.75
1785717661.430,2.7,100.0,29.93,6.0,0.0,0,0,42837,107.76,0,0,43187,103.59,0,0,3,30.40,0,0,3,30.80
1785717662.430,1.9,100.0,29.91,8.0,0.0,0,0,42837,107.74,0,0,43187,103.60,0,0,3,30.45,0,0,3,30.70
1785717663.430,1.7,100.0,29.91,7.0,0.0,0,0,42837,107.74,0,0,43187,103.59,0,0,3,30.50,0,0,3,30.69
1785717664.430,1.5,55.6,29.91,6.0,0.0,0,0,42837,107.72,0,0,43187,103.59,0,0,3,30.50,0,0,3,30.68
1785717665.430,1.7,100.0,29.91,6.0,0.0,0,0,42837,107.76,0,0,43187,103.57,0,0,3,30.40,0,0,3,30.59
1785717666.430,1.5,57.6,29.92,7.0,0.0,0,0,42837,107.78,0,0,43187,103.57,0,0,3,30.40,0,0,3,30.60
1785717667.430,1.9,100.0,29.92,4.0,0.0,0,0,42837,107.75,0,0,43187,103.59,0,0,3,30.50,0,0,3,30.65
1785717668.431,1.6,100.0,29.93,5.0,0.0,0,0,42837,107.73,0,0,43187,103.64,0,0,3,30.50,0,0,3,30.65
1785717669.431,2.0,100.0,29.92,7.0,0.0,0,0,42837,107.72,0,0,43187,103.68,0,0,3,30.45,0,0,3,30.65
1785717670.431,1.6,79.2,29.93,6.0,0.0,0,0,42837,107.73,0,0,43187,103.67,0,0,3,30.45,0,0,3,30.64
1785717671.431,1.8,97.0,29.94,6.0,0.0,0,0,42837,107.78,0,0,43187,103.64,0,0,3,30.45,0,0,3,30.64
1785717672.431,1.6,84.8,29.93,6.0,0.0,0,0,42837,107.83,0,0,43187,103.64,0,0,3,30.45,0,0,3,30.64
1785717673.431,1.6,100.0,29.94,6.0,0.0,0,0,42837,107.83,0,0,43187,103.66,0,0,3,30.50,0,0,3,30.74
1785717674.431,1.6,100.0,29.93,5.0,0.0,0,0,42837,107.76,0,0,43187,103.69,0,0,3,30.50,0,0,3,30.74
1785717675.431,2.0,100.0,29.91,7.0,0.0,0,0,42837,107.71,0,0,43187,103.67,0,0,3,30.45,0,0,3,30.59
1785717676.431,2.7,61.0,29.92,4.0,0.0,0,0,42837,107.73,0,0,43187,103.64,0,0,3,30.41,0,0,3,30.59
1785717677.431,2.5,87.8,29.93,7.0,0.0,0,0,42837,107.82,0,0,43187,103.69,0,0,3,30.40,0,0,3,30.59
1785717678.432,1.7,100.0,29.93,5.0,0.0,0,0,42837,107.80,0,0,43187,103.64,0,0,3,30.45,0,0,3,30.58
1785717679.432,3.2,95.0,29.93,8.0,0.0,0,0,42837,107.78,0,0,43187,103.59,0,0,3,30.45,0,0,3,30.73
1785717680.432,1.7,100.0,29.96,4.0,0.0,0,0,42837,107.83,0,0,43187,103.75,0,0,3,30.45,0,0,3,30.69
1785717681.432,1.6,100.0,29.96,7.0,0.0,0,0,42837,107.78,0,0,43187,103.79,0,0,3,30.45,0,0,3,30.60
1785717682.432,1.9,100.0,29.94,6.0,0.0,0,0,42837,107.73,0,0,43187,103.64,0,0,3,30.45,0,0,3,30.60
1785717683.432,1.6,85.9,29.94,4.0,0.0,0,0,42837,107.74,0,0,43187,103.64,0,0,3,30.45,0,0,3,30.54
1785717684.432,1.7,100.0,29.93,9.0,0.0,0,0,42837,107.74,0,0,43187,103.69,0,0,3,30.55,0,0,3,30.54
1785717685.432,2.4,94.0,29.93,6.0,0.0,0,0,42837,107.71,0,0,43187,103.64,0,0,3,30.55,0,0,3,30.54
1785717686.432,2.8,100.0,29.93,4.0,0.0,0,0,42837,107.76,0,0,43187,103.57,0,0,3,30.45,0,0,3,30.59
1785717687.433,2.0,100.0,29.91,4.0,0.0,0,0,42837,107.76,0,0,43187,103.64,0,0,3,30.45,0,0,3,30.64
1785717688.433,1.7,100.0,29.91,5.0,0.0,0,0,42837,107.76,0,0,43187,103.71,0,0,3,30.45,0,0,3,30.74
1785717689.433,2.1,84.8,29.93,5.0,0.0,0,0,42837,107.83,0,0,43187,103.68,0,0,3,30.50,0,0,3,30.69
1785717690.433,1.8,100.0,29.95,5.0,0.0,0,0,42837,107.79,0,0,43187,103.68,0,0,3,30.50,0,0,3,30.59
1785717691.433,1.7,92.0,29.93,5.0,0.0,0,0,42837,107.78,0,0,43187,103.73,0,0,3,30.45,0,0,3,30.64
1785717692.433,1.6,100.0,29.94,9.0,0.0,0,0,42837,107.78,0,0,43187,103.73,0,0,3,30.45,0,0,3,30.60
1785717693.433,2.4,100.0,29.94,4.0,0.0,0,0,42837,107.76,0,0,43187,103.62,0,0,3,30.45,0,0,3,30.59
1785717694.433,1.6,100.0,29.94,6.0,0.0,0,0,42837,107.76,0,0,43187,103.62,0,0,3,30.45,0,0,3,30.68
1785717695.433,1.7,81.8,29.93,7.0,0.0,0,0,42837,107.76,0,0,43187,103.68,0,0,3,30.50,0,0,3,30.69
1785717696.434,1.6,100.0,29.93,7.0,0.0,0,0,42837,107.76,0,0,43187,103.68,0,0,3,30.50,0,0,3,30.64
1785717697.434,3.9,90.0,29.92,6.0,0.0,0,0,42837,107.72,0,0,43187,103.68,0,0,3,30.45,0,0,3,30.64
1785717698.434,3.5,100.0,29.93,6.0,0.0,0,0,42837,107.76,0,0,43187,103.64,0,0,3,30.45,0,0,3,30.63
1785717699.434,2.9,100.0,29.94,4.0,0.0,0,0,42837,107.81,0,0,43187,103.64,0,0,3,30.45,0,0,3,30.68
1785717700.434,2.5,100.0,29.94,6.0,0.0,0,0,42837,107.80,0,0,43187,103.72,0,0,3,30.44,0,0,3,30.68
1785717701.434,1.6,80.8,29.94,7.0,0.0,0,0,42837,107.77,0,0,43187,103.67,0,0,3,30.44,0,0,3,30.64
1785717702.434,2.3,100.0,29.94,6.0,0.0,0,0,42837,107.73,0,0,43187,103.69,0,0,3,30.45,0,0,3,30.65
1785717703.434,1.6,70.7,29.95,5.0,0.0,0,0,42837,107.76,0,0,43187,103.68,0,0,3,30.45,0,0,3,30.64
1785717704.434,1.6,100.0,29.94,5.0,0.0,0,0,42837,107.75,0,0,43187,103.59,0,0,3,30.45,0,0,3,30.59
1785717705.434,1.5,100.0,29.92,6.0,0.0,0,0,42837,107.75,0,0,43187,103.65,0,0,3,30.40,0,0,3,30.59
1785717706.435,1.7,100.0,29.92,7.0,0.0,0,0,42837,107.81,0,0,43187,103.68,0,0,3,30.45,0,0,3,30.63
1785717707.435,1.7,46.5,29.93,5.0,0.0,0,0,42837,107.76,0,0,43187,103.64,0,0,3,30.45,0,0,3,30.64
1785717708.435,1.5,100.0,29.92,6.0,0.0,0,0,42837,107.76,0,0,43187,103.62,0,0,3,30.40,0,0,3,30.64
1785717709.435,2.1,54.0,29.92,4.0,0.0,0,0,42837,107.76,0,0,43187,103.67,0,0,3,30.55,0,0,3,30.64
1785717710.435,1.8,100.0,29.93,7.0,0.0,0,0,42837,107.76,0,0,43187,103.68,0,0,3,30.55,0,0,3,30.59
1785717711.435,2.0,100.0,29.92,5.0,0.0,0,0,42837,107.76,0,0,43187,103.67,0,0,3,30.45,0,0,3,30.59
1785717712.435,1.5,100.0,29.93,6.0,0.0,0,0,42837,107.73,0,0,43187,103.67,0,0,3,30.45,0,0,3,30.64
1785717713.435,1.7,40.4,29.94,6.0,0.0,0,0,42837,107.73,0,0,43187,103.62,0,0,3,30.50,0,0,3,30.69
1785717714.435,1.7,100.0,29.93,7.0,0.0,0,0,42837,107.76,0,0,43187,103.62,0,0,3,30.55,0,0,3,30.68
1785717715.436,1.5,68.0,29.93,6.0,0.0,0,0,42837,107.73,0,0,43187,103.68,0,0,3,30.50,0,0,3,30.63
1785717716.436,1.7,100.0,29.94,6.0,0.0,0,0,42837,107.67,0,0,43187,103.80,0,0,3,30.40,0,0,3,30.64
1785717717.436,1.6,100.0,29.94,7.0,0.0,0,0,42837,107.70,0,0,43187,103.79,0,0,3,30.35,0,0,3,30.64
1785717718.436,1.7,100.0,29.93,5.0,3.0,0,0,42837,107.76,0,0,43187,103.67,0,0,3,30.39,0,0,3,30.64
1785717719.436,2.7,48.5,29.96,6.0,0.0,0,0,42837,107.82,0,0,43187,103.64,0,0,3,30.44,0,0,3,30.65
1785717720.436,3.0,100.0,29.96,5.0,0.0,0,0,42837,107.77,0,0,43187,103.64,0,0,3,30.50,0,0,3,30.64
1785717721.436,4.5,97.0,29.96,3.0,0.0,0,0,42837,107.71,0,0,43187,103.62,0,0,3,30.45,0,0,3,30.63
1785717722.436,2.3,100.0,29.96,7.0,0.0,0,0,42837,107.76,0,0,43187,103.62,0,0,3,30.41,0,0,3,30.64
1785717723.436,1.7,100.0,29.95,6.0,0.0,0,0,42837,107.76,0,0,43187,103.67,0,0,3,30.46,0,0,3,30.64
1785717724.436,1.7,100.0,29.94,5.0,0.0,0,0,42837,107.71,0,0,43187,103.66,0,0,3,30.50,0,0,3,30.59
1785717725.437,2.1,80.0,29.94,7.0,0.0,0,0,42837,107.79,0,0,43187,103.69,0,0,3,30.50,0,0,3,30.60
1785717726.437,1.8,100.0,29.95,5.0,0.0,0,0,42837,107.81,0,0,43187,103.70,0,0,3,30.45,0,0,3,30.59
1785717727.437,1.6,74.0,29.93,5.0,0.0,0,0,42837,107.79,0,0,43187,103.64,0,0,3,30.45,0,0,3,30.59
1785717728.437,1.6,100.0,29.93,7.0,0.0,0,0,42837,107.76,0,0,43187,103.64,0,0,3,30.45,0,0,3,30.74
1785717729.437,1.7,100.0,29.93,5.0,0.0,0,0,42837,107.76,0,0,43187,103.68,0,0,3,30.45,0,0,3,30.74
1785717730.437,1.5,100.0,29.92,5.0,0.0,0,0,42837,107.76,0,0,43187,103.68,0,0,3,30.40,0,0,3,30.69
1785717731.437,1.7,83.2,29.93,7.0,0.0,0,0,42837,107.76,0,0,43187,103.66,0,0,3,30.45,0,0,3,30.68
1785717732.437,1.9,100.0,29.92,8.0,0.0,0,0,42837,107.78,0,0,43187,103.61,0,0,3,30.50,0,0,3,30.58
1785717733.437,1.9,76.0,29.94,4.0,0.0,0,0,42837,107.78,0,0,43187,103.59,0,0,3,30.45,0,0,3,30.54
1785717734.437,1.6,97.0,29.94,6.0,0.0,0,0,42837,107.81,0,0,43187,103.62,0,0,3,30.45,0,0,3,30.54
1785717735.438,1.7,71.0,29.93,6.0,0.0,0,0,42837,107.78,0,0,43187,103.67,0,0,3,30.59,0,0,3,30.65
1785717736.438,2.7,100.0,29.93,7.0,0.0,0,0,42837,107.73,0,0,43187,103.68,0,0,3,30.59,0,0,3,30.69
1785717737.438,2.3,85.0,29.94,5.0,0.0,0,0,42837,107.71,0,0,43187,103.68,0,0,3,30.45,0,0,3,30.64
1785717738.438,1.5,100.0,29.93,7.0,0.0,0,0,42837,107.76,0,0,43187,103.64,0,0,3,30.45,0,0,3,30.60
1785717739.438,2.0,78.0,29.93,6.0,0.0,0,0,42837,107.76,0,0,43187,103.59,0,0,3,30.45,0,0,3,30.55
1785717740.438,3.2,100.0,29.92,5.0,14.0,0,0,42837,107.77,0,0,43187,103.64,0,0,3,30.50,0,0,3,30.59
1785717741.438,2.4,100.0,29.94,6.0,23.0,0,0,42837,107.79,0,0,43187,103.68,0,0,3,30.45,0,0,3,30.59
1785717742.438,2.3,100.0,29.95,5.0,15.0,0,0,42837,107.73,0,0,43187,103.68,0,0,3,30.35,0,0,3,30.64
1785717743.438,2.1,87.0,29.95,5.0,18.0,0,0,42837,107.76,0,0,43187,103.68,0,0,3,30.40,0,0,3,30.64
1785717744.439,2.1,99.0,29.94,7.0,22.0,0,0,42837,107.78,0,0,43187,103.69,0,0,3,30.45,0,0,3,30.65
1785717745.439,1.9,88.0,29.95,6.0,22.0,0,0,42837,107.75,0,0,43187,103.69,0,0,3,30.40,0,0,3,30.69
1785717746.439,2.1,100.0,29.95,6.0,28.0,0,0,42837,107.73,0,0,43187,104.03,0,0,3,30.45,0,0,3,30.64
1785717747.439,1.9,100.0,29.97,5.0,16.0,0,0,42837,107.73,0,0,43187,104.03,0,0,3,30.50,0,0,3,30.59
1785717748.439,2.0,100.0,29.97,6.0,0.0,0,0,42837,107.73,0,0,43187,103.64,0,0,3,30.45,0,0,3,30.59
1785717749.439,2.1,100.0,30.00,5.0,0.0,0,0,42837,107.76,0,0,43187,103.62,0,0,3,30.45,0,0,3,30.59
1785717750.439,1.9,84.0,30.00,5.0,0.0,0,0,42837,107.81,0,0,43187,103.62,0,0,3,30.45,0,0,3,30.64
1785717751.439,1.8,100.0,29.97,7.0,0.0,0,0,42837,107.83,0,0,43187,103.59,0,0,3,30.40,0,0,3,30.64
1785717752.439,1.8,72.3,29.98,6.0,0.0,0,0,42837,107.79,0,0,43187,103.62,0,0,3,30.54,0,0,3,30.64
1785717753.439,1.5,100.0,29.99,7.0,0.0,0,0,42837,107.75,0,0,43187,103.68,0,0,3,30.59,0,0,3,30.63
1785717754.440,2.3,100.0,29.99,4.0,0.0,0,0,42837,107.83,0,0,43187,103.65,0,0,3,30.55,0,0,3,30.68
1785717755.440,2.6,100.0,30.00,6.0,0.0,0,0,42837,107.83,0,0,43187,103.58,0,0,3,30.50,0,0,3,30.59
1785717756.440,2.8,74.7,29.99,2.0,0.0,0,0,42837,107.79,0,0,43187,103.56,0,0,3,30.41,0,0,3,30.59
1785717757.440,3.6,100.0,29.99,6.0,0.0,0,0,42837,107.78,0,0,43187,103.67,0,0,3,30.45,0,0,3,30.60
1785717758.440,3.9,70.0,29.99,6.0,0.0,0,0,42837,107.75,0,0,43187,103.69,0,0,3,30.45,0,0,3,30.60
1785717759.440,2.7,100.0,29.98,5.0,0.0,0,0,42837,107.75,0,0,43187,103.65,0,0,3,30.45,0,0,3,30.60
1785717760.440,2.9,100.0,29.97,6.0,0.0,0,0,42837,107.70,0,0,43187,103.69,0,0,3,30.45,0,0,3,30.65
1785717761.440,2.1,100.0,29.97,6.0,0.0,0,0,42837,107.68,0,0,43187,103.68,0,0,3,30.45,0,0,3,30.69
1785717762.440,1.6,60.0,29.98,5.0,0.0,0,0,42837,107.71,0,0,43187,103.68,0,0,3,30.46,0,0,3,30.69
1785717763.440,1.8,100.0,29.97,5.0,0.0,0,0,42837,107.73,0,0,43187,103.64,0,0,3,30.45,0,0,3,30.70
1785717764.441,1.6,68.0,29.96,8.0,0.0,0,0,42837,107.79,0,0,43187,103.63,0,0,3,30.45,0,0,3,30.64
1785717765.441,1.6,100.0,29.97,6.0,0.0,0,0,42837,107.84,0,0,43187,103.63,0,0,3,30.50,0,0,3,30.65
1785717766.441,2.0,100.0,29.96,4.0,0.0,0,0,42837,107.85,0,0,43187,103.64,0,0,3,30.50,0,0,3,30.65
1785717767.441,1.7,100.0,29.96,7.0,0.0,0,0,42837,107.83,0,0,43187,103.68,0,0,3,30.46,0,0,3,30.69
1785717768.441,1.5,57.6,29.96,7.0,0.0,0,0,42837,107.76,0,0,43187,103.68,0,0,3,30.40,0,0,3,30.64
1785717769.441,1.8,100.0,29.95,6.0,0.0,0,0,42837,107.73,0,0,43187,103.64,0,0,3,30.40,0,0,3,30.59
1785717770.441,1.5,66.0,29.96,6.0,0.0,0,0,42837,107.75,0,0,43187,103.59,0,0,3,30.41,0,0,3,30.59
1785717771.441,2.0,100.0,29.96,6.0,0.0,0,0,42837,107.70,0,0,43187,103.59,0,0,3,30.36,0,0,3,30.60
1785717772.441,1.5,79.0,29.96,6.0,0.0,0,0,42837,107.70,0,0,43187,103.59,0,0,3,30.36,0,0,3,30.63
1785717773.441,1.9,100.0,29.96,5.0,0.0,0,0,42837,107.75,0,0,43187,103.59,0,0,3,30.41,0,0,3,30.63
1785717774.442,2.7,56.0,29.95,8.0,0.0,0,0,42837,107.75,0,0,43187,103.60,0,0,3,30.45,0,0,3,30.65
1785717775.442,1.7,100.0,29.95,5.0,0.0,0,0,42837,107.68,0,0,43187,103.59,0,0,3,30.50,0,0,3,30.65
1785717776.442,1.7,58.0,29.96,6.0,0.0,0,0,42837,107.68,0,0,43187,103.59,0,0,3,30.46,0,0,3,30.70
1785717777.442,1.6,100.0,29.96,6.0,0.0,0,0,42837,107.70,0,0,43187,103.59,0,0,3,30.41,0,0,3,30.80
1785717778.442,1.7,100.0,29.95,5.0,0.0,0,0,42837,107.74,0,0,43187,103.64,0,0,3,30.46,0,0,3,30.80
1785717779.442,1.9,68.3,29.95,8.0,0.0,0,0,42837,107.73,0,0,43187,103.64,0,0,3,30.46,0,0,3,30.65
1785717780.442,1.9,69.7,29.95,5.0,0.0,0,0,42837,107.65,0,0,43187,103.64,0,0,3,30.45,0,0,3,30.65
1785717781.442,1.6,100.0,29.96,7.0,0.0,0,0,42837,107.69,0,0,43187,103.62,0,0,3,30.45,0,0,3,30.69
1785717782.442,4.3,69.0,29.93,5.0,0.0,0,0,42837,107.72,0,0,43187,103.62,0,0,3,30.40,0,0,3,30.64
1785717783.443,1.9,100.0,29.94,4.0,0.0,0,0,42837,107.83,0,0,43187,103.68,0,0,3,30.41,0,0,3,30.60
1785717784.443,2.0,100.0,29.95,7.0,0.0,0,0,42837,107.83,0,0,43187,103.68,0,0,3,30.45,0,0,3,30.64
1785717785.443,1.6,100.0,29.96,6.0,0.0,0,0,42837,107.71,0,0,43187,103.59,0,0,3,30.45,0,0,3,30.64
1785717786.443,1.7,73.0,29.95,8.0,0.0,0,0,42837,107.78,0,0,43187,103.59,0,0,3,30.59,0,0,3,30.64
1785717787.443,1.6,100.0,29.94,6.0,0.0,0,0,42837,107.78,0,0,43187,103.62,0,0,3,30.59,0,0,3,30.64
1785717788.443,1.8,65.0,29.94,8.0,0.0,0,0,42837,107.75,0,0,43187,103.63,0,0,3,30.45,0,0,3,30.64
1785717789.443,2.4,100.0,29.94,6.0,0.0,0,0,42837,107.76,0,0,43187,103.64,0,0,3,30.46,0,0,3,30.60
1785717790.443,3.3,100.0,29.95,6.0,0.0,0,0,42837,107.73,0,0,43187,103.59,0,0,3,30.50,0,0,3,30.60
1785717791.443,2.5,100.0,29.95,3.0,0.0,0,0,42837,107.76,0,0,43187,103.64,0,0,3,30.45,0,0,3,30.65
1785717792.444,1.7,74.0,29.93,7.0,0.0,0,0,42837,107.76,0,0,43187,103.64,0,0,3,30.45,0,0,3,30.65
1785717793.444,1.7,71.0,29.94,8.0,0.0,0,0,42837,107.73,0,0,43187,103.64,0,0,3,30.45,0,0,3,30.64
1785717794.444,1.7,68.0,29.96,6.0,0.0,0,0,42837,107.70,0,0,43187,103.67,0,0,3,30.35,0,0,3,30.73
1785717795.444,1.6,100.0,29.95,8.0,0.0,0,0,42837,107.68,0,0,43187,103.63,0,0,3,30.35,0,0,3,30.79
1785717796.444,2.5,100.0,29.96,6.0,0.0,0,0,42837,107.71,0,0,43187,103.64,0,0,3,30.35,0,0,3,30.74
1785717797.444,2.4,100.0,29.96,6.0,0.0,0,0,42837,107.72,0,0,43187,103.64,0,0,3,30.45,0,0,3,30.65
1785717798.444,1.7,80.6,29.96,6.0,1.0,0,0,42837,107.72,0,0,43187,103.59,0,0,3,30.50,0,0,3,30.60
1785717799.444,1.5,100.0,29.97,7.0,0.0,0,0,42837,107.73,0,0,43187,103.59,0,0,3,30.50,0,0,3,30.59
1785717800.445,2.9,81.4,29.96,8.0,0.0,0,0,42837,107.75,0,0,43187,103.64,0,0,3,30.45,0,0,3,30.59
1785717801.445,2.1,100.0,29.96,6.0,0.0,0,0,42837,107.73,0,0,43187,103.59,0,0,3,30.36,0,0,3,30.64
1785717802.445,2.0,100.0,29.95,7.0,0.0,0,0,42837,107.76,0,0,43187,103.59,0,0,3,30.50,0,0,3,30.64
1785717803.445,1.6,100.0,29.95,4.0,0.0,0,0,42837,107.81,0,0,43187,103.64,0,0,3,30.55,0,0,3,30.64
1785717804.445,1.4,100.0,29.95,7.0,0.0,0,0,42837,107.82,0,0,43187,103.64,0,0,3,30.41,0,0,3,30.65
1785717805.445,1.7,92.9,29.95,6.0,0.0,0,0,42837,107.74,0,0,43187,103.66,0,0,3,30.40,0,0,3,30.64
1785717806.445,2.1,99.0,29.95,8.0,0.0,0,0,42837,107.68,0,0,43187,103.61,0,0,3,30.45,0,0,3,30.64
1785717807.445,1.7,100.0,29.96,7.0,0.0,0,0,42837,107.70,0,0,43187,103.69,0,0,3,30.50,0,0,3,30.69
1785717808.445,1.6,100.0,29.96,6.0,0.0,0,0,42837,107.76,0,0,43187,103.73,0,0,3,30.50,0,0,3,30.69
1785717809.446,2.3,100.0,29.95,7.0,0.0,0,0,42837,107.82,0,0,43187,103.64,0,0,3,30.50,0,0,3,30.60
1785717810.446,1.6,100.0,29.97,5.0,0.0,0,0,42837,107.82,0,0,43187,103.59,0,0,3,30.46,0,0,3,30.64
1785717811.446,2.0,90.0,29.94,7.0,0.0,0,0,42837,107.80,0,0,43187,103.59,0,0,3,30.45,0,0,3,30.64
1785717812.446,1.7,100.0,29.94,7.0,0.0,0,0,42837,107.78,0,0,43187,103.64,0,0,3,30.50,0,0,3,30.74
1785717813.446,1.7,98.0,29.94,8.0,0.0,0,0,42837,107.71,0,0,43187,103.68,0,0,3,30.50,0,0,3,30.74
1785717814.446,1.5,84.0,29.95,6.0,0.0,0,0,42837,107.79,0,0,43187,103.68,0,0,3,30.50,0,0,3,30.64
1785717815.446,1.7,65.0,29.94,5.0,0.0,0,0,42837,107.88,0,0,43187,103.68,0,0,3,30.41,0,0,3,30.64
1785717816.446,2.1,100.0,29.93,6.0,0.0,0,0,42837,107.81,0,0,43187,103.68,0,0,3,30.41,0,0,3,30.64
1785717817.446,3.4,89.0,29.95,8.0,0.0,0,0,42837,107.80,0,0,43187,103.64,0,0,3,30.55,0,0,3,30.64
1785717818.447,4.1,100.0,29.96,8.0,0.0,0,0,42837,107.82,0,0,43187,103.60,0,0,3,30.59,0,0,3,30.69
1785717819.447,3.0,89.9,29.97,6.0,0.0,0,0,42837,107.80,0,0,43187,103.59,0,0,3,30.50,0,0,3,30.69
1785717820.447,1.7,100.0,29.98,6.0,0.0,0,0,42837,107.75,0,0,43187,103.68,0,0,3,30.45,0,0,3,30.65
1785717821.447,2.7,100.0,29.99,8.0,0.0,0,0,42837,107.79,0,0,43187,103.72,0,0,3,30.45,0,0,3,30.69
1785717822.447,2.2,100.0,29.99,5.0,0.0,0,0,42837,107.76,0,0,43187,103.59,0,0,3,30.45,0,0,3,30.69
1785717823.447,2.1,43.0,29.98,7.0,0.0,0,0,42837,107.76,0,0,43187,103.56,0,0,3,30.40,0,0,3,30.69
1785717824.447,2.6,100.0,29.98,7.0,0.0,0,0,42837,107.76,0,0,43187,103.68,0,0,3,30.40,0,0,3,30.68
1785717825.447,2.6,100.0,29.97,6.0,0.0,0,0,42837,107.71,0,0,43187,103.68,0,0,3,30.50,0,0,3,30.69
1785717826.448,2.2,100.0,29.97,4.0,0.0,0,0,42837,107.71,0,0,43187,103.67,0,0,3,30.50,0,0,3,30.69
1785717827.448,1.7,100.0,29.96,6.0,0.0,0,0,42837,107.71,0,0,43187,103.69,0,0,3,30.40,0,0,3,30.68
1785717828.448,1.5,100.0,29.95,5.0,0.0,0,0,42837,107.76,0,0,43187,103.64,0,0,3,30.40,0,0,3,30.69
1785717829.448,1.7,65.0,29.95,7.0,0.0,0,0,42837,107.76,0,0,43187,103.61,0,0,3,30.55,0,0,3,30.64
1785717830.448,1.7,100.0,29.96,6.0,0.0,0,0,42837,107.71,0,0,43187,103.62,0,0,3,30.55,0,0,3,30.69
1785717831.448,2.1,59.0,29.98,7.0,0.0,0,0,42837,107.76,0,0,43187,103.73,0,0,3,30.45,0,0,3,30.69
1785717832.448,1.6,100.0,29.97,7.0,0.0,0,0,42837,107.78,0,0,43187,103.73,0,0,3,30.45,0,0,3,30.65
1785717833.448,1.5,100.0,29.97,7.0,0.0,0,0,42837,107.73,0,0,43187,103.67,0,0,3,30.40,0,0,3,30.64
1785717834.448,1.8,86.1,29.95,6.0,0.0,0,0,42837,107.76,0,0,43187,103.61,0,0,3,30.40,0,0,3,30.64
1785717835.448,1.5,43.0,29.96,8.0,0.0,0,0,42837,107.76,0,0,43187,103.61,0,0,3,30.45,0,0,3,30.59
1785717836.449,1.8,100.0,29.96,5.0,0.0,0,0,42837,107.71,0,0,43187,103.69,0,0,3,30.45,0,0,3,30.59
1785717837.449,1.5,67.3,29.95,7.0,0.0,0,0,42837,107.71,0,0,43187,103.65,0,0,3,30.60,0,0,3,30.64
1785717838.449,2.3,100.0,29.96,6.0,0.0,0,0,42837,107.71,0,0,43187,103.64,0,0,3,30.60,0,0,3,30.64
1785717839.449,2.4,100.0,29.99,6.0,0.0,0,0,42837,107.76,0,0,43187,103.67,0,0,3,30.59,0,0,3,30.64
1785717840.449,1.8,100.0,30.00,6.0,0.0,0,0,42837,107.78,0,0,43187,103.70,0,0,3,30.59,0,0,3,30.64
1785717841.449,1.7,96.0,29.98,6.0,0.0,0,0,42837,107.73,0,0,43187,103.72,0,0,3,30.61,0,0,3,30.59
1785717842.449,2.0,100.0,29.95,7.0,0.0,0,0,42837,107.75,0,0,43187,103.73,0,0,3,30.61,0,0,3,30.59
1785717843.449,3.3,89.0,29.96,7.0,0.0,0,0,42837,107.80,0,0,43187,103.64,0,0,3,30.45,0,0,3,30.64
1785717844.449,2.6,100.0,29.96,7.0,0.0,0,0,42837,107.76,0,0,43187,103.52,0,0,3,30.45,0,0,3,30.64
1785717845.450,1.5,100.0,29.95,6.0,0.0,0,0,42837,107.71,0,0,43187,103.56,0,0,3,30.40,0,0,3,30.64
1785717846.450,1.8,100.0,29.96,6.0,0.0,0,0,42837,107.76,0,0,43187,103.59,0,0,3,30.40,0,0,3,30.64
1785717847.450,1.5,97.0,29.95,5.0,0.0,0,0,42837,107.76,0,0,43187,103.66,0,0,3,30.44,0,0,3,30.58
1785717848.450,1.8,99.0,29.94,8.0,0.0,0,0,42837,107.71,0,0,43187,103.67,0,0,3,30.45,0,0,3,30.64
1785717849.450,1.5,100.0,29.95,7.0,0.0,0,0,42837,107.71,0,0,43187,103.70,0,0,3,30.46,0,0,3,30.64
1785717850.450,1.7,95.0,29.95,7.0,0.0,0,0,42837,107.76,0,0,43187,103.67,0,0,3,30.46,0,0,3,30.64
1785717851.450,1.9,100.0,29.95,7.0,0.0,0,0,42837,107.81,0,0,43187,103.56,0,0,3,30.45,0,0,3,30.64
1785717852.450,1.7,100.0,29.96,5.0,0.0,0,0,42837,107.76,0,0,43187,103.61,0,0,3,30.45,0,0,3,30.64
1785717853.450,1.7,100.0,29.95,7.0,0.0,0,0,42837,107.70,0,0,43187,103.64,0,0,3,30.45,0,0,3,30.64
1785717854.451,2.2,85.0,29.95,6.0,0.0,0,0,42837,107.70,0,0,43187,103.64,0,0,3,30.45,0,0,3,30.69
1785717855.451,1.7,100.0,29.95,7.0,0.0,0,0,42837,107.71,0,0,43187,103.68,0,0,3,30.35,0,0,3,30.65
1785717856.451,2.5,93.9,29.94,8.0,0.0,0,0,42837,107.76,0,0,43187,103.62,0,0,3,30.59,0,0,3,30.64
1785717857.451,2.1,100.0,29.94,4.0,0.0,0,0,42837,107.81,0,0,43187,103.59,0,0,3,30.59,0,0,3,30.64
1785717858.451,1.9,100.0,29.94,9.0,0.0,0,0,42837,107.76,0,0,43187,103.66,0,0,3,30.55,0,0,3,30.64
1785717859.451,2.8,100.0,29.94,3.0,0.0,0,0,42837,107.67,0,0,43187,103.66,0,0,3,30.55,0,0,3,30.64
1785717860.451,2.7,100.0,29.94,3.0,0.0,0,0,42837,107.62,0,0,43187,103.65,0,0,3,30.59,0,0,3,30.63
1785717861.451,3.1,100.0,29.94,8.0,0.0,0,0,42837,107.62,0,0,43187,103.64,0,0,3,30.45,0,0,3,30.64
1785717862.452,2.8,91.1,29.95,6.0,9.0,0,0,42837,107.71,0,0,43187,103.64,0,0,3,30.50,0,0,3,30.59
1785717863.452,2.1,100.0,29.97,7.0,19.0,0,0,42837,107.81,0,0,43187,103.69,0,0,3,30.50,0,0,3,30.59
1785717864.452,2.2,100.0,29.98,5.0,35.0,0,0,42837,107.81,0,0,43187,103.68,0,0,3,30.45,0,0,3,30.60
1785717865.452,2.1,100.0,30.09,6.0,60.0,0,0,42837,107.76,0,0,43187,103.64,0,0,3,30.45,0,0,3,30.65
1785717866.452,2.6,87.0,30.21,9.0,37.0,0,0,42837,107.78,0,0,43187,103.66,0,0,3,30.40,0,0,3,30.64
1785717867.452,2.6,100.0,30.40,6.0,37.0,0,0,42837,107.78,0,0,43187,103.64,0,0,3,30.50,0,0,3,30.64
1785717868.452,2.5,89.0,30.54,5.0,24.0,0,0,42837,107.67,0,0,43187,103.64,0,0,3,30.50,0,0,3,30.64
1785717869.452,3.0,100.0,30.66,7.0,22.0,0,0,42837,107.68,0,0,43187,103.64,0,0,3,30.35,0,0,3,30.64
1785717870.452,3.3,100.0,31.02,7.0,38.9,0,0,42837,107.73,0,0,43187,103.62,0,0,3,30.35,0,0,3,30.64
1785717871.452,2.9,100.0,31.02,5.0,99.1,0,0,42837,107.71,0,0,43187,103.62,0,0,3,30.41,0,0,3,30.69
1785717872.453,2.9,100.0,31.55,7.0,101.0,0,0,42837,107.67,0,0,43187,103.59,0,0,3,30.41,0,0,3,30.69
1785717873.453,2.6,94.9,31.44,12.0,95.0,0,0,42837,107.65,0,0,43187,103.62,0,0,3,30.40,0,0,3,30.64
1785717874.453,3.8,87.0,31.45,194.0,5.0,90,52,42837,128.77,87,57,43187,139.79,0,0,3,30.45,0,0,3,30.69
1785717875.453,4.2,100.0,31.44,249.0,9.0,92,54,42837,188.71,88,58,43187,190.88,0,0,3,30.45,0,0,3,30.69
1785717876.453,4.4,100.0,31.45,250.0,7.0,93,45,42837,186.54,89,55,43187,194.81,0,0,3,30.42,0,0,3,30.65
1785717877.453,5.7,100.0,31.44,247.0,9.0,93,55,42837,180.40,89,55,43187,185.34,0,0,3,30.42,0,0,3,30.65
1785717878.453,7.1,99.0,31.42,245.0,10.0,90,45,42837,179.19,89,56,43187,187.06,0,0,3,30.46,0,0,3,30.65
1785717879.453,5.2,100.0,31.42,245.0,9.0,92,54,42837,184.13,89,56,43187,188.97,0,0,3,30.41,0,0,3,30.54
1785717880.453,4.3,99.0,31.41,242.0,9.0,90,46,42837,179.62,89,57,43187,190.82,0,0,3,30.35,0,0,3,30.54
1785717881.453,5.8,100.0,31.40,247.0,9.0,92,55,42837,183.53,89,56,43187,189.54,0,0,3,30.40,0,0,3,30.60
1785717882.454,4.5,100.0,31.38,233.0,4.0,66,33,42837,156.57,84,43,43187,178.47,0,0,3,30.46,0,0,3,30.60
1785717883.454,4.2,100.0,31.39,240.0,5.0,92,44,42837,181.32,90,56,43187,209.99,0,0,3,30.55,0,0,3,30.60
1785717884.454,4.4,100.0,31.38,240.0,4.0,93,46,42837,173.14,90,55,43187,191.93,0,0,3,30.55,0,0,3,30.60
1785717885.454,4.0,100.0,31.37,246.0,7.0,92,44,42837,184.05,88,55,43187,179.82,0,0,3,30.55,0,0,3,30.63
1785717886.454,5.1,99.0,31.36,240.0,5.0,93,44,42837,184.39,89,57,43187,188.42,0,0,3,30.44,0,0,3,30.63
1785717887.454,4.5,100.0,31.34,241.8,7.0,93,44,42837,193.00,88,58,43187,185.59,0,0,3,30.49,0,0,3,30.64
1785717888.454,4.1,100.0,31.34,242.0,6.0,93,46,42837,188.92,88,49,43187,183.76,0,0,3,30.46,0,0,3,30.61
1785717889.454,4.3,100.0,31.34,239.0,6.0,76,25,42837,220.01,97,43,43187,207.39,0,0,3,30.41,0,0,3,30.61
1785717890.454,4.1,99.0,31.33,247.0,7.0,92,46,42837,208.38,89,53,43187,204.63,0,0,3,30.45,0,0,3,30.65
1785717891.455,4.6,100.0,31.31,243.0,7.0,93,48,42837,186.95,90,59,43187,189.11,0,0,3,30.45,0,0,3,30.65
1785717892.455,4.2,99.0,31.32,248.0,8.0,90,50,42837,182.92,90,59,43187,192.21,0,0,3,30.46,0,0,3,30.60
1785717893.455,5.3,100.0,31.33,240.0,7.0,92,42,42837,198.77,88,56,43187,182.41,0,0,3,30.46,0,0,3,30.60
1785717894.455,5.7,100.0,31.32,245.0,7.0,92,42,42837,194.30,89,58,43187,193.41,0,0,3,30.50,0,0,3,30.66
1785717895.455,5.1,100.0,31.30,240.0,6.0,91,47,42837,182.54,89,59,43187,200.13,0,0,3,30.50,0,0,3,30.66
1785717896.455,4.2,99.0,31.31,247.0,7.0,92,40,42837,203.54,87,43,43187,189.48,0,0,3,30.50,0,0,3,30.60
1785717897.455,4.3,100.0,31.30,245.0,7.0,90,45,42837,181.41,89,60,43187,192.20,0,0,3,30.55,0,0,3,30.60
1785717898.455,4.2,99.0,31.32,248.0,7.0,95,28,42837,219.43,94,46,43187,184.65,0,0,3,30.45,0,0,3,30.59
1785717899.455,4.9,100.0,31.33,247.3,8.0,93,47,42837,190.23,90,46,43187,209.92,0,0,3,30.45,0,0,3,30.59
1785717900.456,4.5,100.0,31.32,241.6,8.9,92,47,42837,179.52,86,55,43187,200.54,0,0,3,30.46,0,0,3,30.64
1785717901.456,4.4,100.0,31.31,245.0,7.0,90,43,42837,183.72,89,59,43187,194.08,0,0,3,30.40,0,0,3,30.59
1785717902.456,5.4,99.0,31.35,240.7,6.0,93,44,42837,178.95,90,58,43187,172.71,0,0,3,47.90,0,0,3,30.81
1785717903.881,5.7,100.0,31.34,247.1,6.3,90,48,42837,177.81,89,54,43187,191.88,0,0,3,47.90,0,0,3,30.81
1785717904.881,7.1,99.0,31.36,246.3,6.0,93,42,42837,178.29,89,56,43187,196.81,0,0,3,65.58,0,0,3,47.97
1785717905.881,6.8,100.0,31.63,239.5,7.0,92,45,42858,184.85,91,56,43187,206.48,0,0,3,48.14,0,0,3,64.93
1785717906.882,5.5,100.0,32.02,242.0,5.0,95,38,43104,165.72,89,58,43454,210.73,0,0,3,30.54,0,0,3,30.75
1785717907.882,5.3,100.0,32.38,246.0,7.0,94,25,43104,192.88,94,40,43454,168.65,0,0,271,80.82,0,0,271,49.90
1785717908.882,5.3,100.0,31.44,239.0,4.0,94,45,42837,197.79,90,38,43187,197.82,0,0,3,100.07,0,0,3,101.28
1785717909.882,4.7,100.0,31.50,235.9,7.0,93,45,42837,187.31,89,56,43187,198.71,0,0,3,100.24,0,0,3,101.40
1785717910.882,5.0,99.0,31.52,247.1,7.0,93,46,42837,194.12,90,58,43187,200.76,0,0,3,61.68,0,0,3,61.97
1785717911.882,4.9,100.0,31.57,247.0,7.0,92,48,42837,204.36,90,55,43187,185.93,0,0,3,44.29,0,0,3,44.50
1785717912.882,5.7,100.0,31.45,249.7,7.0,91,42,42837,178.89,88,56,43187,202.89,0,0,3,30.70,0,0,3,30.90
1785717913.882,4.4,100.0,31.43,246.4,8.0,90,48,42837,186.44,89,58,43187,189.43,0,0,3,30.65,0,0,3,30.80
1785717914.882,4.4,99.0,31.42,250.0,7.0,90,45,42837,196.73,90,59,43187,205.28,0,0,3,30.66,0,0,3,30.80
1785717915.882,4.1,100.0,31.39,251.0,8.0,91,42,42837,193.48,89,56,43187,202.97,0,0,3,30.66,0,0,3,30.80
1785717916.883,5.7,99.0,31.36,249.0,8.0,92,49,42837,189.75,89,55,43187,193.50,0,0,3,30.61,0,0,3,30.75
1785717917.883,4.7,100.0,31.35,245.0,6.0,92,46,42837,193.78,89,54,43187,204.88,0,0,3,30.50,0,0,3,30.75
1785717918.883,4.6,100.0,31.30,241.0,6.0,92,47,42837,176.52,90,56,43187,190.85,0,0,3,30.46,0,0,3,30.75
1785717919.883,4.3,100.0,31.29,245.0,7.0,97,27,42837,208.15,87,53,43187,196.63,0,0,3,30.51,0,0,3,30.75
1785717920.883,4.2,98.0,31.25,246.0,6.0,92,49,42837,190.57,89,55,43187,182.20,0,0,3,30.57,0,0,3,30.76
1785717921.883,5.1,100.0,31.23,244.0,5.0,92,49,42837,220.86,89,54,43187,178.53,0,0,3,30.56,0,0,3,30.75
1785717922.883,5.1,99.0,31.21,245.0,7.0,94,49,42837,191.47,90,57,43187,192.15,0,0,3,30.50,0,0,3,30.69
1785717923.883,4.1,100.0,31.21,250.0,8.0,92,46,42837,177.44,89,53,43187,189.94,0,0,3,30.64,0,0,3,30.75
1785717924.883,4.4,100.0,31.20,246.0,7.0,92,45,42837,188.80,89,53,43187,204.22,0,0,3,30.70,0,0,3,30.75
1785717925.883,4.1,100.0,31.17,250.0,7.0,94,54,42837,204.07,96,39,43187,212.02,0,0,3,30.51,0,0,3,30.74
1785717926.883,4.4,99.0,31.17,245.0,7.0,90,46,42837,188.92,90,53,43187,194.83,0,0,3,30.51,0,0,3,30.74
1785717927.884,4.9,100.0,31.17,253.0,7.0,90,47,42837,192.92,85,43,43187,184.43,0,0,3,30.51,0,0,3,30.72
1785717928.884,5.6,100.0,31.17,246.0,8.0,91,49,42837,188.65,90,56,43187,180.44,0,0,3,30.50,0,0,3,30.76
1785717929.884,5.5,100.0,31.18,249.0,7.0,92,50,42837,192.52,88,56,43187,215.60,0,0,3,30.55,0,0,3,30.71
1785717930.884,4.7,100.0,31.19,249.0,8.0,97,40,42837,186.52,93,54,43187,189.33,0,0,3,30.55,0,0,3,30.65
1785717931.884,4.4,100.0,31.16,249.0,8.0,92,46,42837,194.76,90,58,43187,188.43,0,0,3,30.51,0,0,3,30.69
1785717932.884,4.5,99.0,31.15,250.0,8.0,92,46,42837,197.04,90,54,43187,194.39,0,0,3,30.51,0,0,3,30.70
1785717933.884,4.2,100.0,31.15,251.0,10.0,92,47,42837,198.67,90,53,43187,190.96,0,0,3,30.56,0,0,3,30.65
1785717934.884,4.9,96.0,31.15,247.0,6.0,92,50,42837,189.42,89,57,43187,184.71,0,0,3,30.55,0,0,3,30.69
1785717935.884,4.6,100.0,31.14,250.0,9.0,94,49,42837,198.33,90,54,43187,219.32,0,0,3,30.55,0,0,3,30.70
1785717936.884,5.0,100.0,31.12,247.0,6.0,96,16,42837,220.42,87,55,43187,189.01,0,0,3,30.56,0,0,3,30.65
1785717937.885,6.0,100.0,31.08,249.0,8.0,92,50,42837,221.35,87,54,43187,199.75,0,0,3,30.51,0,0,3,30.65
1785717938.885,6.9,100.0,31.07,246.0,7.0,92,50,42837,189.70,89,58,43187,196.23,0,0,3,30.46,0,0,3,30.66
1785717939.885,4.6,100.0,31.07,251.0,7.0,92,48,42837,192.93,87,54,43187,199.06,0,0,3,30.45,0,0,3,30.75
1785717940.885,4.4,99.0,31.08,245.0,9.0,94,34,42837,196.47,85,36,43187,194.26,0,0,3,30.50,0,0,3,30.74
1785717941.885,4.7,100.0,31.07,253.5,8.0,92,48,42837,215.61,87,56,43187,184.09,0,0,3,30.55,0,0,3,30.65
1785717942.885,5.1,100.0,31.08,248.5,9.0,92,49,42837,169.12,89,57,43187,219.55,0,0,3,30.50,0,0,3,30.71
1785717943.885,4.3,100.0,31.07,251.0,10.0,92,49,42837,181.29,89,57,43187,202.70,0,0,3,30.56,0,0,3,30.70
1785717944.885,4.7,99.0,31.05,251.0,8.0,92,43,42837,185.57,89,56,43187,206.02,0,0,3,30.61,0,0,3,30.67
1785717945.885,4.2,100.0,31.05,248.0,9.0,92,46,42837,207.29,89,58,43187,223.56,0,0,3,30.55,0,0,3,30.66
1785717946.885,4.4,99.0,31.06,251.0,7.0,93,55,42837,192.27,87,55,43187,204.55,0,0,3,30.50,0,0,3,30.64
1785717947.885,4.4,100.0,31.04,247.0,7.0,92,50,42837,188.68,89,58,43187,194.69,0,0,3,30.50,0,0,3,30.65
1785717948.886,4.3,100.0,31.03,243.0,7.0,92,49,42837,192.31,90,56,43187,192.65,0,0,3,30.55,0,0,3,30.64
1785717949.886,4.1,100.0,31.02,238.0,4.0,93,48,42837,174.07,90,56,43187,190.09,0,0,3,30.50,0,0,3,30.69
1785717950.886,5.0,99.0,31.03,242.0,4.0,93,48,42837,178.85,90,56,43187,180.62,0,0,3,30.51,0,0,3,30.75
1785717951.886,4.1,100.0,31.02,240.0,6.0,93,49,42837,188.74,90,56,43187,182.84,0,0,3,30.52,0,0,3,30.70
1785717952.886,4.5,99.0,31.02,239.0,3.0,93,49,42837,183.13,90,56,43187,194.92,0,0,3,30.52,0,0,3,30.65
1785717953.886,4.2,100.0,31.01,240.0,4.0,92,48,42837,179.35,90,57,43187,185.66,0,0,3,30.56,0,0,3,30.75
1785717954.886,4.2,100.0,31.00,237.0,3.0,93,49,42837,179.75,90,57,43187,186.85,0,0,3,30.56,0,0,3,30.89
1785717955.886,4.2,100.0,30.98,238.0,3.0,92,48,42837,180.02,90,56,43187,186.66,0,0,3,30.51,0,0,3,30.79
1785717956.886,4.0,99.0,30.95,237.0,3.0,93,50,42837,179.93,90,55,43187,184.74,0,0,3,30.45,0,0,3,30.69
1785717957.887,4.2,100.0,30.95,239.0,2.0,91,47,42837,176.37,90,54,43187,184.86,0,0,3,30.50,0,0,3,30.69
1785717958.887,3.9,98.0,30.94,235.0,3.0,93,51,42837,180.96,90,58,43187,181.90,0,0,3,30.55,0,0,3,30.65
1785717959.887,4.9,100.0,30.93,235.2,1.0,93,47,42837,175.38,90,55,43187,188.03,0,0,3,30.56,0,0,3,30.70
1785717960.887,4.5,100.0,30.92,232.8,1.0,93,47,42837,179.49,90,58,43187,185.54,0,0,3,30.56,0,0,3,30.70
1785717961.887,4.7,100.0,30.88,239.0,3.0,93,47,42837,174.54,90,54,43187,188.43,0,0,3,30.56,0,0,3,30.66
1785717962.887,5.1,100.0,30.88,234.0,1.0,93,46,42837,177.23,91,53,43187,186.56,0,0,3,30.51,0,0,3,30.71
1785717963.887,5.4,100.0,30.89,234.0,1.0,91,46,42837,177.60,91,53,43187,185.19,0,0,3,30.45,0,0,3,30.69
1785717964.887,4.3,99.0,30.87,236.0,1.0,91,48,42837,180.06,90,55,43187,183.96,0,0,3,30.60,0,0,3,30.79
1785717965.887,6.1,100.0,30.86,235.0,1.0,92,50,42837,181.26,91,58,43187,185.28,0,0,3,30.64,0,0,3,30.80
1785717966.888,4.9,100.0,30.87,234.0,1.0,93,46,42837,179.75,90,59,43187,192.13,0,0,3,30.50,0,0,3,30.71
1785717967.888,4.3,100.0,30.88,236.0,1.0,93,52,42837,182.10,91,59,43187,186.60,0,0,3,30.46,0,0,3,30.70
1785717968.888,4.0,100.0,30.88,235.0,0.0,91,48,42837,176.25,90,59,43187,190.74,0,0,3,30.47,0,0,3,30.66
1785717969.888,4.4,100.0,30.74,215.0,34.0,0,0,42837,131.04,0,0,43187,140.27,0,0,3,30.42,0,0,3,30.66
1785717970.888,1.9,100.0,30.73,48.0,0.0,0,0,42837,121.64,0,0,43187,119.20,0,0,3,30.42,0,0,3,30.65
1785717971.888,1.8,80.8,30.73,8.0,0.0,0,0,42837,113.17,0,0,43187,110.57,0,0,3,30.47,0,0,3,30.65
1785717972.888,1.5,100.0,30.74,5.0,0.0,0,0,42837,113.05,0,0,43187,110.37,0,0,3,30.47,0,0,3,30.66
1785717973.888,2.1,100.0,30.73,4.0,0.0,0,0,42837,112.85,0,0,43187,110.27,0,0,3,30.47,0,0,3,30.67
1785717974.888,1.5,100.0,30.73,7.0,0.0,0,0,42837,112.66,0,0,43187,110.20,0,0,3,30.47,0,0,3,30.61
1785717975.888,1.7,70.0,30.73,6.0,0.0,0,0,42837,112.56,0,0,43187,110.08,0,0,3,30.52,0,0,3,30.61
1785717976.888,3.0,100.0,30.72,8.0,0.0,0,0,42837,112.46,0,0,43187,109.91,0,0,3,30.52,0,0,3,30.66
1785717977.889,1.7,77.8,30.72,5.0,0.0,0,0,42837,112.37,0,0,43187,109.76,0,0,3,30.47,0,0,3,30.65
1785717978.889,1.6,100.0,30.73,6.0,0.0,0,0,42837,112.27,0,0,43187,109.71,0,0,3,30.47,0,0,3,30.66
1785717979.889,1.6,100.0,30.73,6.0,0.0,0,0,42837,112.27,0,0,43187,109.54,0,0,3,30.52,0,0,3,30.66
1785717980.889,1.7,100.0,30.72,7.0,0.0,0,0,42837,112.22,0,0,43187,109.13,0,0,3,30.57,0,0,3,30.70
1785717981.889,2.1,66.7,30.72,6.0,0.0,0,0,42837,112.06,0,0,43187,108.45,0,0,3,30.52,0,0,3,30.70
1785717982.889,2.8,100.0,30.72,8.0,0.0,0,0,42837,112.01,0,0,43187,108.03,0,0,3,30.47,0,0,3,30.70
1785717983.889,2.5,75.2,30.72,4.0,0.0,0,0,42837,111.91,0,0,43187,107.93,0,0,3,30.51,0,0,3,30.70
1785717984.889,1.6,100.0,30.74,8.0,0.0,0,0,42837,111.86,0,0,43187,107.98,0,0,3,30.51,0,0,3,30.65
1785717985.889,1.6,100.0,30.75,5.0,1.0,0,0,42837,111.23,0,0,43187,108.06,0,0,3,30.46,0,0,3,30.70
1785717986.890,2.2,100.0,30.77,8.0,27.0,0,0,42837,110.93,0,0,43187,108.02,0,0,3,30.47,0,0,3,30.75
1785717987.890,1.7,65.3,30.76,6.0,4.0,0,0,42837,110.84,0,0,43187,107.91,0,0,3,30.52,0,0,3,30.70
1785717988.890,2.0,100.0,30.76,7.0,4.0,0,0,42837,110.47,0,0,43187,107.77,0,0,3,30.52,0,0,3,30.70
1785717989.890,2.4,66.7,30.75,5.0,9.0,0,0,42837,110.42,0,0,43187,107.72,0,0,3,30.52,0,0,3,30.85
1785717990.890,2.3,100.0,29.50,6.0,0.0,0,0,42837,110.32,0,0,43187,107.65,0,0,3,30.52,0,0,3,30.81
1785717991.890,1.7,100.0,29.49,6.0,0.0,0,0,42837,110.27,0,0,43187,107.56,0,0,3,30.47,0,0,3,30.71
1785717992.890,2.1,100.0,29.47,9.0,0.0,0,0,42837,110.24,0,0,43187,107.49,0,0,3,30.47,0,0,3,30.70
1785717993.890,2.1,61.0,29.48,5.0,28.0,0,0,42837,110.14,0,0,43187,107.39,0,0,3,30.47,0,0,3,30.66
1785717994.890,2.3,100.0,29.56,7.0,18.0,0,0,42837,110.03,0,0,43187,107.31,0,0,3,30.52,0,0,3,30.66
1785717995.891,2.2,55.0,29.59,7.0,16.0,0,0,42837,110.03,0,0,43187,107.31,0,0,3,30.57,0,0,3,30.66
1785717996.891,3.1,100.0,29.62,6.0,15.0,0,0,42837,110.01,0,0,43187,107.33,0,0,3,30.52,0,0,3,30.65
1785717997.891,5.1,100.0,29.66,6.0,46.0,0,0,42837,109.95,0,0,43187,107.24,0,0,3,30.47,0,0,3,30.66
1785717998.891,10.8,100.0,29.66,4.0,470.0,0,0,42837,109.87,0,0,43187,107.15,0,0,3,30.47,0,0,3,30.66
1785717999.891,2.6,64.0,29.65,4.0,21.0,0,0,42837,109.83,0,0,43187,107.04,0,0,3,30.46,0,0,3,30.66
1785718000.891,2.2,100.0,29.65,8.0,27.0,0,0,42837,109.78,0,0,43187,106.99,0,0,3,30.46,0,0,3,30.66
1785718001.891,2.4,58.0,29.65,6.0,16.0,0,0,42837,109.74,0,0,43187,107.00,0,0,3,30.47,0,0,3,30.67
1785718002.891,3.6,100.0,29.64,7.0,30.0,0,0,42837,109.64,0,0,43187,106.94,0,0,3,30.52,0,0,3,30.66
1785718003.891,2.0,100.0,29.65,6.0,14.0,0,0,42837,109.56,0,0,43187,106.87,0,0,3,30.52,0,0,3,30.66
1785718004.891,2.1,100.0,29.63,7.0,14.0,0,0,42837,109.56,0,0,43187,106.84,0,0,3,30.47,0,0,3,30.61
1785718005.892,2.1,67.7,29.63,5.0,25.0,0,0,42837,109.54,0,0,43187,106.73,0,0,3,30.47,0,0,3,30.66
1785718006.892,2.0,100.0,29.63,8.0,13.0,0,0,42837,109.49,0,0,43187,106.63,0,0,3,30.42,0,0,3,30.70
1785718007.892,1.9,61.4,29.64,7.0,9.0,0,0,42837,109.44,0,0,43187,106.85,0,0,3,30.42,0,0,3,30.66
1785718008.892,1.8,100.0,29.65,4.0,19.0,0,0,42837,109.48,0,0,43187,106.77,0,0,3,30.47,0,0,3,30.61
1785718009.892,2.6,100.0,29.62,7.0,24.0,0,0,42837,109.43,0,0,43187,106.50,0,0,3,30.47,0,0,3,30.62
1785718010.892,2.1,100.0,29.62,9.0,14.0,0,0,42837,109.33,0,0,43187,106.53,0,0,3,30.47,0,0,3,30.66
1785718011.892,2.0,70.0,29.63,4.0,14.0,0,0,42837,109.32,0,0,43187,106.50,0,0,3,30.47,0,0,3,30.65
1785718012.892,2.0,100.0,29.61,8.0,14.0,0,0,42837,109.28,0,0,43187,106.39,0,0,3,30.46,0,0,3,30.65
1785718013.893,2.2,64.0,29.61,6.0,15.0,0,0,42837,109.20,0,0,43187,106.40,0,0,3,30.46,0,0,3,30.61
1785718014.893,1.8,100.0,29.60,7.0,15.0,0,0,42837,109.15,0,0,43187,106.40,0,0,3,30.47,0,0,3,30.62
1785718015.893,2.7,100.0,29.60,7.0,34.0,0,0,42837,109.15,0,0,43187,106.40,0,0,3,30.42,0,0,3,30.66
1785718016.893,2.2,100.0,29.60,5.0,55.0,0,0,42837,109.20,0,0,43187,106.33,0,0,3,30.37,0,0,3,30.65
1785718017.893,2.7,74.0,29.62,7.0,28.0,0,0,42837,109.15,0,0,43187,106.24,0,0,3,30.42,0,0,3,30.65
1785718018.893,2.0,100.0,29.63,7.0,16.0,0,0,42837,109.09,0,0,43187,106.13,0,0,3,30.42,0,0,3,30.65
1785718019.893,3.0,66.0,29.68,7.0,27.0,0,0,42837,109.09,0,0,43187,106.13,0,0,3,30.42,0,0,3,30.70
1785718020.893,2.0,100.0,29.69,8.0,21.0,0,0,42837,109.04,0,0,43187,106.18,0,0,3,30.52,0,0,3,30.86
1785718021.894,2.2,100.0,29.68,7.0,18.0,0,0,42837,108.99,0,0,43187,106.14,0,0,3,30.47,0,0,3,30.80
1785718022.894,2.1,100.0,29.69,4.0,23.0,0,0,42837,109.04,0,0,43187,106.10,0,0,3,30.42,0,0,3,30.71
1785718023.894,2.2,75.2,29.69,6.0,22.0,0,0,42837,109.00,0,0,43187,106.06,0,0,3,30.47,0,0,3,30.71
1785718024.894,2.0,100.0,29.69,10.0,15.0,0,0,42837,108.96,0,0,43187,105.99,0,0,3,30.41,0,0,3,30.66
1785718025.894,2.5,69.0,29.68,7.0,17.0,0,0,42837,108.94,0,0,43187,105.89,0,0,3,30.41,0,0,3,30.66
1785718026.894,3.6,100.0,29.70,5.0,24.0,0,0,42837,108.94,0,0,43187,105.92,0,0,3,30.47,0,0,3,30.71
1785718027.894,2.5,100.0,29.69,7.0,13.0,0,0,42837,108.89,0,0,43187,105.93,0,0,3,30.47,0,0,3,30.71
1785718028.894,2.3,100.0,29.69,5.0,17.0,0,0,42837,108.84,0,0,43187,105.85,0,0,3,30.52,0,0,3,30.67
1785718029.894,2.1,87.0,29.68,7.0,25.0,0,0,42837,108.86,0,0,43187,105.87,0,0,3,30.52,0,0,3,30.61
1785718030.895,2.1,100.0,29.70,7.0,33.0,0,0,42837,108.81,0,0,43187,105.92,0,0,3,30.52,0,0,3,30.61
1785718031.895,3.2,86.0,29.71,6.0,18.0,0,0,42837,108.76,0,0,43187,105.83,0,0,3,30.52,0,0,3,30.66
1785718032.895,3.0,100.0,29.71,5.0,15.0,0,0,42837,108.76,0,0,43187,105.73,0,0,3,30.47,0,0,3,30.66
1785718033.895,3.0,100.0,29.71,2.0,32.0,0,0,42837,108.81,0,0,43187,105.66,0,0,3,30.47,0,0,3,30.70
1785718034.895,1.7,100.0,29.72,7.0,0.0,0,0,42837,108.81,0,0,43187,105.67,0,0,3,30.51,0,0,3,30.70
1785718035.895,1.6,100.0,29.71,8.0,0.0,0,0,42837,108.81,0,0,43187,105.69,0,0,3,30.52,0,0,3,30.65
1785718036.895,3.3,67.7,29.70,6.0,0.0,0,0,42837,108.81,0,0,43187,105.67,0,0,3,30.47,0,0,3,30.65
1785718037.895,1.6,100.0,29.69,6.0,0.0,0,0,42837,108.71,0,0,43187,105.64,0,0,3,30.52,0,0,3,30.66
1785718038.895,1.7,87.9,29.69,8.0,0.0,0,0,42837,108.66,0,0,43187,105.59,0,0,3,30.46,0,0,3,30.66
1785718039.895,1.6,100.0,29.69,5.0,0.0,0,0,42837,108.71,0,0,43187,105.59,0,0,3,30.42,0,0,3,30.61
1785718040.895,1.6,100.0,29.69,7.0,0.0,0,0,42837,108.75,0,0,43187,105.57,0,0,3,30.47,0,0,3,30.61
1785718041.896,2.1,100.0,29.68,4.0,0.0,0,0,42837,108.70,0,0,43187,105.20,0,0,3,30.47,0,0,3,30.65
1785718042.896,1.5,76.0,29.69,16.0,0.0,0,0,42837,108.66,0,0,43187,104.84,0,0,3,30.42,0,0,3,30.65
1785718043.896,3.6,100.0,29.70,8.0,0.0,0,0,42837,108.61,0,0,43187,104.92,0,0,3,30.42,0,0,3,30.66
1785718044.896,1.5,85.0,29.69,5.0,0.0,0,0,42837,108.61,0,0,43187,104.92,0,0,3,30.61,0,0,3,30.70
1785718045.896,2.1,100.0,29.69,8.0,0.0,0,0,42837,108.61,0,0,43187,104.82,0,0,3,30.61,0,0,3,30.70
1785718046.896,1.4,100.0,29.70,5.0,0.0,0,0,42837,108.57,0,0,43187,104.77,0,0,3,30.47,0,0,3,30.66
1785718047.896,2.3,100.0,29.69,6.0,0.0,0,0,42837,108.61,0,0,43187,104.75,0,0,3,30.52,0,0,3,30.66
1785718048.896,1.7,72.0,29.69,7.0,0.0,0,0,42837,108.57,0,0,43187,104.67,0,0,3,30.52,0,0,3,30.66
1785718049.897,2.4,100.0,29.68,8.0,0.0,0,0,42837,108.55,0,0,43187,104.62,0,0,3,30.47,0,0,3,30.66
1785718050.897,1.6,77.2,29.67,8.0,0.0,0,0,42837,108.60,0,0,43187,104.67,0,0,3,30.41,0,0,3,30.66
1785718051.897,1.8,100.0,29.67,5.0,0.0,0,0,42837,108.50,0,0,43187,104.67,0,0,3,30.42,0,0,3,30.71
1785718052.897,1.6,100.0,29.67,8.0,0.0,0,0,42837,108.42,0,0,43187,104.67,0,0,3,30.47,0,0,3,30.70
1785718053.897,2.0,100.0,29.66,4.0,0.0,0,0,42837,108.42,0,0,43187,104.68,0,0,3,30.47,0,0,3,30.66
1785718054.897,1.6,50.5,29.66,9.0,0.0,0,0,42837,108.41,0,0,43187,104.61,0,0,3,30.47,0,0,3,30.71
1785718055.897,1.7,100.0,29.64,7.0,0.0,0,0,42837,108.42,0,0,43187,104.53,0,0,3,30.47,0,0,3,30.66
1785718056.897,2.1,55.4,29.64,6.0,0.0,0,0,42837,108.46,0,0,43187,104.61,0,0,3,30.52,0,0,3,30.60
1785718057.897,3.4,100.0,29.64,7.0,0.0,0,0,42837,108.50,0,0,43187,104.64,0,0,3,30.52,0,0,3,30.66
1785718058.898,4.1,100.0,29.66,7.0,0.0,0,0,42837,108.52,0,0,43187,104.57,0,0,3,30.46,0,0,3,30.66
1785718059.898,2.1,100.0,29.67,6.0,0.0,0,0,42837,108.42,0,0,43187,104.55,0,0,3,30.42,0,0,3,30.66
1785718060.898,1.7,53.0,29.66,7.0,0.0,0,0,42837,108.42,0,0,43187,104.50,0,0,3,30.37,0,0,3,30.66
1785718061.898,1.6,100.0,29.65,8.0,0.0,0,0,42837,108.42,0,0,43187,104.50,0,0,3,30.47,0,0,3,30.66
1785718062.898,1.8,53.0,29.65,5.0,0.0,0,0,42837,108.32,0,0,43187,104.55,0,0,3,30.57,0,0,3,30.71
1785718063.898,3.1,100.0,29.65,7.0,0.0,0,0,42837,108.32,0,0,43187,104.47,0,0,3,30.66,0,0,3,30.72
1785718064.898,1.7,100.0,29.65,6.0,0.0,0,0,42837,108.37,0,0,43187,104.40,0,0,3,30.61,0,0,3,30.66
1785718065.898,1.5,100.0,29.65,8.0,0.0,0,0,42837,108.37,0,0,43187,104.48,0,0,3,30.47,0,0,3,30.66
1785718066.898,2.5,71.3,29.66,5.0,0.0,0,0,42837,108.37,0,0,43187,104.50,0,0,3,30.47,0,0,3,30.61
1785718067.899,2.6,100.0,29.64,4.0,0.0,0,0,42837,108.32,0,0,43187,104.43,0,0,3,30.52,0,0,3,30.60
1785718068.899,2.3,54.0,29.65,7.0,0.0,0,0,42837,108.27,0,0,43187,104.44,0,0,3,30.52,0,0,3,30.61
1785718069.899,1.5,100.0,29.65,6.0,0.0,0,0,42837,108.27,0,0,43187,104.45,0,0,3,30.46,0,0,3,30.61
1785718070.899,2.4,100.0,29.63,7.0,0.0,0,0,42837,108.27,0,0,43187,104.41,0,0,3,30.51,0,0,3,30.65
1785718071.899,1.5,100.0,29.65,7.0,0.0,0,0,42837,108.24,0,0,43187,104.39,0,0,3,30.52,0,0,3,30.65
1785718072.899,1.7,60.0,29.64,5.0,0.0,0,0,42837,108.25,0,0,43187,104.38,0,0,3,30.47,0,0,3,30.60
1785718073.899,1.7,100.0,29.64,8.0,0.0,0,0,42837,108.22,0,0,43187,104.34,0,0,3,30.46,0,0,3,30.56
1785718074.899,1.7,58.0,29.65,6.0,0.0,0,0,42837,108.18,0,0,43187,104.32,0,0,3,30.42,0,0,3,30.61
1785718075.899,1.7,100.0,29.65,6.0,0.0,0,0,42837,108.19,0,0,43187,104.34,0,0,3,30.42,0,0,3,30.66
1785718076.900,1.5,100.0,29.64,8.0,0.0,0,0,42837,108.18,0,0,43187,104.37,0,0,3,30.42,0,0,3,30.66
1785718077.900,1.7,100.0,29.65,5.0,0.0,0,0,42837,108.21,0,0,43187,104.31,0,0,3,30.42,0,0,3,30.61
1785718078.900,1.9,85.0,29.66,6.0,0.0,0,0,42837,108.22,0,0,43187,104.27,0,0,3,30.42,0,0,3,30.61
1785718079.900,3.1,99.0,29.65,9.0,0.0,0,0,42837,108.21,0,0,43187,104.26,0,0,3,30.42,0,0,3,30.66
1785718080.900,1.8,87.0,29.65,7.0,0.0,0,0,42837,108.21,0,0,43187,104.21,0,0,3,30.47,0,0,3,30.76
1785718081.900,1.9,100.0,29.64,6.0,0.0,0,0,42837,108.13,0,0,43187,104.32,0,0,3,30.42,0,0,3,30.70
1785718082.900,1.7,100.0,29.65,6.0,9.0,0,0,42837,108.13,0,0,43187,104.27,0,0,3,30.47,0,0,3,30.70
1785718083.900,2.2,100.0,29.66,7.0,27.0,0,0,42837,108.22,0,0,43187,104.21,0,0,3,30.47,0,0,3,30.75
1785718084.900,2.0,100.0,29.68,4.0,31.0,0,0,42837,108.21,0,0,43187,104.31,0,0,3,30.52,0,0,3,30.61
1785718085.900,2.2,85.0,29.67,9.0,24.0,0,0,42837,108.15,0,0,43187,104.31,0,0,3,30.52,0,0,3,30.65
1785718086.901,2.8,100.0,29.68,7.0,53.0,0,0,42837,108.11,0,0,43187,104.25,0,0,3,30.42,0,0,3,30.80
1785718087.901,3.6,92.0,29.66,8.0,32.0,0,0,42837,108.13,0,0,43187,104.22,0,0,3,30.42,0,0,3,30.80
1785718088.901,2.8,72.7,29.67,8.0,16.0,0,0,42837,108.13,0,0,43187,104.19,0,0,3,30.41,0,0,3,30.65
1785718089.901,2.1,100.0,29.66,4.0,17.0,0,0,42837,108.13,0,0,43187,104.26,0,0,3,30.42,0,0,3,30.60
1785718090.901,2.1,100.0,29.68,8.0,13.0,0,0,42837,108.08,0,0,43187,104.29,0,0,3,30.42,0,0,3,30.66
1785718091.901,2.1,82.8,29.66,7.0,12.0,0,0,42837,108.08,0,0,43187,104.21,0,0,3,30.42,0,0,3,30.66
1785718092.901,2.0,100.0,29.68,5.0,12.0,0,0,42837,108.13,0,0,43187,104.18,0,0,3,30.42,0,0,3,30.65
1785718093.901,2.1,90.0,29.69,8.0,23.0,0,0,42837,108.13,0,0,43187,104.13,0,0,3,30.42,0,0,3,30.65
1785718094.901,2.1,100.0,29.70,7.0,38.0,0,0,42837,108.13,0,0,43187,104.13,0,0,3,30.37,0,0,3,30.60
1785718095.902,2.7,100.0,29.71,7.0,39.0,0,0,42837,108.13,0,0,43187,104.22,0,0,3,30.42,0,0,3,30.61
1785718096.902,3.4,100.0,29.73,5.0,19.0,0,0,42837,108.13,0,0,43187,104.23,0,0,3,30.42,0,0,3,30.66
1785718097.902,2.0,81.0,29.74,6.0,25.0,0,0,42837,108.13,0,0,43187,104.11,0,0,3,30.46,0,0,3,30.66
1785718098.902,2.0,100.0,29.74,8.0,17.0,0,0,42837,108.13,0,0,43187,104.07,0,0,3,30.51,0,0,3,30.60
1785718099.902,2.1,87.9,29.73,9.0,34.0,0,0,42837,108.08,0,0,43187,104.13,0,0,3,30.42,0,0,3,30.60
1785718100.902,2.7,100.0,29.74,6.0,30.0,0,0,42837,108.08,0,0,43187,104.16,0,0,3,30.42,0,0,3,30.65
1785718101.902,3.4,100.0,29.75,1.0,39.0,0,0,42837,107.01,0,0,43187,104.13,0,0,3,30.52,0,0,3,30.75
1785718102.902,2.9,100.0,29.72,4.0,15.0,0,0,42837,107.01,0,0,43187,104.10,0,0,3,30.46,0,0,3,30.75
1785718103.902,2.6,77.8,29.72,10.0,10.0,0,0,42837,106.96,0,0,43187,104.08,0,0,3,30.36,0,0,3,30.65
1785718104.903,2.9,100.0,29.72,4.0,0.0,0,0,42837,106.96,0,0,43187,104.07,0,0,3,30.42,0,0,3,30.60
1785718105.903,1.6,79.8,29.73,7.0,0.0,0,0,42837,106.91,0,0,43187,104.04,0,0,3,30.47,0,0,3,30.61
1785718106.903,1.6,100.0,29.74,5.0,0.0,0,0,42837,106.91,0,0,43187,104.11,0,0,3,30.42,0,0,3,30.66
1785718107.903,1.6,100.0,29.75,8.0,0.0,0,0,42837,106.86,0,0,43187,104.13,0,0,3,30.42,0,0,3,30.66
1785718108.903,2.1,100.0,29.74,6.0,0.0,0,0,42837,106.91,0,0,43187,104.03,0,0,3,30.47,0,0,3,30.66
1785718109.903,2.2,51.0,29.73,7.0,0.0,0,0,42837,106.96,0,0,43187,104.07,0,0,3,30.42,0,0,3,30.66
1785718110.903,1.6,100.0,29.74,7.0,0.0,0,0,42837,106.88,0,0,43187,104.07,0,0,3,30.37,0,0,3,30.61
1785718111.903,2.3,55.0,29.75,7.0,0.0,0,0,42837,106.88,0,0,43187,104.14,0,0,3,30.42,0,0,3,30.56
1785718112.903,1.6,100.0,29.73,6.0,0.0,0,0,42837,106.85,0,0,43187,104.18,0,0,3,30.57,0,0,3,30.66
1785718113.903,1.8,100.0,29.73,7.0,0.0,0,0,42837,106.85,0,0,43187,104.00,0,0,3,30.52,0,0,3,30.71
1785718114.904,1.5,100.0,29.73,6.0,0.0,0,0,42837,106.90,0,0,43187,103.95,0,0,3,30.42,0,0,3,30.66
1785718115.904,1.7,64.0,29.69,6.0,0.0,0,0,42837,106.91,0,0,43187,103.97,0,0,3,30.42,0,0,3,30.65
1785718116.904,2.6,100.0,29.71,9.0,0.0,0,0,42837,106.91,0,0,43187,103.98,0,0,3,30.46,0,0,3,30.75
1785718117.904,3.4,57.0,29.71,6.0,0.0,0,0,42837,106.91,0,0,43187,104.02,0,0,3,30.51,0,0,3,30.75
1785718118.904,3.4,100.0,29.71,7.0,0.0,0,0,42837,106.86,0,0,43187,103.94,0,0,3,30.42,0,0,3,30.70
1785718119.904,2.9,100.0,29.71,6.0,0.0,0,0,42837,106.86,0,0,43187,103.95,0,0,3,30.42,0,0,3,30.66
1785718120.904,1.5,100.0,29.70,6.0,0.0,0,0,42837,106.81,0,0,43187,103.95,0,0,3,30.47,0,0,3,30.61
1785718121.904,2.2,65.0,29.71,6.0,0.0,0,0,42837,106.81,0,0,43187,103.92,0,0,3,30.47,0,0,3,30.60
1785718122.904,1.6,100.0,29.72,7.0,0.0,0,0,42837,106.91,0,0,43187,103.98,0,0,3,30.42,0,0,3,30.55
1785718123.905,2.6,58.4,29.72,8.0,0.0,0,0,42837,106.91,0,0,43187,104.00,0,0,3,30.37,0,0,3,30.60
1785718124.905,2.1,100.0,29.71,8.0,0.0,0,0,42837,106.81,0,0,43187,103.94,0,0,3,30.37,0,0,3,30.65
1785718125.905,1.6,100.0,29.71,6.0,0.0,0,0,42837,106.76,0,0,43187,103.86,0,0,3,30.37,0,0,3,30.65
1785718126.905,1.7,62.4,29.70,7.0,0.0,0,0,42837,106.80,0,0,43187,103.86,0,0,3,30.41,0,0,3,30.65
1785718127.905,1.8,67.3,29.70,5.0,0.0,0,0,42837,106.78,0,0,43187,103.89,0,0,3,30.47,0,0,3,30.65
1785718128.905,2.1,100.0,29.72,7.0,0.0,0,0,42837,106.78,0,0,43187,103.97,0,0,3,30.57,0,0,3,30.65
1785718129.905,1.5,60.0,29.72,7.0,0.0,0,0,42837,106.85,0,0,43187,103.93,0,0,3,30.52,0,0,3,30.66
1785718130.905,1.9,100.0,29.71,7.0,0.0,0,0,42837,106.86,0,0,43187,103.87,0,0,3,30.42,0,0,3,30.67
1785718131.905,1.8,100.0,29.72,7.0,0.0,0,0,42837,106.86,0,0,43187,103.95,0,0,3,30.42,0,0,3,30.66
1785718132.906,1.7,100.0,29.71,7.0,0.0,0,0,42837,106.86,0,0,43187,103.90,0,0,3,30.42,0,0,3,30.65
1785718133.906,1.5,69.0,29.71,6.0,0.0,0,0,42837,106.76,0,0,43187,103.85,0,0,3,30.61,0,0,3,30.71
1785718134.906,2.0,100.0,29.71,7.0,0.0,0,0,42837,106.76,0,0,43187,103.90,0,0,3,30.57,0,0,3,30.66
1785718135.906,2.6,100.0,29.71,5.0,0.0,0,0,42837,106.76,0,0,43187,103.93,0,0,3,30.57,0,0,3,30.70
1785718136.906,2.8,100.0,29.71,4.0,0.0,0,0,42837,106.76,0,0,43187,103.97,0,0,3,30.61,0,0,3,30.75
1785718137.906,1.7,100.0,29.69,7.0,0.0,0,0,42837,106.80,0,0,43187,103.94,0,0,3,30.42,0,0,3,30.70
1785718138.906,1.9,100.0,29.69,6.0,0.0,0,0,42837,106.80,0,0,43187,103.89,0,0,3,30.42,0,0,3,30.65
1785718139.906,2.7,97.0,29.75,6.0,0.0,0,0,42837,106.80,0,0,43187,103.90,0,0,3,30.52,0,0,3,30.65
1785718140.906,1.9,100.0,29.74,7.0,0.0,0,0,42837,106.80,0,0,43187,103.93,0,0,3,30.52,0,0,3,30.70
1785718141.907,1.7,90.0,29.72,8.0,0.0,0,0,42837,106.76,0,0,43187,103.93,0,0,3,30.51,0,0,3,30.70
1785718142.907,1.8,100.0,29.72,5.0,0.0,0,0,42837,106.76,0,0,43187,103.90,0,0,3,30.51,0,0,3,30.71
1785718143.907,1.6,100.0,29.70,8.0,0.0,0,0,42837,106.83,0,0,43187,103.89,0,0,3,30.46,0,0,3,30.61
1785718144.907,2.1,100.0,29.71,7.0,0.0,0,0,42837,106.83,0,0,43187,103.89,0,0,3,30.46,0,0,3,30.60
1785718145.907,1.6,99.0,29.71,5.0,0.0,0,0,42837,106.74,0,0,43187,103.94,0,0,3,30.47,0,0,3,30.65
1785718146.907,1.5,99.0,29.71,6.0,0.0,0,0,42837,106.74,0,0,43187,103.97,0,0,3,30.42,0,0,3,30.66
1785718147.907,1.6,91.9,29.71,8.0,0.0,0,0,42837,106.75,0,0,43187,103.85,0,0,3,30.37,0,0,3,30.66
1785718148.907,3.1,100.0,29.71,6.0,0.0,0,0,42837,106.76,0,0,43187,103.82,0,0,3,30.42,0,0,3,30.61
1785718149.907,2.8,100.0,29.70,6.0,12.0,0,0,42837,106.76,0,0,43187,103.81,0,0,3,30.42,0,0,3,30.60
1785718150.907,1.9,100.0,29.71,6.0,18.0,0,0,42837,106.81,0,0,43187,103.71,0,0,3,30.42,0,0,3,30.61
1785718151.908,2.6,100.0,29.72,8.0,19.0,0,0,42837,106.81,0,0,43187,103.79,0,0,3,30.47,0,0,3,30.61
1785718152.908,1.9,99.0,29.72,5.0,20.0,0,0,42837,106.81,0,0,43187,103.87,0,0,3,30.57,0,0,3,30.65
1785718153.908,2.3,93.0,29.74,8.0,19.0,0,0,42837,106.81,0,0,43187,103.82,0,0,3,30.52,0,0,3,30.60
1785718154.908,2.0,100.0,29.72,7.0,20.0,0,0,42837,106.81,0,0,43187,103.81,0,0,3,30.52,0,0,3,30.61
1785718155.908,2.3,100.0,29.71,5.0,20.0,0,0,42837,106.81,0,0,43187,103.88,0,0,3,30.57,0,0,3,30.66
1785718156.908,3.0,100.0,29.71,6.0,20.0,0,0,42837,106.76,0,0,43187,103.91,0,0,3,30.42,0,0,3,30.61
1785718157.908,2.5,100.0,29.71,7.0,23.0,0,0,42837,106.81,0,0,43187,103.88,0,0,3,30.42,0,0,3,30.61
1785718158.908,2.0,73.2,29.70,6.0,17.0,0,0,42837,106.81,0,0,43187,103.82,0,0,3,30.61,0,0,3,30.65
1785718159.908,2.2,78.8,29.71,8.0,19.0,0,0,42837,106.76,0,0,43187,103.82,0,0,3,30.66,0,0,3,30.60
1785718160.909,2.4,98.0,29.73,7.0,19.0,0,0,42837,106.80,0,0,43187,103.84,0,0,3,30.61,0,0,3,30.75
1785718161.909,2.4,100.0,29.73,6.0,19.0,0,0,42837,106.80,0,0,43187,103.79,0,0,3,30.61,0,0,3,30.75
1785718162.909,1.9,100.0,29.72,7.0,18.0,0,0,42837,106.71,0,0,43187,103.84,0,0,3,30.47,0,0,3,30.60
1785718163.909,2.1,100.0,29.72,6.0,19.0,0,0,42837,106.71,0,0,43187,103.86,0,0,3,30.42,0,0,3,30.65
1785718164.909,3.0,88.9,29.72,6.0,18.0,0,0,42837,106.71,0,0,43187,103.81,0,0,3,30.47,0,0,3,30.61
1785718165.909,3.0,100.0,29.71,7.0,18.0,0,0,42837,106.71,0,0,43187,103.84,0,0,3,30.46,0,0,3,30.61
1785718166.909,2.1,89.0,29.72,8.0,18.0,0,0,42837,106.71,0,0,43187,103.84,0,0,3,30.42,0,0,3,30.65
1785718167.909,1.9,100.0,29.72,7.0,17.0,0,0,42837,106.66,0,0,43187,103.79,0,0,3,30.37,0,0,3,30.65
1785718168.910,2.5,100.0,29.71,6.0,24.0,0,0,42837,106.66,0,0,43187,103.79,0,0,3,30.42,0,0,3,30.61
1785718169.910,3.7,100.0,29.78,6.0,11.0,0,0,42837,106.71,0,0,43187,103.81,0,0,3,30.47,0,0,3,30.61
1785718170.910,4.9,100.0,29.75,5.0,17.0,0,0,42837,106.81,0,0,43187,103.86,0,0,3,30.47,0,0,3,30.61
1785718171.910,4.4,100.0,29.78,3.0,20.0,0,0,42837,106.76,0,0,43187,103.84,0,0,3,30.57,0,0,3,30.61
1785718172.910,3.5,60.0,29.83,5.0,22.0,0,0,42837,106.76,0,0,43187,103.84,0,0,3,30.52,0,0,3,30.65
1785718173.910,3.3,100.0,29.83,4.0,27.0,0,0,42837,106.69,0,0,43187,103.79,0,0,3,30.46,0,0,3,30.75
1785718174.910,3.1,100.0,29.82,3.0,25.0,0,0,42837,106.69,0,0,43187,103.86,0,0,3,30.46,0,0,3,30.75
1785718175.910,1.9,100.0,29.82,7.0,18.0,0,0,42837,106.76,0,0,43187,103.90,0,0,3,30.46,0,0,3,30.65
1785718176.910,3.5,68.0,29.81,7.0,17.0,0,0,42837,106.76,0,0,43187,103.77,0,0,3,30.51,0,0,3,30.60
1785718177.911,3.8,100.0,29.82,8.0,18.0,0,0,42837,106.81,0,0,43187,103.79,0,0,3,30.46,0,0,3,30.60
1785718178.911,3.9,62.6,29.81,5.0,20.0,0,0,42837,106.81,0,0,43187,103.92,0,0,3,30.46,0,0,3,30.61
1785718179.911,3.4,100.0,29.80,7.0,17.0,0,0,42837,106.81,0,0,43187,103.90,0,0,3,30.47,0,0,3,30.56
1785718180.911,1.9,100.0,29.80,5.0,18.0,0,0,42837,106.76,0,0,43187,103.79,0,0,3,30.47,0,0,3,30.56
1785718181.911,2.0,100.0,29.81,8.0,13.0,0,0,42837,106.71,0,0,43187,103.75,0,0,3,30.42,0,0,3,30.60
1785718182.911,1.8,72.3,29.82,5.0,13.0,0,0,42837,106.71,0,0,43187,103.74,0,0,3,30.37,0,0,3,30.65
1785718183.911,2.1,100.0,29.81,8.0,16.0,0,0,42837,106.71,0,0,43187,103.93,0,0,3,30.41,0,0,3,30.66
1785718184.911,3.1,66.7,29.81,6.0,17.0,0,0,42837,106.71,0,0,43187,103.90,0,0,3,30.47,0,0,3,30.66
1785718185.911,2.3,100.0,29.80,7.0,15.0,0,0,42837,106.71,0,0,43187,103.74,0,0,3,30.47,0,0,3,30.65
1785718186.911,1.8,100.0,29.81,6.0,15.0,0,0,42837,106.71,0,0,43187,103.80,0,0,3,30.42,0,0,3,30.61
1785718187.912,2.0,100.0,29.82,7.0,13.0,0,0,42837,106.76,0,0,43187,103.84,0,0,3,30.42,0,0,3,30.56
1785718188.912,2.0,76.2,29.80,7.0,14.0,0,0,42837,106.76,0,0,43187,103.84,0,0,3,30.52,0,0,3,30.60
1785718189.912,2.0,100.0,29.79,5.0,14.0,0,0,42837,106.71,0,0,43187,103.79,0,0,3,30.47,0,0,3,30.61
1785718190.912,2.2,70.3,29.79,8.0,19.0,0,0,42837,106.71,0,0,43187,103.71,0,0,3,30.37,0,0,3,30.62
1785718191.912,2.0,100.0,29.80,6.0,25.0,0,0,42837,106.67,0,0,43187,103.75,0,0,3,30.37,0,0,3,30.67
1785718192.912,2.1,100.0,29.81,8.0,7.0,0,0,42837,106.67,0,0,43187,103.76,0,0,3,30.47,0,0,3,30.66
1785718193.912,2.1,100.0,29.79,5.0,9.0,0,0,42837,106.70,0,0,43187,103.87,0,0,3,30.47,0,0,3,30.66
1785718194.912,2.2,80.0,29.79,7.0,11.0,0,0,42837,106.70,0,0,43187,103.90,0,0,3,30.42,0,0,3,30.65
1785718195.913,2.1,100.0,29.78,7.0,12.0,0,0,42837,106.66,0,0,43187,103.79,0,0,3,30.46,0,0,3,30.60
1785718196.913,2.0,75.0,29.79,7.0,14.0,0,0,42837,106.70,0,0,43187,103.76,0,0,3,30.51,0,0,3,30.70
1785718197.913,2.0,100.0,29.80,7.0,10.0,0,0,42837,106.70,0,0,43187,103.76,0,0,3,30.51,0,0,3,30.75
1785718198.913,2.0,100.0,29.80,8.0,12.0,0,0,42837,106.71,0,0,43187,103.77,0,0,3,30.47,0,0,3,30.70
1785718199.913,2.6,100.0,29.85,6.0,13.0,0,0,42837,106.71,0,0,43187,103.77,0,0,3,30.42,0,0,3,30.65
1785718200.913,2.1,84.0,29.84,5.0,10.0,0,0,42837,106.71,0,0,43187,103.70,0,0,3,30.37,0,0,3,30.55
1785718201.913,2.2,99.0,29.80,7.0,9.0,0,0,42837,106.67,0,0,43187,103.79,0,0,3,30.46,0,0,3,30.60
1785718202.913,2.2,80.0,29.79,8.0,0.0,0,0,42837,106.62,0,0,43187,103.82,0,0,3,30.51,0,0,3,30.60
1785718203.913,1.5,100.0,29.79,5.0,0.0,0,0,42837,106.65,0,0,43187,103.68,0,0,3,30.42,0,0,3,30.60
1785718204.914,1.8,100.0,29.78,8.0,0.0,0,0,42837,106.70,0,0,43187,103.65,0,0,3,30.42,0,0,3,30.60
1785718205.914,1.6,100.0,29.79,8.0,0.0,0,0,42837,106.67,0,0,43187,103.71,0,0,3,30.42,0,0,3,30.56
1785718206.914,1.7,89.0,29.78,6.0,0.0,0,0,42837,106.67,0,0,43187,104.06,0,0,3,30.37,0,0,3,30.56
1785718207.914,2.4,100.0,29.78,5.0,0.0,0,0,42837,106.70,0,0,43187,104.08,0,0,3,30.37,0,0,3,30.61
1785718208.914,3.3,100.0,29.79,4.0,0.0,0,0,42837,106.70,0,0,43187,103.83,0,0,3,30.41,0,0,3,30.71
1785718209.914,2.9,100.0,29.78,7.0,0.0,0,0,42837,106.76,0,0,43187,103.72,0,0,3,30.42,0,0,3,30.70
1785718210.914,2.8,100.0,29.79,6.0,0.0,0,0,42837,106.76,0,0,43187,103.72,0,0,3,30.42,0,0,3,30.60
1785718211.914,1.5,100.0,29.79,6.0,0.0,0,0,42837,106.71,0,0,43187,103.77,0,0,3,30.47,0,0,3,30.55
1785718212.914,1.8,100.0,29.79,7.0,0.0,0,0,42837,106.71,0,0,43187,103.77,0,0,3,30.37,0,0,3,30.61
1785718213.915,1.6,98.0,29.78,7.0,0.0,0,0,42837,106.71,0,0,43187,103.75,0,0,3,30.37,0,0,3,30.66
1785718214.915,1.9,94.1,29.78,8.0,0.0,0,0,42837,106.73,0,0,43187,103.80,0,0,3,30.42,0,0,3,30.65
1785718215.915,1.6,100.0,29.78,6.0,0.0,0,0,42837,106.67,0,0,43187,103.63,0,0,3,30.52,0,0,3,30.66
1785718216.915,3.4,100.0,29.78,4.0,0.0,0,0,42837,106.67,0,0,43187,103.63,0,0,3,30.61,0,0,3,30.61
1785718217.915,1.6,100.0,29.79,8.0,0.0,0,0,42837,106.62,0,0,43187,103.65,0,0,3,30.56,0,0,3,30.61
1785718218.915,1.6,100.0,29.79,6.0,0.0,0,0,42837,106.62,0,0,43187,103.86,0,0,3,30.51,0,0,3,30.66
1785718219.915,1.7,96.0,29.79,8.0,0.0,0,0,42837,106.71,0,0,43187,103.86,0,0,3,30.47,0,0,3,30.65
1785718220.915,1.6,100.0,29.79,7.0,0.0,0,0,42837,106.71,0,0,43187,103.72,0,0,3,30.46,0,0,3,30.60
1785718221.915,2.3,97.0,29.79,6.0,0.0,0,0,42837,106.76,0,0,43187,103.74,0,0,3,30.41,0,0,3,30.65
1785718222.916,1.5,100.0,29.79,7.0,0.0,0,0,42837,106.81,0,0,43187,103.76,0,0,3,30.42,0,0,3,30.70
1785718223.916,1.7,100.0,29.79,7.0,0.0,0,0,42837,106.81,0,0,43187,103.94,0,0,3,30.42,0,0,3,30.65
1785718224.916,2.2,100.0,29.79,5.0,8.0,0,0,42837,106.71,0,0,43187,103.75,0,0,3,30.42,0,0,3,30.60
1785718225.916,3.3,69.0,29.76,8.0,12.0,0,0,42837,106.71,0,0,43187,103.75,0,0,3,30.42,0,0,3,30.56
1785718226.916,2.5,100.0,29.77,7.0,12.0,0,0,42837,106.62,0,0,43187,103.79,0,0,3,30.38,0,0,3,30.61
1785718227.916,2.1,70.0,29.77,8.0,12.0,0,0,42837,106.62,0,0,43187,103.79,0,0,3,30.42,0,0,3,30.66
1785718228.916,2.1,100.0,29.76,6.0,11.0,0,0,42837,106.71,0,0,43187,103.65,0,0,3,30.47,0,0,3,30.61
1785718229.916,2.5,100.0,29.79,4.0,12.0,0,0,42837,106.71,0,0,43187,103.65,0,0,3,30.47,0,0,3,30.55
1785718230.916,2.0,100.0,29.80,8.0,8.0,0,0,42837,106.67,0,0,43187,103.60,0,0,3,30.47,0,0,3,30.55
1785718231.917,2.3,58.0,29.77,6.0,9.0,0,0,42837,106.67,0,0,43187,103.60,0,0,3,30.42,0,0,3,30.55
1785718232.917,2.4,100.0,29.77,6.0,9.0,0,0,42837,106.67,0,0,43187,103.75,0,0,3,30.42,0,0,3,30.55
1785718233.917,2.3,52.0,29.76,7.0,19.0,0,0,42837,106.67,0,0,43187,103.75,0,0,3,30.47,0,0,3,30.55
1785718234.917,1.8,100.0,29.76,6.0,16.0,0,0,42837,106.62,0,0,43187,103.70,0,0,3,30.42,0,0,3,30.56
1785718235.917,2.4,100.0,29.72,6.0,15.0,0,0,42837,106.62,0,0,43187,103.70,0,0,3,30.42,0,0,3,30.57
1785718236.917,2.6,100.0,29.72,8.0,22.0,0,0,42837,106.66,0,0,43187,103.68,0,0,3,30.42,0,0,3,30.56
1785718237.917,3.7,60.6,29.74,5.0,16.0,0,0,42837,106.66,0,0,43187,103.68,0,0,3,30.42,0,0,3,30.60
1785718238.917,3.8,100.0,29.73,6.0,16.0,0,0,42837,106.62,0,0,43187,103.69,0,0,3,30.42,0,0,3,30.65
1785718239.917,3.3,54.0,29.74,8.0,16.0,0,0,42837,106.62,0,0,43187,103.69,0,0,3,30.37,0,0,3,30.65
1785718240.918,2.3,100.0,29.74,8.0,16.0,0,0,42837,106.71,0,0,43187,103.65,0,0,3,30.37,0,0,3,30.56
1785718241.918,3.6,100.0,29.74,5.0,19.0,0,0,42837,106.71,0,0,43187,103.65,0,0,3,30.37,0,0,3,30.56
1785718242.918,3.1,100.0,29.74,4.0,32.0,0,0,42837,106.66,0,0,43187,103.68,0,0,3,30.42,0,0,3,30.65
1785718243.918,3.3,68.7,29.74,4.0,18.0,0,0,42837,106.66,0,0,43187,103.68,0,0,3,30.46,0,0,3,30.60
1785718244.918,2.3,100.0,29.75,7.0,15.0,0,0,42837,106.62,0,0,43187,103.76,0,0,3,30.56,0,0,3,30.65
1785718245.918,2.8,55.0,29.76,6.0,15.0,0,0,42837,106.62,0,0,43187,103.76,0,0,3,30.61,0,0,3,30.65
1785718246.918,1.9,100.0,29.75,8.0,14.0,0,0,42837,106.60,0,0,43187,103.65,0,0,3,30.61,0,0,3,30.70
1785718247.918,2.1,100.0,29.75,5.0,13.0,0,0,42837,106.60,0,0,43187,103.70,0,0,3,30.51,0,0,3,30.70
1785718248.918,2.0,100.0,29.74,7.0,15.0,0,0,42837,106.60,0,0,43187,103.70,0,0,3,30.41,0,0,3,30.55
1785718249.919,2.0,63.6,29.74,6.0,13.0,0,0,42837,106.62,0,0,43187,103.70,0,0,3,30.47,0,0,3,30.55
1785718250.919,2.9,100.0,29.75,7.0,31.0,0,0,42837,106.66,0,0,43187,103.77,0,0,3,30.47,0,0,3,30.60
1785718251.919,2.1,57.0,29.75,6.0,25.0,0,0,42837,106.62,0,0,43187,103.79,0,0,3,30.42,0,0,3,30.60
1785718252.919,1.9,100.0,29.75,9.0,18.0,0,0,42837,106.57,0,0,43187,103.71,0,0,3,30.37,0,0,3,30.65
1785718253.919,2.0,100.0,29.73,5.0,16.0,0,0,42837,106.57,0,0,43187,103.70,0,0,3,30.32,0,0,3,30.65
1785718254.919,6.9,100.0,29.73,6.0,483.0,0,0,42837,106.60,0,0,43187,103.75,0,0,3,30.32,0,0,3,30.55
1785718255.919,2.2,66.0,29.75,7.0,23.0,0,0,42837,106.60,0,0,43187,103.75,0,0,3,30.42,0,0,3,30.55
1785718256.919,2.1,100.0,29.75,6.0,14.0,0,0,42837,106.67,0,0,43187,103.69,0,0,3,30.47,0,0,3,30.55
1785718257.919,2.7,65.0,29.78,6.0,21.0,0,0,42837,106.67,0,0,43187,103.69,0,0,3,30.47,0,0,3,30.60
1785718258.920,2.5,100.0,29.78,9.0,27.0,0,0,42837,106.62,0,0,43187,103.68,0,0,3,30.47,0,0,3,30.61
1785718259.920,2.7,100.0,29.82,4.0,12.0,0,0,42837,106.62,0,0,43187,103.68,0,0,3,30.52,0,0,3,30.56
1785718260.920,2.1,100.0,29.82,8.0,9.0,0,0,42837,106.57,0,0,43187,103.64,0,0,3,30.47,0,0,3,30.60
1785718261.920,2.1,93.0,29.80,5.0,8.0,0,0,42837,106.57,0,0,43187,103.64,0,0,3,30.37,0,0,3,30.65
1785718262.920,1.9,99.0,29.79,6.0,10.0,0,0,42837,106.71,0,0,43187,103.81,0,0,3,30.47,0,0,3,30.61
1785718263.920,2.3,87.0,29.81,8.0,22.0,0,0,42837,106.71,0,0,43187,103.81,0,0,3,30.47,0,0,3,30.56
1785718264.920,2.0,100.0,29.82,6.0,21.0,0,0,42837,106.55,0,0,43187,103.75,0,0,3,30.37,0,0,3,30.65
1785718265.920,2.3,100.0,29.81,7.0,38.0,0,0,42837,106.55,0,0,43187,103.75,0,0,3,30.42,0,0,3,30.65
1785718266.920,2.1,100.0,29.81,6.0,19.0,0,0,42837,106.60,0,0,43187,103.70,0,0,3,30.47,0,0,3,30.60
1785718267.921,2.2,96.0,29.80,6.0,20.0,0,0,42837,106.62,0,0,43187,103.69,0,0,3,30.47,0,0,3,30.66
1785718268.921,2.2,100.0,29.79,6.0,26.0,0,0,42837,106.57,0,0,43187,103.72,0,0,3,30.46,0,0,3,30.61
1785718269.921,2.1,89.0,29.79,8.0,19.0,0,0,42837,106.52,0,0,43187,103.64,0,0,3,30.41,0,0,3,30.60
1785718270.921,2.9,100.0,29.78,6.0,20.0,0,0,42837,106.57,0,0,43187,103.66,0,0,3,30.37,0,0,3,30.60
1785718271.921,3.3,100.0,29.79,7.0,21.0,0,0,42837,106.62,0,0,43187,103.66,0,0,3,30.37,0,0,3,30.55
1785718272.921,2.2,100.0,29.78,6.0,24.0,0,0,42837,106.62,0,0,43187,103.71,0,0,3,30.37,0,0,3,30.61
1785718273.921,2.7,98.0,29.80,6.0,51.0,0,0,42837,106.62,0,0,43187,103.66,0,0,3,30.41,0,0,3,30.66
1785718274.921,2.2,100.0,29.80,6.0,19.0,0,0,42837,106.62,0,0,43187,103.66,0,0,3,30.47,0,0,3,30.65
1785718275.921,1.9,90.0,29.79,7.0,22.0,0,0,42837,106.66,0,0,43187,103.72,0,0,3,30.42,0,0,3,30.65
1785718276.921,5.0,100.0,29.80,6.0,24.0,0,0,42837,106.66,0,0,43187,103.72,0,0,3,30.42,0,0,3,30.65
1785718277.922,3.3,100.0,29.82,3.0,38.0,0,0,42837,106.66,0,0,43187,103.66,0,0,3,30.41,0,0,3,30.60
1785718278.922,2.8,100.0,29.85,7.0,40.0,0,0,42837,106.62,0,0,43187,103.69,0,0,3,30.42,0,0,3,30.56
1785718279.922,2.2,100.0,29.86,6.0,46.0,0,0,42837,106.65,0,0,43187,103.71,0,0,3,30.42,0,0,3,30.65
1785718280.922,6.9,82.7,29.85,5.0,477.0,0,0,42837,106.65,0,0,43187,103.71,0,0,3,30.37,0,0,3,30.70
1785718281.922,2.5,97.0,29.88,5.0,25.9,0,0,42837,106.67,0,0,43187,103.65,0,0,3,30.57,0,0,3,30.65
1785718282.922,2.0,100.0,29.89,7.0,13.0,0,0,42837,106.67,0,0,43187,103.65,0,0,3,30.61,0,0,3,30.66
1785718283.922,2.0,100.0,29.90,7.0,14.0,0,0,42837,106.62,0,0,43187,103.65,0,0,3,30.41,0,0,3,30.61
1785718284.922,1.9,100.0,29.92,6.0,13.0,0,0,42837,106.55,0,0,43187,103.75,0,0,3,30.36,0,0,3,30.55
1785718285.922,2.0,100.0,29.91,7.0,13.0,0,0,42837,106.59,0,0,43187,103.71,0,0,3,30.37,0,0,3,30.55
1785718286.922,3.7,93.9,29.91,8.0,12.0,0,0,42837,106.65,0,0,43187,103.71,0,0,3,30.37,0,0,3,30.55
1785718287.923,2.0,75.0,29.89,6.0,16.0,0,0,42837,106.60,0,0,43187,103.77,0,0,3,30.37,0,0,3,30.55
1785718288.923,2.0,100.0,29.88,6.0,14.0,0,0,42837,106.56,0,0,43187,103.68,0,0,3,30.42,0,0,3,30.61
1785718289.923,3.0,100.0,29.90,6.0,15.0,0,0,42837,106.57,0,0,43187,103.89,0,0,3,30.46,0,0,3,30.66
1785718290.923,2.3,100.0,29.90,5.0,13.0,0,0,42837,106.67,0,0,43187,103.75,0,0,3,30.46,0,0,3,30.60
1785718291.923,2.3,100.0,29.90,8.0,15.0,0,0,42837,106.57,0,0,43187,103.75,0,0,3,30.46,0,0,3,30.56
1785718292.923,1.9,90.0,29.89,7.0,17.0,0,0,42837,106.57,0,0,43187,103.66,0,0,3,30.42,0,0,3,30.66
1785718293.923,2.2,100.0,29.90,6.0,18.0,0,0,42837,106.71,0,0,43187,103.66,0,0,3,30.37,0,0,3,30.70
1785718294.923,2.0,92.0,29.93,7.0,25.0,0,0,42837,106.76,0,0,43187,103.66,0,0,3,30.37,0,0,3,30.65
1785718295.924,2.2,100.0,29.92,6.0,17.0,0,0,42837,106.67,0,0,43187,103.66,0,0,3,30.41,0,0,3,30.65
1785718296.924,2.5,100.0,29.90,6.0,24.0,0,0,42837,106.65,0,0,43187,103.71,0,0,3,30.41,0,0,3,30.60
1785718297.924,4.0,100.0,29.91,7.0,23.0,0,0,42837,106.70,0,0,43187,103.71,0,0,3,30.42,0,0,3,30.55
1785718298.924,3.8,64.0,29.92,6.0,27.0,0,0,42837,106.67,0,0,43187,103.76,0,0,3,30.46,0,0,3,30.60
1785718299.924,3.1,100.0,29.94,8.0,18.0,0,0,42837,106.62,0,0,43187,103.76,0,0,3,30.46,0,0,3,30.60
1785718300.924,2.5,53.0,29.95,7.0,38.0,0,0,42837,106.61,0,0,43187,103.71,0,0,3,30.46,0,0,3,30.65
1785718301.924,2.5,100.0,29.93,6.0,28.0,0,0,42837,106.66,0,0,43187,103.71,0,0,3,30.42,0,0,3,30.65
1785718302.924,2.1,100.0,29.95,6.0,31.0,0,0,42837,106.67,0,0,43187,103.71,0,0,3,30.37,0,0,3,30.60
1785718303.924,2.3,100.0,29.96,7.0,36.0,0,0,42837,106.65,0,0,43187,103.71,0,0,3,30.42,0,0,3,30.60
1785718304.925,1.9,56.0,29.97,8.0,14.0,0,0,42837,106.60,0,0,43187,103.66,0,0,3,30.61,0,0,3,30.60
1785718305.925,3.7,100.0,29.96,7.0,17.0,0,0,42837,106.56,0,0,43187,103.70,0,0,3,30.56,0,0,3,30.60
1785718306.925,2.0,55.6,29.97,4.0,15.0,0,0,42837,106.54,0,0,43187,103.70,0,0,3,30.51,0,0,3,30.65
1785718307.925,1.9,100.0,29.96,6.0,12.0,0,0,42837,106.59,0,0,43187,103.70,0,0,3,30.57,0,0,3,30.65
1785718308.925,2.2,100.0,29.96,7.0,15.0,0,0,42837,106.54,0,0,43187,103.70,0,0,3,30.46,0,0,3,30.55
1785718309.925,1.8,100.0,29.95,6.0,13.0,0,0,42837,106.51,0,0,43187,103.75,0,0,3,30.41,0,0,3,30.55
1785718310.925,2.4,83.8,29.95,6.0,16.0,0,0,42837,106.57,0,0,43187,103.81,0,0,3,30.42,0,0,3,30.61
1785718311.925,3.0,100.0,29.95,9.0,20.0,0,0,42837,106.62,0,0,43187,103.80,0,0,3,30.41,0,0,3,30.66
1785718312.926,3.3,100.0,29.96,5.0,44.0,0,0,42837,106.62,0,0,43187,103.80,0,0,3,30.41,0,0,3,30.65
1785718313.926,2.6,100.0,29.96,5.0,21.0,0,0,42837,106.62,0,0,43187,103.79,0,0,3,30.41,0,0,3,30.56
1785718314.926,2.2,100.0,29.96,6.0,24.0,0,0,42837,106.56,0,0,43187,103.79,0,0,3,30.41,0,0,3,30.56
1785718315.926,2.0,100.0,29.97,6.0,17.0,0,0,42837,106.54,0,0,43187,103.70,0,0,3,30.46,0,0,3,30.60
1785718316.926,2.4,86.1,29.96,7.0,17.0,0,0,42837,106.55,0,0,43187,103.70,0,0,3,30.46,0,0,3,30.60
1785718317.926,1.9,100.0,29.97,9.0,17.0,0,0,42837,106.52,0,0,43187,103.70,0,0,3,30.47,0,0,3,30.65
1785718318.926,2.4,80.0,29.99,6.0,27.0,0,0,42837,106.52,0,0,43187,103.70,0,0,3,30.46,0,0,3,30.60
1785718319.926,2.4,100.0,30.02,5.0,23.0,0,0,42837,106.62,0,0,43187,103.69,0,0,3,30.41,0,0,3,30.55
1785718320.926,2.4,100.0,30.04,4.0,22.0,0,0,42837,106.64,0,0,43187,103.69,0,0,3,30.37,0,0,3,30.60
1785718321.927,2.4,100.0,30.02,7.0,23.0,0,0,42837,106.53,0,0,43187,103.71,0,0,3,30.37,0,0,3,30.65
1785718322.927,2.1,88.1,30.04,4.0,15.0,0,0,42837,106.46,0,0,43187,103.71,0,0,3,30.42,0,0,3,30.65
1785718323.927,2.0,100.0,30.04,9.0,37.0,0,0,42837,106.51,0,0,43187,103.73,0,0,3,30.42,0,0,3,30.60
1785718324.927,3.2,83.0,30.20,6.0,81.0,0,0,42837,106.60,0,0,43187,103.73,0,0,3,30.36,0,0,3,30.55
1785718325.927,2.6,100.0,30.39,9.0,35.0,0,0,42837,106.60,0,0,43187,103.65,0,0,3,30.41,0,0,3,30.55
1785718326.927,2.5,100.0,30.55,5.0,29.0,0,0,42837,106.54,0,0,43187,103.65,0,0,3,30.46,0,0,3,30.55
1785718327.927,2.4,100.0,30.70,8.0,28.0,0,0,42837,106.54,0,0,43187,103.70,0,0,3,30.52,0,0,3,30.65
1785718328.927,2.6,91.1,31.20,5.0,49.0,0,0,42837,106.60,0,0,43187,103.70,0,0,3,30.46,0,0,3,30.65
1785718329.927,2.8,100.0,31.44,8.0,100.0,0,0,42837,106.57,0,0,43187,103.72,0,0,3,30.42,0,0,3,30.60
1785718330.928,2.8,100.0,31.52,6.0,99.0,0,0,42837,106.55,0,0,43187,103.67,0,0,3,30.42,0,0,3,30.65
1785718331.928,3.2,100.0,31.65,8.0,102.0,0,0,42837,106.58,0,0,43187,103.59,0,0,3,30.36,0,0,3,30.65
1785718332.928,4.5,100.0,31.53,60.0,52.0,83,11,42837,109.98,2,3,43187,106.22,0,0,3,30.36,0,0,3,30.60
1785718333.928,4.5,100.0,31.52,250.0,8.0,91,49,42837,180.79,87,56,43187,178.20,0,0,3,30.42,0,0,3,30.55
1785718334.928,4.0,94.0,31.50,234.0,4.0,92,42,42837,158.54,89,34,43187,166.91,0,0,3,30.46,0,0,3,30.55
1785718335.928,4.4,100.0,31.50,249.7,4.0,94,48,42837,176.49,85,55,43187,200.12,0,0,3,30.41,0,0,3,30.55
1785718336.928,6.2,98.0,31.50,248.2,4.0,92,47,42837,184.73,86,55,43187,190.60,0,0,3,30.41,0,0,3,30.60
1785718337.928,4.7,100.0,31.50,238.0,3.0,91,48,42837,165.19,90,57,43187,194.00,0,0,3,30.41,0,0,3,30.65
1785718338.928,4.0,100.0,31.50,242.0,4.0,93,49,42837,176.87,90,58,43187,188.82,0,0,3,30.42,0,0,3,30.65
1785718339.928,4.3,100.0,31.48,240.0,6.0,65,32,42837,160.96,68,22,43187,231.78,0,0,3,30.41,0,0,3,30.60
1785718340.928,4.2,99.0,31.47,248.0,7.0,93,49,42837,159.45,88,55,43187,214.49,0,0,3,30.40,0,0,3,30.60
1785718341.929,4.7,99.0,31.46,248.0,7.0,93,45,42837,195.28,87,51,43187,195.15,0,0,3,30.40,0,0,3,30.60
1785718342.929,4.1,99.0,31.46,247.0,7.0,92,46,42837,183.31,86,55,43187,202.86,0,0,3,30.40,0,0,3,30.55
1785718343.929,4.9,100.0,31.45,248.0,8.0,93,52,42837,180.84,90,59,43187,192.37,0,0,3,30.40,0,0,3,30.55
1785718344.929,4.2,100.0,31.44,244.0,6.0,92,47,42837,174.38,90,56,43187,183.41,0,0,3,30.36,0,0,3,30.55
1785718345.929,4.3,100.0,31.44,244.0,6.0,92,48,42837,171.81,87,56,43187,170.69,0,0,3,30.36,0,0,3,30.60
1785718346.929,5.4,100.0,31.43,249.0,8.0,92,47,42837,191.29,88,55,43187,174.14,0,0,3,30.41,0,0,3,30.66
1785718347.929,6.7,100.0,31.41,241.0,5.0,100,25,42837,207.46,93,51,43187,204.48,0,0,3,30.41,0,0,3,30.66
1785718348.929,5.1,100.0,31.41,244.0,7.0,93,48,42837,176.69,87,54,43187,187.03,0,0,3,30.41,0,0,3,30.60
1785718349.929,4.5,100.0,31.42,243.0,5.0,92,48,42837,187.00,90,56,43187,164.93,0,0,3,30.42,0,0,3,30.60
1785718350.930,4.4,100.0,31.41,242.0,6.0,92,49,42837,166.43,89,56,43187,199.06,0,0,3,30.42,0,0,3,30.60
1785718351.930,4.1,100.0,31.39,240.0,5.0,92,48,42837,167.76,90,56,43187,186.75,0,0,3,30.41,0,0,3,30.61
1785718352.930,4.3,100.0,31.40,239.0,3.0,92,47,42837,175.01,90,54,43187,176.12,0,0,3,30.41,0,0,3,30.65
1785718353.930,4.4,99.0,31.41,234.0,5.0,94,30,42837,172.43,90,50,43187,183.41,0,0,3,30.41,0,0,3,30.60
1785718354.930,4.6,99.0,31.39,245.0,5.0,92,47,42837,178.41,90,55,43187,179.24,0,0,3,30.41,0,0,3,30.55
1785718355.930,4.2,100.0,31.36,241.0,5.0,94,49,42837,180.11,90,53,43187,200.72,0,0,3,30.40,0,0,3,30.55
1785718356.930,4.9,100.0,31.36,241.0,5.0,92,47,42837,181.01,89,55,43187,181.30,0,0,3,30.41,0,0,3,30.56
1785718357.930,5.9,100.0,31.36,241.0,7.0,95,45,42837,178.10,90,56,43187,190.60,0,0,3,30.46,0,0,3,30.50
1785718358.930,6.3,100.0,31.35,247.0,7.0,92,50,42837,181.39,89,58,43187,198.56,0,0,3,30.41,0,0,3,30.54
1785718359.930,4.3,99.0,31.36,252.0,7.0,90,41,42837,168.64,88,54,43187,193.09,0,0,3,30.36,0,0,3,30.60
1785718360.931,5.0,99.0,31.35,248.0,8.0,92,50,42837,185.79,87,51,43187,187.71,0,0,3,30.41,0,0,3,30.60
1785718361.931,4.7,100.0,31.34,246.0,8.0,91,47,42837,178.57,89,54,43187,211.93,0,0,3,30.40,0,0,3,30.65
1785718362.931,4.4,100.0,31.34,250.0,7.0,92,51,42837,179.65,89,57,43187,195.83,0,0,3,30.40,0,0,3,30.59
1785718363.931,4.2,100.0,31.34,246.3,7.0,92,48,42837,181.78,85,50,43187,186.09,0,0,3,30.45,0,0,3,30.55
1785718364.931,4.4,100.0,31.33,243.7,7.0,92,48,42837,189.60,89,56,43187,186.80,0,0,3,30.47,0,0,3,30.60
1785718365.931,4.5,99.0,31.31,246.0,7.0,92,46,42837,171.96,87,56,43187,191.77,0,0,3,30.46,0,0,3,30.65
1785718366.931,5.2,100.0,31.31,247.0,7.0,92,50,42837,185.41,89,58,43187,192.51,0,0,3,30.45,0,0,3,30.59
1785718367.931,4.2,99.0,31.30,241.0,7.0,92,46,42837,177.69,89,56,43187,185.54,0,0,3,30.46,0,0,3,30.59
1785718368.931,4.3,100.0,31.29,243.0,6.0,92,49,42837,200.63,87,56,43187,179.22,0,0,3,30.46,0,0,3,30.60
1785718369.931,4.8,100.0,31.29,244.0,6.0,92,45,42837,164.16,88,55,43187,190.67,0,0,3,30.41,0,0,3,30.60
1785718370.932,4.4,100.0,31.31,241.0,8.0,93,49,42837,178.04,87,37,43187,178.02,0,0,3,30.41,0,0,3,30.60
1785718371.932,4.3,99.0,31.30,249.0,7.0,92,50,42837,182.47,89,58,43187,182.00,0,0,3,30.41,0,0,3,30.60
1785718372.932,4.5,100.0,31.30,248.0,8.0,91,49,42837,178.59,90,57,43187,184.28,0,0,3,30.36,0,0,3,30.65
1785718373.932,4.2,99.0,31.27,245.0,7.0,92,49,42837,196.23,89,56,43187,192.21,0,0,3,30.35,0,0,3,30.59
1785718374.932,4.3,100.0,31.28,246.0,7.0,92,47,42837,179.81,88,57,43187,182.77,0,0,3,30.35,0,0,3,30.59
1785718375.932,4.5,100.0,31.27,250.0,9.0,91,46,42837,210.39,87,55,43187,184.83,0,0,3,30.40,0,0,3,30.60
1785718376.932,4.3,100.0,31.26,254.0,9.0,94,43,42837,205.71,91,60,43187,198.93,0,0,3,30.45,0,0,3,30.61
1785718377.932,4.4,99.0,31.26,247.0,8.0,92,48,42837,181.05,89,56,43187,198.60,0,0,3,30.42,0,0,3,30.60
1785718378.932,4.1,100.0,31.24,245.8,9.0,92,46,42837,189.54,90,52,43187,197.73,0,0,3,30.41,0,0,3,30.60
1785718379.932,5.0,99.0,31.29,243.2,7.0,92,50,42837,189.47,89,57,43187,194.72,0,0,3,30.45,0,0,3,30.64
1785718380.933,5.0,100.0,31.29,253.0,10.0,91,49,42837,205.66,88,57,43187,203.60,0,0,3,30.40,0,0,3,30.63
1785718381.933,5.6,100.0,31.26,247.0,8.0,92,50,42837,183.49,90,58,43187,212.43,0,0,3,30.40,0,0,3,30.64
1785718382.933,5.3,100.0,31.24,250.0,10.0,92,48,42837,192.81,87,50,43187,204.65,0,0,3,30.45,0,0,3,30.55
1785718383.933,4.6,99.0,31.21,254.0,9.0,89,46,42837,191.84,90,56,43187,199.93,0,0,3,30.46,0,0,3,30.50
1785718384.933,4.2,100.0,31.21,248.0,9.0,91,48,42837,229.46,91,44,43187,192.67,0,0,3,30.42,0,0,3,30.56
1785718385.933,5.0,99.0,31.21,251.0,9.0,91,45,42837,203.18,88,48,43187,181.44,0,0,3,30.36,0,0,3,30.59
1785718386.933,4.3,100.0,31.22,254.0,11.0,91,48,42837,175.01,90,51,43187,194.04,0,0,3,30.35,0,0,3,30.64
1785718387.933,4.4,100.0,31.23,243.0,9.0,91,48,42837,186.23,87,51,43187,198.51,0,0,3,30.40,0,0,3,30.60
1785718388.933,4.7,100.0,31.22,250.0,8.0,94,46,42837,175.21,91,59,43187,205.63,0,0,3,30.40,0,0,3,30.55
1785718389.934,4.4,99.0,31.21,247.0,8.0,92,49,42837,181.08,87,56,43187,185.75,0,0,3,30.36,0,0,3,30.60
1785718390.934,4.2,100.0,31.19,246.0,8.0,92,50,42837,182.84,87,58,43187,192.99,0,0,3,30.42,0,0,3,30.61
1785718391.934,4.4,99.0,31.20,250.0,8.0,92,50,42837,196.43,87,51,43187,202.17,0,0,3,30.46,0,0,3,30.56
1785718392.934,4.2,99.0,31.19,245.0,7.0,92,47,42837,185.95,90,56,43187,196.94,0,0,3,30.40,0,0,3,30.59
1785718393.934,6.6,100.0,31.16,249.0,8.0,92,49,42837,188.78,88,52,43187,195.98,0,0,3,30.40,0,0,3,30.66
1785718394.934,4.3,100.0,31.18,244.0,6.0,93,46,42837,178.47,89,49,43187,202.99,0,0,3,30.40,0,0,3,30.66
1785718395.934,4.5,99.0,31.17,245.0,7.0,93,46,42837,183.11,90,54,43187,186.25,0,0,3,30.36,0,0,3,30.59
1785718396.934,6.2,100.0,31.17,248.0,8.0,92,49,42837,187.64,88,54,43187,180.45,0,0,3,30.36,0,0,3,30.59
1785718397.934,4.4,99.0,31.18,246.0,6.0,92,44,42837,212.02,91,57,43187,225.41,0,0,3,30.40,0,0,3,30.59
1785718398.934,4.2,100.0,31.18,237.0,6.0,92,46,42837,189.26,88,49,43187,197.60,0,0,3,30.41,0,0,3,30.65
1785718399.935,4.1,100.0,31.17,247.0,7.0,93,51,42837,187.30,88,54,43187,196.82,0,0,3,30.41,0,0,3,30.70
1785718400.935,4.5,100.0,31.16,244.0,7.0,92,48,42837,192.05,86,54,43187,189.69,0,0,3,30.45,0,0,3,30.65
1785718401.935,4.7,99.0,31.15,240.0,7.0,93,49,42837,177.20,90,51,43187,188.27,0,0,3,30.46,0,0,3,30.65
1785718402.935,4.3,99.0,31.15,239.0,5.0,92,48,42837,173.22,90,61,43187,178.64,0,0,3,30.42,0,0,3,30.65
1785718403.935,4.0,99.0,31.15,235.0,3.0,91,47,42837,181.25,91,61,43187,182.44,0,0,3,30.37,0,0,3,30.60
1785718404.935,4.3,100.0,31.15,239.0,4.0,90,47,42837,177.30,91,61,43187,182.78,0,0,3,30.41,0,0,3,30.60
1785718405.935,4.2,100.0,31.15,238.0,3.0,91,48,42837,177.02,91,61,43187,182.69,0,0,3,30.54,0,0,3,30.79
1785718406.935,4.1,100.0,31.14,238.0,3.0,93,51,42837,179.07,91,63,43187,183.77,0,0,3,30.55,0,0,3,30.79
1785718407.935,5.0,100.0,31.14,235.0,3.0,93,48,42837,182.90,91,62,43187,189.19,0,0,3,30.42,0,0,3,30.65
1785718408.936,4.9,97.0,31.11,238.0,2.0,92,47,42837,177.98,88,59,43187,188.90,0,0,3,30.37,0,0,3,30.59
1785718409.936,4.6,100.0,31.10,235.0,1.0,91,47,42837,174.41,91,62,43187,181.40,0,0,3,30.42,0,0,3,30.60
1785718410.936,4.0,100.0,31.10,232.0,3.0,92,50,42837,181.42,90,57,43187,182.27,0,0,3,30.41,0,0,3,30.64
1785718411.936,4.8,100.0,31.10,237.0,1.0,92,47,42837,180.75,90,50,43187,188.99,0,0,3,30.40,0,0,3,30.63
1785718412.936,4.0,100.0,30.90,236.0,1.0,93,51,42837,177.47,88,53,43187,186.00,0,0,3,30.47,0,0,3,30.59
1785718413.936,4.3,100.0,30.91,235.0,2.0,93,51,42837,180.88,91,56,43187,188.22,0,0,3,30.47,0,0,3,30.60
1785718414.936,4.0,96.0,30.89,235.0,1.0,92,51,42837,181.70,90,54,43187,187.74,0,0,3,30.45,0,0,3,30.65
1785718415.936,4.8,99.0,30.88,235.0,1.0,93,52,42837,182.97,92,53,43187,188.21,0,0,3,30.41,0,0,3,30.60
1785718416.936,6.1,100.0,30.88,236.0,1.0,93,52,42837,182.11,89,56,43187,191.00,0,0,3,30.41,0,0,3,30.55
1785718417.937,7.2,100.0,30.89,234.0,1.0,93,52,42837,181.15,90,57,43187,187.89,0,0,3,30.41,0,0,3,30.55
1785718418.937,6.0,100.0,30.91,237.0,2.0,93,49,42837,180.62,90,49,43187,190.26,0,0,3,30.37,0,0,3,30.61
1785718419.937,4.6,100.0,30.79,233.0,16.0,44,15,42837,163.77,66,48,43187,175.01,0,0,3,30.42,0,0,3,30.66
1785718420.937,3.7,81.0,30.77,163.0,17.0,0,0,42837,119.63,0,0,43187,117.50,0,0,3,30.41,0,0,3,30.65
1785718421.937,2.4,99.0,30.77,7.0,0.0,0,0,42837,112.87,0,0,43187,110.96,0,0,3,30.42,0,0,3,30.60
1785718422.937,1.5,100.0,30.75,5.0,0.0,0,0,42837,112.75,0,0,43187,110.56,0,0,3,30.42,0,0,3,30.60
1785718423.937,1.7,100.0,30.76,5.0,0.0,0,0,42837,112.57,0,0,43187,110.07,0,0,3,30.42,0,0,3,30.66
1785718424.937,1.7,100.0,30.76,8.0,0.0,0,0,42837,112.46,0,0,43187,109.88,0,0,3,30.46,0,0,3,30.66
1785718425.937,1.7,100.0,30.76,8.0,0.0,0,0,42837,111.80,0,0,43187,109.25,0,0,3,30.42,0,0,3,30.65
1785718426.937,2.9,91.0,30.75,5.0,0.0,0,0,42837,110.99,0,0,43187,108.71,0,0,3,30.41,0,0,3,30.60
1785718427.938,1.9,100.0,30.73,7.0,0.0,0,0,42837,110.89,0,0,43187,108.66,0,0,3,30.41,0,0,3,30.60
1785718428.938,2.4,93.9,30.74,6.0,18.0,0,0,42837,110.93,0,0,43187,108.58,0,0,3,30.42,0,0,3,30.60
1785718429.938,1.8,100.0,30.73,5.0,12.0,0,0,42837,110.83,0,0,43187,108.38,0,0,3,30.42,0,0,3,30.60
1785718430.938,2.6,100.0,30.75,6.0,9.0,0,0,42837,110.73,0,0,43187,108.22,0,0,3,30.42,0,0,3,30.65
1785718431.938,2.0,100.0,29.40,8.0,0.0,0,0,42837,110.65,0,0,43187,108.24,0,0,3,30.51,0,0,3,30.60
1785718432.938,2.2,65.7,29.42,4.0,0.0,0,0,42837,110.61,0,0,43187,108.24,0,0,3,30.47,0,0,3,30.60
1785718433.938,1.9,77.0,29.43,9.0,0.0,0,0,42837,110.56,0,0,43187,108.13,0,0,3,30.42,0,0,3,30.65
1785718434.938,2.7,65.0,29.44,5.0,26.0,0,0,42837,110.45,0,0,43187,108.08,0,0,3,30.47,0,0,3,30.65
1785718435.938,2.0,100.0,29.51,7.0,21.0,0,0,42837,110.36,0,0,43187,107.98,0,0,3,30.47,0,0,3,30.60
1785718436.939,2.5,100.0,29.52,6.0,11.0,0,0,42837,110.32,0,0,43187,107.93,0,0,3,30.42,0,0,3,30.55
1785718437.939,2.1,100.0,29.67,6.0,14.0,0,0,42837,110.27,0,0,43187,107.88,0,0,3,30.36,0,0,3,30.60
1785718438.939,2.4,63.6,29.68,7.0,36.0,0,0,42837,110.22,0,0,43187,107.86,0,0,3,30.42,0,0,3,30.60
1785718439.939,3.2,100.0,29.71,7.0,44.0,0,0,42837,110.11,0,0,43187,107.77,0,0,3,30.41,0,0,3,30.60
1785718440.939,8.9,64.0,29.72,6.0,616.0,0,0,42837,110.03,0,0,43187,107.69,0,0,3,30.41,0,0,3,30.65
1785718441.939,2.2,100.0,29.71,7.0,26.0,0,0,42837,110.00,0,0,43187,107.64,0,0,3,30.41,0,0,3,30.65
1785718442.939,2.5,100.0,29.72,6.0,22.0,0,0,42837,109.92,0,0,43187,107.49,0,0,3,30.41,0,0,3,30.60
1785718443.939,2.1,100.0,29.73,5.0,30.0,0,0,42837,109.95,0,0,43187,107.44,0,0,3,30.46,0,0,3,30.60
1785718444.939,2.0,91.0,29.72,7.0,17.0,0,0,42837,109.92,0,0,43187,107.34,0,0,3,30.41,0,0,3,30.65
1785718445.940,2.3,100.0,29.73,8.0,13.0,0,0,42837,109.83,0,0,43187,107.30,0,0,3,30.41,0,0,3,30.65
1785718446.940,2.0,86.0,29.70,7.0,15.0,0,0,42837,109.79,0,0,43187,107.20,0,0,3,30.47,0,0,3,30.60
1785718447.940,2.1,100.0,29.69,5.0,23.0,0,0,42837,109.67,0,0,43187,107.05,0,0,3,30.47,0,0,3,30.70
1785718448.940,2.2,90.9,29.69,8.0,8.0,0,0,42837,109.61,0,0,43187,107.05,0,0,3,30.47,0,0,3,30.75
1785718449.940,2.3,100.0,29.70,4.0,15.0,0,0,42837,109.62,0,0,43187,107.00,0,0,3,30.46,0,0,3,30.61
1785718450.940,3.1,95.0,29.71,8.0,24.0,0,0,42837,109.64,0,0,43187,106.91,0,0,3,30.42,0,0,3,30.61
1785718451.940,3.4,100.0,29.72,7.0,17.0,0,0,42837,109.57,0,0,43187,106.92,0,0,3,30.41,0,0,3,30.66
1785718452.940,3.0,92.1,29.73,2.0,16.0,0,0,42837,109.46,0,0,43187,106.92,0,0,3,30.41,0,0,3,30.65
1785718453.940,2.1,100.0,29.73,6.0,17.0,0,0,42837,109.43,0,0,43187,106.87,0,0,3,30.42,0,0,3,30.66
1785718454.940,4.1,100.0,29.74,8.0,49.0,0,0,42837,109.44,0,0,43187,106.74,0,0,3,30.46,0,0,3,30.66
1785718455.941,3.2,100.0,29.76,5.0,48.0,0,0,42837,109.44,0,0,43187,106.63,0,0,3,30.41,0,0,3,30.65
1785718456.941,2.9,88.9,29.79,7.0,18.0,0,0,42837,109.43,0,0,43187,106.57,0,0,3,30.42,0,0,3,30.60
1785718457.941,3.0,99.0,29.80,5.0,21.0,0,0,42837,109.38,0,0,43187,106.53,0,0,3,30.47,0,0,3,30.56
1785718458.941,2.1,91.0,29.79,9.0,22.0,0,0,42837,109.30,0,0,43187,106.61,0,0,3,30.47,0,0,3,30.57
1785718459.941,2.0,100.0,29.78,6.0,16.0,0,0,42837,109.23,0,0,43187,106.60,0,0,3,30.46,0,0,3,30.61
1785718460.941,2.2,100.0,29.78,5.0,14.0,0,0,42837,109.18,0,0,43187,106.57,0,0,3,30.51,0,0,3,30.80
1785718461.941,2.3,100.0,29.78,7.0,25.0,0,0,42837,109.15,0,0,43187,106.52,0,0,3,30.46,0,0,3,30.80
1785718462.941,2.0,100.0,29.78,8.0,17.0,0,0,42837,109.08,0,0,43187,106.42,0,0,3,30.42,0,0,3,30.70
1785718463.941,2.1,99.0,29.80,5.0,10.0,0,0,42837,109.08,0,0,43187,106.32,0,0,3,30.47,0,0,3,30.71
1785718464.942,2.0,93.0,29.78,8.0,13.0,0,0,42837,109.20,0,0,43187,106.27,0,0,3,30.52,0,0,3,30.66
1785718465.942,2.1,100.0,29.78,5.0,16.0,0,0,42837,109.14,0,0,43187,106.27,0,0,3,30.51,0,0,3,30.60
1785718466.942,2.8,100.0,29.77,7.0,20.0,0,0,42837,109.04,0,0,43187,106.23,0,0,3,30.46,0,0,3,30.60
1785718467.942,1.8,100.0,29.78,6.0,9.0,0,0,42837,108.99,0,0,43187,106.23,0,0,3,30.52,0,0,3,30.65
1785718468.942,3.4,55.0,29.77,6.0,15.0,0,0,42837,108.98,0,0,43187,106.26,0,0,3,30.46,0,0,3,30.65
1785718469.942,3.2,96.0,29.78,8.0,18.0,0,0,42837,109.04,0,0,43187,106.26,0,0,3,30.41,0,0,3,30.65
1785718470.942,2.4,100.0,29.79,7.0,34.0,0,0,42837,109.05,0,0,43187,106.19,0,0,3,30.46,0,0,3,30.70
1785718471.942,2.1,87.0,29.78,6.0,16.0,0,0,42837,108.96,0,0,43187,106.14,0,0,3,30.47,0,0,3,30.70
1785718472.942,2.3,100.0,29.78,6.0,14.0,0,0,42837,108.96,0,0,43187,106.08,0,0,3,30.47,0,0,3,30.65
1785718473.943,1.9,100.0,29.80,7.0,14.0,0,0,42837,108.94,0,0,43187,106.08,0,0,3,30.41,0,0,3,30.65
1785718474.943,2.1,100.0,29.80,8.0,13.0,0,0,42837,108.88,0,0,43187,106.08,0,0,3,30.41,0,0,3,30.65
1785718475.943,2.1,77.2,29.77,6.0,12.0,0,0,42837,108.84,0,0,43187,105.98,0,0,3,30.47,0,0,3,30.66
1785718476.943,3.1,100.0,29.77,6.0,15.0,0,0,42837,108.76,0,0,43187,105.87,0,0,3,30.42,0,0,3,30.67
1785718477.943,3.7,78.0,29.78,6.0,29.0,0,0,42837,108.81,0,0,43187,105.88,0,0,3,30.37,0,0,3,30.61
1785718478.943,4.3,100.0,29.77,7.0,24.0,0,0,42837,108.89,0,0,43187,105.46,0,0,3,30.37,0,0,3,30.60
1785718479.943,2.3,100.0,29.78,6.0,21.0,0,0,42837,108.85,0,0,43187,104.98,0,0,3,30.42,0,0,3,30.65
1785718480.943,2.2,100.0,29.79,6.0,25.0,0,0,42837,108.76,0,0,43187,104.98,0,0,3,30.42,0,0,3,30.66
1785718481.943,3.4,50.5,29.82,7.0,27.0,0,0,42837,108.71,0,0,43187,104.95,0,0,3,30.42,0,0,3,30.65
1785718482.944,3.0,100.0,29.85,8.0,42.0,0,0,42837,108.73,0,0,43187,104.93,0,0,3,30.52,0,0,3,30.65
1785718483.944,2.1,55.0,29.84,7.0,32.0,0,0,42837,108.73,0,0,43187,104.89,0,0,3,30.47,0,0,3,30.70
1785718484.944,2.9,100.0,29.79,5.0,14.0,0,0,42837,108.61,0,0,43187,104.86,0,0,3,30.37,0,0,3,30.71
1785718485.944,3.0,100.0,29.79,6.0,16.0,0,0,42837,108.57,0,0,43187,104.89,0,0,3,30.41,0,0,3,30.66
1785718486.944,3.2,100.0,29.81,5.0,15.1,0,0,42837,108.66,0,0,43187,104.88,0,0,3,30.46,0,0,3,30.65
1785718487.944,4.0,54.0,29.82,5.0,12.9,0,0,42837,108.64,0,0,43187,104.84,0,0,3,30.42,0,0,3,30.65
1785718488.944,2.1,100.0,29.83,6.0,11.0,0,0,42837,108.53,0,0,43187,104.75,0,0,3,30.37,0,0,3,30.66
1785718489.944,2.0,52.0,29.84,8.0,25.0,0,0,42837,108.54,0,0,43187,104.77,0,0,3,30.37,0,0,3,30.66
1785718490.944,2.6,100.0,29.83,6.0,34.0,0,0,42837,108.59,0,0,43187,104.82,0,0,3,30.42,0,0,3,30.65
1785718491.945,2.0,100.0,29.83,7.0,32.0,0,0,42837,108.18,0,0,43187,104.77,0,0,3,30.42,0,0,3,30.65
1785718492.945,2.1,100.0,29.81,5.0,26.0,0,0,42837,108.11,0,0,43187,104.77,0,0,3,30.37,0,0,3,30.61
1785718493.945,1.8,56.0,29.81,10.0,18.0,0,0,42837,108.09,0,0,43187,104.75,0,0,3,30.37,0,0,3,30.61
1785718494.945,2.7,100.0,29.80,5.0,21.0,0,0,42837,107.66,0,0,43187,104.78,0,0,3,30.42,0,0,3,30.60
1785718495.945,2.0,50.0,29.80,8.0,16.0,0,0,42837,107.58,0,0,43187,104.70,0,0,3,30.47,0,0,3,30.56
1785718496.945,1.9,100.0,29.81,7.0,29.0,0,0,42837,107.53,0,0,43187,104.57,0,0,3,30.42,0,0,3,30.56
1785718497.945,2.1,100.0,29.83,6.0,26.0,0,0,42837,107.58,0,0,43187,104.57,0,0,3,30.37,0,0,3,30.60
1785718498.945,2.4,100.0,29.82,6.0,16.0,0,0,42837,107.58,0,0,43187,104.59,0,0,3,30.37,0,0,3,30.65
1785718499.945,2.9,58.6,29.85,8.0,30.0,0,0,42837,107.59,0,0,43187,104.54,0,0,3,30.41,0,0,3,30.60
1785718500.946,1.9,100.0,29.84,7.0,12.0,0,0,42837,107.54,0,0,43187,104.54,0,0,3,30.46,0,0,3,30.55
1785718501.946,2.3,58.0,29.82,7.0,18.0,0,0,42837,107.49,0,0,43187,104.58,0,0,3,30.47,0,0,3,30.55
1785718502.946,1.8,100.0,29.83,5.0,17.0,0,0,42837,107.54,0,0,43187,104.52,0,0,3,30.41,0,0,3,30.60
1785718503.946,2.4,100.0,29.83,6.0,17.0,0,0,42837,107.52,0,0,43187,104.47,0,0,3,30.36,0,0,3,30.65
1785718504.946,1.7,100.0,29.83,8.0,15.0,0,0,42837,107.47,0,0,43187,104.50,0,0,3,30.37,0,0,3,30.65
1785718505.946,2.2,85.0,29.83,6.0,18.0,0,0,42837,107.43,0,0,43187,104.55,0,0,3,30.42,0,0,3,30.61
1785718506.946,1.9,100.0,29.84,8.0,16.0,0,0,42837,107.43,0,0,43187,104.47,0,0,3,30.47,0,0,3,30.56
1785718507.946,2.1,80.2,29.84,8.0,18.0,0,0,42837,107.59,0,0,43187,104.39,0,0,3,30.42,0,0,3,30.56
1785718508.946,1.9,100.0,29.83,5.0,17.0,0,0,42837,107.54,0,0,43187,104.39,0,0,3,30.37,0,0,3,30.61
1785718509.947,2.0,100.0,29.82,6.0,17.0,0,0,42837,107.43,0,0,43187,104.38,0,0,3,30.37,0,0,3,30.60
1785718510.947,1.9,100.0,29.81,7.0,16.0,0,0,42837,107.43,0,0,43187,104.38,0,0,3,30.37,0,0,3,30.55
1785718511.947,2.5,89.1,29.80,7.0,23.0,0,0,42837,107.38,0,0,43187,104.72,0,0,3,30.36,0,0,3,30.60
1785718512.947,1.9,100.0,29.80,8.0,17.0,0,0,42837,107.36,0,0,43187,104.67,0,0,3,30.41,0,0,3,30.60
1785718513.947,2.1,83.0,29.80,6.0,18.0,0,0,42837,107.32,0,0,43187,104.42,0,0,3,30.46,0,0,3,30.55
1785718514.947,2.4,100.0,29.81,7.0,18.0,0,0,42837,107.32,0,0,43187,104.42,0,0,3,30.42,0,0,3,30.60
1785718515.947,3.4,100.0,29.80,4.0,17.0,0,0,42837,107.41,0,0,43187,104.33,0,0,3,30.42,0,0,3,30.65
1785718516.947,4.8,100.0,29.82,9.0,19.0,0,0,42837,107.41,0,0,43187,104.33,0,0,3,30.41,0,0,3,30.60
1785718517.948,2.0,91.1,29.82,5.0,19.0,0,0,42837,107.37,0,0,43187,104.23,0,0,3,30.36,0,0,3,30.60
1785718518.948,2.0,100.0,29.83,8.0,19.0,0,0,42837,107.37,0,0,43187,104.33,0,0,3,30.41,0,0,3,30.65
1785718519.948,2.2,85.0,29.84,7.0,18.1,0,0,42837,107.37,0,0,43187,104.43,0,0,3,30.46,0,0,3,30.65
1785718520.948,3.0,100.0,29.85,5.0,20.0,0,0,42837,107.29,0,0,43187,104.32,0,0,3,30.41,0,0,3,30.60
1785718521.948,3.5,100.0,29.83,3.0,26.0,0,0,42837,107.23,0,0,43187,104.27,0,0,3,30.36,0,0,3,30.60
1785718522.948,1.9,100.0,29.85,5.0,10.9,0,0,42837,107.22,0,0,43187,104.28,0,0,3,30.36,0,0,3,30.65
1785718523.948,1.8,93.9,29.86,8.0,0.0,0,0,42837,107.27,0,0,43187,104.23,0,0,3,30.42,0,0,3,30.60
1785718524.948,1.6,87.1,29.87,5.0,0.0,0,0,42837,107.38,0,0,43187,104.18,0,0,3,30.41,0,0,3,30.60
1785718525.948,1.8,83.8,29.87,8.0,0.0,0,0,42837,107.33,0,0,43187,104.18,0,0,3,30.31,0,0,3,30.60
1785718526.948,1.9,100.0,29.85,7.0,0.0,0,0,42837,107.26,0,0,43187,104.13,0,0,3,30.31,0,0,3,30.70
1785718527.949,1.5,100.0,29.86,6.0,0.0,0,0,42837,107.29,0,0,43187,104.13,0,0,3,30.37,0,0,3,30.70
1785718528.949,1.9,100.0,29.86,6.0,0.0,0,0,42837,107.24,0,0,43187,104.18,0,0,3,30.37,0,0,3,30.60
1785718529.949,3.5,72.0,29.82,5.0,0.0,0,0,42837,107.18,0,0,43187,104.18,0,0,3,30.36,0,0,3,30.65
1785718530.949,2.6,78.0,29.82,8.0,0.0,0,0,42837,107.19,0,0,43187,104.18,0,0,3,30.41,0,0,3,30.65
1785718531.949,1.7,92.1,29.81,6.0,0.0,0,0,42837,107.23,0,0,43187,104.18,0,0,3,30.46,0,0,3,30.60
1785718532.949,1.8,100.0,29.82,6.0,0.0,0,0,42837,107.18,0,0,43187,104.14,0,0,3,30.41,0,0,3,30.60
1785718533.949,1.6,100.0,29.82,8.0,0.0,0,0,42837,107.09,0,0,43187,104.13,0,0,3,30.36,0,0,3,30.60
1785718534.949,1.8,100.0,29.81,6.0,0.0,0,0,42837,107.15,0,0,43187,104.13,0,0,3,30.42,0,0,3,30.55
1785718535.949,1.7,100.0,29.81,6.0,0.0,0,0,42837,107.17,0,0,43187,104.09,0,0,3,30.41,0,0,3,30.55
1785718536.950,2.3,97.0,29.80,7.0,0.0,0,0,42837,107.15,0,0,43187,104.13,0,0,3,30.36,0,0,3,30.55
1785718537.950,3.4,94.9,29.81,7.0,0.0,0,0,42837,107.19,0,0,43187,104.08,0,0,3,30.41,0,0,3,30.55
1785718538.950,3.6,100.0,29.82,7.0,0.0,0,0,42837,107.15,0,0,43187,104.08,0,0,3,30.47,0,0,3,30.55
1785718539.950,1.9,100.0,29.84,6.0,0.0,0,0,42837,107.19,0,0,43187,104.12,0,0,3,30.42,0,0,3,30.60
1785718540.950,1.8,78.8,29.84,7.0,0.0,0,0,42837,107.22,0,0,43187,104.13,0,0,3,30.42,0,0,3,30.65
1785718541.950,2.4,100.0,29.85,6.0,0.0,0,0,42837,107.17,0,0,43187,104.14,0,0,3,30.47,0,0,3,30.65
1785718542.950,2.1,96.0,29.84,8.0,11.0,0,0,42837,107.17,0,0,43187,104.03,0,0,3,30.46,0,0,3,30.59
1785718543.950,1.9,97.0,29.84,7.0,17.0,0,0,42837,107.14,0,0,43187,103.97,0,0,3,30.46,0,0,3,30.60
1785718544.950,2.2,100.0,29.85,7.0,18.0,0,0,42837,107.14,0,0,43187,104.41,0,0,3,30.46,0,0,3,30.60
1785718545.951,1.9,100.0,29.85,5.0,19.0,0,0,42837,107.13,0,0,43187,104.47,0,0,3,30.46,0,0,3,30.60
1785718546.951,2.6,100.0,29.85,9.0,17.0,0,0,42837,107.09,0,0,43187,104.04,0,0,3,30.41,0,0,3,30.60
1785718547.951,2.6,100.0,29.83,5.0,20.0,0,0,42837,107.04,0,0,43187,103.99,0,0,3,30.41,0,0,3,30.55
1785718548.951,2.4,92.9,29.84,8.0,18.0,0,0,42837,106.99,0,0,43187,103.99,0,0,3,30.41,0,0,3,30.55
1785718549.951,2.5,100.0,29.86,7.0,17.0,0,0,42837,107.10,0,0,43187,103.94,0,0,3,30.37,0,0,3,30.60
1785718550.951,2.4,100.0,29.87,5.0,18.0,0,0,42837,107.15,0,0,43187,103.94,0,0,3,30.42,0,0,3,30.60
1785718551.951,2.2,100.0,29.87,7.0,18.0,0,0,42837,107.10,0,0,43187,104.06,0,0,3,30.46,0,0,3,30.55
1785718552.951,2.0,100.0,29.85,7.0,17.0,0,0,42837,107.06,0,0,43187,103.98,0,0,3,30.46,0,0,3,30.60
1785718553.952,1.8,100.0,29.86,5.0,18.0,0,0,42837,106.99,0,0,43187,103.92,0,0,3,30.46,0,0,3,30.65
1785718554.952,2.4,91.0,29.85,8.0,13.0,0,0,42837,107.04,0,0,43187,103.97,0,0,3,30.42,0,0,3,30.60
1785718555.952,2.7,100.0,29.86,4.0,0.0,0,0,42837,107.10,0,0,43187,103.90,0,0,3,30.42,0,0,3,30.55
1785718556.952,2.6,99.0,29.83,5.0,0.0,0,0,42837,107.01,0,0,43187,103.84,0,0,3,30.42,0,0,3,30.55
1785718557.952,1.8,100.0,29.84,6.0,0.0,0,0,42837,107.01,0,0,43187,103.79,0,0,3,30.32,0,0,3,30.55
1785718558.952,1.7,100.0,29.85,5.0,0.0,0,0,42837,107.06,0,0,43187,103.84,0,0,3,30.36,0,0,3,30.55
1785718559.952,2.6,100.0,29.85,7.0,0.0,0,0,42837,107.04,0,0,43187,104.08,0,0,3,30.52,0,0,3,30.60
1785718560.952,1.8,90.0,29.85,8.0,0.0,0,0,42837,107.09,0,0,43187,104.04,0,0,3,30.47,0,0,3,30.60
1785718561.952,1.8,100.0,29.82,7.0,0.0,0,0,42837,107.09,0,0,43187,103.86,0,0,3,30.42,0,0,3,30.55
1785718562.953,2.0,98.0,29.82,5.0,0.0,0,0,42837,107.04,0,0,43187,103.90,0,0,3,30.46,0,0,3,30.55
1785718563.953,1.8,100.0,29.84,6.0,0.0,0,0,42837,107.01,0,0,43187,103.86,0,0,3,30.42,0,0,3,30.55
1785718564.953,1.7,100.0,29.85,7.0,0.0,0,0,42837,107.01,0,0,43187,103.84,0,0,3,30.42,0,0,3,30.55
1785718565.953,1.6,100.0,29.84,7.0,0.0,0,0,42837,106.96,0,0,43187,103.89,0,0,3,30.41,0,0,3,30.55
1785718566.953,1.7,87.1,29.82,7.0,0.0,0,0,42837,106.96,0,0,43187,103.84,0,0,3,30.37,0,0,3,30.56
1785718567.953,1.5,100.0,29.82,8.0,0.0,0,0,42837,107.01,0,0,43187,103.87,0,0,3,30.38,0,0,3,30.61
1785718568.953,2.0,80.8,29.81,6.0,0.0,0,0,42837,107.06,0,0,43187,103.92,0,0,3,30.42,0,0,3,30.60
1785718569.953,1.5,100.0,29.81,5.0,0.0,0,0,42837,107.06,0,0,43187,103.89,0,0,3,30.46,0,0,3,30.55
1785718570.953,1.8,100.0,29.82,8.0,0.0,0,0,42837,106.94,0,0,43187,103.84,0,0,3,30.42,0,0,3,30.55
1785718571.953,1.5,100.0,29.83,5.0,0.0,0,0,42837,106.90,0,0,43187,103.84,0,0,3,30.36,0,0,3,30.50
1785718572.954,1.8,71.3,29.82,5.0,0.0,0,0,42837,106.97,0,0,43187,103.84,0,0,3,30.41,0,0,3,30.50
1785718573.954,1.5,100.0,29.81,11.0,0.0,0,0,42837,106.95,0,0,43187,103.84,0,0,3,30.46,0,0,3,30.55
1785718574.954,1.8,73.0,29.81,6.0,0.0,0,0,42837,106.98,0,0,43187,103.87,0,0,3,30.46,0,0,3,30.55
1785718575.954,1.5,100.0,29.81,4.0,0.0,0,0,42837,107.04,0,0,43187,103.82,0,0,3,30.42,0,0,3,30.55
1785718576.954,4.7,100.0,29.83,8.0,0.0,0,0,42837,106.94,0,0,43187,103.79,0,0,3,30.41,0,0,3,30.60
1785718577.954,2.7,100.0,29.81,6.0,0.0,0,0,42837,106.94,0,0,43187,103.84,0,0,3,30.42,0,0,3,30.60
1785718578.954,2.3,55.4,29.83,6.0,0.0,0,0,42837,107.15,0,0,43187,103.84,0,0,3,30.37,0,0,3,30.55
1785718579.954,2.0,100.0,29.85,9.0,0.0,0,0,42837,107.15,0,0,43187,103.76,0,0,3,30.36,0,0,3,30.60
1785718580.954,1.7,56.0,29.83,8.0,0.0,0,0,42837,106.99,0,0,43187,103.71,0,0,3,30.41,0,0,3,30.60
1785718581.955,1.9,100.0,29.84,5.0,0.0,0,0,42837,106.94,0,0,43187,103.76,0,0,3,30.46,0,0,3,30.55
1785718582.955,1.6,100.0,29.83,7.0,0.0,0,0,42837,106.91,0,0,43187,103.85,0,0,3,30.41,0,0,3,30.55
1785718583.955,1.7,100.0,29.83,6.0,0.0,0,0,42837,106.96,0,0,43187,103.83,0,0,3,30.37,0,0,3,30.60
1785718584.955,1.7,83.0,29.81,6.0,0.0,0,0,42837,106.99,0,0,43187,103.84,0,0,3,30.36,0,0,3,30.65
1785718585.955,1.6,100.0,29.82,7.0,0.0,0,0,42837,106.98,0,0,43187,103.84,0,0,3,30.41,0,0,3,30.60
1785718586.955,2.0,76.8,29.83,7.0,0.0,0,0,42837,106.98,0,0,43187,103.82,0,0,3,30.41,0,0,3,30.60
1785718587.955,1.8,100.0,29.83,6.0,0.0,0,0,42837,107.04,0,0,43187,103.77,0,0,3,30.42,0,0,3,30.55
1785718588.955,1.8,100.0,29.81,8.0,0.0,0,0,42837,106.99,0,0,43187,103.75,0,0,3,30.37,0,0,3,30.50
1785718589.955,3.2,100.0,29.84,4.0,0.0,0,0,42837,106.92,0,0,43187,104.10,0,0,3,30.36,0,0,3,30.60
1785718590.956,4.3,100.0,29.83,5.0,0.0,0,0,42837,106.93,0,0,43187,104.10,0,0,3,30.41,0,0,3,30.65
1785718591.956,2.1,100.0,29.78,6.0,0.0,0,0,42837,106.88,0,0,43187,103.75,0,0,3,30.35,0,0,3,30.65
1785718592.956,1.7,78.0,29.80,7.0,0.0,0,0,42837,106.89,0,0,43187,103.75,0,0,3,30.36,0,0,3,30.60
1785718593.956,1.6,100.0,29.79,7.0,0.0,0,0,42837,106.96,0,0,43187,103.79,0,0,3,30.37,0,0,3,30.55
1785718594.956,1.7,100.0,29.79,6.0,0.0,0,0,42837,106.96,0,0,43187,103.74,0,0,3,30.37,0,0,3,30.50
1785718595.956,2.0,100.0,29.80,5.0,0.0,0,0,42837,106.94,0,0,43187,103.75,0,0,3,30.36,0,0,3,30.50
1785718596.956,2.5,87.0,29.81,8.0,0.0,0,0,42837,106.92,0,0,43187,103.75,0,0,3,30.40,0,0,3,30.55
1785718597.956,3.3,99.0,29.84,7.0,0.0,0,0,42837,106.89,0,0,43187,103.75,0,0,3,30.40,0,0,3,30.60
1785718598.956,4.1,82.0,29.83,8.0,13.1,0,0,42837,106.90,0,0,43187,103.75,0,0,3,30.36,0,0,3,30.65
1785718599.957,2.1,100.0,29.84,6.0,15.9,0,0,42837,106.83,0,0,43187,103.74,0,0,3,30.42,0,0,3,30.60
1785718600.957,2.1,100.0,29.85,6.0,20.0,0,0,42837,106.80,0,0,43187,103.75,0,0,3,30.42,0,0,3,30.61
1785718601.957,2.5,100.0,29.84,5.0,18.0,0,0,42837,106.83,0,0,43187,103.69,0,0,3,30.37,0,0,3,30.61
1785718602.957,2.6,90.0,29.84,7.0,16.0,0,0,42837,106.86,0,0,43187,103.70,0,0,3,30.32,0,0,3,30.55
1785718603.957,1.8,100.0,29.84,5.0,16.0,0,0,42837,106.91,0,0,43187,103.70,0,0,3,30.32,0,0,3,30.60
1785718604.957,2.3,85.0,29.84,9.0,14.0,0,0,42837,106.96,0,0,43187,103.70,0,0,3,30.37,0,0,3,30.60
1785718605.957,2.0,100.0,29.83,7.0,14.0,0,0,42837,106.93,0,0,43187,103.74,0,0,3,30.41,0,0,3,30.55
1785718606.957,2.0,100.0,29.83,6.0,16.0,0,0,42837,106.90,0,0,43187,103.79,0,0,3,30.36,0,0,3,30.55
1785718607.957,2.0,100.0,29.82,6.0,16.0,0,0,42837,106.90,0,0,43187,103.69,0,0,3,30.32,0,0,3,30.55
1785718608.957,3.0,93.1,29.81,6.0,17.0,0,0,42837,106.86,0,0,43187,103.68,0,0,3,30.42,0,0,3,30.60
1785718609.958,2.5,100.0,29.80,7.0,13.0,0,0,42837,106.87,0,0,43187,103.73,0,0,3,30.42,0,0,3,30.60
1785718610.958,2.4,94.0,29.80,9.0,16.0,0,0,42837,106.91,0,0,43187,103.68,0,0,3,30.36,0,0,3,30.60
1785718611.958,2.3,100.0,29.81,3.0,15.0,0,0,42837,106.87,0,0,43187,103.73,0,0,3,30.37,0,0,3,30.65
1785718612.958,2.0,100.0,29.81,8.0,14.0,0,0,42837,106.87,0,0,43187,103.74,0,0,3,30.42,0,0,3,30.60
1785718613.958,1.8,100.0,29.81,6.0,19.0,0,0,42837,106.92,0,0,43187,103.69,0,0,3,30.41,0,0,3,30.60
1785718614.958,2.5,100.0,29.80,6.0,27.0,0,0,42837,106.85,0,0,43187,103.74,0,0,3,30.36,0,0,3,30.60
1785718615.958,2.0,77.0,29.81,7.0,13.0,0,0,42837,106.83,0,0,43187,103.74,0,0,3,30.41,0,0,3,30.60
1785718616.958,1.9,100.0,29.80,7.0,9.0,0,0,42837,106.88,0,0,43187,103.64,0,0,3,30.40,0,0,3,30.66
1785718617.958,2.1,83.2,29.81,7.0,12.0,0,0,42837,106.85,0,0,43187,103.64,0,0,3,30.41,0,0,3,30.65
1785718618.959,1.8,100.0,29.83,7.0,11.0,0,0,42837,106.85,0,0,43187,103.65,0,0,3,30.41,0,0,3,30.60
1785718619.959,2.6,100.0,29.83,7.0,12.0,0,0,42837,106.88,0,0,43187,103.64,0,0,3,30.42,0,0,3,30.55
1785718620.959,2.0,100.0,29.83,6.0,10.0,0,0,42837,106.89,0,0,43187,103.74,0,0,3,30.46,0,0,3,30.55
1785718621.959,2.1,73.0,29.81,6.0,10.0,0,0,42837,106.89,0,0,43187,103.70,0,0,3,30.41,0,0,3,30.60
1785718622.959,1.9,100.0,29.81,8.0,11.0,0,0,42837,106.88,0,0,43187,103.60,0,0,3,30.35,0,0,3,30.60
1785718623.959,2.9,75.8,29.81,6.0,12.1,0,0,42837,106.89,0,0,43187,103.65,0,0,3,30.45,0,0,3,30.55
1785718624.959,2.8,100.0,29.80,5.0,9.0,0,0,42837,106.90,0,0,43187,103.75,0,0,3,30.45,0,0,3,30.55
1785718625.959,3.1,100.0,29.81,5.0,12.0,0,0,42837,106.89,0,0,43187,103.70,0,0,3,30.41,0,0,3,30.60
1785718626.959,2.1,100.0,29.80,6.0,11.9,0,0,42837,106.93,0,0,43187,103.65,0,0,3,30.46,0,0,3,30.60
1785718627.960,2.5,52.5,29.79,7.0,11.0,0,0,42837,106.94,0,0,43187,103.65,0,0,3,30.41,0,0,3,30.60
1785718628.960,1.9,100.0,29.80,5.0,11.0,0,0,42837,106.89,0,0,43187,103.65,0,0,3,30.36,0,0,3,30.65
1785718629.960,2.0,54.0,29.81,8.0,10.0,0,0,42837,106.88,0,0,43187,103.65,0,0,3,30.37,0,0,3,30.65
1785718630.960,1.8,100.0,29.82,6.0,13.0,0,0,42837,106.88,0,0,43187,103.65,0,0,3,30.42,0,0,3,30.65
1785718631.960,2.1,100.0,29.80,7.0,8.0,0,0,42837,106.92,0,0,43187,103.64,0,0,3,30.46,0,0,3,30.60
1785718632.960,1.8,100.0,29.78,6.0,8.0,0,0,42837,106.93,0,0,43187,103.64,0,0,3,30.46,0,0,3,30.55
1785718633.960,2.0,54.0,29.79,8.0,8.0,0,0,42837,106.86,0,0,43187,103.92,0,0,3,30.45,0,0,3,30.55
1785718634.960,2.1,100.0,29.79,6.0,11.0,0,0,42837,106.88,0,0,43187,103.92,0,0,3,30.45,0,0,3,30.60
1785718635.961,1.9,51.0,29.80,7.0,19.0,0,0,42837,106.85,0,0,43187,103.69,0,0,3,30.36,0,0,3,30.60
1785718636.961,3.7,100.0,29.83,8.0,14.0,0,0,42837,106.85,0,0,43187,103.65,0,0,3,30.41,0,0,3,30.55
1785718637.961,2.3,100.0,29.82,5.0,14.0,0,0,42837,106.91,0,0,43187,103.61,0,0,3,30.46,0,0,3,30.51
1785718638.961,3.6,100.0,29.82,7.0,17.0,0,0,42837,106.91,0,0,43187,103.61,0,0,3,30.36,0,0,3,30.56
1785718639.961,2.3,57.4,29.81,7.0,13.0,0,0,42837,106.91,0,0,43187,103.71,0,0,3,30.32,0,0,3,30.65
1785718640.961,2.0,100.0,29.82,4.0,15.0,0,0,42837,106.90,0,0,43187,103.70,0,0,3,30.32,0,0,3,30.60
1785718641.961,2.1,44.0,29.82,8.0,16.0,0,0,42837,106.85,0,0,43187,103.60,0,0,3,30.37,0,0,3,30.55
1785718642.961,2.1,100.0,29.82,15.0,14.0,0,0,42837,106.81,0,0,43187,103.60,0,0,3,30.42,0,0,3,30.60
1785718643.961,2.3,100.0,29.81,5.0,15.0,0,0,42837,106.80,0,0,43187,103.65,0,0,3,30.41,0,0,3,30.60
1785718644.961,2.1,100.0,29.81,7.0,16.0,0,0,42837,106.79,0,0,43187,103.69,0,0,3,30.36,0,0,3,30.60
1785718645.962,1.8,84.0,29.80,7.0,15.0,0,0,42837,106.85,0,0,43187,103.69,0,0,3,30.41,0,0,3,30.60
1785718646.962,2.1,79.8,29.81,6.0,15.0,0,0,42837,106.85,0,0,43187,103.65,0,0,3,30.41,0,0,3,30.55
1785718647.962,1.9,92.1,29.81,6.0,19.0,0,0,42837,106.85,0,0,43187,103.65,0,0,3,30.37,0,0,3,30.55
1785718648.962,2.7,100.0,29.81,6.0,14.1,0,0,42837,106.85,0,0,43187,103.65,0,0,3,30.42,0,0,3,30.55
1785718649.962,2.3,100.0,29.82,4.0,13.9,0,0,42837,106.80,0,0,43187,103.60,0,0,3,30.41,0,0,3,30.60
1785718650.962,3.1,100.0,29.82,8.0,13.0,0,0,42837,106.79,0,0,43187,103.60,0,0,3,30.36,0,0,3,30.60
1785718651.962,2.6,100.0,29.82,5.0,13.0,0,0,42837,106.83,0,0,43187,103.55,0,0,3,30.36,0,0,3,30.55
1785718652.962,2.3,80.0,29.82,9.0,14.0,0,0,42837,106.85,0,0,43187,103.63,0,0,3,30.37,0,0,3,30.55
1785718653.962,1.9,100.0,29.84,6.0,15.0,0,0,42837,106.81,0,0,43187,103.68,0,0,3,30.42,0,0,3,30.61
1785718654.963,2.0,86.9,29.85,7.0,13.0,0,0,42837,106.85,0,0,43187,103.60,0,0,3,30.41,0,0,3,30.60
1785718655.963,1.9,100.0,29.83,7.0,14.0,0,0,42837,106.89,0,0,43187,103.65,0,0,3,30.36,0,0,3,30.60
1785718656.963,3.0,100.0,29.83,6.0,36.0,0,0,42837,106.86,0,0,43187,103.70,0,0,3,30.41,0,0,3,30.60
1785718657.963,3.6,100.0,29.85,7.0,15.0,0,0,42837,106.75,0,0,43187,103.65,0,0,3,30.46,0,0,3,30.60
1785718658.963,4.5,78.0,29.84,5.0,19.1,0,0,42837,106.80,0,0,43187,103.65,0,0,3,30.41,0,0,3,30.60
1785718659.963,4.3,100.0,29.85,6.0,15.9,0,0,42837,106.90,0,0,43187,103.65,0,0,3,30.41,0,0,3,30.55
1785718660.963,8.1,100.0,29.86,6.0,490.6,0,0,42837,106.83,0,0,43187,103.60,0,0,3,30.42,0,0,3,30.60
1785718661.963,2.4,100.0,29.87,5.0,24.9,0,0,42837,106.82,0,0,43187,103.55,0,0,3,30.42,0,0,3,30.55
1785718662.963,2.7,100.0,29.88,8.0,13.0,0,0,42837,106.84,0,0,43187,103.56,0,0,3,30.41,0,0,3,30.50
1785718663.963,2.0,100.0,29.87,7.0,26.0,0,0,42837,106.86,0,0,43187,103.61,0,0,3,30.36,0,0,3,30.55
1785718664.964,2.2,53.5,29.88,5.0,19.0,0,0,42837,106.96,0,0,43187,103.61,0,0,3,30.37,0,0,3,30.55
1785718665.964,1.9,100.0,29.87,9.0,12.0,0,0,42837,106.96,0,0,43187,103.61,0,0,3,30.42,0,0,3,30.55
1785718666.964,1.8,60.4,29.85,5.0,9.0,0,0,42837,106.84,0,0,43187,103.60,0,0,3,30.46,0,0,3,30.55
1785718667.964,2.0,100.0,29.85,8.0,9.0,0,0,42837,106.78,0,0,43187,103.60,0,0,3,30.46,0,0,3,30.55
1785718668.964,2.4,100.0,29.86,6.0,8.0,0,0,42837,106.85,0,0,43187,103.55,0,0,3,30.47,0,0,3,30.55
1785718669.964,3.1,100.0,29.89,6.0,18.0,0,0,42837,106.91,0,0,43187,103.58,0,0,3,30.37,0,0,3,30.60
1785718670.964,2.5,52.5,29.90,6.0,31.0,0,0,42837,106.88,0,0,43187,103.66,0,0,3,30.32,0,0,3,30.66
1785718671.964,2.2,100.0,29.91,7.0,29.0,0,0,42837,106.88,0,0,43187,103.63,0,0,3,30.42,0,0,3,30.66
1785718672.965,1.9,60.0,29.90,6.0,17.0,0,0,42837,106.86,0,0,43187,103.61,0,0,3,30.47,0,0,3,30.60
1785718673.965,1.9,100.0,29.89,7.0,21.0,0,0,42837,106.81,0,0,43187,103.64,0,0,3,30.42,0,0,3,30.55
1785718674.965,2.1,100.0,29.89,6.0,25.0,0,0,42837,106.86,0,0,43187,103.58,0,0,3,30.42,0,0,3,30.70
1785718675.965,2.5,100.0,29.90,6.0,18.0,0,0,42837,106.79,0,0,43187,103.50,0,0,3,30.47,0,0,3,30.70
1785718676.965,2.5,50.0,29.90,9.0,18.0,0,0,42837,106.76,0,0,43187,103.57,0,0,3,30.41,0,0,3,30.55
1785718677.965,2.1,100.0,29.92,5.0,22.0,0,0,42837,106.92,0,0,43187,103.59,0,0,3,30.36,0,0,3,30.61
1785718678.965,2.1,52.0,29.94,9.0,21.0,0,0,42837,106.90,0,0,43187,103.58,0,0,3,30.37,0,0,3,30.61
1785718679.965,2.9,100.0,29.92,5.0,48.0,0,0,42837,106.85,0,0,43187,103.64,0,0,3,30.37,0,0,3,30.61
1785718680.965,2.1,100.0,29.93,6.0,21.0,0,0,42837,106.81,0,0,43187,103.64,0,0,3,30.42,0,0,3,30.60
1785718681.966,2.4,100.0,29.91,7.0,20.0,0,0,42837,106.81,0,0,43187,103.59,0,0,3,30.46,0,0,3,30.61
1785718682.966,2.1,74.7,29.92,6.0,29.0,0,0,42837,106.91,0,0,43187,103.53,0,0,3,30.42,0,0,3,30.67
1785718683.966,2.2,100.0,29.92,7.0,23.0,0,0,42837,106.86,0,0,43187,103.63,0,0,3,30.38,0,0,3,30.61
1785718684.966,2.6,69.0,29.91,8.0,29.0,0,0,42837,106.81,0,0,43187,103.69,0,0,3,30.37,0,0,3,30.51
1785718685.966,2.2,100.0,29.91,5.0,28.0,0,0,42837,106.86,0,0,43187,103.63,0,0,3,30.37,0,0,3,30.46
1785718686.966,2.1,100.0,29.92,8.0,44.0,0,0,42837,106.86,0,0,43187,103.56,0,0,3,30.37,0,0,3,30.46
1785718687.966,7.2,100.0,29.91,6.0,495.9,0,0,42837,106.86,0,0,43187,103.55,0,0,3,30.37,0,0,3,30.50
1785718688.966,2.0,77.0,29.93,7.0,25.0,0,0,42837,106.86,0,0,43187,103.60,0,0,3,30.36,0,0,3,30.60
1785718689.966,2.1,100.0,29.95,6.0,15.0,0,0,42837,106.81,0,0,43187,103.60,0,0,3,30.36,0,0,3,30.60
1785718690.967,2.0,71.0,29.95,7.0,14.0,0,0,42837,106.76,0,0,43187,103.55,0,0,3,30.37,0,0,3,30.55
1785718691.967,2.5,100.0,29.93,7.0,14.0,0,0,42837,107.25,0,0,43187,103.50,0,0,3,30.37,0,0,3,30.55
1785718692.967,2.3,100.0,29.94,5.0,14.0,0,0,42837,107.28,0,0,43187,103.59,0,0,3,30.37,0,0,3,30.60
1785718693.967,2.6,100.0,29.95,7.0,14.0,0,0,42837,106.82,0,0,43187,103.74,0,0,3,30.42,0,0,3,30.65
1785718694.967,3.2,100.0,29.93,6.0,16.0,0,0,42837,106.89,0,0,43187,103.65,0,0,3,30.41,0,0,3,30.60
1785718695.967,2.8,100.0,29.93,2.0,14.0,0,0,42837,106.86,0,0,43187,103.60,0,0,3,30.37,0,0,3,30.55
1785718696.967,3.3,71.3,29.94,9.0,13.0,0,0,42837,106.81,0,0,43187,103.61,0,0,3,30.46,0,0,3,30.70
1785718697.967,1.8,100.0,29.93,7.0,19.0,0,0,42837,106.81,0,0,43187,103.56,0,0,3,30.51,0,0,3,30.75
1785718698.967,2.7,100.0,29.94,4.0,15.0,0,0,42837,106.83,0,0,43187,103.60,0,0,3,30.41,0,0,3,30.60
1785718699.968,3.9,100.0,29.97,8.0,27.0,0,0,42837,106.81,0,0,43187,103.60,0,0,3,30.36,0,0,3,30.60
1785718700.968,1.9,79.0,29.96,5.0,15.0,0,0,42837,106.77,0,0,43187,103.60,0,0,3,30.41,0,0,3,30.55
1785718701.968,2.9,100.0,29.96,9.0,25.0,0,0,42837,106.74,0,0,43187,103.60,0,0,3,30.42,0,0,3,30.51
1785718702.968,2.0,73.0,29.96,6.0,27.0,0,0,42837,106.81,0,0,43187,103.55,0,0,3,30.37,0,0,3,30.61
1785718703.968,2.3,100.0,29.96,6.0,22.0,0,0,42837,107.20,0,0,43187,103.50,0,0,3,30.41,0,0,3,30.65
1785718704.968,2.0,100.0,29.97,7.0,32.0,0,0,42837,107.13,0,0,43187,103.54,0,0,3,30.42,0,0,3,30.60
1785718705.968,2.1,100.0,29.96,5.0,22.0,0,0,42837,106.77,0,0,43187,103.74,0,0,3,30.36,0,0,3,30.55
1785718706.968,2.0,81.2,29.95,7.0,27.0,0,0,42837,106.78,0,0,43187,103.75,0,0,3,30.36,0,0,3,30.60
1785718707.969,2.3,100.0,29.97,7.0,36.0,0,0,42837,106.79,0,0,43187,103.55,0,0,3,30.36,0,0,3,30.65
1785718708.969,2.6,75.2,29.99,7.0,13.0,0,0,42837,106.83,0,0,43187,103.55,0,0,3,30.41,0,0,3,30.60
1785718709.969,2.6,100.0,29.98,7.0,37.0,0,0,42837,106.82,0,0,43187,103.50,0,0,3,30.47,0,0,3,30.55
1785718710.969,2.3,100.0,29.99,6.0,12.0,0,0,42837,106.77,0,0,43187,103.50,0,0,3,30.42,0,0,3,30.60
1785718711.969,3.2,100.0,29.98,5.0,18.0,0,0,42837,106.84,0,0,43187,103.63,0,0,3,30.36,0,0,3,30.55
1785718712.969,2.2,83.0,29.97,7.0,11.0,0,0,42837,106.85,0,0,43187,103.63,0,0,3,30.41,0,0,3,30.55
1785718713.969,2.0,100.0,29.98,8.0,13.0,0,0,42837,106.80,0,0,43187,103.55,0,0,3,30.41,0,0,3,30.60
1785718714.969,2.1,85.0,29.97,8.0,15.0,0,0,42837,106.80,0,0,43187,103.50,0,0,3,30.40,0,0,3,30.60
1785718715.969,1.8,100.0,29.97,6.0,13.0,0,0,42837,106.74,0,0,43187,103.55,0,0,3,30.41,0,0,3,30.60
1785718716.969,3.0,100.0,29.97,5.0,16.0,0,0,42837,106.74,0,0,43187,103.55,0,0,3,30.36,0,0,3,30.60
1785718717.970,3.6,100.0,29.98,9.0,19.0,0,0,42837,106.84,0,0,43187,103.50,0,0,3,30.51,0,0,3,30.60
1785718718.970,4.4,94.1,29.99,5.0,33.0,0,0,42837,106.85,0,0,43187,103.50,0,0,3,30.51,0,0,3,30.65
1785718719.970,2.3,99.0,29.99,6.0,24.0,0,0,42837,106.74,0,0,43187,103.54,0,0,3,30.50,0,0,3,30.70
1785718720.970,2.2,94.9,30.00,8.0,22.0,0,0,42837,106.77,0,0,43187,103.59,0,0,3,30.45,0,0,3,30.60
1785718721.970,2.3,100.0,30.00,8.0,21.0,0,0,42837,106.83,0,0,43187,103.55,0,0,3,30.41,0,0,3,30.60
1785718722.970,2.9,100.0,29.98,7.0,17.0,0,0,42837,106.79,0,0,43187,103.50,0,0,3,30.41,0,0,3,30.55
1785718723.970,2.1,100.0,30.00,6.0,17.0,0,0,42837,106.79,0,0,43187,103.54,0,0,3,30.41,0,0,3,30.50
1785718724.970,2.4,100.0,30.02,6.0,17.0,0,0,42837,106.79,0,0,43187,103.60,0,0,3,30.36,0,0,3,30.50
1785718725.971,2.2,77.8,30.02,7.0,26.0,0,0,42837,106.75,0,0,43187,103.60,0,0,3,30.37,0,0,3,30.55
1785718726.971,2.2,100.0,30.03,6.0,27.0,0,0,42837,106.71,0,0,43187,103.50,0,0,3,30.36,0,0,3,30.60
1785718727.971,1.9,85.0,30.04,7.0,14.0,0,0,42837,106.74,0,0,43187,103.45,0,0,3,30.41,0,0,3,30.59
1785718728.971,2.9,100.0,30.04,6.0,22.0,0,0,42837,106.83,0,0,43187,103.73,0,0,3,30.41,0,0,3,30.60
1785718729.971,4.6,100.0,30.05,4.0,26.0,0,0,42837,106.88,0,0,43187,103.79,0,0,3,30.41,0,0,3,30.60
1785718730.971,3.0,100.0,30.10,5.0,48.0,0,0,42837,106.83,0,0,43187,103.60,0,0,3,30.46,0,0,3,30.65
1785718731.971,2.9,75.0,30.28,7.0,70.9,0,0,42837,106.74,0,0,43187,103.55,0,0,3,30.41,0,0,3,30.60
1785718732.971,3.3,100.0,30.60,8.0,63.8,0,0,42837,106.70,0,0,43187,103.56,0,0,3,30.37,0,0,3,30.60
1785718733.971,3.0,82.0,31.12,6.0,63.3,0,0,42837,106.70,0,0,43187,103.61,0,0,3,30.36,0,0,3,30.55
1785718734.971,2.6,100.0,31.42,6.0,100.0,0,0,42837,106.68,0,0,43187,103.54,0,0,3,30.36,0,0,3,30.50
1785718735.972,2.7,100.0,31.55,8.0,100.0,0,0,42837,106.72,0,0,43187,103.50,0,0,3,30.36,0,0,3,30.50
1785718736.972,2.6,100.0,31.54,6.0,101.0,0,0,42837,106.74,0,0,43187,103.55,0,0,3,30.37,0,0,3,30.50
1785718737.972,3.5,73.0,31.52,95.0,35.0,100,59,42837,139.63,21,0,43187,111.21,0,0,3,30.37,0,0,3,30.55
1785718738.972,3.6,100.0,31.54,172.9,5.0,90,79,42837,230.51,80,90,43187,242.77,0,0,3,30.41,0,0,3,30.60
1785718739.972,4.0,99.0,31.56,175.1,8.0,91,77,42837,214.72,78,88,43187,228.72,0,0,3,30.45,0,0,3,30.64
1785718740.972,4.1,100.0,31.55,180.0,8.0,91,78,42837,224.01,79,89,43187,230.56,0,0,3,30.35,0,0,3,30.59
1785718741.972,3.7,100.0,31.52,178.0,10.0,90,79,42837,222.00,80,90,43187,234.75,0,0,3,30.35,0,0,3,30.55
1785718742.972,3.7,100.0,31.50,181.0,8.0,91,77,42837,223.61,81,91,43187,233.77,0,0,3,30.40,0,0,3,30.49
1785718743.972,3.7,99.0,31.46,177.0,8.0,88,77,42837,220.39,79,89,43187,231.19,0,0,3,30.41,0,0,3,30.50
1785718744.972,3.5,100.0,31.44,183.0,8.0,89,80,42837,212.92,78,88,43187,237.54,0,0,3,30.47,0,0,3,30.57
1785718745.973,3.6,99.0,31.44,178.0,8.0,90,74,42837,226.30,81,92,43187,229.34,0,0,3,30.42,0,0,3,30.57
1785718746.973,4.0,100.0,31.42,177.0,8.0,91,80,42837,215.17,79,89,43187,230.63,0,0,3,30.37,0,0,3,30.57
1785718747.973,4.2,100.0,31.39,179.0,9.0,89,74,42837,225.14,81,92,43187,242.33,0,0,3,30.37,0,0,3,30.57
1785718748.973,3.7,100.0,31.38,203.0,6.0,69,35,42837,167.25,90,55,43187,184.42,0,0,3,30.37,0,0,3,30.62
1785718749.973,4.1,96.0,31.37,238.0,2.0,92,48,42837,203.03,93,54,43187,170.38,0,0,3,30.36,0,0,3,30.61
1785718750.973,4.1,100.0,31.37,238.0,3.0,93,47,42837,176.83,89,57,43187,184.78,0,0,3,30.35,0,0,3,30.54
1785718751.973,4.2,100.0,31.36,246.0,4.0,97,44,42837,173.51,90,56,43187,198.56,0,0,3,30.30,0,0,3,30.53
1785718752.973,4.3,100.0,31.37,246.0,6.0,93,48,42837,175.21,90,56,43187,189.72,0,0,3,30.35,0,0,3,30.54
1785718753.973,4.2,100.0,31.35,243.0,6.0,92,48,42837,201.47,87,56,43187,217.60,0,0,3,30.42,0,0,3,30.59
1785718754.974,4.4,100.0,31.34,248.0,7.0,92,49,42837,177.43,90,59,43187,201.08,0,0,3,30.32,0,0,3,30.59
1785718755.974,4.6,99.0,31.34,250.0,7.0,92,50,42837,199.23,90,59,43187,188.30,0,0,3,30.27,0,0,3,30.55
1785718756.974,6.1,100.0,31.32,245.0,7.0,89,46,42837,175.05,85,48,43187,202.54,0,0,3,30.41,0,0,3,30.69
1785718757.974,4.0,99.0,31.33,244.0,7.0,92,47,42837,175.22,90,61,43187,186.57,0,0,3,30.50,0,0,3,30.73
1785718758.974,4.4,100.0,31.33,248.0,5.0,92,49,42837,184.84,87,55,43187,188.27,0,0,3,30.40,0,0,3,30.69
1785718759.974,4.4,100.0,31.33,244.0,6.0,95,49,42837,210.61,85,38,43187,219.85,0,0,3,30.41,0,0,3,30.65
1785718760.974,6.5,100.0,31.33,251.0,7.0,91,46,42837,194.88,87,50,43187,206.60,0,0,3,30.41,0,0,3,30.50
1785718761.974,4.7,99.0,31.31,249.0,8.0,92,46,42837,196.14,86,54,43187,199.41,0,0,3,30.36,0,0,3,30.55
1785718762.974,4.2,100.0,31.30,249.0,9.0,97,48,42837,188.59,91,45,43187,212.85,0,0,3,30.37,0,0,3,30.65
1785718763.974,5.5,99.0,31.31,256.0,9.0,91,50,42837,157.41,91,59,43187,215.97,0,0,3,30.45,0,0,3,30.75
1785718764.975,5.2,100.0,31.32,248.0,9.0,92,48,42837,209.82,87,52,43187,231.15,0,0,3,30.40,0,0,3,30.74
1785718765.975,5.3,100.0,31.30,252.0,10.0,92,46,42837,206.08,89,61,43187,195.56,0,0,3,30.35,0,0,3,30.73
1785718766.975,4.6,100.0,31.30,255.0,10.0,92,49,42837,182.00,88,40,43187,171.30,0,0,3,30.41,0,0,3,30.74
1785718767.975,4.4,99.0,31.29,247.0,9.0,92,48,42837,187.21,87,55,43187,193.43,0,0,3,30.36,0,0,3,30.70
1785718768.975,4.9,98.0,31.27,248.8,9.0,92,48,42837,199.21,88,52,43187,208.68,0,0,3,30.35,0,0,3,30.70
1785718769.975,4.6,99.0,31.27,253.2,9.0,92,48,42837,191.31,84,54,43187,203.67,0,0,3,30.36,0,0,3,30.60
1785718770.975,4.5,100.0,31.28,256.0,12.0,92,48,42837,210.41,90,52,43187,221.56,0,0,3,30.36,0,0,3,30.54
1785718771.975,4.7,100.0,31.26,247.0,10.0,92,48,42837,183.31,88,59,43187,189.12,0,0,3,30.35,0,0,3,30.59
1785718772.975,6.4,100.0,31.26,254.0,10.0,91,50,42837,204.93,91,38,43187,186.87,0,0,3,30.31,0,0,3,30.65
1785718773.975,4.3,99.0,31.27,245.0,9.0,92,46,42837,202.54,87,59,43187,199.71,0,0,3,30.31,0,0,3,30.60
1785718774.976,4.3,100.0,31.27,249.0,9.0,92,50,42837,203.84,91,32,43187,203.84,0,0,3,30.46,0,0,3,30.60
1785718775.976,4.4,99.0,31.27,248.0,8.0,91,47,42837,180.27,84,52,43187,208.10,0,0,3,30.50,0,0,3,30.59
1785718776.976,5.1,100.0,31.26,249.0,9.0,92,49,42837,184.56,89,50,43187,186.47,0,0,3,30.41,0,0,3,30.55
1785718777.976,6.0,100.0,31.27,252.0,8.0,92,48,42837,196.61,90,62,43187,204.36,0,0,3,30.41,0,0,3,30.56
1785718778.976,6.6,100.0,31.26,251.0,9.0,91,46,42837,193.76,87,51,43187,205.99,0,0,3,30.50,0,0,3,30.62
1785718779.976,4.3,99.0,31.27,247.0,6.0,92,49,42837,185.03,87,57,43187,183.13,0,0,3,30.51,0,0,3,30.61
1785718780.976,4.3,100.0,31.27,244.0,6.0,92,49,42837,181.64,87,57,43187,189.15,0,0,3,30.41,0,0,3,30.55
1785718781.976,4.1,99.0,31.27,249.0,7.0,93,49,42837,174.78,90,52,43187,211.61,0,0,3,30.35,0,0,3,30.54
1785718782.976,4.6,100.0,31.25,244.0,7.0,92,54,42837,191.66,86,52,43187,187.94,0,0,3,30.50,0,0,3,30.64
1785718783.976,4.8,100.0,31.23,248.0,8.0,91,44,42837,183.23,91,38,43187,173.77,0,0,3,30.51,0,0,3,30.67
1785718784.976,4.5,100.0,31.23,246.0,6.0,95,47,42837,181.61,88,54,43187,183.30,0,0,3,30.32,0,0,3,30.66
1785718785.977,4.3,100.0,31.21,252.0,9.0,92,46,42837,188.22,90,55,43187,201.16,0,0,3,30.36,0,0,3,30.65
1785718786.977,4.4,99.0,31.21,248.0,8.0,91,49,42837,200.14,90,50,43187,178.12,0,0,3,30.46,0,0,3,30.69
1785718787.977,4.1,100.0,31.20,243.0,6.0,92,47,42837,178.15,90,60,43187,185.02,0,0,3,30.41,0,0,3,30.70
1785718788.977,4.8,99.0,31.21,251.0,6.0,92,47,42837,213.92,87,55,43187,213.77,0,0,3,30.35,0,0,3,30.64
1785718789.977,4.6,100.0,31.20,243.0,8.0,97,25,42837,177.33,91,32,43187,192.31,0,0,3,30.40,0,0,3,30.64
1785718790.977,5.5,100.0,31.20,248.0,7.0,91,48,42837,192.29,89,61,43187,190.98,0,0,3,30.45,0,0,3,30.55
1785718791.977,4.3,100.0,31.19,246.0,9.0,92,49,42837,194.31,86,55,43187,178.44,0,0,3,30.41,0,0,3,30.60
1785718792.977,4.3,99.0,31.17,246.0,8.0,97,35,42837,188.03,87,52,43187,210.09,0,0,3,30.42,0,0,3,30.61
1785718793.977,4.3,100.0,31.16,252.0,8.0,92,46,42837,177.67,89,60,43187,193.73,0,0,3,30.42,0,0,3,30.61
1785718794.977,4.6,100.0,31.14,250.0,8.0,91,45,42837,197.63,88,54,43187,198.98,0,0,3,30.36,0,0,3,30.59
1785718795.978,4.3,100.0,31.13,248.0,9.0,92,45,42837,182.12,88,57,43187,193.12,0,0,3,30.36,0,0,3,30.54
1785718796.978,4.4,100.0,31.13,246.0,8.0,92,46,42837,207.17,87,52,43187,200.79,0,0,3,30.37,0,0,3,30.56
1785718797.978,4.5,100.0,31.14,249.0,8.0,91,47,42837,195.50,89,57,43187,198.27,0,0,3,30.41,0,0,3,30.61
1785718798.978,5.4,100.0,31.15,245.0,7.0,92,48,42837,183.31,89,60,43187,187.67,0,0,3,30.45,0,0,3,30.60
1785718799.978,5.9,100.0,31.18,248.0,8.0,92,46,42837,203.46,87,53,43187,178.83,0,0,3,30.41,0,0,3,30.60
1785718800.978,4.7,99.0,31.17,245.0,6.0,92,47,42837,173.17,90,59,43187,176.96,0,0,3,30.32,0,0,3,30.60
1785718801.978,4.6,100.0,31.14,248.3,7.0,91,47,42837,186.48,88,58,43187,192.45,0,0,3,30.27,0,0,3,30.55
1785718802.978,6.5,100.0,31.28,237.7,5.0,92,52,42837,209.37,87,52,43187,182.71,0,0,3,47.98,0,0,3,30.56
1785718804.233,5.1,100.0,31.30,243.8,7.2,92,52,42837,212.13,88,55,43187,187.54,0,0,3,47.98,0,0,3,47.73
1785718805.234,5.5,99.0,31.30,246.8,7.0,92,50,42837,172.65,84,55,43187,197.20,0,0,3,65.50,0,0,3,64.89
1785718806.234,6.5,100.0,31.64,248.2,7.0,92,48,42862,198.25,89,55,43187,199.31,0,0,3,48.03,0,0,3,47.82
1785718807.234,5.4,99.0,32.09,250.0,8.0,91,47,43104,204.09,85,56,43454,209.09,0,0,18,34.95,0,0,3,30.70
1785718808.234,5.2,100.0,32.45,239.0,6.0,97,19,43104,184.75,100,33,43454,209.08,0,0,271,97.72,0,0,271,54.73
1785718809.234,5.9,100.0,31.19,244.0,6.0,92,47,42837,182.23,91,60,43187,181.65,0,0,3,100.10,0,0,3,100.98
1785718810.234,5.3,100.0,31.23,244.0,7.0,92,49,42837,211.76,90,59,43187,184.01,0,0,3,100.04,0,0,3,101.20
1785718811.234,4.8,98.0,31.26,244.0,7.0,92,49,42837,188.48,88,52,43187,194.07,0,0,3,61.73,0,0,3,62.02
1785718812.234,4.8,100.0,31.28,248.0,6.0,92,46,42837,180.96,89,50,43187,203.41,0,0,3,44.32,0,0,3,44.42
1785718813.234,4.9,99.0,31.33,242.0,5.0,92,49,42837,190.66,90,55,43187,190.01,0,0,3,30.69,0,0,3,30.74
1785718814.234,4.3,100.0,31.30,249.0,7.0,90,49,42837,183.09,86,51,43187,192.63,0,0,3,30.65,0,0,3,30.80
1785718815.234,4.4,100.0,31.26,244.0,7.0,93,45,42837,213.28,90,37,43187,184.87,0,0,3,30.60,0,0,3,30.79
1785718816.235,4.5,100.0,31.21,242.0,5.0,92,52,42837,191.02,90,56,43187,203.87,0,0,3,30.54,0,0,3,30.93
1785718817.235,5.9,98.0,31.20,239.0,5.0,93,53,42837,179.99,89,59,43187,182.56,0,0,3,30.55,0,0,3,30.92
1785718818.235,4.1,100.0,31.18,235.0,4.0,93,51,42837,185.81,89,60,43187,183.24,0,0,3,30.55,0,0,3,30.83
1785718819.235,4.1,98.0,31.15,237.0,4.0,93,44,42837,183.19,90,61,43187,189.12,0,0,3,30.50,0,0,3,30.84
1785718820.235,3.9,100.0,31.12,237.0,3.0,93,44,42837,178.52,87,53,43187,187.72,0,0,3,30.50,0,0,3,30.74
1785718821.235,4.9,100.0,31.12,239.0,3.0,93,46,42837,180.43,90,61,43187,187.96,0,0,3,30.50,0,0,3,30.75
1785718822.235,6.8,100.0,31.10,238.0,3.0,93,47,42837,180.41,87,57,43187,187.96,0,0,3,30.46,0,0,3,30.70
1785718823.235,4.1,99.0,31.10,236.0,3.0,93,49,42837,180.08,89,58,43187,185.27,0,0,3,30.45,0,0,3,30.70
1785718824.235,4.2,100.0,31.08,238.0,3.0,93,51,42837,181.63,89,56,43187,186.63,0,0,3,30.45,0,0,3,30.70
1785718825.235,4.0,99.0,31.06,237.0,1.0,93,54,42837,182.69,91,53,43187,184.23,0,0,3,30.45,0,0,3,30.70
1785718826.236,4.1,100.0,31.06,237.0,2.0,93,55,42837,182.31,91,51,43187,183.36,0,0,3,30.45,0,0,3,30.74
1785718827.236,4.1,100.0,31.06,238.0,3.0,92,54,42837,181.40,91,61,43187,185.71,0,0,3,30.45,0,0,3,30.69
1785718828.236,4.2,100.0,31.07,234.9,2.0,93,56,42837,183.44,91,50,43187,181.58,0,0,3,30.45,0,0,3,30.69
1785718829.236,4.9,99.0,31.03,237.1,2.0,93,46,42837,180.97,88,54,43187,187.44,0,0,3,30.45,0,0,3,30.74
1785718830.236,4.1,100.0,31.05,236.0,2.0,91,51,42837,176.29,87,54,43187,187.86,0,0,3,30.41,0,0,3,30.74
1785718831.236,4.7,100.0,30.91,213.0,44.0,0,0,42837,122.20,0,0,43187,131.02,0,0,3,30.46,0,0,3,30.65
1785718832.236,2.1,100.0,30.89,24.0,17.0,0,0,42837,112.73,0,0,43187,120.46,0,0,3,30.50,0,0,3,30.59
1785718833.236,4.0,59.6,30.89,7.0,8.0,0,0,42837,112.70,0,0,43187,110.52,0,0,3,30.45,0,0,3,30.69
1785718834.236,3.2,100.0,30.27,7.0,0.0,0,0,42837,112.59,0,0,43187,110.36,0,0,3,30.50,0,0,3,30.70
1785718835.236,3.0,100.0,29.49,3.0,0.0,0,0,42837,111.89,0,0,43187,110.12,0,0,3,30.51,0,0,3,30.65
1785718836.237,1.6,100.0,29.48,8.0,0.0,0,0,42837,111.19,0,0,43187,109.39,0,0,3,30.46,0,0,3,30.65
1785718837.237,3.7,60.0,29.48,6.0,0.0,0,0,42837,111.10,0,0,43187,109.39,0,0,3,30.45,0,0,3,30.65
1785718838.237,4.2,100.0,29.57,6.0,18.0,0,0,42837,111.09,0,0,43187,108.90,0,0,3,30.45,0,0,3,30.70
1785718839.237,3.8,100.0,29.58,4.0,14.0,0,0,42837,110.97,0,0,43187,108.81,0,0,3,30.45,0,0,3,30.75
1785718840.237,2.0,100.0,29.60,7.0,18.0,0,0,42837,110.88,0,0,43187,108.65,0,0,3,30.50,0,0,3,30.75
1785718841.237,2.5,68.7,29.64,6.0,46.0,0,0,42837,110.79,0,0,43187,108.65,0,0,3,30.51,0,0,3,30.70
1785718842.237,2.7,100.0,29.65,9.0,36.0,0,0,42837,110.71,0,0,43187,108.47,0,0,3,30.47,0,0,3,30.65
1785718843.237,7.2,61.0,29.67,6.0,494.1,0,0,42837,110.65,0,0,43187,108.32,0,0,3,30.46,0,0,3,30.65
1785718844.238,2.7,100.0,29.68,7.0,26.0,0,0,42837,110.54,0,0,43187,108.32,0,0,3,30.46,0,0,3,30.65
1785718845.238,2.3,100.0,29.69,6.0,23.0,0,0,42837,110.50,0,0,43187,108.27,0,0,3,30.46,0,0,3,30.65
1785718846.238,2.0,100.0,29.68,7.0,25.0,0,0,42837,110.50,0,0,43187,108.17,0,0,3,30.46,0,0,3,30.65
1785718847.238,2.1,69.3,29.68,5.0,21.0,0,0,42837,110.39,0,0,43187,108.07,0,0,3,30.41,0,0,3,30.70
1785718848.238,2.1,100.0,29.68,8.0,14.0,0,0,42837,110.26,0,0,43187,107.98,0,0,3,30.41,0,0,3,30.70
1785718849.238,2.3,62.6,29.67,7.0,14.0,0,0,42837,110.25,0,0,43187,107.93,0,0,3,30.55,0,0,3,30.70
1785718850.238,2.2,100.0,29.68,7.0,22.0,0,0,42837,110.18,0,0,43187,107.93,0,0,3,30.56,0,0,3,30.75
1785718851.238,3.2,100.0,29.69,4.0,12.0,0,0,42837,110.10,0,0,43187,107.68,0,0,3,30.46,0,0,3,30.70
1785718852.238,1.7,100.0,29.69,7.0,11.0,0,0,42837,110.14,0,0,43187,107.63,0,0,3,30.47,0,0,3,30.70
1785718853.239,2.7,71.0,29.68,7.0,26.0,0,0,42837,110.05,0,0,43187,107.59,0,0,3,30.46,0,0,3,30.70
1785718854.239,2.0,100.0,29.69,5.0,18.0,0,0,42837,109.98,0,0,43187,107.58,0,0,3,30.45,0,0,3,30.70
1785718855.239,2.1,70.0,29.68,8.0,15.0,0,0,42837,109.95,0,0,43187,107.54,0,0,3,30.40,0,0,3,30.70
1785718856.239,2.2,100.0,29.67,5.0,14.0,0,0,42837,109.83,0,0,43187,107.44,0,0,3,30.40,0,0,3,30.65
1785718857.239,2.1,100.0,29.66,6.0,14.0,0,0,42837,109.78,0,0,43187,107.44,0,0,3,30.46,0,0,3,30.65
1785718858.239,2.1,100.0,29.69,8.0,13.0,0,0,42837,109.70,0,0,43187,107.38,0,0,3,30.46,0,0,3,30.65
1785718859.239,2.3,97.0,29.72,6.0,27.0,0,0,42837,109.65,0,0,43187,107.24,0,0,3,30.46,0,0,3,30.65
1785718860.239,3.0,100.0,29.73,6.0,60.0,0,0,42837,109.57,0,0,43187,107.24,0,0,3,30.46,0,0,3,30.65
1785718861.239,2.2,90.1,29.74,7.0,32.0,0,0,42837,109.48,0,0,43187,107.15,0,0,3,30.46,0,0,3,30.65
1785718862.239,2.3,100.0,29.72,5.0,17.0,0,0,42837,109.52,0,0,43187,107.06,0,0,3,30.50,0,0,3,30.65
1785718863.240,2.1,100.0,29.74,7.0,27.0,0,0,42837,109.51,0,0,43187,107.00,0,0,3,30.51,0,0,3,30.65
1785718864.240,1.9,100.0,29.72,5.0,18.0,0,0,42837,109.44,0,0,43187,106.94,0,0,3,30.46,0,0,3,30.60
1785718865.240,2.4,99.0,29.73,7.0,18.0,0,0,42837,109.39,0,0,43187,106.90,0,0,3,30.41,0,0,3,30.65
1785718866.240,2.0,100.0,29.73,7.0,17.0,0,0,42837,109.41,0,0,43187,106.86,0,0,3,30.41,0,0,3,30.70
1785718867.240,2.2,99.0,29.74,8.0,29.0,0,0,42837,109.34,0,0,43187,106.81,0,0,3,30.45,0,0,3,30.70
1785718868.240,2.8,100.0,29.74,7.0,14.0,0,0,42837,109.29,0,0,43187,106.81,0,0,3,30.45,0,0,3,30.65
1785718869.240,3.8,100.0,29.72,3.0,23.0,0,0,42837,109.25,0,0,43187,106.80,0,0,3,30.41,0,0,3,30.60
1785718870.240,2.7,100.0,29.73,5.0,25.0,0,0,42837,109.21,0,0,43187,106.71,0,0,3,30.40,0,0,3,30.70
1785718871.241,2.2,100.0,29.74,8.0,14.0,0,0,42837,109.21,0,0,43187,106.60,0,0,3,30.45,0,0,3,30.65
1785718872.241,2.0,71.7,29.75,6.0,19.0,0,0,42837,109.29,0,0,43187,106.60,0,0,3,30.46,0,0,3,30.59
1785718873.241,2.3,100.0,29.76,7.0,36.0,0,0,42837,109.25,0,0,43187,106.56,0,0,3,30.46,0,0,3,30.65
1785718874.241,2.2,78.8,29.75,8.0,16.0,0,0,42837,109.10,0,0,43187,106.41,0,0,3,30.40,0,0,3,30.65
1785718875.241,2.2,100.0,29.73,5.0,16.0,0,0,42837,109.05,0,0,43187,106.41,0,0,3,30.41,0,0,3,30.65
1785718876.241,2.0,100.0,29.75,6.0,14.0,0,0,42837,109.00,0,0,43187,106.36,0,0,3,30.42,0,0,3,30.65
1785718877.241,3.3,100.0,29.77,5.0,13.0,0,0,42837,109.00,0,0,43187,106.36,0,0,3,30.41,0,0,3,30.65
1785718878.241,1.9,69.3,29.76,7.0,14.0,0,0,42837,109.01,0,0,43187,106.36,0,0,3,30.46,0,0,3,30.65
1785718879.241,2.1,100.0,29.77,7.0,18.0,0,0,42837,108.96,0,0,43187,106.32,0,0,3,30.46,0,0,3,30.65
1785718880.242,2.2,77.8,29.76,6.0,31.0,0,0,42837,108.87,0,0,43187,106.28,0,0,3,30.41,0,0,3,30.70
1785718881.242,2.0,100.0,29.75,7.0,28.0,0,0,42837,108.89,0,0,43187,106.32,0,0,3,30.41,0,0,3,30.70
1785718882.242,2.7,100.0,29.77,6.0,30.0,0,0,42837,108.88,0,0,43187,106.22,0,0,3,30.42,0,0,3,30.65
1785718883.242,4.0,100.0,29.76,4.0,29.0,0,0,42837,108.82,0,0,43187,106.18,0,0,3,30.41,0,0,3,30.65
1785718884.242,2.4,68.0,29.77,9.0,46.0,0,0,42837,108.84,0,0,43187,106.17,0,0,3,30.40,0,0,3,30.60
1785718885.242,2.7,100.0,29.77,5.0,36.0,0,0,42837,108.82,0,0,43187,106.12,0,0,3,30.36,0,0,3,30.55
1785718886.242,1.9,77.2,29.78,7.0,14.0,0,0,42837,108.79,0,0,43187,106.07,0,0,3,30.42,0,0,3,30.70
1785718887.242,2.4,100.0,29.76,6.0,17.0,0,0,42837,108.35,0,0,43187,106.03,0,0,3,30.46,0,0,3,30.80
1785718888.242,2.1,100.0,29.77,6.0,13.0,0,0,42837,108.38,0,0,43187,106.18,0,0,3,30.46,0,0,3,30.70
1785718889.243,2.3,100.0,29.78,6.0,12.0,0,0,42837,108.35,0,0,43187,106.03,0,0,3,30.45,0,0,3,30.75
1785718890.243,2.4,38.0,29.78,5.0,12.0,0,0,42837,107.88,0,0,43187,105.74,0,0,3,30.45,0,0,3,30.71
1785718891.243,2.1,91.9,29.79,7.0,28.0,0,0,42837,107.81,0,0,43187,105.74,0,0,3,30.46,0,0,3,30.71
1785718892.243,2.4,63.6,29.79,7.0,37.0,0,0,42837,107.80,0,0,43187,105.74,0,0,3,30.41,0,0,3,30.80
1785718893.243,2.1,100.0,29.81,6.0,40.0,0,0,42837,107.81,0,0,43187,105.63,0,0,3,30.36,0,0,3,30.75
1785718894.243,3.6,100.0,29.80,6.0,17.0,0,0,42837,107.74,0,0,43187,105.63,0,0,3,30.41,0,0,3,30.65
1785718895.243,2.0,100.0,29.79,7.0,26.0,0,0,42837,107.74,0,0,43187,105.69,0,0,3,30.41,0,0,3,30.65
1785718896.243,2.2,64.0,29.78,5.0,13.0,0,0,42837,107.76,0,0,43187,105.69,0,0,3,30.41,0,0,3,30.70
1785718897.243,3.2,100.0,29.78,7.0,37.0,0,0,42837,107.77,0,0,43187,105.55,0,0,3,30.46,0,0,3,30.70
1785718898.244,4.0,59.0,29.78,8.0,28.0,0,0,42837,107.72,0,0,43187,105.55,0,0,3,30.46,0,0,3,30.65
1785718899.244,3.9,100.0,29.78,5.0,19.0,0,0,42837,107.60,0,0,43187,105.55,0,0,3,30.46,0,0,3,30.70
1785718900.244,2.3,100.0,29.79,6.0,31.0,0,0,42837,107.57,0,0,43187,105.55,0,0,3,30.46,0,0,3,30.75
1785718901.244,2.2,100.0,29.81,5.0,19.0,0,0,42837,107.65,0,0,43187,105.54,0,0,3,30.41,0,0,3,30.65
1785718902.244,2.4,68.0,29.82,7.0,17.0,0,0,42837,107.62,0,0,43187,105.54,0,0,3,30.41,0,0,3,30.60
1785718903.244,2.9,100.0,29.81,8.0,19.0,0,0,42837,107.60,0,0,43187,105.55,0,0,3,30.46,0,0,3,30.60
1785718904.244,4.1,100.0,29.81,7.0,18.0,0,0,42837,107.63,0,0,43187,105.55,0,0,3,30.46,0,0,3,30.65
1785718905.244,2.8,100.0,29.81,6.0,27.0,0,0,42837,107.54,0,0,43187,105.39,0,0,3,30.46,0,0,3,30.65
1785718906.244,2.1,100.0,29.82,5.0,19.0,0,0,42837,107.54,0,0,43187,105.39,0,0,3,30.46,0,0,3,30.60
1785718907.245,1.9,100.0,29.83,5.0,18.0,0,0,42837,107.53,0,0,43187,105.35,0,0,3,30.51,0,0,3,30.60
1785718908.245,2.0,94.0,29.82,6.0,18.0,0,0,42837,107.48,0,0,43187,105.35,0,0,3,30.51,0,0,3,30.65
1785718909.245,2.1,100.0,29.83,7.0,23.0,0,0,42837,107.48,0,0,43187,105.41,0,0,3,30.47,0,0,3,30.60
1785718910.245,2.6,88.0,29.83,7.0,18.0,0,0,42837,107.52,0,0,43187,105.25,0,0,3,30.46,0,0,3,30.60
1785718911.245,2.6,100.0,29.84,7.0,19.0,0,0,42837,107.55,0,0,43187,105.25,0,0,3,30.45,0,0,3,30.65
1785718912.245,3.1,100.0,29.83,4.0,19.0,0,0,42837,107.56,0,0,43187,105.25,0,0,3,30.45,0,0,3,30.65
1785718913.245,1.8,100.0,29.83,6.0,18.0,0,0,42837,107.52,0,0,43187,105.49,0,0,3,30.46,0,0,3,30.65
1785718914.245,2.0,96.0,29.82,7.0,17.0,0,0,42837,107.42,0,0,43187,105.49,0,0,3,30.46,0,0,3,30.65
1785718915.245,2.0,100.0,29.83,7.0,19.0,0,0,42837,107.38,0,0,43187,105.32,0,0,3,30.46,0,0,3,30.70
1785718916.246,2.1,89.1,29.82,8.0,18.0,0,0,42837,107.38,0,0,43187,105.32,0,0,3,30.46,0,0,3,30.70
1785718917.246,2.4,100.0,29.81,5.0,17.0,0,0,42837,107.31,0,0,43187,105.27,0,0,3,30.36,0,0,3,30.70
1785718918.246,2.3,100.0,29.81,6.0,17.0,0,0,42837,107.35,0,0,43187,105.19,0,0,3,30.31,0,0,3,30.75
1785718919.246,2.4,100.0,29.80,6.0,18.0,0,0,42837,107.42,0,0,43187,105.05,0,0,3,30.42,0,0,3,30.60
1785718920.246,2.4,98.0,29.83,6.0,16.0,0,0,42837,107.33,0,0,43187,105.06,0,0,3,30.46,0,0,3,30.55
1785718921.246,2.1,99.0,29.84,8.0,10.0,0,0,42837,107.29,0,0,43187,105.06,0,0,3,30.46,0,0,3,30.60
1785718922.246,1.7,92.0,29.82,6.0,0.0,0,0,42837,107.31,0,0,43187,105.15,0,0,3,30.42,0,0,3,30.75
1785718923.246,1.7,100.0,29.83,5.0,0.0,0,0,42837,107.38,0,0,43187,105.15,0,0,3,30.37,0,0,3,30.80
1785718924.246,1.6,100.0,29.82,7.0,0.0,0,0,42837,107.41,0,0,43187,105.20,0,0,3,30.42,0,0,3,30.80
1785718925.247,2.0,100.0,29.81,5.0,0.0,0,0,42837,107.42,0,0,43187,105.20,0,0,3,30.36,0,0,3,30.80
1785718926.247,1.5,99.0,29.81,8.0,0.0,0,0,42837,107.30,0,0,43187,104.96,0,0,3,30.30,0,0,3,30.75
1785718927.247,1.8,99.0,29.81,7.0,0.0,0,0,42837,107.22,0,0,43187,104.96,0,0,3,30.40,0,0,3,30.75
1785718928.247,1.6,100.0,29.81,6.0,0.0,0,0,42837,107.27,0,0,43187,104.91,0,0,3,30.40,0,0,3,30.75
1785718929.247,1.9,92.0,29.82,5.0,0.0,0,0,42837,107.26,0,0,43187,104.91,0,0,3,30.41,0,0,3,30.69
1785718930.247,1.5,100.0,29.83,8.0,0.0,0,0,42837,107.27,0,0,43187,104.95,0,0,3,30.46,0,0,3,30.60
1785718931.247,1.8,100.0,29.81,4.0,0.0,0,0,42837,107.26,0,0,43187,104.95,0,0,3,30.46,0,0,3,30.60
1785718932.247,1.5,100.0,29.81,7.0,0.0,0,0,42837,107.26,0,0,43187,104.86,0,0,3,30.42,0,0,3,30.60
1785718933.247,2.0,62.0,29.79,6.0,0.0,0,0,42837,107.24,0,0,43187,104.86,0,0,3,30.41,0,0,3,30.66
1785718934.248,2.1,100.0,29.79,8.0,0.0,0,0,42837,107.29,0,0,43187,104.86,0,0,3,30.42,0,0,3,30.66
1785718935.248,1.8,70.0,29.81,6.0,0.0,0,0,42837,107.29,0,0,43187,104.86,0,0,3,30.36,0,0,3,30.60
1785718936.248,1.9,100.0,29.81,6.0,0.0,0,0,42837,107.19,0,0,43187,104.96,0,0,3,30.40,0,0,3,30.55
1785718937.248,2.8,100.0,29.83,6.0,0.0,0,0,42837,107.26,0,0,43187,104.96,0,0,3,30.41,0,0,3,30.60
1785718938.248,2.7,100.0,29.82,4.0,0.0,0,0,42837,107.31,0,0,43187,104.90,0,0,3,30.36,0,0,3,30.65
1785718939.248,2.4,100.0,29.82,4.0,0.0,0,0,42837,107.29,0,0,43187,104.90,0,0,3,30.51,0,0,3,30.61
1785718940.248,2.3,100.0,29.83,7.0,0.0,0,0,42837,107.17,0,0,43187,104.90,0,0,3,30.51,0,0,3,30.56
1785718941.248,1.6,69.3,29.83,8.0,0.0,0,0,42837,107.13,0,0,43187,104.84,0,0,3,30.36,0,0,3,30.65
1785718942.248,2.1,100.0,29.84,5.0,0.0,0,0,42837,107.22,0,0,43187,104.76,0,0,3,30.56,0,0,3,30.70
1785718943.249,1.7,100.0,29.83,5.0,0.0,0,0,42837,107.61,0,0,43187,104.76,0,0,3,30.60,0,0,3,30.60
1785718944.249,3.3,100.0,29.82,7.0,0.0,0,0,42837,107.61,0,0,43187,104.77,0,0,3,30.41,0,0,3,30.60
1785718945.249,2.3,60.0,29.83,8.0,0.0,0,0,42837,107.17,0,0,43187,104.77,0,0,3,30.37,0,0,3,30.60
1785718946.249,1.6,100.0,29.84,5.0,0.0,0,0,42837,107.10,0,0,43187,104.77,0,0,3,30.32,0,0,3,30.60
1785718947.249,1.5,67.3,29.84,7.0,0.0,0,0,42837,107.15,0,0,43187,104.71,0,0,3,30.31,0,0,3,30.60
1785718948.249,1.7,100.0,29.83,7.0,0.0,0,0,42837,107.15,0,0,43187,104.71,0,0,3,30.45,0,0,3,30.50
1785718949.249,2.0,100.0,29.85,7.0,0.0,0,0,42837,107.18,0,0,43187,104.75,0,0,3,30.50,0,0,3,30.50
1785718950.249,2.3,100.0,29.87,4.0,0.0,0,0,42837,107.15,0,0,43187,104.81,0,0,3,30.45,0,0,3,30.59
1785718951.249,1.6,58.6,29.87,6.0,0.0,0,0,42837,107.07,0,0,43187,104.77,0,0,3,30.36,0,0,3,30.75
1785718952.250,2.2,100.0,29.85,6.0,0.0,0,0,42837,107.07,0,0,43187,104.77,0,0,3,30.37,0,0,3,30.70
1785718953.250,1.5,66.7,29.85,9.0,0.0,0,0,42837,107.02,0,0,43187,104.84,0,0,3,30.45,0,0,3,30.65
1785718954.250,2.1,100.0,29.84,3.0,0.0,0,0,42837,107.03,0,0,43187,104.84,0,0,3,30.45,0,0,3,30.65
1785718955.250,2.7,100.0,29.85,8.0,0.0,0,0,42837,107.07,0,0,43187,104.79,0,0,3,30.41,0,0,3,30.55
1785718956.250,1.7,100.0,29.86,5.0,0.0,0,0,42837,107.07,0,0,43187,104.71,0,0,3,30.36,0,0,3,30.55
1785718957.250,2.6,57.0,29.85,7.0,0.0,0,0,42837,107.07,0,0,43187,104.72,0,0,3,30.32,0,0,3,30.55
1785718958.250,3.7,100.0,29.84,9.0,0.0,0,0,42837,107.07,0,0,43187,104.72,0,0,3,30.37,0,0,3,30.55
1785718959.250,3.3,64.0,29.84,5.0,0.0,0,0,42837,107.02,0,0,43187,104.76,0,0,3,30.46,0,0,3,30.55
1785718960.251,1.7,100.0,29.83,7.0,0.0,0,0,42837,107.00,0,0,43187,104.61,0,0,3,30.41,0,0,3,30.60
1785718961.251,1.5,100.0,29.82,7.0,0.0,0,0,42837,107.01,0,0,43187,104.82,0,0,3,30.36,0,0,3,30.60
1785718962.251,2.4,100.0,29.82,6.0,0.0,0,0,42837,106.98,0,0,43187,104.82,0,0,3,30.35,0,0,3,30.60
1785718963.251,1.6,54.5,29.81,6.0,0.0,0,0,42837,107.03,0,0,43187,104.71,0,0,3,30.36,0,0,3,30.60
1785718964.251,2.1,100.0,29.80,8.0,0.0,0,0,42837,107.02,0,0,43187,104.71,0,0,3,30.37,0,0,3,30.55
1785718965.251,1.8,62.6,29.81,6.0,0.0,0,0,42837,107.02,0,0,43187,104.61,0,0,3,30.36,0,0,3,30.70
1785718966.251,2.4,100.0,29.82,7.0,0.0,0,0,42837,107.05,0,0,43187,104.61,0,0,3,30.36,0,0,3,30.70
1785718967.251,1.5,100.0,29.81,5.0,0.0,0,0,42837,107.05,0,0,43187,104.57,0,0,3,30.40,0,0,3,30.70
1785718968.251,1.7,100.0,29.82,8.0,0.0,0,0,42837,107.07,0,0,43187,104.57,0,0,3,30.40,0,0,3,30.75
1785718969.252,1.6,53.0,29.83,6.0,0.0,0,0,42837,107.11,0,0,43187,104.61,0,0,3,30.36,0,0,3,30.65
1785718970.252,1.8,100.0,29.83,8.0,0.0,0,0,42837,107.07,0,0,43187,104.57,0,0,3,30.37,0,0,3,30.60
1785718971.252,1.9,60.0,29.82,6.0,0.0,0,0,42837,106.97,0,0,43187,104.57,0,0,3,30.42,0,0,3,30.60
1785718972.252,3.3,100.0,29.82,7.0,0.0,0,0,42837,106.92,0,0,43187,104.57,0,0,3,30.45,0,0,3,30.65
1785718973.252,2.7,100.0,29.83,4.0,0.0,0,0,42837,106.93,0,0,43187,104.61,0,0,3,30.45,0,0,3,30.65
1785718974.252,3.1,100.0,29.82,4.0,21.0,0,0,42837,106.98,0,0,43187,104.56,0,0,3,30.41,0,0,3,30.60
1785718975.252,2.1,50.0,29.82,8.0,22.0,0,0,42837,106.94,0,0,43187,104.52,0,0,3,30.41,0,0,3,30.55
1785718976.252,1.9,100.0,29.82,5.0,21.0,0,0,42837,106.89,0,0,43187,104.57,0,0,3,30.46,0,0,3,30.55
1785718977.252,2.2,52.0,29.84,9.0,22.0,0,0,42837,106.94,0,0,43187,104.57,0,0,3,30.42,0,0,3,30.55
1785718978.252,2.1,100.0,29.85,3.0,26.0,0,0,42837,107.01,0,0,43187,104.42,0,0,3,30.36,0,0,3,30.60
1785718979.253,2.3,100.0,29.86,5.0,23.0,0,0,42837,106.99,0,0,43187,104.42,0,0,3,30.31,0,0,3,30.60
1785718980.253,2.8,100.0,29.86,4.0,13.0,0,0,42837,106.97,0,0,43187,104.47,0,0,3,30.31,0,0,3,30.55
1785718981.253,1.9,75.8,29.88,8.0,9.0,0,0,42837,106.89,0,0,43187,104.47,0,0,3,30.36,0,0,3,30.55
1785718982.253,2.3,100.0,29.88,7.0,0.0,0,0,42837,106.84,0,0,43187,104.51,0,0,3,30.36,0,0,3,30.55
1785718983.253,1.5,69.0,29.87,7.0,0.0,0,0,42837,106.86,0,0,43187,104.61,0,0,3,30.41,0,0,3,30.60
1785718984.253,1.9,100.0,29.85,6.0,0.0,0,0,42837,106.90,0,0,43187,104.57,0,0,3,30.41,0,0,3,30.60
1785718985.253,1.5,100.0,29.86,6.0,0.0,0,0,42837,106.92,0,0,43187,104.43,0,0,3,30.45,0,0,3,30.50
1785718986.253,1.7,100.0,29.83,7.0,0.0,0,0,42837,106.87,0,0,43187,104.47,0,0,3,30.41,0,0,3,30.50
1785718987.253,1.5,78.0,29.84,5.0,0.0,0,0,42837,106.89,0,0,43187,104.69,0,0,3,30.36,0,0,3,30.55
1785718988.254,2.2,100.0,29.83,8.0,0.0,0,0,42837,106.94,0,0,43187,104.69,0,0,3,30.35,0,0,3,30.55
1785718989.254,1.5,77.0,29.83,7.0,0.0,0,0,42837,106.97,0,0,43187,104.65,0,0,3,30.36,0,0,3,30.55
1785718990.254,1.8,100.0,29.81,8.0,0.0,0,0,42837,106.97,0,0,43187,104.47,0,0,3,30.45,0,0,3,30.55
1785718991.254,6.4,100.0,29.84,5.0,0.0,0,0,42837,106.94,0,0,43187,104.67,0,0,3,30.41,0,0,3,30.55
1785718992.254,7.6,100.0,29.84,6.0,0.0,0,0,42837,106.91,0,0,43187,104.67,0,0,3,30.31,0,0,3,30.55
1785718993.254,1.6,100.0,29.84,6.0,0.0,0,0,42837,106.90,0,0,43187,104.75,0,0,3,30.35,0,0,3,30.50
1785718994.254,1.7,93.0,29.84,8.0,0.0,0,0,42837,106.93,0,0,43187,104.75,0,0,3,30.46,0,0,3,30.50
1785718995.254,1.6,99.0,29.83,6.0,0.0,0,0,42837,106.94,0,0,43187,104.43,0,0,3,30.41,0,0,3,30.65
1785718996.254,2.3,100.0,29.84,7.0,0.0,0,0,42837,106.89,0,0,43187,104.43,0,0,3,30.40,0,0,3,30.65
1785718997.255,2.7,100.0,29.85,6.0,0.0,0,0,42837,106.89,0,0,43187,104.42,0,0,3,30.40,0,0,3,30.60
1785718998.255,2.3,100.0,29.82,6.0,0.0,0,0,42837,106.88,0,0,43187,104.42,0,0,3,30.41,0,0,3,30.60
1785718999.255,1.6,100.0,29.83,6.0,0.0,0,0,42837,106.86,0,0,43187,104.27,0,0,3,30.42,0,0,3,30.60
1785719000.255,1.8,92.0,29.84,6.0,0.0,0,0,42837,106.86,0,0,43187,104.32,0,0,3,30.42,0,0,3,30.65
1785719001.255,1.6,100.0,29.85,8.0,0.0,0,0,42837,106.82,0,0,43187,104.32,0,0,3,30.46,0,0,3,30.55
1785719002.255,2.1,100.0,29.86,5.0,0.0,0,0,42837,106.79,0,0,43187,104.27,0,0,3,30.41,0,0,3,30.55
1785719003.255,1.5,100.0,29.87,6.0,0.0,0,0,42837,106.84,0,0,43187,104.35,0,0,3,30.36,0,0,3,30.65
1785719004.255,2.1,100.0,29.86,7.0,0.0,0,0,42837,106.84,0,0,43187,104.35,0,0,3,30.36,0,0,3,30.60
1785719005.255,2.8,100.0,29.86,6.0,0.0,0,0,42837,106.77,0,0,43187,104.33,0,0,3,30.36,0,0,3,30.55
1785719006.256,2.4,91.0,29.84,6.0,0.0,0,0,42837,106.81,0,0,43187,104.33,0,0,3,30.36,0,0,3,30.55
1785719007.256,2.2,100.0,29.85,7.0,0.0,0,0,42837,106.81,0,0,43187,104.32,0,0,3,30.36,0,0,3,30.55
1785719008.256,2.6,100.0,29.84,4.0,0.0,0,0,42837,106.82,0,0,43187,104.37,0,0,3,30.41,0,0,3,30.60
1785719009.256,3.3,100.0,29.83,4.0,0.0,0,0,42837,106.83,0,0,43187,104.32,0,0,3,30.40,0,0,3,30.60
1785719010.256,1.6,100.0,29.85,5.0,0.0,0,0,42837,106.78,0,0,43187,104.28,0,0,3,30.37,0,0,3,30.55
1785719011.256,1.9,100.0,29.85,9.0,0.0,0,0,42837,106.78,0,0,43187,104.28,0,0,3,30.36,0,0,3,30.55
1785719012.256,1.6,72.7,29.88,6.0,0.0,0,0,42837,106.74,0,0,43187,104.32,0,0,3,30.31,0,0,3,30.55
1785719013.256,1.8,100.0,29.88,6.0,0.0,0,0,42837,106.78,0,0,43187,104.32,0,0,3,30.32,0,0,3,30.60
1785719014.256,2.2,57.0,29.86,6.0,0.0,0,0,42837,106.79,0,0,43187,104.27,0,0,3,30.32,0,0,3,30.60
1785719015.257,2.6,100.0,29.86,7.0,0.0,0,0,42837,106.74,0,0,43187,104.27,0,0,3,30.36,0,0,3,30.55
1785719016.257,2.1,100.0,29.85,6.0,0.0,0,0,42837,106.73,0,0,43187,104.27,0,0,3,30.45,0,0,3,30.60
1785719017.257,2.9,100.0,29.87,5.0,0.0,0,0,42837,106.68,0,0,43187,104.27,0,0,3,30.41,0,0,3,30.60
1785719018.257,3.9,83.0,29.87,9.0,0.0,0,0,42837,106.68,0,0,43187,104.66,0,0,3,30.37,0,0,3,30.50
1785719019.257,3.5,100.0,29.86,6.0,0.0,0,0,42837,106.78,0,0,43187,104.66,0,0,3,30.37,0,0,3,30.45
1785719020.257,1.5,78.0,29.87,6.0,0.0,0,0,42837,106.87,0,0,43187,104.57,0,0,3,30.37,0,0,3,30.45
1785719021.257,1.8,100.0,29.86,6.0,0.0,0,0,42837,106.88,0,0,43187,104.57,0,0,3,30.36,0,0,3,30.50
1785719022.257,1.5,100.0,29.85,8.0,0.0,0,0,42837,106.83,0,0,43187,104.27,0,0,3,30.40,0,0,3,30.55
1785719023.257,1.8,100.0,29.85,4.0,0.0,0,0,42837,106.76,0,0,43187,104.27,0,0,3,30.41,0,0,3,30.50
1785719024.258,1.5,68.3,29.86,9.0,0.0,0,0,42837,106.69,0,0,43187,104.23,0,0,3,30.36,0,0,3,30.50
1785719025.258,2.6,100.0,29.84,6.0,0.0,0,0,42837,106.76,0,0,43187,104.23,0,0,3,30.35,0,0,3,30.60
1785719026.258,1.7,76.0,29.84,7.0,0.0,0,0,42837,106.77,0,0,43187,104.23,0,0,3,30.36,0,0,3,30.60
1785719027.258,1.7,100.0,29.83,4.0,0.0,0,0,42837,106.68,0,0,43187,104.23,0,0,3,30.31,0,0,3,30.60
1785719028.258,1.5,100.0,29.85,8.0,0.0,0,0,42837,106.74,0,0,43187,104.27,0,0,3,30.35,0,0,3,30.60
1785719029.258,1.8,100.0,29.84,6.0,0.0,0,0,42837,106.78,0,0,43187,104.27,0,0,3,30.45,0,0,3,30.50
1785719030.258,2.6,67.7,29.84,5.0,0.0,0,0,42837,106.77,0,0,43187,104.22,0,0,3,30.46,0,0,3,30.51
1785719031.258,2.0,100.0,29.85,7.0,0.0,0,0,42837,106.83,0,0,43187,104.22,0,0,3,30.41,0,0,3,30.56
1785719032.258,1.7,75.2,29.86,6.0,0.0,0,0,42837,106.81,0,0,43187,104.27,0,0,3,30.31,0,0,3,30.55
1785719033.259,2.6,100.0,29.86,6.0,0.0,0,0,42837,106.76,0,0,43187,104.22,0,0,3,30.30,0,0,3,30.60
1785719034.259,1.7,100.0,29.85,7.0,0.0,0,0,42837,106.72,0,0,43187,104.22,0,0,3,30.36,0,0,3,30.55
1785719035.259,1.6,100.0,29.87,5.0,0.0,0,0,42837,106.77,0,0,43187,104.17,0,0,3,30.36,0,0,3,30.50
1785719036.259,1.9,66.0,29.85,6.0,0.0,0,0,42837,106.78,0,0,43187,104.17,0,0,3,30.37,0,0,3,30.51
1785719037.259,1.7,100.0,29.82,8.0,0.0,0,0,42837,106.75,0,0,43187,104.18,0,0,3,30.41,0,0,3,30.56
1785719038.259,2.0,38.0,29.83,6.0,13.0,0,0,42837,107.20,0,0,43187,104.23,0,0,3,30.45,0,0,3,30.65
1785719039.259,2.2,100.0,29.86,7.0,18.0,0,0,42837,107.20,0,0,43187,104.23,0,0,3,30.40,0,0,3,30.65
1785719040.259,2.3,100.0,29.84,5.0,14.0,0,0,42837,106.79,0,0,43187,104.23,0,0,3,30.37,0,0,3,30.60
1785719041.259,2.4,100.0,29.84,6.0,17.0,0,0,42837,106.71,0,0,43187,104.18,0,0,3,30.32,0,0,3,30.60
1785719042.260,3.2,100.0,29.84,8.0,22.0,0,0,42837,106.71,0,0,43187,104.18,0,0,3,30.32,0,0,3,30.61
1785719043.260,3.2,100.0,29.83,5.0,23.9,0,0,42837,106.77,0,0,43187,104.18,0,0,3,30.36,0,0,3,30.56
1785719044.260,2.2,71.3,29.83,6.0,18.0,0,0,42837,106.79,0,0,43187,104.18,0,0,3,30.35,0,0,3,30.50
1785719045.260,2.3,100.0,29.83,5.0,15.0,0,0,42837,106.79,0,0,43187,104.17,0,0,3,30.36,0,0,3,30.46
1785719046.260,2.1,100.0,29.83,5.0,9.0,0,0,42837,106.77,0,0,43187,104.23,0,0,3,30.36,0,0,3,30.50
1785719047.260,1.8,100.0,29.83,6.0,0.0,0,0,42837,106.77,0,0,43187,104.23,0,0,3,30.36,0,0,3,30.55
1785719048.260,1.6,61.6,29.81,7.0,0.0,0,0,42837,106.77,0,0,43187,104.18,0,0,3,30.36,0,0,3,30.55
1785719049.260,1.8,100.0,29.82,8.0,0.0,0,0,42837,106.73,0,0,43187,104.18,0,0,3,30.31,0,0,3,30.50
1785719050.260,1.6,64.0,29.81,6.0,0.0,0,0,42837,106.68,0,0,43187,104.47,0,0,3,30.36,0,0,3,30.45
1785719051.261,1.9,100.0,29.81,8.0,0.0,0,0,42837,106.68,0,0,43187,104.47,0,0,3,30.41,0,0,3,30.50
1785719052.261,1.5,100.0,29.80,4.0,0.0,0,0,42837,106.73,0,0,43187,104.27,0,0,3,30.37,0,0,3,30.55
1785719053.261,1.9,100.0,29.81,7.0,0.0,0,0,42837,106.72,0,0,43187,104.27,0,0,3,30.32,0,0,3,30.50
1785719054.261,1.6,63.4,29.80,7.0,0.0,0,0,42837,106.68,0,0,43187,104.17,0,0,3,30.36,0,0,3,30.60
1785719055.261,1.7,100.0,29.80,6.0,0.0,0,0,42837,106.69,0,0,43187,104.17,0,0,3,30.41,0,0,3,30.65
1785719056.261,2.4,58.0,29.80,6.0,0.0,0,0,42837,106.80,0,0,43187,104.14,0,0,3,30.36,0,0,3,30.55
1785719057.261,2.2,100.0,29.85,7.0,0.0,0,0,42837,106.80,0,0,43187,104.14,0,0,3,30.32,0,0,3,30.55
1785719058.261,2.0,100.0,29.84,5.0,0.0,0,0,42837,106.74,0,0,43187,104.18,0,0,3,30.27,0,0,3,30.55
1785719059.261,1.5,100.0,29.86,8.0,0.0,0,0,42837,106.73,0,0,43187,104.18,0,0,3,30.32,0,0,3,30.60
1785719060.262,1.7,66.0,29.85,5.0,0.0,0,0,42837,106.73,0,0,43187,104.18,0,0,3,30.36,0,0,3,30.60
1785719061.262,1.7,100.0,29.84,8.0,0.0,0,0,42837,106.74,0,0,43187,104.18,0,0,3,30.37,0,0,3,30.60
1785719062.262,2.0,64.4,29.83,7.0,0.0,0,0,42837,106.69,0,0,43187,104.09,0,0,3,30.37,0,0,3,30.65
1785719063.262,2.0,79.0,29.85,4.0,0.0,0,0,42837,106.73,0,0,43187,104.09,0,0,3,30.41,0,0,3,30.60
1785719064.262,1.8,100.0,29.85,7.0,0.0,0,0,42837,106.73,0,0,43187,104.11,0,0,3,30.41,0,0,3,30.60
1785719065.262,1.5,100.0,29.85,7.0,0.0,0,0,42837,106.64,0,0,43187,104.16,0,0,3,30.36,0,0,3,30.55
1785719066.262,3.1,92.0,29.84,4.0,0.0,0,0,42837,106.63,0,0,43187,104.23,0,0,3,30.36,0,0,3,30.50
1785719067.262,2.7,99.0,29.84,8.0,0.0,0,0,42837,106.72,0,0,43187,104.13,0,0,3,30.36,0,0,3,30.55
1785719068.262,1.9,91.9,29.85,6.0,0.0,0,0,42837,106.69,0,0,43187,104.13,0,0,3,30.36,0,0,3,30.60
1785719069.263,2.4,100.0,29.84,7.0,0.0,0,0,42837,106.63,0,0,43187,104.18,0,0,3,30.36,0,0,3,30.60
1785719070.263,1.9,100.0,29.86,5.0,0.0,0,0,42837,106.72,0,0,43187,104.18,0,0,3,30.36,0,0,3,30.54
1785719071.263,1.6,100.0,29.87,5.0,0.0,0,0,42837,106.67,0,0,43187,104.08,0,0,3,30.31,0,0,3,30.54
1785719072.263,1.9,100.0,29.87,8.0,0.0,0,0,42837,106.62,0,0,43187,104.08,0,0,3,30.26,0,0,3,30.50
1785719073.263,1.6,80.0,29.87,6.0,0.0,0,0,42837,106.69,0,0,43187,104.23,0,0,3,30.31,0,0,3,30.50
1785719074.263,1.8,100.0,29.88,6.0,0.0,0,0,42837,106.75,0,0,43187,104.23,0,0,3,30.30,0,0,3,30.54
1785719075.263,1.5,86.0,29.87,7.0,0.0,0,0,42837,106.69,0,0,43187,104.09,0,0,3,30.31,0,0,3,30.50
1785719076.263,3.8,100.0,29.85,7.0,0.0,0,0,42837,106.69,0,0,43187,104.09,0,0,3,30.37,0,0,3,30.45
1785719077.263,3.8,100.0,29.85,4.0,0.0,0,0,42837,106.76,0,0,43187,104.09,0,0,3,30.42,0,0,3,30.44
1785719078.263,4.7,92.0,29.85,4.0,0.0,0,0,42837,106.71,0,0,43187,104.09,0,0,3,30.41,0,0,3,30.45
1785719079.264,3.9,77.0,29.84,8.0,0.0,0,0,42837,106.68,0,0,43187,104.18,0,0,3,30.31,0,0,3,30.50
1785719080.264,1.8,100.0,29.85,5.0,0.0,0,0,42837,106.62,0,0,43187,104.18,0,0,3,30.26,0,0,3,30.55
1785719081.264,1.6,84.8,29.85,8.0,0.0,0,0,42837,106.69,0,0,43187,104.23,0,0,3,30.31,0,0,3,30.55
1785719082.264,2.2,100.0,29.83,6.0,0.0,0,0,42837,106.78,0,0,43187,104.23,0,0,3,30.32,0,0,3,30.50
1785719083.264,1.5,100.0,29.83,7.0,0.0,0,0,42837,106.74,0,0,43187,104.18,0,0,3,30.31,0,0,3,30.46
1785719084.264,1.7,100.0,29.83,5.0,0.0,0,0,42837,106.69,0,0,43187,104.18,0,0,3,30.35,0,0,3,30.50
1785719085.264,2.5,73.7,29.84,8.0,0.0,0,0,42837,106.67,0,0,43187,104.32,0,0,3,30.35,0,0,3,30.55
1785719086.264,2.6,100.0,29.84,5.0,0.0,0,0,42837,106.69,0,0,43187,104.32,0,0,3,30.35,0,0,3,30.55
1785719087.264,1.6,82.0,29.85,6.0,0.0,0,0,42837,106.73,0,0,43187,104.28,0,0,3,30.36,0,0,3,30.54
1785719088.265,1.7,100.0,29.84,6.0,0.0,0,0,42837,106.77,0,0,43187,104.18,0,0,3,30.36,0,0,3,30.55
1785719089.265,1.5,100.0,29.83,6.0,0.0,0,0,42837,106.77,0,0,43187,104.28,0,0,3,30.36,0,0,3,30.55
1785719090.265,1.7,100.0,29.82,6.0,0.0,0,0,42837,106.74,0,0,43187,104.18,0,0,3,30.35,0,0,3,30.50
1785719091.265,2.3,73.3,29.83,8.0,0.0,0,0,42837,106.69,0,0,43187,104.18,0,0,3,30.35,0,0,3,30.50
1785719092.265,1.6,100.0,29.84,7.0,0.0,0,0,42837,106.72,0,0,43187,104.07,0,0,3,30.41,0,0,3,30.50
1785719093.265,2.2,74.0,29.84,8.0,0.0,0,0,42837,106.72,0,0,43187,104.13,0,0,3,30.41,0,0,3,30.50
1785719094.265,2.0,100.0,29.85,6.0,0.0,0,0,42837,106.72,0,0,43187,104.03,0,0,3,30.35,0,0,3,30.55
1785719095.265,2.0,100.0,29.84,7.0,0.0,0,0,42837,106.78,0,0,43187,104.13,0,0,3,30.35,0,0,3,30.55
1785719096.265,1.8,100.0,29.84,5.0,0.0,0,0,42837,106.73,0,0,43187,104.22,0,0,3,30.41,0,0,3,30.54
1785719097.266,1.9,53.0,29.84,7.0,0.0,0,0,42837,106.74,0,0,43187,104.18,0,0,3,30.41,0,0,3,30.54
1785719098.266,1.8,100.0,29.83,7.0,0.0,0,0,42837,106.79,0,0,43187,104.18,0,0,3,30.31,0,0,3,30.55
1785719099.266,2.0,53.0,29.84,7.0,0.0,0,0,42837,106.76,0,0,43187,104.17,0,0,3,30.36,0,0,3,30.55
1785719100.266,1.9,100.0,29.86,6.0,0.0,0,0,42837,106.69,0,0,43187,104.13,0,0,3,30.50,0,0,3,30.55
1785719101.266,1.8,100.0,29.86,5.0,0.0,0,0,42837,106.66,0,0,43187,104.13,0,0,3,30.50,0,0,3,30.55
1785719102.266,1.6,100.0,29.85,7.0,0.0,0,0,42837,106.68,0,0,43187,104.12,0,0,3,30.40,0,0,3,30.50
1785719103.266,1.7,55.0,29.85,7.0,0.0,0,0,42837,106.67,0,0,43187,104.07,0,0,3,30.36,0,0,3,30.45
1785719104.266,1.6,100.0,29.86,6.0,0.0,0,0,42837,106.72,0,0,43187,104.18,0,0,3,30.31,0,0,3,30.50
1785719105.266,2.2,51.5,29.85,8.0,0.0,0,0,42837,106.79,0,0,43187,104.18,0,0,3,30.31,0,0,3,30.50
1785719106.267,1.5,100.0,29.84,5.0,0.0,0,0,42837,106.73,0,0,43187,104.03,0,0,3,30.36,0,0,3,30.50
1785719107.267,1.7,100.0,29.83,7.0,0.0,0,0,42837,106.71,0,0,43187,104.09,0,0,3,30.31,0,0,3,30.50
1785719108.267,1.6,100.0,29.83,5.0,0.0,0,0,42837,106.73,0,0,43187,104.47,0,0,3,30.35,0,0,3,30.45
1785719109.267,1.6,67.3,29.84,6.0,0.0,0,0,42837,106.68,0,0,43187,104.41,0,0,3,30.41,0,0,3,30.50
1785719110.267,1.6,100.0,29.83,9.0,0.0,0,0,42837,106.66,0,0,43187,104.13,0,0,3,30.37,0,0,3,30.65
1785719111.267,2.9,67.0,29.83,5.0,0.0,0,0,42837,106.69,0,0,43187,104.18,0,0,3,30.36,0,0,3,30.59
1785719112.267,2.8,100.0,29.83,5.0,0.0,0,0,42837,106.76,0,0,43187,104.12,0,0,3,30.35,0,0,3,30.55
1785719113.267,2.1,100.0,29.82,6.0,0.0,0,0,42837,106.72,0,0,43187,104.12,0,0,3,30.35,0,0,3,30.55
1785719114.267,1.9,100.0,29.81,3.0,0.0,0,0,42837,106.67,0,0,43187,104.12,0,0,3,30.35,0,0,3,30.45
1785719115.268,1.6,94.0,29.82,8.0,0.0,0,0,42837,106.68,0,0,43187,104.07,0,0,3,30.40,0,0,3,30.45
1785719116.268,2.6,100.0,29.81,8.0,0.0,0,0,42837,106.68,0,0,43187,104.07,0,0,3,30.40,0,0,3,30.50
1785719117.268,2.2,88.0,29.83,6.0,0.0,0,0,42837,106.69,0,0,43187,104.12,0,0,3,30.41,0,0,3,30.50
1785719118.268,1.7,100.0,29.84,5.0,0.0,0,0,42837,106.72,0,0,43187,104.18,0,0,3,30.36,0,0,3,30.50
1785719119.268,1.5,100.0,29.85,7.0,0.0,0,0,42837,106.71,0,0,43187,104.18,0,0,3,30.35,0,0,3,30.50
1785719120.268,1.8,100.0,29.84,6.0,0.0,0,0,42837,106.69,0,0,43187,104.13,0,0,3,30.40,0,0,3,30.50
1785719121.268,1.8,84.2,29.84,6.0,0.0,0,0,42837,106.68,0,0,43187,104.13,0,0,3,30.31,0,0,3,30.55
1785719122.268,2.5,99.0,29.84,8.0,0.0,0,0,42837,106.62,0,0,43187,104.17,0,0,3,30.32,0,0,3,30.60
1785719123.268,1.7,89.9,29.84,7.0,0.0,0,0,42837,106.63,0,0,43187,104.12,0,0,3,30.36,0,0,3,30.60
1785719124.269,1.6,100.0,29.83,5.0,0.0,0,0,42837,106.73,0,0,43187,104.46,0,0,3,30.36,0,0,3,30.55
1785719125.269,1.7,100.0,29.83,6.0,0.0,0,0,42837,106.77,0,0,43187,104.46,0,0,3,30.36,0,0,3,30.50
1785719126.269,1.5,100.0,29.82,7.0,0.0,0,0,42837,106.79,0,0,43187,104.12,0,0,3,30.41,0,0,3,30.65
1785719127.269,3.0,98.0,29.82,4.0,2.0,0,0,42837,106.74,0,0,43187,104.18,0,0,3,30.41,0,0,3,30.65
1785719128.269,3.0,100.0,29.83,9.0,0.0,0,0,42837,106.73,0,0,43187,104.13,0,0,3,30.31,0,0,3,30.45
1785719129.269,1.9,91.0,29.85,5.0,0.0,0,0,42837,106.73,0,0,43187,104.13,0,0,3,30.31,0,0,3,30.50
1785719130.269,1.7,100.0,29.86,6.0,0.0,0,0,42837,106.67,0,0,43187,104.18,0,0,3,30.36,0,0,3,30.55
1785719131.269,1.7,100.0,29.86,6.0,0.0,0,0,42837,106.68,0,0,43187,104.18,0,0,3,30.31,0,0,3,30.50
1785719132.269,1.8,100.0,29.85,6.0,0.0,0,0,42837,106.69,0,0,43187,104.13,0,0,3,30.31,0,0,3,30.50
1785719133.269,1.5,99.0,29.85,6.0,0.0,0,0,42837,106.68,0,0,43187,104.07,0,0,3,30.51,0,0,3,30.50
1785719134.270,2.0,64.6,29.86,7.0,0.0,0,0,42837,106.68,0,0,43187,104.08,0,0,3,30.51,0,0,3,30.55
1785719135.270,2.1,96.0,29.86,8.0,0.0,0,0,42837,106.69,0,0,43187,104.09,0,0,3,30.51,0,0,3,30.60
1785719136.270,1.7,100.0,29.85,6.0,0.0,0,0,42837,106.70,0,0,43187,104.13,0,0,3,30.50,0,0,3,30.55
1785719137.270,3.9,100.0,29.84,7.0,0.0,0,0,42837,107.07,0,0,43187,104.13,0,0,3,30.41,0,0,3,30.50
1785719138.270,3.5,100.0,29.83,7.0,0.0,0,0,42837,107.11,0,0,43187,104.13,0,0,3,30.42,0,0,3,30.50
1785719139.270,3.4,100.0,29.84,6.0,0.0,0,0,42837,106.73,0,0,43187,104.13,0,0,3,30.50,0,0,3,30.55
1785719140.270,1.7,94.9,29.85,6.0,0.0,0,0,42837,106.69,0,0,43187,104.08,0,0,3,30.50,0,0,3,30.55
1785719141.270,1.6,96.0,29.85,8.0,0.0,0,0,42837,106.69,0,0,43187,104.03,0,0,3,30.31,0,0,3,30.55
1785719142.271,1.7,100.0,29.84,5.0,0.0,0,0,42837,106.70,0,0,43187,104.07,0,0,3,30.31,0,0,3,30.55
1785719143.271,2.0,100.0,29.84,7.0,0.0,0,0,42837,106.71,0,0,43187,104.18,0,0,3,30.41,0,0,3,30.55
1785719144.271,1.8,100.0,29.84,7.0,0.0,0,0,42837,106.74,0,0,43187,104.13,0,0,3,30.41,0,0,3,30.55
1785719145.271,2.5,100.0,29.84,6.0,0.0,0,0,42837,106.74,0,0,43187,104.42,0,0,3,30.36,0,0,3,30.55
1785719146.271,2.9,100.0,29.85,3.0,0.0,0,0,42837,106.68,0,0,43187,104.52,0,0,3,30.36,0,0,3,30.50
1785719147.271,2.6,96.0,29.85,8.0,0.0,0,0,42837,106.66,0,0,43187,104.18,0,0,3,30.35,0,0,3,30.55
1785719148.271,1.6,100.0,29.85,4.0,0.0,0,0,42837,106.67,0,0,43187,104.08,0,0,3,30.35,0,0,3,30.60
1785719149.271,1.7,100.0,29.83,7.0,0.0,0,0,42837,106.67,0,0,43187,104.07,0,0,3,30.36,0,0,3,30.55
1785719150.271,1.4,100.0,29.85,7.0,0.0,0,0,42837,106.66,0,0,43187,104.13,0,0,3,30.31,0,0,3,30.50
1785719151.272,2.3,100.0,29.86,6.0,0.0,0,0,42837,106.64,0,0,43187,104.13,0,0,3,30.31,0,0,3,30.50
1785719152.272,1.5,93.9,29.85,7.0,0.0,0,0,42837,106.66,0,0,43187,104.02,0,0,3,30.40,0,0,3,30.50
1785719153.272,1.8,100.0,29.84,7.0,0.0,0,0,42837,106.63,0,0,43187,104.08,0,0,3,30.41,0,0,3,30.45
1785719154.272,2.6,96.0,29.84,5.0,0.0,0,0,42837,106.64,0,0,43187,104.14,0,0,3,30.51,0,0,3,30.50
1785719155.272,1.8,100.0,29.85,5.0,0.0,0,0,42837,107.12,0,0,43187,104.08,0,0,3,30.46,0,0,3,30.50
1785719156.272,1.8,100.0,29.84,9.0,0.0,0,0,42837,107.13,0,0,43187,104.17,0,0,3,30.31,0,0,3,30.50
1785719157.272,1.9,100.0,29.84,5.0,5.0,0,0,42837,107.08,0,0,43187,104.18,0,0,3,30.41,0,0,3,30.55
1785719158.272,1.7,68.0,29.84,7.0,0.0,0,0,42837,107.06,0,0,43187,104.09,0,0,3,30.52,0,0,3,30.50
1785719159.272,2.6,100.0,29.87,7.0,0.0,0,0,42837,107.08,0,0,43187,104.13,0,0,3,30.42,0,0,3,30.50
1785719160.273,2.0,74.7,29.88,5.0,0.0,0,0,42837,107.09,0,0,43187,104.13,0,0,3,30.31,0,0,3,30.55
1785719161.273,1.8,100.0,29.88,7.0,0.0,0,0,42837,106.73,0,0,43187,104.09,0,0,3,30.36,0,0,3,30.69
1785719162.273,1.9,71.3,29.88,8.0,0.0,0,0,42837,107.11,0,0,43187,104.09,0,0,3,30.32,0,0,3,30.65
1785719163.273,1.8,100.0,29.88,5.0,0.0,0,0,42837,107.10,0,0,43187,104.08,0,0,3,30.31,0,0,3,30.46
1785719164.273,2.0,65.0,29.87,8.0,0.0,0,0,42837,107.10,0,0,43187,104.13,0,0,3,30.36,0,0,3,30.45
1785719165.273,1.7,100.0,29.87,6.0,0.0,0,0,42837,107.13,0,0,43187,104.13,0,0,3,30.37,0,0,3,30.46
1785719166.273,1.6,66.3,29.86,8.0,0.0,0,0,42837,107.12,0,0,43187,104.13,0,0,3,30.36,0,0,3,30.45
1785719167.273,1.7,86.9,29.87,6.0,0.0,0,0,42837,107.01,0,0,43187,104.07,0,0,3,30.36,0,0,3,30.55
1785719168.273,1.5,100.0,29.85,5.0,0.0,0,0,42837,106.63,0,0,43187,104.07,0,0,3,30.51,0,0,3,30.60
1785719169.273,1.8,100.0,29.83,7.0,0.0,0,0,42837,107.00,0,0,43187,104.13,0,0,3,30.51,0,0,3,30.55
1785719170.274,1.5,60.4,29.83,7.0,0.0,0,0,42837,107.00,0,0,43187,104.08,0,0,3,30.36,0,0,3,30.55
1785719171.274,1.8,100.0,29.84,8.0,0.0,0,0,42837,106.68,0,0,43187,104.08,0,0,3,30.30,0,0,3,30.55
1785719172.274,1.6,55.0,29.85,6.0,0.0,0,0,42837,106.72,0,0,43187,104.13,0,0,3,30.31,0,0,3,30.55
1785719173.274,2.2,100.0,29.85,6.0,0.0,0,0,42837,106.72,0,0,43187,104.18,0,0,3,30.31,0,0,3,30.55
1785719174.274,1.5,100.0,29.85,7.0,0.0,0,0,42837,106.68,0,0,43187,104.18,0,0,3,30.36,0,0,3,30.55
