ts,cpu_total,cpu_max_core,ram_used_gb,cpu_server_pct,cpu_client_pct,gpu0_util,gpu0_memutil,gpu0_mem_mib,gpu0_power_w
1785348191.210,1.0,100.0,64.87,0.0,0.0,0,0,0,33.43
1785348192.210,7.9,99.0,65.00,20.9,0.0,0,0,0,33.43
1785348193.210,8.8,100.0,65.10,10.0,0.0,0,0,0,33.43
1785348194.210,5.0,100.0,65.11,14.0,0.0,0,0,0,33.38
1785348195.210,6.7,100.0,65.16,46.0,0.0,0,0,0,33.38
1785348196.210,6.1,100.0,65.19,30.0,0.0,0,0,0,33.38
1785348197.210,7.3,100.0,65.41,186.0,0.0,0,0,0,33.38
1785348198.210,6.4,100.0,65.45,42.0,0.0,0,0,0,33.42
1785348199.211,5.8,100.0,65.45,29.0,0.0,0,0,0,33.47
1785348200.211,7.1,100.0,65.45,30.0,0.0,0,0,0,33.62
1785348201.211,6.0,100.0,65.49,29.0,0.0,0,0,0,33.57
1785348202.211,7.3,100.0,65.51,27.0,0.0,0,0,0,33.37
1785348203.211,6.7,100.0,65.51,28.0,0.0,0,0,0,33.42
1785348204.211,6.2,100.0,65.52,69.0,0.0,0,0,0,33.42
1785348205.211,7.2,100.0,65.57,35.0,0.0,0,0,0,33.33
1785348206.211,5.9,100.0,65.62,29.0,0.0,0,0,0,33.38
1785348207.211,6.9,100.0,65.66,41.0,0.0,0,0,0,33.38
1785348208.211,9.3,100.0,65.68,26.0,0.0,0,0,0,33.38
1785348209.211,5.9,100.0,65.67,37.0,0.0,0,0,0,33.37
1785348210.212,7.5,100.0,65.66,20.0,0.0,0,0,0,33.37
1785348211.212,6.2,100.0,65.68,49.0,0.0,0,0,0,33.37
1785348212.212,6.9,100.0,65.71,22.0,0.0,0,0,0,33.33
1785348213.212,7.1,100.0,65.57,39.0,0.0,0,0,0,33.38
1785348214.212,6.7,100.0,64.88,50.0,0.0,0,0,0,33.43
1785348215.212,7.5,100.0,64.90,48.0,0.0,0,0,0,33.38
1785348216.212,6.8,100.0,64.91,42.0,0.0,0,0,0,33.37
1785348217.212,5.6,100.0,64.90,26.0,0.0,0,0,0,33.31
1785348218.212,5.9,100.0,64.92,29.0,0.0,0,0,0,33.22
1785348219.213,6.4,100.0,64.93,52.0,0.0,0,0,0,33.28
1785348220.213,6.7,100.0,64.94,44.0,0.0,0,0,0,33.33
1785348221.213,5.6,100.0,64.96,47.0,0.0,0,0,0,33.33
1785348222.213,6.7,100.0,64.97,43.0,0.0,0,0,0,33.38
1785348223.213,7.4,100.0,65.01,39.0,0.0,0,0,0,33.38
1785348224.213,7.0,100.0,65.00,37.0,0.0,0,0,0,33.33
1785348225.213,9.6,100.0,64.90,32.0,0.0,0,0,0,33.38
1785348226.213,4.5,100.0,64.90,30.0,0.0,0,0,0,33.44
1785348227.213,8.2,100.0,64.94,34.0,0.0,0,0,0,33.39
1785348228.213,8.8,100.0,64.95,32.0,0.0,0,0,0,33.35
1785348229.214,9.1,99.0,65.24,36.0,0.0,0,0,0,33.41
1785348230.214,8.2,100.0,65.22,30.0,0.0,0,0,0,33.39
1785348231.214,8.2,100.0,65.22,33.0,0.0,0,0,0,33.33
1785348232.214,10.3,100.0,65.18,37.0,0.0,0,0,0,33.29
1785348233.214,7.9,100.0,65.21,34.0,0.0,0,0,0,33.38
1785348234.214,10.0,100.0,65.22,34.0,0.0,0,0,0,33.42
1785348235.214,9.5,100.0,65.37,33.0,0.0,0,0,0,33.34
1785348236.214,6.2,100.0,65.16,28.9,0.0,0,0,0,33.34
1785348237.214,12.0,100.0,65.16,31.2,0.0,0,0,0,33.33
1785348238.214,9.2,100.0,65.18,31.9,0.0,0,0,0,33.43
1785348239.214,7.4,100.0,65.23,33.0,0.0,0,0,0,33.42
1785348240.215,6.9,100.0,65.24,30.0,0.0,0,0,0,33.33
1785348241.215,6.7,100.0,65.24,26.0,0.0,0,0,0,33.33
1785348242.215,6.3,100.0,65.24,16.0,0.0,0,0,0,33.38
1785348243.215,7.6,100.0,65.23,19.0,0.0,0,0,0,33.42
1785348244.215,6.7,100.0,65.25,18.0,0.0,0,0,0,33.42
1785348245.215,5.4,100.0,65.26,19.0,0.0,0,0,0,33.43
1785348246.215,5.0,100.0,65.69,16.0,0.0,0,0,0,33.43
1785348247.215,5.6,100.0,65.68,20.0,0.0,0,0,0,33.43
1785348248.215,6.3,100.0,65.67,18.0,0.0,0,0,0,33.37
1785348249.215,7.1,100.0,65.69,16.0,0.0,0,0,0,33.33
1785348250.215,6.8,100.0,65.69,34.0,0.0,0,0,0,33.38
1785348251.216,6.4,100.0,65.71,27.0,0.0,0,0,0,33.32
1785348252.216,6.3,100.0,65.72,29.0,0.0,0,0,0,33.27
1785348253.216,9.5,100.0,65.72,31.0,0.0,0,0,0,33.38
1785348254.216,8.6,100.0,65.75,28.0,0.0,0,0,0,33.38
1785348255.216,6.8,100.0,65.78,14.0,0.0,0,0,0,33.33
1785348256.216,7.2,100.0,65.76,18.0,0.0,0,0,0,33.38
1785348257.216,5.6,100.0,65.76,25.0,0.0,0,0,0,33.38
1785348258.216,6.3,100.0,65.77,34.0,0.0,0,0,0,33.33
1785348259.216,8.1,100.0,65.76,190.9,0.0,0,0,0,33.33
1785348260.216,5.8,100.0,65.23,39.6,0.0,0,0,0,33.42
1785348261.217,6.6,100.0,65.79,31.0,0.0,0,0,0,33.37
1785348262.217,6.3,100.0,65.81,34.0,0.0,0,0,0,33.28
1785348263.217,7.7,100.0,65.82,15.0,0.0,0,0,0,33.33
1785348264.217,6.7,100.0,65.84,45.0,0.0,0,0,0,33.38
1785348265.217,5.7,100.0,65.85,39.0,0.0,0,0,0,33.42
1785348266.217,6.7,100.0,65.87,40.0,0.0,0,0,0,33.37
1785348267.217,6.6,100.0,65.99,37.0,0.0,0,0,0,33.33
1785348268.217,8.4,100.0,66.09,38.0,0.0,0,0,0,33.33
1785348269.217,9.3,100.0,66.09,37.0,0.0,0,0,0,33.33
1785348270.217,7.2,100.0,66.12,58.0,0.0,0,0,0,33.38
1785348271.218,7.3,100.0,66.15,43.0,0.0,0,0,0,33.37
1785348272.218,7.6,100.0,66.18,56.0,0.0,0,0,0,33.32
1785348273.218,8.5,100.0,66.19,178.0,0.0,0,0,0,33.38
1785348274.218,7.4,100.0,66.18,21.0,0.0,0,0,0,33.42
1785348275.218,7.8,100.0,66.20,20.0,0.0,0,0,0,33.37
1785348276.218,6.2,100.0,66.22,21.0,0.0,0,0,0,33.38
1785348277.218,6.0,100.0,66.23,36.0,0.0,0,0,0,33.33
1785348278.218,6.4,100.0,66.19,40.0,0.0,0,0,0,33.28
1785348279.218,7.0,100.0,66.20,35.0,0.0,0,0,0,33.38
1785348280.218,6.8,100.0,66.23,47.0,0.0,0,0,0,33.43
1785348281.218,6.4,100.0,66.24,42.0,0.0,0,0,0,33.33
1785348282.219,7.1,100.0,66.27,25.0,0.0,0,0,0,33.28
1785348283.219,5.8,100.0,66.30,24.0,0.0,0,0,0,33.32
1785348284.219,5.0,100.0,66.32,13.0,0.0,0,0,0,33.38
1785348285.219,6.8,100.0,66.33,32.0,0.0,0,0,0,33.38
1785348286.219,5.6,100.0,66.33,11.0,0.0,0,0,0,33.37
1785348287.219,7.1,100.0,66.34,58.0,0.0,0,0,0,33.42
1785348288.219,6.2,100.0,66.31,22.0,0.0,0,0,0,33.37
1785348289.219,6.6,100.0,66.32,37.0,0.0,0,0,0,33.32
1785348290.219,5.9,100.0,66.34,26.0,0.0,0,0,0,33.38
1785348291.219,6.4,100.0,66.28,21.0,0.0,0,0,0,33.38
1785348292.220,7.1,100.0,66.29,25.0,0.0,0,0,0,33.38
1785348293.220,6.1,100.0,66.41,56.0,0.0,0,0,0,33.37
1785348294.220,7.1,100.0,66.46,98.0,0.0,0,0,0,33.38
1785348295.220,6.7,100.0,66.53,101.0,0.0,0,0,0,33.38
1785348296.220,7.1,100.0,66.60,76.0,0.0,0,0,0,33.32
1785348297.220,9.4,100.0,66.81,5.0,0.0,0,0,0,33.32
1785348298.220,10.4,100.0,66.80,195.1,0.0,0,0,0,33.37
1785348299.220,6.5,100.0,66.79,39.0,0.0,0,0,0,33.37
1785348300.220,8.4,100.0,66.82,30.0,0.0,0,0,0,33.33
1785348301.220,6.7,100.0,66.84,32.0,0.0,0,0,0,33.38
1785348302.221,7.2,100.0,66.86,40.0,0.0,0,0,0,33.33
1785348303.221,9.3,100.0,66.89,20.0,0.0,0,0,0,33.32
1785348304.221,6.5,100.0,66.93,63.0,0.0,0,0,0,33.42
1785348305.221,6.8,100.0,66.97,46.0,0.0,0,0,0,33.32
1785348306.221,6.5,99.0,66.97,39.0,0.0,0,0,0,33.28
1785348307.221,6.8,100.0,66.97,46.0,0.0,0,0,0,33.38
1785348308.221,6.6,100.0,66.97,44.0,0.0,0,0,0,33.38
1785348309.221,8.1,100.0,66.98,50.0,0.0,0,0,0,33.38
1785348310.221,6.3,100.0,66.99,23.0,0.0,0,0,0,33.38
1785348311.222,6.5,100.0,66.98,39.0,0.0,0,0,0,33.33
1785348312.222,7.2,100.0,66.99,56.0,0.0,0,0,0,33.33
1785348313.222,8.3,100.0,67.02,63.0,0.0,0,0,0,33.38
1785348314.222,8.3,100.0,67.06,42.0,0.0,0,0,0,33.43
1785348315.222,8.5,100.0,67.09,27.0,0.0,0,0,0,33.42
1785348316.222,7.3,100.0,67.47,58.0,0.0,0,0,0,33.42
1785348317.222,6.1,100.0,67.46,55.0,0.0,0,0,0,33.38
1785348318.222,8.4,100.0,67.47,202.9,0.0,0,0,0,33.28
1785348319.222,5.0,100.0,67.50,45.0,0.0,0,0,0,33.28
1785348320.222,6.6,100.0,67.51,67.0,0.0,0,0,0,33.43
1785348321.223,4.8,100.0,67.53,59.0,0.0,0,0,0,33.38
1785348322.223,7.8,100.0,67.04,188.0,0.0,0,0,0,33.38
1785348323.223,5.9,100.0,67.06,18.0,0.0,0,0,0,33.48
1785348324.223,4.7,100.0,67.12,18.0,0.0,0,0,0,33.38
1785348325.223,6.3,100.0,67.22,37.0,0.0,0,0,0,33.33
1785348326.223,5.5,100.0,67.24,40.0,0.0,0,0,0,33.33
1785348327.223,5.7,100.0,67.25,22.0,0.0,0,0,0,33.33
1785348328.223,4.7,100.0,67.25,25.0,0.0,0,0,0,33.33
1785348329.223,6.5,100.0,67.32,19.0,0.0,0,0,0,33.38
1785348330.223,7.1,100.0,67.29,21.0,0.0,0,0,0,33.42
1785348331.223,6.5,100.0,67.33,20.0,0.0,0,0,0,33.37
1785348332.224,6.0,100.0,67.35,26.0,0.0,0,0,0,33.38
1785348333.224,5.5,100.0,67.34,19.0,0.0,0,0,0,33.38
1785348334.224,5.6,100.0,67.36,20.0,0.0,0,0,0,33.38
1785348335.224,6.7,100.0,67.39,25.0,0.0,0,0,0,33.38
1785348336.224,7.1,100.0,67.39,18.0,0.0,0,0,0,33.38
1785348337.224,5.9,100.0,67.38,23.0,0.0,0,0,0,33.38
1785348338.224,5.2,100.0,67.45,22.0,0.0,0,0,0,33.33
1785348339.224,6.7,100.0,67.54,45.0,0.0,0,0,0,33.38
1785348340.224,6.5,100.0,67.60,27.0,0.0,0,0,0,33.43
1785348341.224,5.6,100.0,67.60,27.0,0.0,0,0,0,33.38
1785348342.225,5.5,100.0,67.59,29.0,0.0,0,0,0,33.33
1785348343.225,5.5,100.0,67.59,29.0,0.0,0,0,0,33.33
1785348344.225,6.8,100.0,67.61,36.0,0.0,0,0,0,33.29
1785348345.225,6.3,100.0,67.61,20.0,0.0,0,0,0,33.33
1785348346.225,5.5,100.0,67.63,28.0,0.0,0,0,0,33.38
1785348347.225,5.4,100.0,67.64,27.0,0.0,0,0,0,33.28
1785348348.225,5.8,100.0,67.64,33.0,0.0,0,0,0,33.23
1785348349.225,5.6,100.0,67.64,32.0,0.0,0,0,0,33.33
1785348350.225,6.0,100.0,67.66,41.0,0.0,0,0,0,33.38
1785348351.225,5.7,100.0,67.67,31.0,0.0,0,0,0,33.33
1785348352.226,5.7,100.0,67.69,40.0,0.0,0,0,0,33.33
1785348353.226,5.5,100.0,67.69,11.0,0.0,0,0,0,33.33
1785348354.226,6.3,100.0,67.74,45.0,0.0,0,0,0,33.38
1785348355.226,7.3,100.0,67.75,50.0,0.0,0,0,0,33.43
1785348356.226,5.8,100.0,67.75,48.0,0.0,0,0,0,33.42
1785348357.226,9.9,100.0,67.76,44.0,0.0,0,0,0,33.43
1785348358.226,8.6,100.0,66.62,61.0,0.0,0,0,0,33.38
1785348359.226,7.0,100.0,67.57,48.0,0.0,0,0,0,33.38
1785348360.226,5.8,100.0,67.60,48.0,0.0,0,0,0,33.42
1785348361.226,6.9,100.0,67.61,41.0,0.0,0,0,0,33.42
1785348362.227,6.1,100.0,67.60,44.0,0.0,0,0,0,33.43
1785348363.227,7.2,100.0,67.60,23.0,0.0,0,0,0,33.43
1785348364.227,7.3,100.0,67.59,20.0,0.0,0,0,0,33.47
1785348365.227,6.5,100.0,67.57,20.0,0.0,0,0,0,33.37
1785348366.227,6.6,100.0,67.59,38.0,0.0,0,0,0,33.32
1785348367.227,6.6,100.0,67.60,59.0,0.0,0,0,0,33.37
1785348368.227,6.4,100.0,67.59,41.0,0.0,0,0,0,33.33
1785348369.227,7.1,100.0,67.60,40.0,0.0,0,0,0,33.32
1785348370.227,6.0,100.0,67.60,52.0,0.0,0,0,0,33.38
1785348371.228,9.6,100.0,67.97,18.0,0.0,0,0,0,33.38
1785348372.228,10.0,100.0,68.05,342.0,0.0,0,0,0,33.32
1785348373.228,9.0,100.0,68.11,127.0,0.0,0,0,0,33.32
1785348374.228,9.0,100.0,68.13,111.0,0.0,0,0,0,33.33
1785348375.228,9.4,100.0,68.22,143.0,0.0,0,0,29,42.19
1785348376.228,10.9,100.0,68.44,157.7,0.0,0,0,1511,104.12
1785348377.228,8.6,100.0,68.45,49.0,0.0,0,0,1511,104.77
1785348378.228,7.8,100.0,68.48,124.0,0.0,0,0,1511,104.83
1785348379.228,9.1,100.0,68.63,163.0,0.0,0,0,1511,105.26
1785348380.228,6.8,100.0,68.75,116.0,0.0,0,0,1511,105.25
1785348381.228,6.7,100.0,68.81,108.0,0.0,0,0,1511,105.25
1785348382.229,6.8,100.0,68.84,112.0,0.0,0,0,13997,105.78
1785348383.229,8.0,100.0,68.87,96.0,0.0,0,0,15037,105.68
1785348384.229,8.1,100.0,68.86,25.0,0.0,0,0,15037,105.78
1785348385.229,6.6,100.0,68.33,36.0,0.0,0,0,15037,105.79
1785348386.229,11.9,100.0,69.39,428.8,0.0,0,0,15037,105.93
1785348387.229,14.2,100.0,70.05,572.1,0.0,0,0,15037,106.61
1785348388.229,13.3,100.0,70.01,569.9,0.0,0,0,15037,107.15
1785348389.229,13.8,100.0,71.33,557.9,0.0,0,0,15037,107.16
1785348390.229,14.8,100.0,71.30,673.9,0.0,0,0,15037,107.25
1785348391.229,15.9,100.0,71.52,609.5,0.0,0,0,15037,107.35
1785348392.229,15.3,100.0,72.06,603.2,0.0,0,0,15037,107.40
1785348393.230,16.1,100.0,73.18,691.7,0.0,0,0,15037,107.50
1785348394.230,13.9,100.0,72.09,651.5,0.0,0,0,15037,107.59
1785348395.230,7.5,100.0,69.64,165.0,0.0,0,0,15037,107.79
1785348396.230,6.5,100.0,69.61,102.0,0.0,42,2,15037,110.41
1785348397.230,6.0,100.0,69.58,103.0,0.0,46,2,15037,110.17
1785348398.230,6.4,100.0,69.65,98.0,0.0,0,0,15135,108.51
1785348399.230,5.7,100.0,69.73,34.0,0.0,0,0,15135,107.98
1785348400.230,7.3,100.0,69.81,83.0,0.0,0,0,15135,107.99
1785348401.230,8.1,100.0,69.83,101.0,0.0,0,0,15135,108.02
1785348402.230,7.1,100.0,69.81,104.0,0.0,0,0,15135,108.02
1785348403.231,7.2,100.0,69.79,101.5,0.0,0,0,15135,108.07
1785348404.231,7.7,100.0,69.84,72.6,0.0,0,0,15135,108.17
1785348405.231,6.4,100.0,69.80,38.0,0.0,0,0,15135,108.26
1785348406.231,7.5,100.0,69.74,68.0,0.0,0,0,15135,108.25
1785348407.231,6.0,100.0,69.71,13.0,0.0,0,0,15135,108.25
1785348408.231,6.7,100.0,69.72,11.0,0.0,0,0,15135,108.36
1785348409.231,6.0,100.0,69.74,12.0,0.0,0,0,15135,108.39
1785348410.231,5.9,100.0,69.72,10.0,0.0,0,0,15135,108.39
1785348411.231,6.8,100.0,69.69,11.0,0.0,0,0,15135,108.41
1785348412.231,6.5,100.0,69.69,12.0,0.0,0,0,15135,108.44
1785348413.231,8.1,100.0,69.65,12.0,0.0,0,0,15135,108.59
1785348414.232,7.3,100.0,69.63,11.0,0.0,0,0,15135,108.70
1785348415.232,6.0,100.0,69.56,11.0,0.0,0,0,15135,108.65
1785348416.232,8.4,100.0,69.54,12.0,0.0,0,0,15135,108.70
1785348417.232,9.8,100.0,69.52,14.0,0.0,0,0,15135,108.75
1785348418.232,8.5,100.0,69.50,77.0,0.0,0,0,15135,108.70
1785348419.232,7.7,100.0,69.50,82.0,0.0,0,0,15135,108.85
1785348420.232,6.4,100.0,69.51,61.0,0.0,0,0,15173,108.99
1785348421.232,6.6,100.0,69.53,57.0,0.0,11,10,15187,109.12
1785348422.232,8.5,100.0,69.54,83.2,0.0,33,34,15187,116.97
1785348423.232,7.9,100.0,69.89,56.8,0.0,0,0,16227,109.90
1785348424.232,8.9,100.0,68.63,102.0,0.0,0,0,16227,109.96
1785348425.233,7.4,100.0,68.36,81.0,0.0,0,0,16227,109.05
1785348426.233,7.2,100.0,67.43,90.9,0.0,0,0,16227,130.05
1785348427.233,7.0,100.0,67.41,94.9,0.0,0,0,16227,120.93
1785348428.233,5.9,100.0,67.44,74.1,0.0,0,0,16227,128.55
1785348429.233,6.8,100.0,67.39,46.0,0.0,0,0,16227,119.56
1785348430.233,5.5,100.0,67.37,47.0,0.0,0,0,16227,110.37
1785348431.233,6.9,100.0,67.33,102.0,0.0,0,0,16227,110.40
1785348432.233,6.4,100.0,67.32,101.0,0.0,0,0,16227,110.45
1785348433.233,6.8,100.0,67.42,89.0,0.0,75,82,16245,127.32
1785348434.233,6.9,100.0,67.46,59.9,0.0,0,0,16245,162.99
1785348435.234,7.1,100.0,67.47,60.0,0.0,0,0,16245,110.95
1785348436.234,9.3,100.0,67.45,73.0,0.0,0,0,41459,131.04
1785348437.234,7.6,100.0,67.47,102.0,0.0,81,69,41509,294.52
1785348438.234,5.7,100.0,67.52,97.1,0.0,59,63,41611,238.85
1785348439.234,6.5,100.0,67.55,99.8,0.0,59,67,41677,191.75
1785348440.234,6.5,100.0,67.60,88.0,0.0,67,66,41833,213.77
1785348441.234,6.8,100.0,67.62,98.8,0.0,56,62,41891,219.37
1785348442.234,5.8,100.0,67.68,31.0,0.0,0,0,41905,131.80
1785348443.234,6.2,100.0,67.70,29.9,0.0,0,0,41905,112.86
1785348444.235,6.3,100.0,67.75,16.1,0.0,0,0,41905,112.39
1785348445.235,5.7,100.0,67.76,23.0,0.0,0,0,41905,112.15
1785348446.235,7.0,100.0,67.89,62.0,0.0,0,0,42055,124.60
1785348447.235,7.0,100.0,68.52,33.0,0.0,0,0,42055,112.13
1785348448.235,6.4,100.0,68.55,18.0,0.0,0,0,42055,112.03
1785348449.235,4.4,100.0,68.59,31.0,0.0,1,1,42357,112.65
1785348450.235,5.3,100.0,68.59,28.0,0.0,0,0,42357,112.52
1785348451.235,6.5,100.0,68.59,51.3,0.0,20,20,42357,132.44
1785348452.235,8.3,100.0,68.53,29.8,0.0,0,0,42357,131.54
1785348453.235,5.6,100.0,68.59,45.0,0.0,0,0,42357,111.73
1785348454.236,7.0,100.0,68.50,41.0,0.0,0,0,42357,111.86
1785348455.236,6.5,100.0,68.50,48.1,0.0,0,0,42357,111.85
1785348456.236,5.0,100.0,68.49,13.0,0.0,0,0,42357,111.70
1785348457.236,6.3,100.0,68.52,31.0,0.0,0,0,42357,111.71
1785348458.236,6.3,100.0,68.50,30.0,0.0,0,0,42357,111.71
1785348459.236,5.5,100.0,68.50,43.1,0.0,0,0,42357,111.71
1785348460.236,5.5,100.0,68.51,4.0,0.0,0,0,42357,111.67
1785348461.236,5.2,100.0,68.49,1.0,0.0,0,0,42357,111.62
1785348462.236,7.8,100.0,68.47,3.0,0.0,0,0,42357,111.57
1785348463.236,4.9,100.0,68.48,4.0,0.0,0,0,42357,111.53
1785348464.237,9.3,100.0,68.69,3.0,214.9,0,0,42357,111.62
1785348465.237,6.7,100.0,68.72,1.0,44.0,0,0,42357,111.65
1785348466.237,7.7,100.0,68.73,2.0,43.0,0,0,42357,111.59
1785348467.237,6.6,100.0,68.74,3.0,40.0,0,0,42357,111.55
1785348468.237,7.0,100.0,68.75,2.0,34.0,0,0,42357,111.66
1785348469.237,6.7,100.0,68.73,1.0,23.0,0,0,42357,111.71
1785348470.237,6.7,100.0,68.73,5.0,32.0,0,0,42357,111.55
1785348471.237,7.7,100.0,68.74,1.0,66.0,0,0,42357,111.49
1785348472.237,7.4,100.0,68.73,3.0,40.0,0,0,42357,111.49
1785348473.237,7.1,100.0,68.76,3.0,42.0,0,0,42357,111.49
1785348474.237,6.9,100.0,68.75,1.0,41.0,0,0,42357,111.48
1785348475.237,7.4,100.0,68.77,2.0,41.0,0,0,42357,111.48
1785348476.238,7.2,100.0,68.78,4.0,48.0,0,0,42357,111.49
1785348477.238,11.7,100.0,68.79,2.0,23.0,0,0,42357,111.48
1785348478.238,9.8,100.0,68.79,2.0,28.0,0,0,42357,111.50
1785348479.238,8.0,100.0,68.81,4.0,58.0,0,0,42357,111.34
1785348480.238,8.0,100.0,68.83,1.0,61.0,0,0,42357,111.20
1785348481.238,8.1,100.0,68.85,2.0,42.0,0,0,42357,111.31
1785348482.238,6.6,100.0,68.86,4.0,29.0,0,0,42357,111.29
1785348483.238,7.8,100.0,68.87,1.0,53.0,0,0,42357,111.21
1785348484.238,7.0,100.0,68.95,2.0,58.0,0,0,42357,111.23
1785348485.238,6.9,100.0,69.02,4.0,53.0,0,0,42357,111.23
1785348486.238,5.6,100.0,69.02,1.0,51.0,0,0,42357,111.23
1785348487.238,5.5,100.0,69.02,3.0,45.0,0,0,42357,111.18
1785348488.239,6.5,100.0,69.02,2.0,28.0,0,0,42357,111.16
1785348489.239,5.8,100.0,69.02,3.0,35.0,0,0,42357,111.21
1785348490.239,5.8,100.0,69.00,2.0,37.0,0,0,42357,111.23
1785348491.239,6.3,100.0,68.98,3.0,35.0,0,0,42357,111.23
1785348492.239,6.2,100.0,68.98,2.0,36.0,0,0,42357,111.18
1785348493.239,5.7,100.0,68.97,2.0,33.0,0,0,42357,111.09
1785348494.239,6.9,100.0,68.97,3.0,35.0,0,0,42357,111.14
1785348495.239,6.0,100.0,68.95,3.0,35.0,0,0,42357,111.23
1785348496.239,7.4,100.0,68.93,2.0,35.0,0,0,42357,111.23
1785348497.239,8.4,100.0,68.93,2.0,36.0,0,0,42357,111.14
1785348498.239,6.7,100.0,68.89,2.0,34.0,0,0,42357,111.09
1785348499.240,5.8,100.0,68.89,3.0,31.0,0,0,42357,111.13
1785348500.240,6.2,100.0,68.88,3.0,38.0,0,0,42357,111.18
1785348501.240,5.7,100.0,68.89,2.0,34.0,0,0,42357,111.18
1785348502.240,4.9,100.0,68.88,3.0,27.0,0,0,42357,111.38
1785348503.240,4.4,100.0,68.85,3.0,30.0,0,0,42357,111.39
1785348504.240,5.9,100.0,68.84,1.0,40.0,0,0,42357,111.09
1785348505.240,6.5,100.0,68.84,3.0,28.0,0,0,42357,111.14
1785348506.240,6.8,100.0,68.84,2.0,28.0,0,0,42357,111.23
1785348507.240,6.2,100.0,68.83,1.0,27.0,0,0,42357,111.18
1785348508.240,5.6,100.0,68.84,4.0,25.0,0,0,42357,111.23
1785348509.240,5.5,100.0,68.84,2.0,26.0,0,0,42357,111.24
1785348510.241,5.4,100.0,68.44,2.0,27.0,0,0,42357,111.21
1785348511.241,6.5,100.0,68.41,3.0,27.0,0,0,42357,111.24
1785348512.241,6.5,100.0,68.40,2.0,28.0,0,0,42357,111.21
1785348513.241,8.1,100.0,68.40,2.0,30.0,0,0,42357,111.23
1785348514.241,6.2,100.0,68.39,2.0,27.0,0,0,42357,111.18
1785348515.241,6.4,100.0,68.38,4.0,15.0,0,0,42357,111.18
1785348516.241,6.5,100.0,68.39,1.0,25.0,0,0,42357,111.18
1785348517.241,5.7,100.0,68.41,4.0,44.0,0,0,42357,111.13
1785348518.241,8.7,100.0,68.41,2.0,201.0,0,0,42357,111.18
1785348519.241,5.5,100.0,68.41,2.0,40.0,0,0,42357,111.23
1785348520.241,5.8,100.0,68.43,4.0,40.0,0,0,42357,111.18
1785348521.242,5.7,100.0,68.43,2.0,25.0,0,0,42357,111.08
1785348522.242,7.0,100.0,68.43,2.0,56.0,0,0,42357,111.08
1785348523.242,7.0,100.0,68.45,2.0,48.0,0,0,42357,111.13
1785348524.242,7.4,100.0,68.46,2.0,45.0,0,0,42357,111.13
1785348525.242,5.7,100.0,68.47,2.0,53.0,0,0,42357,111.14
1785348526.242,5.7,100.0,68.46,2.0,62.0,0,0,42357,111.14
1785348527.242,6.2,100.0,68.45,4.0,56.0,0,0,42357,111.14
1785348528.242,9.5,100.0,68.68,1.0,205.1,0,0,42357,111.14
1785348529.242,6.4,100.0,68.70,3.0,18.0,0,0,42357,111.14
1785348530.242,6.2,100.0,68.71,3.0,19.0,0,0,42357,111.13
1785348531.243,5.7,100.0,68.70,1.0,19.0,0,0,42357,111.18
1785348532.243,6.1,100.0,68.71,3.0,42.0,0,0,42357,111.18
1785348533.243,6.6,100.0,68.72,2.0,48.0,0,0,42357,111.13
1785348534.243,7.2,100.0,68.75,3.0,51.0,0,0,42357,111.18
1785348535.243,5.6,100.0,68.76,3.0,49.0,0,0,42357,111.18
1785348536.243,6.5,100.0,68.75,1.0,36.0,0,0,42357,111.18
1785348537.243,8.3,100.0,68.78,3.0,26.0,0,0,42357,111.23
1785348538.243,6.9,100.0,68.78,2.0,12.0,0,0,42357,111.18
1785348539.243,4.2,100.0,68.79,3.0,27.0,0,0,42357,111.14
1785348540.243,5.6,100.0,68.77,4.0,65.8,0,0,42357,111.14
1785348541.243,5.4,100.0,68.80,1.0,41.1,0,0,42357,111.09
1785348542.244,6.1,100.0,68.90,5.0,48.8,0,0,42357,111.09
1785348543.244,5.5,100.0,68.90,1.0,40.2,0,0,42357,111.28
1785348544.244,8.1,100.0,68.92,2.0,34.0,0,0,42357,111.26
1785348545.244,7.3,100.0,68.92,3.0,28.0,0,0,42357,111.10
1785348546.244,8.2,100.0,68.98,2.0,38.0,0,0,42357,111.05
1785348547.244,6.5,100.0,69.03,14.0,62.0,0,0,42357,111.07
1785348548.244,7.8,100.0,69.03,35.0,2.0,93,59,42359,201.41
1785348549.244,7.5,100.0,69.18,37.0,7.0,87,100,42359,270.51
1785348550.244,6.3,100.0,69.02,46.0,12.0,87,100,42359,257.37
1785348551.244,6.5,100.0,69.02,37.0,4.0,88,99,42359,261.44
1785348552.244,4.9,100.0,69.05,34.0,7.0,88,100,42359,270.18
1785348553.245,3.9,100.0,69.02,16.0,41.2,0,0,42359,184.44
1785348554.245,6.4,100.0,68.50,3.0,0.0,0,0,42359,127.48
1785348555.245,7.8,100.0,68.53,0.0,155.5,0,0,42359,113.39
1785348556.245,5.9,100.0,68.52,5.0,43.0,0,0,42359,113.21
1785348557.245,5.9,100.0,68.00,1.0,41.0,0,0,42359,113.03
1785348558.245,7.8,100.0,68.61,3.0,31.0,0,0,42359,112.98
1785348559.245,7.5,100.0,68.62,1.0,19.0,0,0,42359,112.84
1785348560.245,6.6,100.0,68.64,2.0,48.0,0,0,42359,112.87
1785348561.245,6.7,100.0,68.67,4.0,53.0,0,0,42359,112.72
1785348562.245,6.4,100.0,68.71,0.0,44.0,0,0,42359,112.49
1785348563.245,5.8,100.0,68.73,4.0,47.0,0,0,42359,112.49
1785348564.246,6.7,100.0,68.71,3.0,32.0,0,0,42359,112.39
1785348565.246,5.6,100.0,68.71,3.0,44.0,0,0,42359,112.39
1785348566.246,6.8,100.0,68.73,1.0,41.0,0,0,42359,112.35
1785348567.246,7.0,100.0,68.74,2.0,21.0,0,0,42359,112.25
1785348568.246,7.7,100.0,68.74,3.0,56.0,0,0,42359,112.24
1785348569.246,7.4,100.0,68.75,2.0,61.0,0,0,42359,112.17
1785348570.246,8.0,100.0,68.74,3.0,52.0,0,0,42359,112.14
1785348571.246,8.0,100.0,68.75,2.0,31.0,0,0,42359,112.14
1785348572.246,7.5,100.0,68.73,2.0,48.0,0,0,42359,112.07
1785348573.246,7.4,100.0,68.72,3.0,63.0,0,0,42359,112.07
1785348574.246,9.2,100.0,68.92,2.0,53.0,0,0,42359,112.06
1785348575.246,6.9,100.0,68.91,1.0,51.1,0,0,42359,112.08
1785348576.247,6.6,100.0,68.95,4.0,49.9,0,0,42359,112.12
1785348577.247,5.2,100.0,68.96,4.0,32.0,0,0,42359,112.07
1785348578.247,4.9,100.0,68.98,1.0,36.0,0,0,42359,112.41
1785348579.247,5.6,100.0,68.97,3.0,37.1,0,0,42359,112.36
1785348580.247,6.0,100.0,68.96,1.0,33.9,0,0,42359,111.99
1785348581.247,5.2,100.0,68.96,2.0,35.0,0,0,42359,111.99
1785348582.247,5.3,100.0,68.97,3.0,36.0,0,0,42359,111.92
1785348583.247,5.0,100.0,68.97,1.0,34.0,0,0,42359,111.94
1785348584.247,6.3,100.0,68.91,4.0,26.0,0,0,42359,111.94
1785348585.247,4.8,100.0,68.92,1.0,34.0,0,0,42359,111.92
1785348586.247,6.3,100.0,68.89,3.0,31.2,0,0,42359,111.92
1785348587.247,4.4,100.0,68.92,1.0,35.8,0,0,42359,111.87
1785348588.248,5.6,100.0,68.93,3.0,33.0,0,0,42359,111.87
1785348589.248,5.5,100.0,68.92,1.0,37.0,0,0,42359,111.82
1785348590.248,4.8,100.0,68.92,3.0,33.0,0,0,42359,111.77
1785348591.248,8.6,100.0,68.83,3.0,38.0,0,0,42359,111.76
1785348592.248,8.1,100.0,68.82,2.0,36.0,0,0,42359,111.70
1785348593.248,5.6,100.0,68.82,3.0,28.0,0,0,42359,111.71
1785348594.248,4.6,100.0,68.82,1.0,28.0,0,0,42359,111.68
1785348595.248,5.9,100.0,68.83,3.0,31.0,0,0,42359,111.63
1785348596.248,5.5,100.0,68.82,2.0,22.0,0,0,42359,111.68
1785348597.248,10.5,100.0,68.83,2.0,29.0,0,0,42359,111.68
1785348598.249,6.6,100.0,68.83,2.0,28.0,0,0,42359,111.68
1785348599.249,5.7,100.0,68.84,3.0,29.0,0,0,42359,111.82
1785348600.249,6.0,100.0,68.82,2.0,30.0,0,0,42359,111.82
1785348601.249,5.5,100.0,68.81,2.0,33.0,0,0,42359,111.68
1785348602.249,4.9,100.0,68.80,2.0,20.0,0,0,42359,111.40
1785348603.249,5.8,100.0,68.78,3.0,20.0,0,0,42359,111.26
1785348604.249,4.9,100.0,68.80,3.0,39.0,0,0,42359,111.34
1785348605.260,8.5,100.0,66.97,3.0,202.8,0,0,42359,111.39
1785348606.260,5.8,100.0,67.94,2.0,45.0,0,0,42359,111.39
1785348607.260,6.6,100.0,67.95,2.0,45.0,0,0,42359,111.38
1785348608.260,5.6,100.0,67.93,2.0,19.0,0,0,42359,111.37
1785348609.260,7.5,100.0,67.94,2.0,59.0,0,0,42359,111.32
1785348610.260,6.1,100.0,67.95,1.0,50.0,0,0,42359,111.72
1785348611.260,6.5,100.0,67.95,5.0,41.0,0,0,42359,111.68
1785348612.260,6.0,100.0,67.96,1.0,50.0,0,0,42359,111.24
1785348613.260,6.0,100.0,67.96,4.0,59.0,0,0,42359,111.28
1785348614.261,6.4,100.0,67.95,2.0,52.0,0,0,42359,111.32
1785348615.261,8.0,100.0,67.98,1.0,210.2,0,0,42359,111.33
1785348616.261,5.5,100.0,67.99,1.0,21.9,0,0,42359,111.34
1785348617.261,6.6,100.0,67.98,2.0,20.0,0,0,42359,111.34
1785348618.261,6.0,100.0,67.96,4.0,19.0,0,0,42359,111.26
1785348619.261,7.9,100.0,67.96,3.0,33.0,0,0,42359,111.25
1785348620.261,6.4,100.0,67.97,3.0,51.0,0,0,42359,111.32
1785348621.261,7.6,100.0,68.00,3.0,49.0,0,0,42359,111.32
1785348622.261,6.6,100.0,67.99,0.0,63.0,0,0,42359,111.28
1785348623.261,5.7,100.0,67.99,4.0,34.0,0,0,42359,111.23
1785348624.261,5.9,100.0,68.01,2.0,27.0,0,0,42359,111.28
1785348625.262,6.0,100.0,68.04,2.0,27.0,0,0,42359,111.26
1785348626.262,6.4,100.0,68.06,3.0,63.0,0,0,42359,111.26
1785348627.262,6.4,100.0,68.57,3.0,39.0,0,0,42359,111.23
1785348628.262,5.3,100.0,68.87,2.0,47.0,0,0,42359,111.18
1785348629.262,6.9,100.0,68.87,1.0,42.0,0,0,42359,111.23
1785348630.262,6.8,100.0,68.88,4.0,49.0,0,0,42359,111.23
1785348631.262,6.3,100.0,68.89,2.0,16.0,0,0,42359,111.23
1785348632.262,8.7,100.0,68.97,1.0,45.0,0,0,42359,111.35
1785348633.262,7.4,100.0,69.39,4.0,60.0,0,0,42359,111.35
1785348634.262,10.5,100.0,70.11,2.0,63.0,0,0,42359,111.14
1785348635.263,10.0,100.0,70.36,3.0,99.0,0,0,42359,111.12
1785348636.263,10.3,100.0,70.66,2.0,101.0,0,0,42359,111.15
1785348637.263,7.7,100.0,70.58,1.0,100.0,0,0,42359,111.15
1785348638.263,5.1,100.0,70.38,35.0,45.0,88,100,42359,160.88
1785348639.263,6.0,100.0,70.39,40.0,8.0,87,100,42359,262.82
1785348640.263,5.5,100.0,70.44,38.0,9.0,86,99,42359,259.54
1785348641.263,7.9,100.0,70.41,40.0,9.0,88,100,42359,270.56
1785348642.263,9.1,100.0,70.40,36.0,8.0,87,100,42359,268.29
1785348643.263,6.8,100.0,70.42,40.0,9.0,85,98,42359,267.88
1785348644.263,9.4,100.0,70.38,38.0,8.0,86,99,42359,276.55
1785348645.263,6.4,100.0,70.38,35.8,8.0,87,100,42359,259.88
1785348646.264,6.1,100.0,70.39,38.2,8.0,91,100,42359,235.53
1785348647.264,6.9,100.0,70.38,45.0,5.0,87,94,42359,287.88
1785348648.264,4.0,100.0,70.38,43.0,6.0,87,97,42359,269.63
1785348649.264,5.0,100.0,70.38,35.0,6.0,89,100,42359,250.57
1785348650.264,4.9,100.0,70.39,40.0,7.0,87,99,42359,264.35
1785348651.264,5.7,100.0,70.36,45.0,7.0,85,94,42359,281.83
1785348652.264,4.8,100.0,70.37,42.0,9.0,86,96,42359,279.41
1785348653.264,5.2,100.0,70.35,44.0,8.0,88,84,42359,276.57
1785348654.264,6.9,100.0,70.32,40.0,8.0,86,98,42359,279.12
1785348655.265,4.3,100.0,70.30,42.0,8.0,87,100,42359,282.19
1785348656.265,5.8,100.0,70.28,58.0,11.0,82,89,42359,265.62
1785348657.265,8.4,100.0,70.26,52.0,11.0,85,79,42359,268.92
1785348658.265,7.5,100.0,70.27,46.0,10.0,86,99,42359,278.15
1785348659.265,4.2,100.0,70.26,48.0,8.0,82,83,42359,283.72
1785348660.265,5.3,100.0,70.26,52.0,10.0,85,97,42359,281.38
1785348661.265,3.5,100.0,70.24,45.0,9.0,86,97,42359,274.16
1785348662.265,6.6,100.0,70.23,49.0,9.0,83,95,42359,284.21
1785348663.265,6.4,100.0,70.20,42.0,10.0,82,93,42359,270.54
1785348664.265,4.7,100.0,70.20,49.0,10.0,89,87,42359,281.99
1785348665.266,6.2,100.0,70.16,44.0,9.0,90,90,42359,275.02
1785348666.266,5.6,100.0,70.17,47.0,10.0,82,94,42359,279.54
1785348667.266,5.3,100.0,70.16,50.0,9.0,84,96,42359,279.78
1785348668.266,5.7,100.0,70.15,40.0,9.0,86,99,42359,269.30
1785348669.266,5.2,100.0,70.15,44.0,9.0,87,100,42359,284.23
1785348670.266,4.9,100.0,70.16,44.0,8.0,84,95,42359,271.91
1785348671.266,5.7,100.0,70.36,45.0,10.0,87,100,42359,294.35
1785348672.266,8.2,100.0,70.35,50.0,9.0,88,87,42359,293.22
1785348673.266,8.0,99.0,70.34,45.0,11.0,82,94,42359,280.56
1785348674.266,5.7,100.0,70.36,44.0,9.0,88,74,42359,291.52
1785348675.267,5.9,100.0,70.38,54.0,10.0,84,83,42359,290.82
1785348676.267,5.9,100.0,70.38,47.0,12.0,85,97,42359,284.83
1785348677.267,5.9,100.0,70.39,52.8,13.0,84,96,42359,270.06
1785348678.267,5.5,100.0,70.37,46.9,11.0,87,88,42359,287.34
1785348679.267,6.3,100.0,70.40,51.2,10.1,92,64,42359,306.29
1785348680.267,8.0,100.0,70.38,46.0,13.0,84,95,42359,287.16
1785348681.267,4.8,100.0,70.39,50.0,13.0,85,97,42359,280.50
1785348682.267,6.5,100.0,70.39,55.9,11.0,100,69,42359,289.02
1785348683.267,5.6,100.0,70.39,51.0,12.0,84,96,42359,274.06
1785348684.267,8.2,100.0,70.40,53.0,12.0,95,66,42359,281.11
1785348685.268,7.6,100.0,70.37,49.0,12.0,84,92,42359,277.89
1785348686.268,5.3,100.0,70.36,47.0,10.0,89,100,42359,285.35
1785348687.268,6.6,100.0,70.38,38.0,9.0,88,100,42359,280.30
1785348688.268,5.2,100.0,70.40,38.9,9.0,87,100,42359,278.50
1785348689.268,6.3,100.0,70.42,37.0,8.0,87,100,42359,281.06
1785348690.268,6.4,100.0,70.42,37.0,9.0,86,99,42359,277.03
1785348691.268,6.0,100.0,70.39,36.0,7.0,88,99,42359,265.89
1785348692.268,4.8,100.0,70.40,35.0,7.0,84,95,42359,274.54
1785348693.268,6.4,100.0,70.41,33.0,6.0,87,98,42359,270.62
1785348694.269,5.0,100.0,70.41,30.0,5.0,89,100,42359,248.63
1785348695.269,5.3,100.0,70.41,27.0,4.0,89,100,42359,258.32
1785348696.269,6.6,100.0,70.39,29.0,4.0,90,100,42359,264.59
1785348697.269,5.5,100.0,70.38,28.0,2.0,90,100,42359,255.94
1785348698.269,5.4,100.0,70.35,26.0,3.0,90,100,42359,258.32
1785348699.269,4.3,100.0,70.32,26.0,4.0,91,100,42359,259.72
1785348700.269,5.9,100.0,70.33,25.0,3.0,87,99,42359,259.78
1785348701.269,6.2,100.0,70.34,26.0,2.0,90,100,42359,254.76
1785348702.269,6.2,100.0,70.32,24.0,2.0,91,100,42359,257.21
1785348703.269,7.1,100.0,70.25,25.0,2.0,88,99,42359,257.86
1785348704.270,6.3,100.0,70.22,23.1,2.0,90,100,42359,254.34
1785348705.270,7.6,100.0,70.25,25.9,1.0,90,100,42359,255.64
1785348706.270,7.6,100.0,70.38,28.0,2.0,91,100,42359,256.61
1785348707.270,6.1,100.0,70.36,22.0,2.0,91,100,42359,256.19
1785348708.270,4.8,100.0,70.37,25.0,1.0,89,100,42359,256.54
1785348709.270,4.3,100.0,70.36,24.0,2.0,91,100,42359,253.71
1785348710.270,6.6,100.0,70.37,24.0,1.0,91,100,42359,259.10
1785348711.270,5.8,100.0,70.34,24.0,1.0,92,100,42359,260.32
1785348712.270,5.3,100.0,70.34,23.0,1.0,91,100,42359,260.16
1785348713.270,5.2,100.0,68.83,7.0,0.0,0,0,42359,135.25
1785348714.271,6.5,100.0,68.84,3.0,0.0,0,0,42359,135.25
1785348715.271,5.3,100.0,68.86,2.0,0.0,0,0,42359,118.81
1785348716.271,8.1,100.0,68.33,3.0,134.0,0,0,42359,117.95
1785348717.271,10.0,100.0,69.02,2.0,50.0,0,0,42359,117.95
1785348718.271,9.1,100.0,69.03,2.0,35.0,0,0,42359,117.55
1785348719.271,6.1,100.0,69.04,1.0,34.0,0,0,42359,117.15
1785348720.271,7.1,100.0,69.04,3.0,39.0,0,0,42359,116.23
1785348721.271,6.6,100.0,69.06,1.0,19.0,0,0,42359,115.56
1785348722.271,7.2,100.0,69.05,4.0,69.0,0,0,42359,115.56
1785348723.271,7.8,100.0,69.05,1.0,41.0,0,0,42359,114.79
1785348724.271,7.9,100.0,69.06,3.0,42.0,0,0,42359,114.79
1785348725.272,8.6,100.0,69.07,3.0,47.0,0,0,42359,114.60
1785348726.272,7.8,100.0,69.10,2.0,46.0,0,0,42359,114.08
1785348727.272,6.6,100.0,69.12,0.0,38.0,0,0,42359,114.08
1785348728.272,8.0,100.0,69.11,4.0,36.0,0,0,42359,113.87
1785348729.272,7.1,100.0,69.11,3.0,20.0,0,0,42359,113.69
1785348730.272,7.8,100.0,69.10,2.0,57.8,0,0,42359,113.34
1785348731.272,7.6,100.0,68.87,2.0,61.2,0,0,42359,113.39
1785348732.272,8.0,100.0,69.15,3.0,59.2,0,0,42359,113.39
1785348733.272,7.9,100.0,69.14,1.0,30.0,0,0,42359,113.34
1785348734.272,8.3,100.0,69.14,3.0,47.0,0,0,42359,112.87
1785348735.273,7.8,100.0,69.18,1.0,60.2,0,0,42359,112.87
1785348736.273,8.9,100.0,69.18,3.0,44.9,0,0,42359,112.78
1785348737.273,10.7,100.0,69.22,2.0,54.9,0,0,42359,112.67
1785348738.273,8.0,100.0,69.23,3.0,51.1,0,0,42359,112.51
1785348739.273,7.8,100.0,69.24,2.0,36.0,0,0,42359,112.37
1785348740.273,7.6,100.0,69.33,4.0,38.0,0,0,42359,113.42
1785348741.273,10.6,100.0,69.44,3.0,37.9,0,0,42359,113.42
1785348742.273,8.1,100.0,69.46,1.0,38.1,0,0,42359,114.10
1785348743.273,8.6,100.0,69.48,2.0,26.0,0,0,42359,114.10
1785348744.273,8.2,100.0,69.48,2.0,30.0,0,0,42359,114.47
1785348745.273,7.1,100.0,69.47,3.0,34.0,0,0,42359,114.34
1785348746.274,8.3,100.0,68.79,2.0,35.0,0,0,42359,114.34
1785348747.274,8.0,100.0,69.90,2.0,34.0,0,0,42359,114.24
1785348748.274,8.9,100.0,69.91,4.0,35.0,0,0,42359,114.13
1785348749.274,9.6,100.0,69.91,0.0,34.0,0,0,42359,114.08
1785348750.274,7.8,100.0,69.98,3.0,31.0,0,0,42359,113.99
1785348751.274,7.6,100.0,69.99,2.0,35.0,0,0,42359,113.99
1785348752.274,6.9,100.0,69.98,2.0,35.0,0,0,42359,113.79
1785348753.274,6.7,100.0,69.95,3.0,33.0,0,0,42359,113.72
1785348754.274,8.0,100.0,69.98,2.0,46.1,0,0,42359,113.69
1785348755.274,7.0,100.0,69.99,2.0,27.0,0,0,42359,113.56
1785348756.274,8.1,100.0,69.97,3.0,28.0,0,0,42359,113.56
1785348757.275,8.1,100.0,69.98,1.0,29.0,0,0,42359,113.51
1785348758.275,8.9,100.0,69.98,3.0,30.0,0,0,42359,113.37
1785348759.275,8.7,100.0,70.00,3.0,16.0,0,0,42359,113.37
1785348760.275,7.0,100.0,70.01,1.0,34.0,0,0,42359,113.64
1785348761.275,6.9,100.0,69.99,2.0,30.0,0,0,42359,113.64
1785348762.275,7.2,100.0,69.98,4.0,29.0,0,0,42359,113.61
1785348763.275,6.6,100.0,69.96,2.0,30.0,0,0,42359,113.17
1785348764.275,8.0,100.0,69.96,2.0,30.0,0,0,42359,113.17
1785348765.275,7.7,100.0,69.95,3.0,20.0,0,0,42359,113.17
1785348766.275,6.8,100.0,69.94,2.0,27.0,0,0,42359,113.07
1785348767.276,6.6,100.0,69.93,2.0,48.0,0,0,42359,112.93
1785348768.276,9.0,100.0,69.95,4.0,200.4,0,0,42359,113.27
1785348769.276,7.6,100.0,69.97,3.0,45.1,0,0,42359,113.17
1785348770.276,6.4,100.0,70.00,2.0,33.1,0,0,42359,112.88
1785348771.276,9.8,100.0,70.01,2.0,27.9,0,0,42359,112.93
1785348772.276,6.9,100.0,70.00,3.0,56.0,0,0,42359,112.82
1785348773.276,7.0,100.0,70.01,1.0,47.0,0,0,42359,112.82
1785348774.276,7.8,100.0,70.02,3.0,41.0,0,0,42359,112.84
1785348775.276,5.1,100.0,70.01,3.0,46.0,0,0,42359,112.78
1785348776.276,7.8,100.0,70.03,2.0,58.0,0,0,42359,112.77
1785348777.276,10.2,100.0,70.04,2.0,50.0,0,0,42359,112.62
1785348778.277,9.2,100.0,70.05,3.0,59.0,0,0,42359,112.52
1785348779.277,9.1,100.0,70.07,4.0,188.9,0,0,42359,112.54
1785348780.277,6.8,100.0,70.08,3.0,11.0,0,0,42359,112.49
1785348781.277,6.1,100.0,70.09,2.0,11.0,0,0,42359,112.49
1785348782.277,7.1,100.0,70.09,3.0,11.0,0,0,42359,112.44
1785348783.277,7.6,100.0,70.07,3.0,12.0,0,0,42359,112.44
1785348784.277,7.0,100.0,70.05,3.0,14.0,0,0,42359,112.39
1785348785.277,6.8,100.0,70.08,3.0,42.0,0,0,42359,112.35
1785348786.277,7.3,100.0,70.10,2.0,49.9,0,0,42359,112.40
1785348787.277,6.2,100.0,70.13,1.0,56.1,0,0,42359,112.31
1785348788.277,7.1,100.0,70.12,4.0,57.1,0,0,42359,112.21
1785348789.278,5.4,100.0,70.13,2.0,25.9,0,0,42359,112.31
1785348790.278,7.0,100.0,70.12,4.0,26.1,0,0,42359,112.30
1785348791.278,6.7,100.0,70.13,0.0,24.0,0,0,42359,112.20
1785348792.278,7.5,100.0,70.14,4.0,67.0,0,0,42359,112.20
1785348793.278,8.3,100.0,70.14,3.0,44.0,0,0,42359,112.15
1785348794.278,6.5,100.0,69.58,1.0,43.0,0,0,42359,112.10
1785348795.278,7.2,100.0,69.58,2.0,44.0,0,0,42359,112.09
1785348796.278,5.8,100.0,69.57,2.0,41.0,0,0,42359,112.10
1785348797.279,7.2,100.0,69.59,3.0,32.0,0,0,42359,112.06
1785348798.279,5.9,100.0,69.69,4.0,41.0,0,0,42359,112.01
1785348799.279,6.6,100.0,70.78,1.0,74.0,0,0,42359,112.07
1785348800.279,4.5,100.0,71.01,3.0,100.0,0,0,42359,112.02
1785348801.279,6.5,100.0,71.24,3.0,99.0,0,0,42359,111.90
1785348802.279,9.4,100.0,71.47,3.0,101.0,0,0,42359,111.99
1785348803.279,6.9,100.0,71.45,30.0,46.0,86,98,42359,193.91
1785348804.279,6.8,100.0,71.41,39.0,8.0,88,99,42359,228.98
1785348805.279,6.6,100.0,71.44,43.0,4.0,89,100,42359,258.99
1785348806.279,6.6,100.0,71.47,34.0,4.0,89,99,42359,259.68
1785348807.280,6.3,100.0,71.53,39.0,4.0,93,60,42359,273.72
1785348808.280,6.5,100.0,71.50,50.0,8.0,88,99,42359,276.47
1785348809.280,6.0,100.0,71.62,44.0,8.0,89,86,42359,266.22
1785348810.280,6.4,100.0,71.62,42.0,7.0,87,99,42359,265.80
1785348811.280,7.5,100.0,71.71,44.0,9.0,88,80,42359,278.33
1785348812.280,6.1,100.0,71.71,45.0,7.0,93,67,42359,275.39
1785348813.280,7.4,100.0,71.80,42.0,8.0,83,91,42359,269.09
1785348814.280,6.7,100.0,71.72,43.0,8.0,87,100,42359,260.28
1785348815.280,6.1,100.0,71.69,37.0,7.0,88,99,42359,266.31
1785348816.280,5.2,100.0,71.71,38.0,7.0,85,94,42359,272.22
1785348817.281,6.3,100.0,71.68,44.0,8.0,86,97,42359,264.24
1785348818.281,7.7,100.0,71.67,41.0,7.0,87,83,42359,266.78
1785348819.281,5.8,100.0,71.70,46.0,8.0,87,99,42359,278.67
1785348820.281,7.1,100.0,71.68,52.0,9.0,91,77,42359,264.37
1785348821.281,6.1,100.0,71.70,46.0,9.0,87,100,42359,247.26
1785348822.281,6.7,100.0,71.70,49.0,9.0,87,100,42359,276.15
1785348823.281,6.5,100.0,71.70,48.0,10.0,87,89,42359,287.65
1785348824.281,8.7,100.0,71.69,46.0,11.0,85,98,42359,273.85
1785348825.281,7.1,100.0,71.70,48.0,10.0,86,99,42359,283.84
1785348826.281,7.0,100.0,71.70,47.7,8.9,91,86,42359,273.80
1785348827.282,6.5,100.0,71.69,46.3,9.0,87,100,42359,277.26
1785348828.282,7.4,100.0,71.70,47.0,8.0,85,82,42359,263.48
1785348829.282,7.0,100.0,71.70,51.0,10.0,88,83,42359,266.29
1785348830.282,5.8,100.0,71.72,58.0,9.0,95,83,42359,250.87
1785348831.282,6.8,100.0,71.41,43.8,10.0,86,99,42359,262.36
1785348832.282,5.9,100.0,71.40,44.2,10.0,86,97,42359,279.96
1785348833.282,6.8,100.0,71.37,48.0,11.0,88,100,42359,288.39
1785348834.282,6.2,100.0,71.40,58.0,11.0,100,61,42359,291.22
1785348835.282,4.5,100.0,71.40,47.0,10.0,89,87,42359,285.36
1785348836.282,6.4,100.0,71.38,48.0,13.0,84,95,42359,282.87
1785348837.282,10.6,100.0,71.37,56.0,6.0,91,66,42359,279.40
1785348838.283,9.2,100.0,71.37,52.0,5.0,84,95,42359,280.03
1785348839.283,6.5,100.0,71.37,44.0,4.0,83,94,42359,266.60
1785348840.283,5.6,100.0,71.34,45.0,4.0,84,87,42359,278.30
1785348841.283,6.6,100.0,71.32,46.0,4.0,85,77,42359,287.89
1785348842.283,5.8,100.0,71.32,47.0,5.0,84,84,42359,277.17
1785348843.283,6.7,100.0,71.31,47.0,5.0,88,100,42359,273.76
1785348844.283,6.8,100.0,71.30,46.2,5.0,85,98,42359,272.25
1785348845.283,6.9,100.0,71.29,39.8,3.0,85,98,42359,280.07
1785348846.283,6.9,100.0,71.31,38.0,3.0,88,100,42359,268.64
1785348847.283,5.2,100.0,71.29,35.0,4.0,87,100,42359,291.68
1785348848.283,8.0,100.0,71.31,39.0,3.0,87,98,42359,287.13
1785348849.283,6.0,100.0,71.30,33.1,2.0,85,97,42359,280.48
1785348850.284,8.2,100.0,71.30,35.9,6.0,85,96,42359,277.80
1785348851.284,7.1,100.0,71.30,31.0,7.0,89,100,42359,262.62
1785348852.284,6.8,100.0,71.31,28.0,3.0,89,100,42359,252.30
1785348853.284,6.6,100.0,71.29,29.0,4.0,90,100,42359,251.35
1785348854.284,6.9,100.0,71.30,27.0,3.0,90,100,42359,258.16
1785348855.284,5.8,100.0,71.29,24.0,2.0,91,100,42359,258.06
1785348856.284,7.0,100.0,71.30,29.0,3.0,89,100,42359,260.92
1785348857.284,7.0,100.0,71.28,26.0,2.0,90,100,42359,258.34
1785348858.284,6.7,100.0,71.29,27.0,3.0,90,100,42359,256.99
1785348859.284,6.5,100.0,71.29,25.0,3.0,91,100,42359,257.91
1785348860.284,6.0,100.0,71.32,25.0,1.0,89,100,42359,255.30
1785348861.284,5.4,100.0,71.29,24.0,1.0,91,100,42359,254.72
1785348862.285,6.9,100.0,71.29,23.0,1.0,91,100,42359,259.03
1785348863.285,7.7,100.0,71.30,22.0,2.0,92,100,42359,260.98
1785348864.285,5.2,100.0,71.31,24.0,0.0,92,100,42359,262.42
1785348865.285,5.6,100.0,71.29,23.0,1.0,92,100,42359,259.85
1785348866.285,5.5,100.0,71.28,24.0,7.0,83,94,42359,259.17
1785348867.285,6.7,100.0,69.73,3.0,0.0,0,0,42359,142.87
1785348868.285,5.7,100.0,69.72,2.0,0.0,0,0,42359,118.63
1785348869.285,6.5,100.0,69.89,2.0,0.0,0,0,42359,118.23
1785348870.285,8.4,100.0,69.94,3.0,200.0,0,0,42359,117.74
1785348871.285,6.9,100.0,69.97,1.0,50.0,0,0,42359,117.37
1785348872.286,5.8,100.0,69.99,4.0,28.0,0,0,42359,116.44
1785348873.286,6.8,100.0,70.08,2.0,35.0,0,0,42359,115.56
1785348874.286,6.4,100.0,70.14,2.0,35.0,0,0,42359,115.32
1785348875.286,8.7,100.0,70.19,4.0,26.0,0,0,42359,115.03
1785348876.286,6.8,100.0,70.33,1.0,70.0,0,0,42359,114.78
1785348877.286,7.0,100.0,70.46,1.0,40.0,0,0,42359,114.52
1785348878.286,5.8,100.0,70.49,4.0,48.0,0,0,42359,114.27
1785348879.286,8.4,100.0,70.68,1.0,37.0,0,0,42359,114.19
1785348880.286,7.9,100.0,70.68,2.0,42.0,0,0,42359,113.98
1785348881.286,7.5,100.0,70.80,1.0,52.0,0,0,42359,113.75
1785348882.287,7.7,100.0,70.88,4.0,20.0,0,0,42359,113.57
1785348883.287,6.7,100.0,70.97,3.0,53.0,0,0,42359,113.46
1785348884.287,7.2,100.0,70.98,0.0,47.0,0,0,42359,113.37
1785348885.287,6.2,100.0,71.13,3.0,64.0,0,0,42359,113.18
1785348886.287,7.6,100.0,70.99,3.0,34.0,0,0,42359,112.94
1785348887.287,7.6,100.0,71.00,2.0,33.0,0,0,42359,112.78
1785348888.287,4.1,100.0,71.00,3.0,58.0,0,0,42359,112.73
1785348889.287,5.8,100.0,70.98,1.0,50.0,0,0,42359,112.59
1785348890.287,6.5,100.0,70.97,3.0,50.0,0,0,42359,112.84
1785348891.287,6.7,100.0,70.96,1.0,59.0,0,0,42359,114.35
1785348892.287,7.3,100.0,70.94,4.0,41.0,0,0,42359,115.41
1785348893.288,6.2,100.0,70.91,2.0,29.0,0,0,42359,115.30
1785348894.288,7.5,100.0,70.90,0.0,34.0,0,0,42359,115.30
1785348895.288,6.4,100.0,70.92,4.0,39.0,0,0,42359,115.31
1785348896.288,7.2,100.0,70.93,2.0,37.0,0,0,42359,115.21
1785348897.288,17.1,100.0,71.40,2.0,36.0,0,0,42359,115.07
1785348898.288,17.4,100.0,70.77,3.0,35.0,0,0,42359,115.02
1785348899.288,15.2,100.0,70.73,2.0,28.0,0,0,42359,115.02
1785348900.288,14.7,100.0,70.74,2.0,24.0,0,0,42359,114.92
1785348901.288,15.0,100.0,70.75,3.0,30.0,0,0,42359,114.82
1785348902.288,15.2,100.0,70.82,1.0,19.0,0,0,42359,114.66
1785348903.935,14.9,100.0,70.80,1.2,26.8,0,0,42359,114.66
1785348904.935,16.0,100.0,70.60,2.0,28.0,0,0,42359,114.52
1785348905.935,16.5,100.0,70.92,1.0,26.9,0,0,42359,114.48
1785348906.935,15.6,100.0,71.27,3.0,30.9,0,0,42626,114.59
1785348907.935,15.7,100.0,71.62,2.0,24.0,0,0,42626,114.58
1785348908.935,15.4,100.0,71.67,3.0,19.0,0,0,42626,114.42
1785348909.935,17.9,100.0,70.80,2.0,24.1,0,0,42359,114.52
1785348910.935,15.3,100.0,70.82,2.0,21.9,0,0,42359,114.48
1785348911.935,15.1,100.0,70.82,2.0,27.0,0,0,42359,114.09
1785348912.935,15.0,100.0,70.80,3.0,24.0,0,0,42359,114.03
1785348913.936,14.8,100.0,70.78,1.0,20.0,0,0,42359,114.02
1785348914.936,14.8,100.0,70.73,2.0,24.0,0,0,42359,113.95
1785348915.936,15.5,100.0,70.70,3.0,28.0,0,0,42359,113.91
1785348916.936,15.6,100.0,70.67,2.0,27.0,0,0,42359,113.90
1785348917.936,14.4,100.0,70.65,2.0,17.0,0,0,42359,113.89
1785348918.936,15.7,100.0,70.64,3.0,35.0,0,0,42359,113.87
1785348919.936,16.7,100.0,70.64,2.0,49.0,0,0,42359,113.74
1785348920.936,16.9,100.0,70.62,2.0,138.0,0,0,42359,113.65
1785348921.936,16.0,100.0,70.62,2.0,45.0,0,0,42359,113.68
1785348922.936,16.4,100.0,70.60,2.0,19.0,0,0,42359,113.57
1785348923.936,16.9,100.0,70.61,2.0,53.9,0,0,42359,113.47
1785348924.937,16.7,100.0,70.93,3.0,30.0,0,0,42359,113.49
1785348925.937,15.6,100.0,70.79,1.0,33.0,0,0,42359,113.46
1785348926.937,14.9,100.0,70.77,3.0,53.1,0,0,42359,113.42
1785348927.937,14.6,100.0,70.75,4.0,53.9,0,0,42359,113.35
1785348928.937,16.6,100.0,70.78,1.0,192.9,0,0,42359,113.34
1785348929.937,15.0,100.0,70.81,2.0,24.0,0,0,42359,113.39
1785348930.937,15.7,100.0,70.82,2.0,19.1,0,0,42359,113.44
1785348931.937,14.8,100.0,70.79,1.0,18.9,0,0,42359,113.29
1785348932.937,14.9,100.0,70.78,3.0,39.0,0,0,42359,113.21
1785348933.937,14.6,100.0,70.78,2.0,46.3,0,0,42359,113.25
1785348934.937,14.3,100.0,71.10,1.0,54.7,0,0,42359,113.25
1785348935.937,15.0,100.0,71.45,4.0,38.0,0,0,42359,113.16
1785348936.938,14.5,100.0,71.44,0.0,23.0,0,0,42359,113.11
1785348937.938,14.7,100.0,71.43,2.0,30.0,0,0,42359,113.18
1785348938.938,14.2,100.0,71.42,3.0,59.0,0,0,42359,113.17
1785348939.938,14.1,100.0,71.45,1.0,44.0,0,0,42359,113.06
1785348940.938,11.6,100.0,71.47,4.0,49.0,0,0,42359,113.06
1785348941.938,6.9,100.0,71.49,0.0,44.0,0,0,42359,113.06
1785348942.938,7.1,100.0,71.50,5.0,45.0,0,0,42359,112.95
1785348943.938,13.0,100.0,71.47,1.0,9.0,0,0,42359,112.90
1785348944.938,9.2,100.0,71.98,2.0,74.0,0,0,42359,112.86
1785348945.938,8.0,100.0,72.90,2.0,100.0,0,0,42359,112.82
1785348946.938,8.4,100.0,72.90,2.0,100.1,0,0,42359,112.85
1785348947.939,8.6,100.0,72.69,3.0,99.9,0,0,42359,112.91
1785348948.939,8.0,100.0,72.05,20.0,84.0,73,75,42359,117.07
1785348949.939,8.3,100.0,72.04,24.0,3.0,87,94,42359,289.11
1785348950.939,11.8,100.0,72.00,40.0,7.0,86,99,42359,279.82
1785348951.939,6.9,100.0,71.98,36.0,8.0,85,98,42359,283.80
1785348952.939,7.2,100.0,71.95,38.0,9.0,87,100,42359,279.11
1785348953.939,10.2,100.0,71.95,38.0,9.0,87,100,42359,272.63
1785348954.939,12.2,100.0,71.93,41.0,9.0,84,97,42359,261.81
1785348955.939,8.2,100.0,71.94,38.0,10.0,88,100,42359,261.99
1785348956.939,10.3,100.0,71.94,42.0,8.0,84,96,42359,274.44
1785348957.940,11.4,100.0,71.94,47.0,9.0,85,98,42359,259.92
1785348958.940,11.0,100.0,71.92,36.0,6.0,86,95,42359,219.32
1785348959.940,7.3,100.0,71.91,33.0,2.0,90,100,42359,268.97
1785348960.940,6.1,100.0,71.90,46.0,7.0,84,92,42359,264.81
1785348961.940,9.4,100.0,71.89,47.0,7.0,87,98,42359,270.86
1785348962.940,7.3,100.0,72.15,49.0,6.0,88,83,42359,274.76
1785348963.940,7.0,100.0,72.15,39.0,7.0,87,98,42359,264.47
1785348964.940,13.4,100.0,72.12,44.0,6.0,87,99,42359,261.37
1785348965.940,7.9,100.0,72.14,50.0,7.0,97,61,42359,278.63
1785348966.940,9.4,100.0,72.12,52.0,8.0,84,92,42359,286.81
1785348967.940,8.8,100.0,72.10,59.0,10.0,90,74,42359,282.63
1785348968.941,10.7,100.0,72.19,49.0,9.0,86,84,42359,287.79
1785348969.941,9.0,100.0,72.18,53.0,11.0,87,87,42359,297.17
1785348970.941,7.2,100.0,72.16,47.0,11.0,85,97,42359,286.55
1785348971.941,12.1,100.0,72.16,57.0,11.0,81,87,42359,279.76
1785348972.941,9.7,100.0,72.14,48.8,13.0,83,93,42359,277.74
1785348973.941,8.3,100.0,72.18,53.2,10.0,77,86,42359,268.21
1785348974.941,8.6,100.0,72.35,55.0,11.0,85,97,42359,285.10
1785348975.941,9.4,100.0,72.32,54.2,12.0,82,93,42359,278.83
1785348976.941,11.1,100.0,72.29,58.8,10.0,82,94,42359,290.48
1785348977.942,6.6,100.0,72.28,51.0,11.0,77,88,42359,268.26
1785348978.942,7.1,100.0,72.29,69.0,12.0,82,93,42359,275.33
1785348979.942,9.3,100.0,72.27,54.0,10.0,93,64,42359,285.23
1785348980.942,13.9,100.0,72.21,51.0,11.0,84,95,42359,274.55
1785348981.942,10.8,100.0,72.18,52.0,9.0,86,98,42359,282.99
1785348982.942,6.6,100.0,72.18,46.0,11.0,88,100,42359,278.11
1785348983.942,5.9,100.0,72.19,49.0,10.0,95,68,42359,280.15
1785348984.942,11.5,100.0,72.17,49.0,11.0,84,96,42359,271.75
1785348985.942,10.7,100.0,72.15,52.9,9.0,85,97,42359,271.69
1785348986.942,5.5,100.0,72.16,49.0,10.0,87,81,42359,276.27
1785348987.942,6.5,100.0,72.14,49.0,12.0,88,86,42359,274.81
1785348988.943,10.2,100.0,72.14,49.0,11.0,81,92,42359,274.87
1785348989.943,6.7,100.0,72.12,52.0,11.0,86,99,42359,275.71
1785348990.943,6.9,100.0,72.13,53.0,11.0,88,100,42359,272.56
1785348991.943,10.2,100.0,72.12,46.0,10.0,86,84,42359,281.10
1785348992.943,5.3,100.0,72.13,48.0,10.0,85,97,42359,267.18
1785348993.943,6.9,100.0,72.11,49.0,11.0,86,98,42359,281.14
1785348994.943,11.8,100.0,72.07,43.9,8.0,82,94,42359,281.10
1785348995.943,8.6,100.0,72.05,44.1,9.0,82,93,42359,274.53
1785348996.943,6.2,100.0,72.03,52.0,10.0,88,100,42359,286.17
1785348997.944,8.2,99.0,72.22,47.0,11.0,84,89,42359,279.51
1785348998.944,15.5,73.7,71.91,43.0,8.0,86,98,42359,301.03
1785348999.944,7.1,100.0,71.93,38.0,9.0,88,100,42359,279.20
1785349000.944,5.1,100.0,71.93,37.0,7.0,87,99,42359,290.27
1785349001.944,10.5,100.0,72.51,38.0,7.0,88,99,42359,282.10
1785349002.944,12.5,100.0,72.48,31.0,6.0,88,99,42359,269.38
1785349003.944,6.6,100.0,72.47,31.1,6.0,94,100,42359,251.61
1785349004.944,7.5,100.0,72.48,30.9,4.0,88,100,42359,261.28
1785349005.944,7.9,100.0,72.46,31.0,5.0,88,100,42359,266.29
1785349006.944,8.8,100.0,72.41,28.0,3.0,89,100,42359,260.46
1785349007.944,7.4,100.0,72.40,27.0,3.0,89,100,42359,256.49
1785349008.945,6.7,100.0,72.41,28.0,3.0,89,100,42359,252.63
1785349009.945,9.1,100.0,72.41,28.0,4.0,88,100,42359,255.76
1785349010.945,10.3,100.0,72.43,29.0,2.0,87,99,42359,267.36
1785349011.945,7.2,100.0,72.42,28.0,3.0,89,100,42359,247.61
1785349012.945,6.2,100.0,72.40,26.0,3.0,88,99,42359,261.36
1785349013.945,13.1,100.0,72.21,28.0,3.0,88,100,42359,254.64
1785349014.945,7.8,100.0,72.20,30.0,2.0,89,100,42359,262.04
1785349015.945,7.1,100.0,72.23,26.0,2.0,90,100,42359,258.75
1785349016.945,11.6,100.0,72.20,28.9,3.0,89,100,42359,256.38
1785349017.945,13.6,100.0,72.20,25.1,1.0,91,100,42359,254.89
1785349018.945,7.4,100.0,70.66,10.0,0.0,0,0,42359,145.46
1785349019.946,6.8,100.0,70.66,2.0,0.0,0,0,42359,133.04
1785349020.946,9.2,100.0,70.67,2.0,0.0,0,0,42359,119.39
1785349021.946,7.8,100.0,70.70,3.0,0.0,0,0,42359,118.72
1785349022.946,7.2,100.0,70.72,1.0,0.0,0,0,42359,117.83
1785349023.946,13.9,100.0,68.61,10.0,0.0,0,0,42358,116.96
1785349024.946,7.3,100.0,67.45,2.0,0.0,100,9,0,120.84
1785349025.946,8.4,100.0,67.63,207.0,0.0,0,0,0,117.27
1785349026.946,7.1,100.0,67.69,54.0,0.0,0,0,0,116.40
1785349027.946,14.6,100.0,67.53,37.0,0.0,0,0,0,71.48
1785349028.946,8.1,100.0,67.56,25.0,0.0,0,0,0,65.78
1785349029.947,6.3,100.0,67.58,21.0,0.0,0,0,0,64.37
1785349030.947,6.9,100.0,67.58,43.0,0.0,0,0,0,64.12
1785349031.947,13.9,100.0,67.56,48.0,0.0,0,0,0,63.98
1785349032.947,7.8,100.0,67.59,42.0,0.0,0,0,0,63.82
1785349033.947,7.5,100.0,67.56,45.0,0.0,0,0,0,63.58
1785349034.947,7.5,100.0,67.60,44.0,0.0,0,0,0,63.40
1785349035.947,10.4,100.0,67.61,53.0,0.0,0,0,0,63.24
1785349036.947,6.8,100.0,67.61,25.0,0.0,0,0,0,63.09
1785349037.947,7.6,100.0,67.60,40.0,0.0,0,0,0,50.01
1785349038.947,13.3,100.0,67.57,57.0,0.0,0,0,0,36.98
1785349039.947,10.5,100.0,67.60,63.0,0.0,0,0,0,36.94
1785349040.947,7.2,100.0,67.62,31.0,0.0,0,0,0,36.89
1785349041.948,10.4,100.0,67.63,39.9,0.0,0,0,0,36.80
1785349042.948,16.2,100.0,67.48,60.1,0.0,0,0,0,36.65
1785349043.948,6.8,100.0,67.51,43.0,0.0,0,0,0,36.50
1785349044.948,9.8,100.0,67.51,60.0,0.0,0,0,0,36.40
1785349045.948,16.7,100.0,67.50,52.0,0.0,0,0,0,36.27
1785349046.948,13.1,100.0,67.51,37.9,0.0,0,0,0,36.11
1785349047.948,7.9,100.0,67.52,37.2,0.0,0,0,0,36.06
1785349048.948,12.4,100.0,67.52,37.0,0.0,0,0,0,36.02
1785349049.948,12.2,100.0,67.64,39.1,0.0,0,0,0,35.83
1785349050.948,8.7,100.0,67.54,39.9,0.0,0,0,0,35.73
1785349051.949,11.6,100.0,67.51,36.0,0.0,0,0,0,35.74
1785349052.949,14.5,100.0,67.48,30.0,0.0,0,0,0,35.68
1785349053.949,8.7,100.0,67.49,38.0,0.0,0,0,0,35.62
1785349054.949,8.2,100.0,67.32,35.0,0.0,0,0,0,35.52
1785349055.949,12.4,100.0,68.16,35.1,0.0,0,0,0,35.42
1785349056.949,12.3,100.0,67.98,36.9,0.0,0,0,0,35.37
1785349057.949,8.0,100.0,67.99,33.0,0.0,0,0,0,35.32
1785349058.949,7.2,100.0,68.00,38.0,0.0,0,0,0,35.22
1785349059.949,13.0,100.0,67.96,34.0,0.0,0,0,0,35.18
1785349060.949,9.2,100.0,67.96,36.0,0.0,0,0,0,35.12
1785349061.949,6.8,100.0,67.98,36.0,0.0,0,0,0,34.98
1785349062.950,10.5,100.0,67.98,34.0,0.0,0,0,0,34.94
1785349063.950,8.8,100.0,67.97,29.0,0.0,0,0,0,34.98
1785349064.950,7.2,100.0,67.61,29.0,0.0,0,0,0,34.94
1785349065.950,7.1,100.0,67.62,31.0,0.0,0,0,0,34.84
1785349066.950,15.2,100.0,67.61,25.0,0.0,0,0,0,34.79
1785349067.950,6.9,100.0,67.61,27.0,0.0,0,0,0,34.74
1785349068.950,7.4,100.0,67.62,30.0,0.0,0,0,0,34.65
1785349069.950,7.3,100.0,67.59,28.0,0.0,0,0,0,34.60
1785349070.950,14.4,100.0,67.56,25.0,0.0,0,0,0,34.59
1785349071.950,6.9,100.0,67.57,14.0,0.0,0,0,0,34.45
1785349072.950,6.7,100.0,67.57,27.0,0.0,0,0,0,34.35
1785349073.951,6.4,100.0,67.92,14.0,0.0,0,0,0,34.49
1785349074.951,12.1,100.0,67.91,17.0,0.0,0,0,0,34.45
1785349075.951,10.0,100.0,67.93,41.1,0.0,0,0,0,34.30
1785349076.951,11.2,100.0,67.94,54.0,0.0,0,0,0,34.30
1785349077.951,9.4,100.0,67.95,155.0,0.0,0,0,0,34.25
1785349078.951,8.6,100.0,67.96,47.0,0.0,0,0,0,34.15
1785349079.951,8.3,100.0,67.96,12.0,0.0,0,0,0,34.20
1785349080.951,12.0,100.0,67.95,51.9,0.0,0,0,0,34.26
1785349081.951,15.2,100.0,67.94,49.1,0.0,0,0,0,34.12
1785349082.951,14.0,100.0,67.95,48.0,0.0,0,0,0,34.02
1785349083.952,13.6,100.0,67.95,40.9,0.0,0,0,0,34.01
1785349084.952,9.9,100.0,67.96,49.1,0.0,0,0,0,33.96
1785349085.952,6.1,100.0,67.97,53.0,0.0,0,0,0,33.96
1785349086.952,6.5,100.0,68.01,63.0,0.0,0,0,0,33.96
1785349087.952,14.0,100.0,68.26,208.0,0.0,0,0,0,34.01
1785349088.952,15.0,100.0,68.26,19.0,0.0,0,0,0,34.01
1785349089.952,15.4,100.0,68.26,21.0,0.0,0,0,0,33.86
1785349090.952,17.3,100.0,68.27,19.0,0.0,0,0,0,33.82
1785349091.952,17.3,100.0,68.22,35.2,0.0,0,0,0,33.86
1785349092.952,16.0,100.0,68.19,45.8,0.0,0,0,0,33.96
1785349093.952,9.2,100.0,68.22,50.1,0.0,0,0,0,33.90
1785349094.953,7.5,100.0,68.23,53.0,0.0,0,0,0,33.81
1785349095.953,7.2,100.0,68.24,37.0,0.0,0,0,0,33.86
1785349096.953,16.8,100.0,68.41,32.0,0.0,0,0,0,33.81
1785349097.953,16.4,100.0,67.76,19.1,0.0,0,0,0,33.67
1785349098.953,15.9,100.0,67.76,20.9,0.0,0,0,0,33.62
1785349099.953,16.0,100.0,67.76,27.2,0.0,0,0,0,33.72
1785349100.953,14.9,100.0,67.76,26.9,0.0,0,0,0,33.72
1785349101.953,16.1,100.0,67.93,61.0,0.0,0,0,0,33.67
1785349102.953,15.6,100.0,67.89,35.2,0.0,0,0,0,33.66
1785349103.953,15.0,100.0,67.91,29.8,0.0,0,0,0,33.81
1785349104.953,14.1,100.0,67.91,20.0,0.0,0,0,0,34.06
1785349105.954,13.6,100.0,68.30,25.0,0.0,0,0,0,34.06
1785349106.954,17.3,100.0,68.45,86.1,0.0,0,0,0,33.97
1785349107.954,7.9,100.0,68.52,100.0,0.0,0,0,0,33.92
1785349108.954,9.4,100.0,68.59,101.0,0.0,0,0,0,33.91
1785349109.954,7.7,100.0,68.59,10.0,0.0,0,0,0,33.85
1785349110.960,10.4,100.0,68.76,184.0,0.0,0,0,0,33.86
1785349111.960,9.2,100.0,68.78,57.0,0.0,0,0,0,33.86
1785349112.960,8.4,100.0,68.77,37.0,0.0,0,0,0,33.86
1785349113.960,7.9,100.0,68.79,39.0,0.0,0,0,0,33.81
1785349114.960,9.1,100.0,68.80,38.0,0.0,0,0,0,33.81
1785349115.960,8.9,100.0,69.14,41.0,0.0,0,0,0,33.91
1785349116.960,7.4,100.0,69.11,19.0,0.0,0,0,0,33.82
1785349117.960,7.4,100.0,69.11,58.0,0.0,0,0,0,33.83
1785349118.961,14.1,100.0,70.01,44.2,0.0,0,0,0,33.86
1785349119.961,12.7,100.0,70.24,38.8,0.0,0,0,0,33.76
1785349120.961,6.9,100.0,70.25,44.0,0.0,0,0,0,33.77
1785349121.961,6.9,100.0,69.98,41.0,0.0,0,0,0,33.82
1785349122.961,7.7,100.0,69.93,44.0,0.0,0,0,0,33.76
1785349123.961,10.9,100.0,69.96,38.0,0.0,0,0,0,33.85
1785349124.961,8.7,100.0,69.97,23.0,0.0,0,0,0,33.85
1785349125.961,7.7,100.0,69.97,60.0,0.0,0,0,0,33.81
1785349126.961,6.8,100.0,69.98,59.0,0.0,0,0,0,33.72
1785349127.961,7.7,100.0,70.01,58.0,0.0,0,0,0,33.72
1785349128.961,7.6,100.0,70.02,30.0,0.0,0,0,0,33.72
1785349129.962,7.4,100.0,70.03,48.0,0.0,0,0,0,33.67
1785349130.962,9.2,100.0,70.06,58.0,0.0,0,0,0,33.66
1785349131.962,10.3,100.0,70.08,179.0,0.0,0,0,0,33.67
1785349132.962,8.1,100.0,70.06,47.0,0.0,0,0,0,33.67
1785349133.962,8.6,100.0,70.10,63.0,0.0,0,0,0,33.67
1785349134.962,7.0,100.0,70.08,62.0,0.0,0,0,0,33.62
1785349135.962,9.5,100.0,70.09,186.0,0.0,0,0,0,33.62
1785349136.962,12.4,100.0,70.05,18.0,0.0,0,0,0,33.62
1785349137.962,9.4,100.0,70.06,25.0,0.0,0,0,0,33.57
1785349138.962,7.3,100.0,70.05,31.0,0.0,0,0,0,33.52
1785349139.962,6.9,100.0,70.03,37.0,0.0,0,0,0,33.72
1785349140.963,7.6,100.0,70.01,19.0,0.0,0,0,0,33.72
1785349141.963,5.6,100.0,70.00,26.0,0.0,0,0,0,33.57
1785349142.963,6.5,100.0,69.99,23.0,0.0,0,0,0,33.52
1785349143.963,8.1,100.0,69.97,21.0,0.0,0,0,0,33.57
1785349144.963,7.7,100.0,69.97,21.0,0.0,0,0,0,33.62
1785349145.963,8.3,100.0,69.94,25.0,0.0,0,0,0,33.62
1785349146.963,8.5,100.0,69.93,22.0,0.0,0,0,0,33.57
1785349147.963,7.5,100.0,69.92,20.0,0.0,0,0,0,33.47
1785349148.963,8.4,100.0,69.94,27.0,0.0,0,0,0,33.52
1785349149.963,8.3,100.0,69.94,22.0,0.0,0,0,0,33.58
1785349150.963,8.1,100.0,69.94,25.0,0.0,0,0,0,33.58
1785349151.964,8.7,100.0,69.99,29.0,0.0,0,0,0,33.52
1785349152.964,8.7,100.0,70.14,43.8,0.0,0,0,0,33.52
1785349153.964,8.0,100.0,70.17,30.1,0.0,0,0,0,33.48
1785349154.964,7.6,100.0,70.15,30.0,0.0,0,0,0,33.48
1785349155.964,6.4,100.0,70.14,36.1,0.0,0,0,0,33.53
1785349156.964,7.8,100.0,70.13,40.0,0.0,0,0,0,33.48
1785349157.964,7.7,100.0,70.09,20.0,0.0,0,0,0,33.47
1785349158.964,7.3,100.0,70.08,30.0,0.0,0,0,0,33.47
1785349159.964,7.7,100.0,70.10,29.0,0.0,0,0,0,33.43
1785349160.964,6.9,100.0,70.09,32.0,0.0,0,0,0,33.43
1785349161.965,7.1,100.0,70.10,35.0,0.0,0,0,0,33.43
1785349162.965,6.1,100.0,70.10,33.0,0.0,0,0,0,33.53
1785349163.965,6.7,100.0,69.90,39.0,0.0,0,0,0,33.53
1785349164.965,7.1,100.0,69.89,32.0,0.0,0,0,0,33.48
1785349165.965,7.2,100.0,69.91,22.0,0.0,0,0,0,33.47
1785349166.965,7.0,100.0,69.90,48.0,0.0,0,0,0,33.51
1785349167.965,8.6,100.0,69.88,48.0,0.0,0,0,0,33.41
1785349168.965,6.4,100.0,69.88,47.0,0.0,0,0,0,33.38
1785349169.965,7.0,100.0,69.85,47.0,0.0,0,0,0,33.38
1785349170.965,7.7,100.0,69.84,60.9,0.0,0,0,0,33.43
1785349171.965,7.3,100.0,69.87,50.1,0.0,0,0,0,33.42
1785349172.966,6.8,100.0,69.88,46.0,0.0,0,0,0,33.41
1785349173.966,7.5,100.0,69.84,43.8,0.0,0,0,0,33.36
1785349174.966,8.1,100.0,69.84,25.1,0.0,0,0,0,33.47
1785349175.966,6.3,100.0,69.89,17.0,0.0,0,0,0,33.52
1785349176.966,6.5,100.0,69.90,17.0,0.0,0,0,0,33.47
1785349177.966,6.3,100.0,69.89,25.0,0.0,0,0,0,33.47
1785349178.966,7.5,100.0,69.89,55.0,0.0,0,0,0,33.43
1785349179.966,7.7,100.0,69.94,43.0,0.0,0,0,0,33.43
1785349180.966,6.7,100.0,69.94,43.0,0.0,0,0,0,33.42
1785349181.966,7.0,100.0,69.97,39.0,0.0,0,0,0,33.52
1785349182.966,8.0,100.0,70.18,47.9,0.0,0,0,0,33.47
1785349183.967,12.3,100.0,70.44,400.8,0.0,0,0,0,33.38
1785349184.967,8.7,100.0,70.51,123.0,0.0,0,0,0,33.38
1785349185.967,10.5,100.0,70.55,121.0,0.0,0,0,0,33.33
1785349186.967,7.8,100.0,70.60,135.0,0.0,0,0,3,33.47
1785349187.967,10.4,100.0,70.93,907.0,0.0,1,0,1511,84.95
1785349188.967,8.3,100.0,70.97,143.1,0.0,0,0,1511,104.82
1785349189.967,9.3,100.0,71.00,125.0,0.0,0,0,1511,104.86
1785349190.967,8.1,100.0,71.00,136.0,0.0,0,0,1511,105.08
1785349191.967,8.9,100.0,71.06,117.0,0.0,0,0,1511,105.15
1785349192.967,7.8,100.0,71.06,136.0,0.0,0,0,13997,105.53
1785349193.967,7.8,100.0,70.82,80.0,0.0,0,0,15037,105.67
1785349194.968,7.9,100.0,70.50,14.0,0.0,0,0,15037,105.71
1785349195.968,6.3,100.0,70.52,85.0,0.0,16,1,15037,107.46
1785349196.968,10.6,100.0,70.47,101.9,0.0,35,1,15037,108.16
1785349197.968,9.1,100.0,70.47,102.0,0.0,0,0,14981,107.42
1785349198.968,7.4,100.0,70.51,80.0,0.0,0,0,15135,106.14
1785349199.968,6.7,100.0,70.50,102.0,0.0,0,0,15135,106.17
1785349200.968,7.5,100.0,70.48,86.0,0.0,0,0,15135,106.14
1785349201.968,6.5,100.0,70.49,13.0,0.0,0,0,15135,106.21
1785349202.968,7.0,100.0,70.50,14.0,0.0,0,0,15135,106.95
1785349203.968,7.9,100.0,70.51,14.0,0.0,0,0,15135,107.58
1785349204.969,6.5,100.0,70.54,14.0,0.0,0,0,15135,107.54
1785349205.969,5.2,100.0,70.56,11.0,0.0,0,0,15135,107.64
1785349206.969,6.0,100.0,70.54,14.0,0.0,0,0,15135,107.74
1785349207.969,5.8,100.0,70.58,11.0,0.0,0,0,15135,107.74
1785349208.969,7.4,100.0,70.58,13.0,0.0,0,0,15135,107.79
1785349209.969,6.1,100.0,70.41,48.0,0.0,0,0,15135,107.84
1785349210.969,7.0,100.0,70.45,82.0,0.0,0,0,15135,108.02
1785349211.969,6.9,100.0,70.61,79.0,0.0,53,34,15679,144.15
1785349212.969,7.7,100.0,70.64,34.0,0.0,0,0,15679,126.48
1785349213.969,7.6,100.0,70.65,66.0,0.0,0,0,15679,110.04
1785349214.969,7.1,100.0,70.66,79.0,0.0,80,54,42243,172.23
1785349215.970,8.1,100.0,70.71,101.9,0.0,61,50,42269,256.46
1785349216.970,7.8,100.0,70.76,99.0,0.0,60,65,42315,267.33
1785349217.970,7.5,100.0,70.80,94.0,0.0,49,55,42497,210.77
1785349218.970,6.6,100.0,70.82,100.0,0.0,68,72,42543,258.21
1785349219.970,6.0,100.0,70.85,69.0,0.0,0,0,42601,188.55
1785349220.970,7.3,100.0,70.90,23.0,0.0,0,0,42601,112.67
1785349221.970,6.5,100.0,70.94,22.0,0.0,0,0,42601,111.30
1785349222.970,6.8,100.0,70.97,23.0,0.0,0,0,42601,111.15
1785349223.970,7.7,100.0,70.99,1277.2,0.0,0,0,42827,129.62
1785349224.971,7.1,100.0,71.03,34.0,0.0,0,0,42827,111.22
1785349225.971,7.3,100.0,71.08,18.0,0.0,0,0,42827,111.01
1785349226.971,6.7,100.0,71.11,20.0,0.0,0,0,43127,111.14
1785349227.971,6.2,100.0,71.25,38.0,0.0,0,0,43127,111.31
1785349228.971,8.4,100.0,71.26,34.0,0.0,0,0,43129,111.36
1785349229.971,6.9,100.0,71.24,84.0,0.0,0,0,43129,110.04
1785349230.971,5.2,100.0,71.20,8.0,0.0,0,0,43129,110.98
1785349231.971,5.6,100.0,71.32,67.0,0.0,0,0,43129,110.85
1785349232.971,6.9,100.0,71.28,32.0,0.0,0,0,43129,110.93
1785349233.971,6.3,100.0,71.23,43.0,0.0,0,0,43129,110.94
1785349234.971,5.4,100.0,71.24,8.0,0.0,0,0,43129,110.90
1785349235.972,7.0,100.0,71.36,48.0,0.0,0,0,43129,110.85
1785349236.972,6.2,100.0,71.38,30.0,0.0,0,0,43129,110.84
1785349237.972,7.0,100.0,71.62,24.0,0.0,0,0,43129,110.92
1785349238.972,6.5,100.0,71.59,2.0,0.0,0,0,43129,110.87
1785349239.972,7.0,100.0,71.59,2.0,0.0,0,0,43129,110.84
1785349240.972,8.4,100.0,71.77,2.0,212.0,0,0,43129,110.84
1785349241.972,7.2,100.0,71.82,4.0,46.0,0,0,43129,110.84
1785349242.972,6.6,100.0,71.82,1.0,44.0,0,0,43129,110.84
1785349243.972,7.8,100.0,71.83,2.0,36.0,0,0,43129,110.89
1785349244.972,7.0,100.0,71.84,2.0,40.0,0,0,43129,110.89
1785349245.972,9.6,100.0,71.82,3.0,18.0,0,0,43129,110.92
1785349246.973,7.3,100.0,71.79,3.0,57.0,0,0,43129,110.87
1785349247.973,7.5,100.0,71.77,5.0,45.0,0,0,43129,110.83
1785349248.973,6.3,100.0,71.82,1.0,43.0,0,0,43129,110.93
1785349249.973,7.5,100.0,72.41,2.0,46.0,0,0,43129,110.89
1785349250.973,7.1,100.0,72.41,4.0,38.0,0,0,43129,110.85
1785349251.973,7.4,100.0,72.41,1.0,39.0,0,0,43129,110.84
1785349252.973,7.6,100.0,72.42,2.0,41.0,0,0,43129,111.11
1785349253.973,6.5,100.0,72.42,3.0,18.0,0,0,43129,111.25
1785349254.973,7.1,100.0,72.43,2.0,50.0,0,0,43129,110.97
1785349255.973,6.6,100.0,72.44,3.0,54.0,0,0,43129,110.97
1785349256.974,12.0,100.0,72.46,1.0,66.0,0,0,43129,111.02
1785349257.974,10.0,100.0,72.47,3.0,28.0,0,0,43129,110.84
1785349258.974,6.9,100.0,72.50,2.0,34.0,0,0,43129,110.78
1785349259.974,7.0,100.0,72.52,3.0,64.0,0,0,43129,110.78
1785349260.974,7.2,100.0,72.45,3.0,49.0,0,0,43129,110.89
1785349261.974,7.1,100.0,72.46,1.0,50.0,0,0,43129,110.99
1785349262.974,7.0,100.0,72.50,3.0,53.0,0,0,43129,110.94
1785349263.974,7.0,100.0,72.51,1.0,36.0,0,0,43129,110.94
1785349264.974,7.0,100.0,72.53,3.0,27.0,0,0,43129,111.03
1785349265.975,7.3,100.0,72.53,1.0,34.0,0,0,43129,111.02
1785349266.975,6.3,100.0,72.53,4.0,36.0,0,0,43129,111.02
1785349267.975,7.8,100.0,72.55,2.0,34.0,0,0,43129,110.98
1785349268.975,6.7,100.0,72.55,2.0,32.0,0,0,43129,110.84
1785349269.975,7.6,100.0,72.50,3.0,32.0,0,0,43129,110.97
1785349270.975,6.9,100.0,72.49,1.0,32.0,0,0,43129,110.97
1785349271.975,6.6,100.0,72.50,2.0,32.0,0,0,43129,110.92
1785349272.975,6.8,100.0,72.49,3.0,27.0,0,0,43129,110.98
1785349273.975,7.6,100.0,72.44,1.0,27.0,0,0,43129,111.00
1785349274.975,6.8,100.0,72.43,4.0,26.0,0,0,43129,111.04
1785349275.975,6.8,100.0,72.41,2.0,19.0,0,0,43129,111.03
1785349276.975,6.6,100.0,72.41,3.0,33.0,0,0,43129,111.08
1785349277.976,7.7,100.0,72.44,2.0,32.0,0,0,43129,111.11
1785349278.976,7.7,100.0,72.42,1.0,33.0,0,0,43129,111.07
1785349279.976,6.8,100.0,72.39,3.0,43.0,0,0,43129,111.08
1785349280.976,6.7,100.0,72.38,1.0,28.0,0,0,43129,111.08
1785349281.976,7.0,100.0,72.38,3.0,25.0,0,0,43129,111.08
1785349282.976,7.3,100.0,72.02,3.0,27.0,0,0,43129,111.09
1785349283.976,7.8,100.0,72.29,3.0,28.0,0,0,43129,111.09
1785349284.976,6.7,100.0,72.29,2.0,16.0,0,0,43129,111.11
1785349285.976,6.7,100.0,72.32,3.0,29.0,0,0,43129,111.11
1785349286.976,7.6,100.0,72.36,2.0,27.0,0,0,43129,111.07
1785349287.976,7.1,100.0,72.36,3.0,26.0,0,0,43129,111.16
1785349288.977,7.6,100.0,72.32,2.0,28.0,0,0,43129,111.13
1785349289.977,9.6,100.0,72.32,2.0,26.0,0,0,43129,111.02
1785349290.977,7.1,100.0,72.34,2.0,19.0,0,0,43129,111.05
1785349291.977,7.4,100.0,72.34,3.0,14.0,0,0,43129,111.07
1785349292.977,6.8,100.0,72.33,3.0,27.0,0,0,43129,111.07
1785349293.977,7.5,100.0,72.33,3.0,47.0,0,0,43129,111.03
1785349294.977,7.3,100.0,72.36,1.0,193.0,0,0,43129,111.09
1785349295.977,7.0,100.0,72.38,3.0,43.0,0,0,43129,111.09
1785349296.977,5.2,100.0,72.41,4.0,37.0,0,0,43129,111.05
1785349297.977,6.2,100.0,72.40,3.0,24.0,0,0,43129,111.04
1785349298.977,6.4,100.0,72.46,2.0,56.0,0,0,43129,111.09
1785349299.977,7.1,100.0,72.47,1.0,40.0,0,0,43129,111.19
1785349300.977,5.1,100.0,72.47,4.0,39.0,0,0,43129,111.23
1785349301.978,6.8,100.0,72.45,3.0,46.0,0,0,43129,111.14
1785349302.978,6.4,100.0,72.44,4.0,58.0,0,0,43129,111.05
1785349303.978,6.6,100.0,72.42,2.0,54.0,0,0,43129,111.14
1785349304.978,8.7,100.0,72.43,2.0,209.0,0,0,43129,111.13
1785349305.978,6.1,100.0,72.48,3.0,22.0,0,0,43129,111.09
1785349306.978,7.3,100.0,72.47,1.0,18.0,0,0,43129,111.24
1785349307.978,6.8,100.0,72.49,3.0,17.0,0,0,43129,111.28
1785349308.978,6.6,100.0,72.52,2.0,27.0,0,0,43129,111.18
1785349309.978,6.0,100.0,72.53,1.0,43.0,0,0,43129,111.19
1785349310.978,6.6,100.0,72.52,4.0,54.0,0,0,43129,111.19
1785349311.978,6.1,100.0,72.60,2.0,48.0,0,0,43129,111.18
1785349312.979,5.2,100.0,72.62,3.0,48.0,0,0,43129,111.18
1785349313.979,5.6,100.0,72.62,3.0,28.0,0,0,43129,111.08
1785349314.979,6.8,100.0,72.62,1.0,14.0,0,0,43129,111.13
1785349315.979,6.3,100.0,72.61,2.0,36.0,0,0,43129,111.16
1785349316.979,10.5,100.0,72.07,3.0,66.0,0,0,43129,111.17
1785349317.979,8.8,100.0,72.51,1.0,43.0,0,0,43129,111.28
1785349318.979,7.2,100.0,72.55,3.0,42.0,0,0,43129,111.42
1785349319.979,6.8,100.0,72.57,2.0,39.0,0,0,43129,111.32
1785349320.979,6.9,100.0,72.59,4.0,36.0,0,0,43129,111.18
1785349321.979,5.9,100.0,72.73,1.0,28.0,0,0,43129,111.18
1785349322.980,6.9,100.0,72.82,3.0,43.0,0,0,43129,111.18
1785349323.980,7.4,100.0,72.93,9.0,58.0,0,0,43129,111.16
1785349324.980,6.9,100.0,72.89,33.0,2.0,89,76,43131,211.00
1785349325.980,8.4,100.0,72.88,37.0,9.0,86,99,43131,278.47
1785349326.980,6.7,100.0,72.90,50.0,11.0,87,99,43131,250.76
1785349327.980,6.8,100.0,72.93,30.0,4.0,88,100,43131,267.19
1785349328.980,6.9,100.0,72.99,31.0,8.0,89,100,43131,272.42
1785349329.980,6.5,100.0,72.26,15.0,0.0,0,0,43131,173.24
1785349330.980,9.0,100.0,72.26,2.0,210.3,0,0,43131,129.50
1785349331.980,6.6,100.0,71.24,3.0,48.0,0,0,43131,114.11
1785349332.981,7.2,100.0,71.82,2.0,36.0,0,0,43131,114.00
1785349333.981,7.3,100.0,68.92,2.0,33.0,0,0,43131,113.85
1785349334.981,6.8,100.0,68.87,3.0,41.0,0,0,43131,113.60
1785349335.981,6.7,100.0,67.66,3.0,17.0,0,0,43131,113.43
1785349336.981,5.6,100.0,67.66,1.0,71.0,0,0,43131,113.39
1785349337.981,7.1,100.0,67.65,3.0,41.0,0,0,43131,113.35
1785349338.981,5.7,100.0,67.63,3.0,39.0,0,0,43131,113.27
1785349339.981,6.1,100.0,67.63,1.0,46.0,0,0,43131,113.16
1785349340.981,6.6,100.0,67.61,4.0,40.0,0,0,43131,113.35
1785349341.981,5.9,100.0,67.61,1.0,48.0,0,0,43131,113.35
1785349342.982,5.6,100.0,67.61,3.0,22.0,0,0,43131,113.11
1785349343.982,5.5,100.0,67.58,2.0,42.0,0,0,43131,113.08
1785349344.982,5.5,100.0,68.18,2.0,55.0,0,0,43131,113.09
1785349345.982,6.5,100.0,68.16,3.0,67.0,0,0,43131,113.02
1785349346.982,6.2,100.0,68.21,3.0,31.0,0,0,43131,112.96
1785349347.982,5.6,100.0,68.20,1.0,36.0,0,0,43131,112.98
1785349348.982,3.8,100.0,68.20,4.0,67.0,0,0,43131,112.93
1785349349.982,7.0,100.0,68.19,2.0,46.0,0,0,43131,113.08
1785349350.982,8.0,100.0,68.21,3.0,51.0,0,0,43131,113.06
1785349351.982,6.1,100.0,68.22,2.0,50.0,0,0,43131,112.82
1785349352.983,5.1,100.0,68.23,4.0,38.0,0,0,43131,112.79
1785349353.983,6.0,100.0,68.22,0.0,33.0,0,0,43131,112.30
1785349354.983,6.6,100.0,68.23,3.0,36.0,0,0,43131,112.05
1785349355.983,6.0,100.0,68.19,3.0,35.0,0,0,43131,112.04
1785349356.983,5.4,100.0,68.18,2.0,34.0,0,0,43131,111.79
1785349357.983,5.8,100.0,68.38,2.0,34.0,0,0,43131,111.90
1785349358.983,6.0,100.0,68.39,4.0,35.0,0,0,43131,111.87
1785349359.983,6.2,100.0,68.38,1.0,33.0,0,0,43131,111.75
1785349360.983,7.2,100.0,68.35,2.0,40.0,0,0,43131,111.80
1785349361.983,6.9,100.0,68.36,3.0,33.0,0,0,43131,111.76
1785349362.983,7.2,100.0,68.35,2.0,33.0,0,0,43131,111.71
1785349363.984,8.0,100.0,68.35,3.0,29.0,0,0,43131,111.76
1785349364.984,7.1,100.0,68.38,2.0,30.0,0,0,43131,111.71
1785349365.984,7.1,100.0,68.70,2.0,36.0,0,0,43131,111.67
1785349366.984,5.7,100.0,68.53,2.0,35.0,0,0,43131,111.67
1785349367.984,7.6,100.0,68.54,2.0,39.0,0,0,43131,111.57
1785349368.984,6.7,100.0,68.55,3.0,38.0,0,0,43131,111.57
1785349369.984,6.1,100.0,68.55,1.0,28.0,0,0,43131,111.57
1785349370.984,5.4,100.0,68.57,2.0,28.0,0,0,43131,111.57
1785349371.984,5.7,100.0,68.57,4.0,30.0,0,0,43131,111.57
1785349372.985,7.6,100.0,68.55,2.0,21.0,0,0,43131,111.54
1785349373.985,7.6,100.0,68.54,2.0,30.0,0,0,43131,111.62
1785349374.985,7.0,100.0,68.52,3.0,27.0,0,0,43131,111.60
1785349375.985,6.9,100.0,68.53,2.0,28.0,0,0,43131,111.50
1785349376.985,9.5,100.0,68.70,1.0,31.0,0,0,43131,111.49
1785349377.985,8.1,100.0,68.70,3.0,31.0,0,0,43131,111.50
1785349378.985,7.7,100.0,68.71,2.0,17.0,0,0,43131,111.55
1785349379.985,5.9,100.0,68.68,4.0,19.1,0,0,43131,111.50
1785349380.985,6.6,100.0,68.69,1.0,36.8,0,0,43131,111.48
1785349381.985,7.2,100.0,68.70,2.0,196.0,0,0,43131,111.48
1785349382.985,5.7,100.0,68.70,3.0,44.0,0,0,43131,111.48
1785349383.986,7.2,100.0,68.71,0.0,46.0,0,0,43131,111.47
1785349384.986,5.7,100.0,68.71,4.0,15.0,0,0,43131,111.47
1785349385.986,6.2,100.0,68.71,2.0,58.0,0,0,43131,111.47
1785349386.986,6.2,100.0,68.69,1.0,49.0,0,0,43131,111.52
1785349387.986,6.4,100.0,68.68,3.0,43.0,0,0,43131,111.55
1785349388.986,5.8,100.0,68.64,2.0,52.0,0,0,43131,111.36
1785349389.986,6.4,100.0,68.64,3.0,55.0,0,0,43131,111.28
1785349390.986,5.7,100.0,68.65,2.0,50.0,0,0,43131,111.32
1785349392.060,6.5,100.0,68.17,1.9,196.7,0,0,43131,111.33
1785349393.060,5.8,100.0,68.02,3.0,23.0,0,0,43131,111.34
1785349394.060,7.2,100.0,68.05,1.0,18.0,0,0,43131,111.36
1785349395.060,7.3,100.0,68.05,2.0,17.0,0,0,43131,111.75
1785349396.060,5.7,100.0,68.06,3.0,30.0,0,0,43131,111.72
1785349397.060,7.6,100.0,68.07,5.0,48.0,0,0,43131,111.33
1785349398.060,8.0,100.0,68.05,3.0,53.0,0,0,43131,111.41
1785349399.060,7.2,100.0,68.04,4.0,56.0,0,0,43131,111.39
1785349400.060,8.4,100.0,68.04,3.0,42.0,0,0,43131,111.25
1785349401.061,6.3,100.0,68.04,3.0,31.0,0,0,43131,111.21
1785349402.061,7.6,100.0,68.54,3.0,21.0,0,0,43131,111.28
1785349403.061,5.5,100.0,68.57,2.0,61.0,0,0,43131,111.34
1785349404.061,5.2,100.0,68.56,5.0,51.0,0,0,43131,111.24
1785349405.061,5.7,100.0,68.57,2.0,40.0,0,0,43131,111.23
1785349406.061,9.3,100.0,68.48,2.0,48.1,0,0,43131,111.35
1785349407.061,8.8,100.0,68.48,2.0,32.9,0,0,43131,111.32
1785349408.061,5.6,100.0,68.49,2.0,31.0,0,0,43131,111.25
1785349409.061,6.4,100.0,68.60,3.0,43.0,0,0,43131,111.23
1785349410.061,6.4,100.0,68.98,2.0,45.0,0,0,43131,111.28
1785349411.062,8.4,100.0,69.74,3.0,62.0,0,0,43131,111.32
1785349412.062,8.5,100.0,70.03,1.0,100.0,0,0,43131,111.26
1785349413.062,6.8,100.0,70.21,4.0,100.0,0,0,43131,111.21
1785349414.062,6.6,100.0,70.14,3.0,100.0,0,0,43131,111.32
1785349415.062,6.2,100.0,70.03,24.0,57.0,88,100,43131,152.04
1785349416.062,6.4,100.0,70.03,36.0,8.0,87,99,43131,268.44
1785349417.062,7.1,100.0,69.99,38.0,9.0,85,97,43131,273.07
1785349418.062,5.6,100.0,69.99,38.0,8.0,85,98,43131,274.49
1785349419.062,6.2,100.0,69.96,35.0,8.0,88,100,43131,274.69
1785349420.062,5.5,100.0,69.93,38.0,9.0,88,100,43131,272.16
1785349421.063,6.7,100.0,69.92,38.0,10.0,87,100,43131,283.82
1785349422.063,5.4,100.0,69.90,36.0,8.0,87,100,43131,270.12
1785349423.063,5.8,100.0,69.90,37.0,8.0,88,100,43131,251.60
1785349424.063,5.2,100.0,69.90,45.0,5.0,90,78,43131,261.02
1785349425.063,5.5,100.0,69.90,41.0,7.0,82,91,43131,254.47
1785349426.063,4.8,100.0,69.89,36.0,4.0,89,100,43131,247.06
1785349427.063,5.9,100.0,69.87,40.0,7.0,88,100,43131,268.45
1785349428.063,5.8,100.0,69.86,41.0,7.0,88,99,43131,276.35
1785349429.063,6.8,100.0,69.86,43.0,9.0,85,95,43131,266.97
1785349430.064,5.9,100.0,69.84,43.0,7.0,87,91,43131,273.29
1785349431.064,4.7,100.0,69.83,39.0,9.0,86,99,43131,249.74
1785349432.064,5.1,100.0,69.83,43.0,8.0,88,100,43131,278.32
1785349433.064,4.6,100.0,69.80,56.0,10.0,87,82,43131,281.32
1785349434.064,4.0,100.0,69.78,54.0,10.0,88,92,43131,294.78
1785349435.064,6.3,100.0,69.76,46.0,10.0,85,98,43131,266.07
1785349436.064,5.0,100.0,69.74,47.0,8.0,86,98,43131,290.89
1785349437.064,9.2,100.0,69.72,51.0,10.0,83,94,43131,280.48
1785349438.064,7.6,100.0,69.70,43.0,9.0,85,97,43131,273.85
1785349439.064,4.4,100.0,69.68,49.0,9.0,86,99,43131,278.32
1785349440.065,5.4,100.0,69.68,41.0,10.0,84,95,43131,265.97
1785349441.065,4.3,100.0,69.66,49.0,10.0,91,94,43131,279.23
1785349442.065,5.1,100.0,69.66,47.0,10.0,88,100,43131,278.24
1785349443.065,5.4,100.0,69.64,46.0,9.0,86,99,43131,281.46
1785349444.065,5.3,100.0,69.64,48.0,10.0,86,98,43131,271.50
1785349445.065,6.1,100.0,69.63,40.0,9.0,89,100,43131,285.50
1785349446.065,7.0,100.0,69.49,43.0,9.0,86,99,43131,261.08
1785349447.065,4.8,96.0,69.50,45.0,9.0,89,98,43131,282.70
1785349448.065,5.8,83.8,69.49,48.0,10.0,86,99,43131,270.95
1785349449.065,8.6,100.0,69.47,50.0,9.0,89,75,43131,277.16
1785349450.066,7.9,100.0,69.60,48.2,11.0,86,98,43131,277.72
1785349451.066,5.8,100.0,69.45,46.8,9.0,90,88,43131,267.71
1785349452.066,8.6,100.0,69.46,51.0,11.0,93,76,43131,286.11
1785349453.066,7.7,99.0,69.45,50.0,10.0,86,98,43131,285.61
1785349454.066,5.6,100.0,69.45,56.0,13.0,84,96,43131,287.28
1785349455.066,8.8,100.0,69.45,47.0,11.0,85,65,43131,276.49
1785349456.066,8.5,100.0,69.57,52.0,10.0,94,81,43131,272.61
1785349457.066,5.5,100.0,69.41,47.0,12.0,87,99,43131,285.33
1785349458.066,8.4,100.0,69.40,51.0,12.0,83,95,43131,281.69
1785349459.066,6.3,100.0,69.41,55.0,11.0,94,66,43131,279.47
1785349460.066,6.7,100.0,69.40,51.0,11.0,88,100,43131,289.70
1785349461.067,5.8,100.0,69.41,50.0,11.0,90,79,43131,293.27
1785349462.067,3.6,100.0,69.39,47.0,12.0,85,97,43131,284.77
1785349463.067,4.3,100.0,69.37,46.0,11.0,85,96,43131,277.97
1785349464.067,4.8,100.0,69.39,40.0,9.0,86,98,43131,280.79
1785349465.067,5.6,100.0,69.37,39.0,9.0,87,100,43131,264.66
1785349466.067,6.3,100.0,69.39,37.0,9.0,91,100,43131,290.55
1785349467.067,6.4,100.0,69.40,37.0,8.0,87,100,43131,279.77
1785349468.067,5.4,100.0,69.36,36.0,8.0,89,100,43131,276.35
1785349469.067,5.4,100.0,69.61,34.0,6.0,89,100,43131,274.26
1785349470.067,6.1,100.0,69.59,33.9,6.0,88,100,43131,268.59
1785349471.068,4.7,100.0,69.60,27.0,5.0,88,99,43131,254.43
1785349472.068,6.7,100.0,69.57,29.0,4.0,90,100,43131,244.30
1785349473.068,8.2,100.0,69.56,27.0,3.0,88,99,43131,255.65
1785349474.068,4.8,100.0,69.55,28.0,4.0,87,98,43131,255.42
1785349475.068,7.5,100.0,69.53,27.0,4.0,90,100,43131,257.89
1785349476.068,5.2,100.0,69.56,27.0,2.0,90,100,43131,257.31
1785349477.068,5.4,100.0,69.55,27.0,4.0,91,100,43131,257.12
1785349478.068,6.3,100.0,69.44,26.0,2.0,90,100,43131,257.52
1785349479.068,6.5,100.0,69.46,25.0,2.0,91,100,43131,255.16
1785349480.068,7.6,100.0,69.45,24.0,2.0,90,100,43131,252.99
1785349481.069,6.0,100.0,69.41,25.0,2.0,89,100,43131,257.75
1785349482.069,6.8,100.0,69.42,26.0,2.0,88,99,43131,255.98
1785349483.069,6.3,100.0,69.41,23.0,1.0,91,100,43131,255.05
1785349484.069,8.4,100.0,69.40,27.0,2.0,89,100,43131,254.65
1785349485.069,7.8,100.0,69.39,24.0,3.0,90,100,43131,251.21
1785349486.069,7.5,100.0,69.37,27.0,1.0,86,97,43131,254.90
1785349487.069,6.8,100.0,69.38,23.0,1.0,90,100,43131,255.95
1785349488.069,6.4,100.0,69.71,23.0,1.0,91,100,43131,259.72
1785349489.069,5.5,100.0,69.62,27.0,7.0,91,100,43131,256.80
1785349490.069,8.2,100.0,68.11,2.0,0.0,0,0,43131,132.84
1785349491.070,5.2,100.0,68.11,4.0,0.0,0,0,43131,117.93
1785349492.070,6.1,100.0,68.24,1.0,0.0,0,0,43131,117.55
1785349493.070,8.1,100.0,68.32,2.0,205.2,0,0,43131,117.05
1785349494.070,6.7,100.0,68.32,3.0,51.0,0,0,43131,116.67
1785349495.070,6.8,100.0,68.32,3.0,39.0,0,0,43131,116.38
1785349496.070,5.5,100.0,68.32,2.0,36.0,0,0,43131,116.09
1785349497.070,9.9,100.0,68.32,2.0,32.0,0,0,43131,115.80
1785349498.070,6.8,100.0,68.33,1.0,32.0,0,0,43131,115.95
1785349499.070,7.3,100.0,67.60,3.0,65.0,0,0,43131,115.68
1785349500.070,6.3,100.0,68.01,2.0,41.0,0,0,43131,115.05
1785349501.071,7.3,100.0,68.02,2.0,47.0,0,0,43131,114.86
1785349502.071,6.0,100.0,68.02,1.0,38.0,0,0,43131,114.71
1785349503.071,6.4,100.0,68.03,3.0,41.0,0,0,43131,114.48
1785349504.071,7.0,100.0,68.03,2.0,50.0,0,0,43131,114.30
1785349505.071,6.0,100.0,68.00,3.0,20.0,0,0,43131,114.15
1785349506.071,6.2,100.0,68.02,2.0,53.2,0,0,43131,113.95
1785349507.071,5.4,100.0,68.02,2.0,55.8,0,0,43131,113.85
1785349508.071,4.2,100.0,68.04,2.0,63.0,0,0,43131,113.67
1785349509.071,6.0,100.0,68.07,4.0,31.0,0,0,43131,113.38
1785349510.071,5.9,100.0,68.04,1.0,38.0,0,0,43131,113.08
1785349511.072,6.1,100.0,68.03,4.0,70.0,0,0,43131,112.79
1785349512.072,6.2,100.0,68.02,2.0,40.0,0,0,43131,112.75
1785349513.072,5.8,100.0,68.00,2.0,58.0,0,0,43131,112.64
1785349514.072,7.2,100.0,67.99,2.0,50.0,0,0,43131,112.54
1785349515.072,6.5,100.0,68.00,2.0,38.0,0,0,43131,112.45
1785349516.072,6.0,100.0,67.99,2.0,36.0,0,0,43131,112.45
1785349517.072,6.1,100.0,67.99,3.0,39.0,0,0,43131,112.40
1785349518.072,6.8,100.0,67.99,1.0,37.0,0,0,43131,112.16
1785349519.072,5.7,100.0,67.98,4.0,36.0,0,0,43131,112.07
1785349520.072,5.7,100.0,67.88,2.0,34.0,0,0,43131,111.92
1785349521.073,6.1,100.0,67.87,0.0,34.0,0,0,43131,111.77
1785349522.073,5.7,100.0,67.87,4.0,37.0,0,0,43131,111.91
1785349523.073,4.3,100.0,67.86,3.0,34.0,0,0,43131,111.87
1785349524.073,4.5,100.0,67.86,1.0,34.0,0,0,43131,111.63
1785349525.073,6.7,100.0,67.88,3.0,35.0,0,0,43131,111.48
1785349526.073,6.8,100.0,67.86,3.0,26.0,0,0,43131,111.46
1785349527.073,6.2,100.0,67.87,2.0,36.0,0,0,43131,111.41
1785349528.073,5.9,100.0,67.88,2.0,33.0,0,0,43131,111.18
1785349529.073,6.7,100.0,67.87,2.0,32.0,0,0,43131,111.13
1785349530.073,5.7,100.0,67.88,4.0,47.0,0,0,43131,111.14
1785349531.074,6.1,100.0,67.83,1.0,27.0,0,0,43131,110.99
1785349532.074,6.5,100.0,67.86,2.0,26.0,0,0,43131,110.94
1785349533.074,6.2,100.0,67.85,2.0,27.0,0,0,43131,110.89
1785349534.074,7.3,100.0,67.86,3.0,31.0,0,0,43131,110.85
1785349535.074,6.2,100.0,67.83,4.0,18.0,0,0,43131,110.90
1785349536.074,6.2,100.0,67.82,2.0,29.0,0,0,43131,110.80
1785349537.074,6.2,100.0,67.84,3.0,29.0,0,0,43131,110.70
1785349538.074,5.5,100.0,67.83,1.0,28.0,0,0,43131,110.79
1785349539.074,5.0,100.0,67.82,3.0,30.0,0,0,43131,110.71
1785349540.074,6.3,100.0,68.21,2.0,31.0,0,0,43131,110.52
1785349541.075,6.7,100.0,68.23,2.0,18.0,0,0,43131,110.64
1785349542.075,5.1,100.0,68.24,2.0,24.0,0,0,43131,110.64
1785349543.075,5.6,100.0,68.23,2.0,38.0,0,0,43131,110.40
1785349544.075,8.5,100.0,68.20,3.0,134.0,0,0,43131,110.40
1785349545.075,6.3,100.0,68.23,2.0,43.0,0,0,43131,110.40
1785349546.075,6.0,100.0,68.24,2.0,38.0,0,0,43131,110.30
1785349547.075,6.6,100.0,68.27,2.0,26.0,0,0,43131,110.30
1785349548.075,6.1,100.0,68.27,2.0,57.0,0,0,43131,110.29
1785349549.075,5.5,100.0,68.26,2.0,47.0,0,0,43131,110.15
1785349550.075,7.1,100.0,68.22,4.0,45.0,0,0,43131,110.12
1785349551.075,7.3,100.0,68.21,2.0,52.8,0,0,43131,110.16
1785349552.076,8.1,100.0,68.24,2.0,58.2,0,0,43131,110.06
1785349553.076,5.5,100.0,68.26,1.0,58.0,0,0,43131,109.97
1785349554.076,8.9,100.0,68.29,5.0,196.0,0,0,43131,109.96
1785349555.076,6.5,100.0,68.30,1.0,18.0,0,0,43131,111.18
1785349556.076,7.0,100.0,68.31,2.0,18.0,0,0,43131,112.25
1785349557.076,11.4,100.0,68.32,2.0,18.0,0,0,43131,112.10
1785349558.076,9.5,100.0,68.49,3.0,35.0,0,0,43131,112.09
1785349559.076,7.7,100.0,68.48,2.0,52.0,0,0,43131,112.14
1785349560.076,6.4,100.0,68.50,3.0,50.0,0,0,43131,112.15
1785349561.076,7.8,100.0,68.84,2.0,61.0,0,0,43131,112.10
1785349562.077,5.9,100.0,68.68,2.0,28.0,0,0,43131,112.05
1785349563.077,6.3,100.0,68.70,3.0,26.0,0,0,43131,112.01
1785349564.077,4.5,85.0,68.70,4.0,26.0,0,0,43131,112.03
1785349565.077,5.3,100.0,68.74,2.0,70.0,0,0,43131,111.98
1785349566.077,3.6,100.0,68.76,3.0,44.0,0,0,43131,112.01
1785349567.077,5.7,100.0,68.75,1.0,41.9,0,0,43131,112.21
1785349568.077,4.2,100.0,68.74,3.0,42.1,0,0,43131,112.07
1785349569.077,6.1,100.0,68.73,2.0,44.0,0,0,43131,111.92
1785349570.077,6.8,100.0,68.73,4.0,28.0,0,0,43131,111.96
1785349571.077,5.5,100.0,68.85,4.0,42.0,0,0,43131,111.94
1785349572.077,7.1,100.0,70.11,2.0,83.0,0,0,43131,111.94
1785349573.077,8.0,100.0,69.60,3.0,99.4,0,0,43131,111.91
1785349574.078,9.2,100.0,69.77,1.0,100.0,0,0,43131,111.85
1785349575.078,6.9,100.0,69.63,3.0,100.0,0,0,43131,111.85
1785349576.078,7.1,100.0,69.61,43.0,21.0,85,97,43131,167.84
1785349577.078,7.3,100.0,69.61,40.0,7.0,86,86,43131,235.48
1785349578.078,6.9,100.0,69.60,39.0,5.0,87,97,43131,252.04
1785349579.078,7.8,100.0,69.60,36.0,4.0,89,100,43131,241.56
1785349580.078,7.1,100.0,69.56,42.0,4.0,89,77,43131,263.27
1785349581.078,6.8,100.0,69.69,50.0,8.0,88,100,43131,273.90
1785349582.078,7.7,100.0,69.65,43.0,9.0,86,96,43131,267.31
1785349583.078,7.1,100.0,69.67,38.0,7.0,87,98,43131,265.45
1785349584.078,7.4,100.0,69.67,44.8,7.0,92,87,43131,271.05
1785349585.078,7.8,100.0,69.68,45.0,8.0,95,62,43131,269.03
1785349586.079,9.4,100.0,70.13,38.0,8.0,88,100,43131,264.16
1785349587.079,7.2,100.0,70.15,44.8,7.0,87,100,43131,277.91
1785349588.079,7.7,100.0,70.16,37.2,7.0,86,97,43131,267.26
1785349589.079,7.4,100.0,70.17,36.0,7.0,89,100,43131,266.74
1785349590.079,7.0,100.0,70.14,45.0,8.0,87,98,43131,277.85
1785349591.079,8.2,100.0,70.14,43.0,7.0,87,97,43131,277.13
1785349592.079,8.4,100.0,70.49,45.0,8.0,84,88,43131,284.36
1785349593.079,9.1,100.0,70.45,49.0,9.0,81,92,43131,265.16
1785349594.079,7.9,100.0,70.45,47.0,9.0,85,98,43131,245.90
1785349595.079,7.9,100.0,70.41,46.0,10.0,81,91,43131,256.07
1785349596.080,6.7,100.0,70.41,47.0,9.0,86,96,43131,277.01
1785349597.080,6.8,100.0,70.07,46.0,10.0,87,100,43131,273.05
1785349598.080,6.5,100.0,70.27,47.0,9.0,90,98,43131,266.24
1785349599.080,7.4,100.0,70.27,46.0,9.0,89,99,43131,267.55
1785349600.080,7.4,100.0,70.26,45.0,10.0,90,100,43131,280.30
1785349601.080,6.3,100.0,70.22,45.0,8.0,88,100,43131,276.63
1785349602.080,6.5,100.0,70.20,50.0,11.0,100,60,43131,281.20
1785349603.080,7.0,100.0,70.22,51.0,9.0,86,96,43131,286.28
1785349604.080,7.5,100.0,70.21,41.0,10.0,86,99,43131,278.63
1785349605.080,7.7,100.0,70.23,46.0,10.0,86,97,43131,289.36
1785349606.080,7.3,100.0,70.24,49.0,10.0,87,98,43131,282.66
1785349607.081,5.9,100.0,70.38,51.0,10.0,100,63,43131,275.77
1785349608.081,6.7,100.0,70.36,48.0,13.0,86,95,43131,273.85
1785349609.081,6.3,100.0,70.37,49.0,11.0,91,76,43131,280.30
1785349610.081,7.3,100.0,70.36,49.0,10.0,89,88,43131,279.11
1785349611.081,6.9,100.0,70.35,50.0,13.0,96,75,43131,277.02
1785349612.081,8.7,100.0,70.32,46.0,11.0,85,95,43131,276.89
1785349613.081,7.5,100.0,70.32,45.0,11.0,87,98,43131,274.38
1785349614.081,5.9,100.0,70.30,45.0,9.0,86,97,43131,278.54
1785349615.081,5.9,100.0,70.28,49.0,10.0,90,100,43131,281.79
1785349616.081,8.1,100.0,70.04,45.0,10.0,85,97,43131,266.54
1785349617.081,12.1,100.0,70.04,45.0,12.0,88,100,43131,285.60
1785349618.082,9.7,100.0,70.03,42.0,10.0,87,100,43131,276.81
1785349619.082,6.7,100.0,69.99,39.0,10.0,88,100,43131,272.10
1785349620.082,6.4,100.0,69.99,38.0,8.0,87,100,43131,291.78
1785349621.082,7.0,100.0,69.99,34.0,7.0,88,99,43131,274.51
1785349622.082,8.0,100.0,69.99,34.0,9.0,87,99,43131,274.76
1785349623.082,7.1,100.0,69.97,32.0,6.0,89,100,43131,276.03
1785349624.082,6.1,100.0,69.96,30.0,4.0,89,100,43131,260.73
1785349625.082,8.8,100.0,69.94,27.0,5.0,89,100,43131,261.60
1785349626.082,6.1,100.0,69.95,27.0,3.0,90,100,43131,262.82
1785349627.082,6.7,100.0,69.96,27.0,2.0,87,98,43131,256.54
1785349628.082,6.8,100.0,69.96,25.0,3.0,87,99,43131,256.24
1785349629.083,6.9,100.0,69.96,24.0,3.0,88,100,43131,256.24
1785349630.083,4.5,100.0,69.92,26.0,3.0,89,100,43131,257.37
1785349631.083,5.5,100.0,69.94,26.0,2.0,88,100,43131,257.26
1785349632.083,5.7,100.0,69.93,23.0,2.0,91,100,43131,252.15
1785349633.083,5.9,100.0,69.95,24.0,1.0,90,100,43131,251.97
1785349634.083,6.5,100.0,69.96,23.0,1.0,92,100,43131,255.26
1785349635.083,6.0,100.0,69.94,22.0,1.0,90,100,43131,257.65
1785349636.083,4.9,100.0,69.93,23.0,2.0,91,100,43131,260.33
1785349637.083,5.8,100.0,69.90,23.0,1.0,89,100,43131,259.16
1785349638.083,5.1,100.0,69.90,21.0,1.0,92,100,43131,259.43
1785349639.084,8.2,100.0,69.76,17.0,38.0,0,0,43131,209.94
1785349640.084,6.3,100.0,68.41,2.0,0.0,0,0,43131,131.68
1785349641.084,3.6,100.0,68.40,4.0,0.0,0,0,43131,117.74
1785349642.084,7.8,100.0,68.59,1.0,0.0,0,0,43131,117.42
1785349643.084,5.1,100.0,68.61,1.0,49.0,0,0,43131,116.88
1785349644.084,5.9,100.0,68.63,4.0,46.0,0,0,43131,116.49
1785349645.084,6.8,100.0,68.64,1.0,38.0,0,0,43131,116.25
1785349646.084,5.6,100.0,68.65,2.0,40.0,0,0,43131,115.96
1785349647.084,6.9,100.0,68.65,3.0,21.0,0,0,43131,116.05
1785349648.084,5.8,100.0,68.65,3.0,64.0,0,0,43131,115.81
1785349649.084,5.6,100.0,68.66,2.0,44.0,0,0,43131,115.23
1785349650.085,6.9,100.0,68.67,2.0,40.8,0,0,43131,115.03
1785349651.085,7.3,100.0,68.67,3.0,48.3,0,0,43131,114.84
1785349652.085,5.9,100.0,68.68,2.0,43.0,0,0,43131,114.64
1785349653.085,5.2,100.0,68.68,2.0,53.0,0,0,43131,114.79
1785349654.085,6.1,100.0,68.71,1.0,22.0,0,0,43131,114.50
1785349655.085,7.8,100.0,68.78,4.0,43.0,0,0,43131,113.96
1785349656.085,9.0,100.0,68.93,2.0,55.0,0,0,43131,113.82
1785349657.085,6.4,100.0,68.95,2.0,70.0,0,0,43131,113.67
1785349658.085,6.1,100.0,68.96,3.0,31.0,0,0,43131,113.43
1785349659.085,6.1,100.0,68.97,3.0,37.0,0,0,43131,113.14
1785349660.085,6.2,100.0,68.97,1.0,68.0,0,0,43131,113.05
1785349661.086,6.9,100.0,68.98,3.0,46.2,0,0,43131,112.96
1785349662.086,6.3,100.0,68.99,1.0,60.8,0,0,43131,112.85
1785349663.086,5.9,100.0,69.02,4.0,50.0,0,0,43131,112.65
1785349664.086,6.3,100.0,69.05,3.0,30.0,0,0,43131,112.60
1785349665.086,5.9,100.0,69.06,1.0,36.0,0,0,43131,112.55
1785349666.086,5.8,100.0,69.05,3.0,37.0,0,0,43131,112.28
1785349667.086,5.5,100.0,69.04,2.0,38.0,0,0,43131,112.42
1785349668.086,6.0,100.0,69.06,4.0,36.0,0,0,43131,112.33
1785349669.086,5.7,100.0,69.09,2.0,36.0,0,0,43131,111.94
1785349670.086,6.1,100.0,69.15,3.0,35.0,0,0,43131,111.89
1785349671.086,5.4,100.0,69.18,3.0,40.0,0,0,43131,111.79
1785349672.087,7.2,100.0,69.18,1.0,32.0,0,0,43131,111.68
1785349673.087,7.5,100.0,69.18,3.0,36.0,0,0,43131,111.58
1785349674.087,6.5,100.0,69.19,2.0,35.0,0,0,43131,111.53
1785349675.087,6.1,100.0,69.18,3.0,34.0,0,0,43131,111.48
1785349676.087,4.7,100.0,69.18,1.0,35.0,0,0,43131,111.48
1785349677.087,9.1,100.0,69.19,3.0,36.0,0,0,43131,111.35
1785349678.087,8.2,100.0,69.19,2.0,36.0,0,0,43131,111.16
1785349679.087,5.5,100.0,69.18,4.0,42.0,0,0,43131,111.14
1785349680.087,6.3,100.0,69.18,1.0,29.0,0,0,43131,111.11
1785349681.087,5.0,100.0,69.16,3.0,28.0,0,0,43131,110.96
1785349682.087,5.8,100.0,69.18,2.0,31.0,0,0,43131,110.85
1785349683.088,6.2,100.0,69.18,1.0,26.0,0,0,43131,110.79
1785349684.088,4.8,100.0,69.20,4.0,17.0,0,0,43131,110.81
1785349685.088,5.4,100.0,69.20,1.0,32.0,0,0,43131,110.81
1785349686.088,6.1,100.0,69.20,3.0,27.0,0,0,43131,110.71
1785349687.088,6.8,100.0,69.21,3.0,29.0,0,0,43131,110.62
1785349688.088,6.1,100.0,69.24,2.0,31.0,0,0,43131,110.62
1785349689.088,5.4,100.0,69.22,3.0,27.0,0,0,43131,110.57
1785349690.088,7.4,100.0,69.24,2.0,15.0,0,0,43131,110.46
1785349691.088,6.0,100.0,69.27,2.0,24.0,0,0,43131,110.46
1785349692.088,6.3,100.0,69.28,1.0,41.0,0,0,43131,110.41
1785349693.088,7.9,100.0,69.26,3.0,202.0,0,0,43131,110.51
1785349694.089,7.5,100.0,69.29,2.0,44.0,0,0,43131,110.51
1785349695.089,7.8,100.0,69.34,3.0,34.0,0,0,43131,110.36
1785349696.089,7.9,100.0,69.31,3.0,27.0,0,0,43131,110.31
1785349697.089,6.6,100.0,69.34,1.0,57.0,0,0,43131,110.31
1785349698.089,7.3,100.0,69.31,3.0,47.0,0,0,43131,110.21
1785349699.089,7.0,100.0,69.34,3.0,45.0,0,0,43131,110.12
1785349700.089,7.5,100.0,69.39,2.0,44.0,0,0,43131,110.11
1785349701.089,6.2,100.0,69.58,1.0,61.0,0,0,43131,110.07
1785349702.089,7.2,100.0,69.58,4.0,61.0,0,0,43131,111.24
1785349703.089,7.2,100.0,69.59,2.0,205.0,0,0,43131,112.36
1785349704.089,6.5,100.0,69.57,2.0,17.0,0,0,43131,112.60
1785349705.090,5.4,100.0,69.59,3.0,16.0,0,0,43131,112.61
1785349706.090,6.0,100.0,69.64,2.0,17.0,0,0,43131,112.22
1785349707.090,6.5,100.0,69.64,2.0,29.0,0,0,43131,112.12
1785349708.090,6.6,100.0,69.66,2.0,45.0,0,0,43131,112.11
1785349709.090,8.3,100.0,69.12,3.0,50.0,0,0,43131,112.11
1785349710.090,7.0,100.0,69.14,2.0,54.0,0,0,43131,112.11
1785349711.090,7.5,100.0,69.17,3.0,44.0,0,0,43131,112.09
1785349712.090,6.1,100.0,69.15,3.0,25.0,0,0,43131,112.05
1785349713.090,7.6,100.0,69.17,1.0,19.0,0,0,43131,112.01
1785349714.090,7.2,100.0,69.48,2.0,58.0,0,0,43131,112.00
1785349715.091,7.0,100.0,69.46,3.0,51.9,0,0,43131,112.05
1785349716.091,6.8,100.0,69.59,2.0,38.0,0,0,43131,112.06
1785349717.091,8.5,100.0,69.78,2.0,51.9,0,0,43131,111.97
1785349718.091,6.5,100.0,69.78,4.0,39.1,0,0,43131,111.87
1785349719.091,7.0,100.0,69.79,3.0,43.1,0,0,43131,111.82
1785349720.091,6.3,100.0,69.76,1.0,7.0,0,0,43131,111.82
1785349721.091,6.4,100.0,70.30,3.0,72.0,0,0,43131,111.87
1785349722.091,5.0,100.0,71.26,2.0,100.0,0,0,43131,111.92
1785349723.091,7.1,100.0,71.35,2.0,100.0,0,0,43131,111.87
1785349724.091,6.6,100.0,71.56,3.0,100.0,0,0,43131,111.82
1785349725.092,6.9,100.0,71.52,22.0,68.0,85,71,43131,140.98
1785349726.092,6.1,100.0,71.53,36.0,3.0,85,97,43131,286.60
1785349727.092,4.6,100.0,71.62,51.0,8.0,84,97,43131,255.37
1785349728.092,5.2,100.0,71.71,49.0,9.0,83,96,43131,261.30
1785349729.092,7.2,100.0,71.75,49.0,8.0,85,98,43131,255.30
1785349730.092,6.5,100.0,71.76,49.0,9.0,86,99,43131,268.83
1785349731.092,6.5,100.0,71.74,51.0,7.0,87,100,43131,258.72
1785349732.092,5.7,100.0,71.75,37.0,9.0,89,100,43131,280.05
1785349733.092,5.2,100.0,71.71,35.0,9.0,88,100,43131,279.49
1785349734.092,7.3,100.0,71.69,38.0,8.0,86,99,43131,276.59
1785349735.093,6.1,100.0,71.70,35.0,6.0,92,100,43131,235.22
1785349736.093,6.8,100.0,71.71,31.0,3.0,91,100,43131,247.50
1785349737.093,9.7,100.0,71.68,48.0,5.0,88,97,43131,259.43
1785349738.093,7.2,100.0,71.66,48.0,8.0,83,94,43131,261.32
1785349739.093,7.0,100.0,71.67,43.0,7.0,86,95,43131,272.10
1785349740.093,6.3,100.0,71.65,39.0,7.0,87,98,43131,269.46
1785349741.093,6.2,100.0,71.64,41.0,6.0,89,82,43131,272.52
1785349742.093,7.0,100.0,71.62,55.0,7.0,93,66,43131,274.38
1785349743.093,7.3,100.0,71.67,50.0,9.0,84,93,43131,254.11
1785349744.093,6.0,100.0,71.67,54.0,9.0,84,93,43131,287.83
1785349745.093,6.1,100.0,71.67,45.0,10.0,89,89,43131,266.89
1785349746.094,5.8,100.0,71.66,51.0,10.0,86,98,43131,268.99
1785349747.094,6.4,100.0,71.68,45.0,10.0,86,98,43131,277.46
1785349748.094,6.0,100.0,71.63,56.0,13.0,80,91,43131,282.60
1785349749.094,7.6,100.0,71.61,49.0,13.0,84,95,43131,287.87
1785349750.094,5.4,100.0,71.46,48.0,12.0,84,95,43131,284.45
1785349751.094,7.0,100.0,71.47,51.0,10.0,85,97,43131,279.74
1785349752.094,5.2,100.0,71.42,45.0,10.0,86,98,43131,275.47
1785349753.094,6.4,100.0,71.42,53.0,10.0,82,94,43131,282.40
1785349754.094,7.5,100.0,71.41,41.0,11.0,83,95,43131,273.90
1785349755.094,6.4,100.0,71.42,47.0,10.0,85,96,43131,272.98
1785349756.094,3.7,100.0,71.38,52.0,10.0,92,70,43131,294.23
1785349757.095,5.4,100.0,71.36,49.0,13.0,85,97,43131,275.80
1785349758.095,5.8,100.0,71.34,49.0,10.0,86,98,43131,279.54
1785349759.095,6.7,100.0,71.31,49.0,10.0,86,98,43131,276.65
1785349760.095,6.4,100.0,71.33,51.0,9.0,93,70,43131,273.34
1785349761.095,7.2,100.0,71.34,49.0,11.0,86,99,43131,266.64
1785349762.095,6.0,100.0,71.34,51.0,10.0,84,96,43131,272.02
1785349763.095,5.5,99.0,71.34,48.0,9.0,89,77,43131,279.44
1785349764.095,8.4,100.0,71.36,46.0,11.0,89,89,43131,287.24
1785349765.095,6.3,100.0,71.36,50.0,10.0,87,100,43131,277.03
1785349766.095,8.1,100.0,71.33,42.0,9.0,86,99,43131,274.40
1785349767.095,6.1,100.0,71.34,49.0,10.0,86,99,43131,275.84
1785349768.096,6.0,100.0,71.35,45.0,9.0,93,74,43131,283.64
1785349769.096,6.9,100.0,71.47,50.0,11.0,85,97,43131,285.36
1785349770.096,6.2,100.0,71.45,46.0,10.0,87,99,43131,275.43
1785349771.096,6.7,100.0,71.45,42.0,8.0,86,99,43131,299.43
1785349772.096,5.4,100.0,71.40,45.0,10.0,84,96,43131,281.82
1785349773.096,7.8,100.0,71.42,48.0,9.0,86,98,43131,279.37
1785349774.096,7.4,100.0,71.43,46.0,9.0,88,86,43131,289.31
1785349775.096,7.0,100.0,71.44,40.0,9.0,85,98,43131,271.31
1785349776.096,6.8,100.0,71.42,39.0,9.0,87,100,43131,289.97
1785349777.096,7.4,100.0,71.24,36.0,9.0,85,96,43131,285.19
1785349778.096,9.3,100.0,71.30,34.0,6.0,86,97,43131,271.27
1785349779.097,6.2,100.0,71.31,32.0,6.0,90,100,43131,263.79
1785349780.097,6.8,100.0,71.27,29.0,6.0,89,100,43131,252.41
1785349781.097,7.2,100.0,71.29,30.0,5.0,89,100,43131,243.80
1785349782.097,7.2,100.0,71.31,29.0,3.0,89,100,43131,266.70
1785349783.097,6.8,100.0,71.29,28.0,4.0,90,100,43131,258.99
1785349784.097,6.5,100.0,71.27,25.0,3.0,90,100,43131,261.31
1785349785.097,6.8,100.0,71.26,27.0,4.0,89,100,43131,262.89
1785349786.097,6.2,100.0,71.41,26.0,4.0,90,100,43131,258.42
1785349787.097,6.7,100.0,71.50,24.0,2.0,89,100,43131,257.62
1785349788.097,6.6,100.0,71.61,29.0,4.0,90,100,43131,257.15
1785349789.098,6.5,100.0,71.62,24.0,3.0,91,100,43131,259.94
1785349790.098,8.0,100.0,71.90,34.0,2.0,90,100,43131,257.03
1785349791.098,7.0,100.0,71.99,29.0,4.0,90,100,43131,256.65
1785349792.098,6.1,100.0,71.97,25.0,2.0,91,100,43131,257.30
1785349793.098,5.9,100.0,72.15,24.0,2.0,91,100,43131,258.58
1785349794.098,6.2,100.0,71.71,18.0,28.0,0,0,43131,208.97
1785349795.098,8.2,100.0,70.40,5.0,0.0,0,0,43131,139.05
1785349796.098,6.1,100.0,70.40,2.0,0.0,0,0,43131,118.17
1785349797.098,8.8,100.0,70.43,4.0,0.0,0,0,43131,117.78
1785349798.098,8.0,100.0,70.46,1.0,0.0,0,0,43131,117.21
1785349799.099,7.3,100.0,70.56,3.0,0.0,0,0,43131,116.87
1785349800.099,8.2,100.0,67.73,1.0,0.0,100,9,0,119.98
1785349801.099,7.6,100.0,67.93,1.0,0.0,0,0,0,121.99
1785349802.099,9.1,100.0,68.03,195.8,0.0,0,0,0,117.61
1785349803.099,8.3,100.0,68.11,41.8,0.0,0,0,0,71.51
1785349804.433,7.2,100.0,67.90,38.2,0.0,0,0,0,71.51
1785349805.433,6.3,100.0,68.33,40.0,0.0,0,0,0,75.01
1785349806.433,8.2,100.0,68.33,21.0,0.0,0,0,0,69.36
1785349807.433,9.0,100.0,68.66,65.0,0.0,0,0,3,64.56
1785349808.434,7.4,100.0,69.17,46.0,0.0,0,0,271,100.10
1785349809.434,8.2,100.0,69.58,39.9,0.0,0,0,271,113.33
1785349810.434,17.5,100.0,69.62,49.0,0.0,6,1,0,113.47
1785349811.434,16.7,100.0,70.02,44.0,0.0,0,0,0,113.40
1785349812.434,16.8,100.0,68.57,40.1,0.0,0,0,0,113.44
1785349813.434,18.0,100.0,68.16,26.0,0.0,0,0,0,58.53
1785349814.434,16.5,100.0,67.99,23.9,0.0,0,0,0,45.50
1785349815.434,12.6,100.0,67.98,36.9,0.0,0,0,0,37.58
1785349816.434,14.4,100.0,67.98,59.1,0.0,0,0,0,37.09
1785349817.434,14.7,100.0,67.99,67.0,0.0,0,0,0,36.93
1785349818.434,11.2,100.0,68.00,40.0,0.0,0,0,0,36.74
1785349819.435,16.4,100.0,67.99,33.0,0.0,0,0,0,36.59
1785349820.435,15.5,100.0,67.99,60.0,0.0,0,0,0,36.49
1785349821.435,14.4,100.0,67.98,60.1,0.0,0,0,0,36.35
1785349822.435,13.5,100.0,68.00,53.9,0.0,0,0,0,36.21
1785349823.435,13.8,100.0,68.00,59.0,0.0,0,0,0,36.10
1785349824.435,13.1,100.0,68.23,43.0,0.0,0,0,0,36.00
1785349825.435,14.4,100.0,68.32,33.1,0.0,0,0,0,35.91
1785349826.435,14.5,100.0,68.29,35.9,0.0,0,0,0,35.87
1785349827.435,14.0,100.0,68.25,35.0,0.0,0,0,0,35.66
1785349828.435,11.0,100.0,68.81,35.0,0.0,0,0,0,35.77
1785349829.435,12.3,100.0,68.78,35.0,0.0,0,0,0,35.87
1785349830.436,10.5,100.0,68.81,31.0,0.0,0,0,0,35.82
1785349831.436,15.7,100.0,68.77,32.0,0.0,0,0,0,35.72
1785349832.436,13.2,100.0,68.74,32.0,0.0,0,0,0,35.57
1785349833.436,10.7,100.0,68.75,29.0,0.0,0,0,0,35.52
1785349834.436,14.7,100.0,68.74,34.0,0.0,0,0,0,35.52
1785349835.436,11.0,100.0,68.77,33.0,0.0,0,0,0,35.42
1785349836.436,14.4,100.0,68.69,29.0,0.0,0,0,0,35.38
1785349837.436,13.0,100.0,68.70,34.0,0.0,0,0,0,35.33
1785349838.436,11.8,100.0,68.28,36.0,0.0,0,0,0,35.17
1785349839.436,15.3,100.0,68.25,31.0,0.0,0,0,0,35.03
1785349840.436,12.0,100.0,68.28,49.0,0.0,0,0,0,34.98
1785349841.437,16.1,100.0,68.25,27.0,0.0,0,0,0,34.94
1785349842.437,13.8,100.0,68.22,18.0,0.0,0,0,0,34.94
1785349843.437,14.0,100.0,68.23,28.0,0.0,0,0,0,34.99
1785349844.437,12.3,100.0,68.22,31.0,0.0,0,0,0,34.89
1785349845.437,16.5,100.0,68.16,25.0,0.0,0,0,0,34.70
1785349846.437,14.4,100.0,68.50,26.0,0.0,0,0,0,34.64
1785349847.437,12.6,100.0,68.49,25.0,0.0,0,0,0,34.64
1785349848.437,14.6,100.0,68.46,27.0,0.0,0,0,0,34.59
1785349849.437,11.6,100.0,68.52,26.1,0.0,0,0,0,34.55
1785349850.438,15.3,100.0,69.04,30.0,0.0,0,0,0,34.46
1785349851.438,15.2,100.0,69.82,30.0,0.0,0,0,0,34.55
1785349852.438,14.3,100.0,68.39,28.0,0.0,0,0,0,34.50
1785349853.438,14.1,100.0,68.39,19.0,0.0,0,0,0,34.30
1785349854.438,17.3,100.0,68.40,39.0,0.0,0,0,0,34.31
1785349855.438,16.8,100.0,68.39,53.1,0.0,0,0,0,34.16
1785349856.438,21.2,100.0,68.52,188.1,0.0,0,0,0,34.16
1785349857.438,18.5,100.0,68.38,46.9,0.0,0,0,0,34.17
1785349858.438,17.0,100.0,68.39,15.0,0.0,0,0,0,34.17
1785349859.438,17.0,86.5,68.16,51.0,0.0,0,0,0,34.46
1785349860.438,15.0,100.0,68.71,46.1,0.0,0,0,0,34.50
1785349861.439,16.6,100.0,68.63,44.8,0.0,0,0,0,34.36
1785349862.439,16.7,100.0,68.64,40.0,0.0,0,0,0,34.32
1785349863.439,15.6,100.0,68.61,51.2,0.0,0,0,0,34.26
1785349864.439,16.9,100.0,68.56,62.8,0.0,0,0,0,34.31
1785349865.439,15.4,100.0,68.66,52.0,0.0,0,0,0,34.26
1785349866.439,8.8,100.0,68.58,59.0,0.0,0,0,0,34.16
1785349867.439,12.9,100.0,69.23,184.0,0.0,0,0,0,34.16
1785349868.439,12.9,100.0,69.24,18.0,0.0,0,0,0,34.20
1785349869.439,9.3,100.0,69.23,20.0,0.0,0,0,0,34.16
1785349870.439,6.5,100.0,69.33,26.0,0.0,0,0,0,34.26
1785349871.439,7.5,100.0,69.36,42.0,0.0,0,0,0,34.25
1785349872.440,6.3,100.0,69.37,55.0,0.0,0,0,0,34.06
1785349873.440,7.3,100.0,69.36,53.0,0.0,0,0,0,34.06
1785349874.440,8.8,100.0,69.15,53.0,0.0,0,0,0,34.06
1785349875.440,8.5,100.0,68.97,27.0,0.0,0,0,0,34.01
1785349876.440,8.3,100.0,68.99,22.0,0.0,0,0,0,34.01
1785349877.440,7.0,100.0,68.95,20.0,0.0,0,0,0,34.01
1785349878.440,8.7,100.0,68.99,25.0,0.0,0,0,0,33.92
1785349879.440,7.2,100.0,69.01,32.0,0.0,0,0,0,33.97
1785349880.440,6.0,100.0,69.03,55.0,0.0,0,0,0,34.01
1785349881.440,7.2,100.0,69.39,36.0,0.0,0,0,0,33.97
1785349882.441,5.7,100.0,69.38,23.0,0.0,0,0,0,33.92
1785349883.441,6.6,100.0,69.49,45.0,0.0,0,0,0,33.86
1785349884.441,7.4,100.0,69.55,91.0,0.0,0,0,0,33.91
1785349885.441,6.5,100.0,69.66,102.0,0.0,0,0,0,33.96
1785349886.441,7.5,100.0,69.76,68.0,0.0,0,0,0,33.91
1785349887.441,8.1,100.0,70.03,2.0,0.0,0,0,0,33.91
1785349888.441,7.3,100.0,70.14,47.7,0.0,0,0,0,33.85
1785349889.441,6.5,100.0,70.15,49.0,0.0,0,0,0,33.81
1785349890.441,6.3,100.0,70.14,38.0,0.0,0,0,0,33.81
1785349891.441,6.8,100.0,69.41,39.0,0.0,0,0,0,33.72
1785349892.442,6.6,100.0,70.01,20.0,0.0,0,0,0,33.72
1785349893.442,6.7,100.0,70.04,63.1,0.0,0,0,0,33.76
1785349894.442,7.7,100.0,70.09,39.0,0.0,0,0,0,33.81
1785349895.442,7.1,100.0,70.13,42.0,0.0,0,0,0,33.77
1785349896.442,7.1,100.0,70.13,40.0,0.0,0,0,0,33.72
1785349897.442,7.6,100.0,70.14,43.0,0.0,0,0,0,33.71
1785349898.442,8.0,100.0,70.10,55.0,0.0,0,0,0,33.71
1785349899.442,8.9,100.0,70.31,21.0,0.0,0,0,0,33.81
1785349900.442,9.0,100.0,70.34,49.0,0.0,0,0,0,33.81
1785349901.442,9.1,100.0,70.33,57.0,0.0,0,0,0,33.71
1785349902.442,7.4,100.0,70.37,67.0,0.0,0,0,0,33.66
1785349903.443,8.9,100.0,70.84,42.0,0.0,0,0,0,33.66
1785349904.443,7.2,100.0,70.62,33.0,0.0,0,0,0,33.67
1785349905.443,6.8,100.0,70.64,63.0,0.0,0,0,0,33.67
1785349906.443,7.5,100.0,70.63,53.0,0.0,0,0,0,33.67
1785349907.443,8.2,100.0,70.68,207.9,0.0,0,0,0,33.62
1785349908.443,7.3,100.0,70.68,47.0,0.0,0,0,0,33.67
1785349909.443,6.8,100.0,70.71,71.0,0.0,0,0,0,33.62
1785349910.443,8.0,100.0,70.72,57.0,0.0,0,0,0,33.57
1785349911.443,7.4,100.0,70.75,178.1,0.0,0,0,0,33.57
1785349912.443,7.2,100.0,70.76,20.0,0.0,0,0,0,33.63
1785349913.443,6.8,100.0,70.74,28.0,0.0,0,0,0,33.67
1785349914.443,7.8,100.0,69.99,38.1,0.0,0,0,0,33.63
1785349915.444,6.7,100.0,69.99,34.9,0.0,0,0,0,33.67
1785349916.444,7.2,100.0,69.99,26.0,0.0,0,0,0,33.67
1785349917.444,12.0,100.0,70.02,25.0,0.0,0,0,0,33.62
1785349918.444,9.8,100.0,70.02,20.0,0.0,0,0,0,33.62
1785349919.444,7.0,100.0,70.00,21.0,0.0,0,0,0,33.62
1785349920.444,6.3,100.0,69.98,21.0,0.0,0,0,0,33.66
1785349921.444,6.1,100.0,70.00,27.0,0.0,0,0,0,33.66
1785349922.444,6.8,100.0,70.01,21.0,0.0,0,0,0,33.57
1785349923.444,6.7,100.0,70.39,22.0,0.0,0,0,0,33.52
1785349924.445,6.9,100.0,70.39,21.0,0.0,0,0,0,33.57
1785349925.445,7.1,100.0,70.39,25.0,0.0,0,0,0,33.57
1785349926.445,6.6,100.0,70.40,25.0,0.0,0,0,0,33.53
1785349927.445,7.1,100.0,70.39,39.0,0.0,0,0,0,33.52
1785349928.445,6.2,100.0,70.39,33.0,0.0,0,0,0,33.53
1785349929.445,6.9,100.0,70.38,30.0,0.0,0,0,0,33.52
1785349930.445,6.0,100.0,70.36,27.1,0.0,0,0,0,33.53
1785349931.445,7.2,100.0,70.53,31.9,0.0,0,0,0,33.53
1785349932.445,6.1,100.0,70.55,38.0,0.0,0,0,0,33.47
1785349933.445,7.3,100.0,70.56,20.0,0.0,0,0,0,33.48
1785349934.446,7.4,100.0,70.57,27.9,0.0,0,0,0,33.57
1785349935.446,7.3,100.0,70.59,27.0,0.0,0,0,0,33.56
1785349936.446,7.7,100.0,70.57,31.0,0.0,0,0,0,33.47
1785349937.446,6.8,100.0,70.59,40.0,0.0,0,0,0,33.47
1785349938.446,6.7,100.0,70.61,33.0,0.0,0,0,0,33.47
1785349939.446,7.0,100.0,70.47,39.0,0.0,0,0,0,33.42
1785349940.446,6.9,100.0,70.51,27.0,0.0,0,0,0,33.42
1785349941.446,6.6,100.0,70.50,26.0,0.0,0,0,0,33.47
1785349942.446,7.2,100.0,70.51,50.0,0.0,0,0,0,33.47
1785349943.446,6.7,100.0,70.52,50.0,0.0,0,0,0,33.47
1785349944.446,7.0,100.0,70.53,49.0,0.0,0,0,0,33.47
1785349945.446,7.1,100.0,70.60,55.1,0.0,0,0,0,33.43
1785349946.447,6.3,100.0,70.61,54.9,0.0,0,0,0,33.43
1785349947.447,7.0,100.0,70.63,47.0,0.0,0,0,0,33.43
1785349948.447,7.3,100.0,70.64,38.0,0.0,0,0,0,33.43
1785349949.447,7.5,100.0,70.65,47.0,0.0,0,0,0,33.42
1785349950.447,5.7,100.0,70.63,22.0,0.0,0,0,0,33.42
1785349951.447,7.2,100.0,70.61,20.0,0.0,0,0,0,33.43
1785349952.447,6.6,100.0,70.63,19.0,0.0,0,0,0,33.52
1785349953.447,7.1,100.0,70.65,41.0,0.0,0,0,0,33.52
1785349954.447,6.2,100.0,70.19,54.1,0.0,0,0,0,33.43
1785349955.447,7.7,100.0,70.19,40.9,0.0,0,0,0,33.43
1785349956.447,6.4,100.0,70.24,50.0,0.0,0,0,0,33.38
1785349957.448,7.6,100.0,70.34,50.0,0.0,0,0,0,33.37
1785349958.448,9.9,100.0,70.63,220.7,0.0,0,0,0,33.47
1785349959.448,9.8,100.0,70.74,205.0,0.0,0,0,0,33.42
1785349960.448,10.1,100.0,70.77,124.1,0.0,0,0,0,33.37
1785349961.448,8.4,100.0,70.80,101.0,0.0,0,0,0,33.47
1785349962.448,8.8,100.0,70.97,204.0,0.0,8,1,337,47.72
1785349963.448,8.7,100.0,71.11,85.5,0.0,0,0,1511,105.00
1785349964.448,9.1,100.0,71.09,69.6,0.0,0,0,1511,105.21
1785349965.448,9.0,100.0,71.15,161.0,0.0,0,0,1511,105.39
1785349966.448,8.9,100.0,71.17,141.0,0.0,0,0,1511,105.59
1785349967.448,8.3,100.0,71.25,114.8,0.0,0,0,1511,105.78
1785349968.449,8.3,100.0,71.29,106.1,0.0,0,0,13997,105.90
1785349969.449,7.6,100.0,71.52,29.0,0.0,0,0,15037,105.99
1785349970.449,6.5,100.0,71.50,38.0,0.0,30,1,15037,106.79
1785349971.449,7.7,100.0,71.51,101.0,0.0,29,1,15037,108.15
1785349972.449,7.4,100.0,71.51,103.0,0.0,30,1,15037,108.23
1785349973.449,6.2,100.0,71.48,100.0,0.0,0,0,15135,106.84
1785349974.449,8.6,100.0,71.52,82.2,0.0,0,0,15135,106.44
1785349975.449,6.8,100.0,71.53,101.7,0.0,0,0,15135,106.46
1785349976.449,7.6,100.0,71.49,59.0,0.0,0,0,15135,106.51
1785349977.449,9.9,100.0,71.49,15.0,0.0,0,0,15135,106.56
1785349978.450,10.3,100.0,71.49,15.0,0.0,0,0,15135,106.66
1785349979.450,7.8,100.0,71.49,11.0,0.0,0,0,15135,106.75
1785349980.450,7.5,100.0,71.50,14.0,0.0,0,0,15135,106.80
1785349981.450,6.0,100.0,71.51,12.0,0.0,0,0,15135,106.80
1785349982.450,7.3,100.0,71.45,12.0,0.0,0,0,15135,106.86
1785349983.450,7.0,100.0,71.44,14.0,0.0,0,0,15135,107.00
1785349984.450,7.0,100.0,71.43,12.0,0.0,0,0,15135,107.03
1785349985.450,7.4,100.0,71.42,62.0,0.0,0,0,15135,107.10
1785349986.450,6.7,100.0,71.51,99.0,0.0,0,0,15219,107.25
1785349987.450,7.3,100.0,71.28,80.0,0.0,0,0,15679,150.12
1785349988.450,7.2,100.0,71.31,78.0,0.0,0,0,42053,109.53
1785349989.451,7.8,100.0,71.31,100.0,0.0,80,69,42205,270.03
1785349990.451,8.8,100.0,71.39,102.0,0.0,42,44,42275,242.18
1785349991.451,7.2,100.0,71.44,100.0,0.0,52,59,42373,246.95
1785349992.451,6.6,100.0,71.55,89.0,0.0,75,74,42533,213.27
1785349993.451,8.8,100.0,71.70,100.3,0.0,53,59,42589,239.32
1785349994.451,7.9,100.0,71.92,83.7,0.0,1,1,43129,160.55
1785349995.451,6.2,100.0,71.85,73.0,0.0,0,0,43129,119.24
1785349996.451,7.5,100.0,72.16,13.0,0.0,0,0,43129,111.75
1785349997.451,6.5,100.0,72.28,63.0,0.0,0,0,43129,111.41
1785349998.451,6.8,100.0,72.33,39.0,0.0,0,0,43129,111.37
1785349999.451,7.8,100.0,72.33,44.0,0.0,0,0,43129,111.28
1785350000.451,6.7,100.0,72.14,9.0,0.0,0,0,43129,111.18
1785350001.452,6.7,100.0,72.18,51.0,0.0,0,0,43129,111.13
1785350002.452,7.3,100.0,70.67,30.0,0.0,0,0,43129,110.60
1785350003.452,6.5,100.0,69.50,22.0,0.0,0,0,43129,110.01
1785350004.452,6.4,100.0,68.18,3.0,0.0,0,0,43129,109.96
1785350005.452,5.1,100.0,68.15,2.0,0.0,0,0,43129,109.92
1785350006.452,6.3,100.0,68.14,2.0,0.0,0,0,43129,109.82
1785350007.452,8.5,100.0,68.36,4.0,184.0,0,0,43129,109.87
1785350008.452,6.2,100.0,68.38,1.0,46.0,0,0,43129,109.96
1785350009.452,6.0,100.0,68.39,2.0,43.0,0,0,43129,109.96
1785350010.452,5.8,100.0,68.37,3.0,38.0,0,0,43129,109.96
1785350011.452,5.6,100.0,68.35,2.0,40.0,0,0,43129,109.92
1785350012.453,6.3,100.0,68.33,2.0,18.0,0,0,43129,109.89
1785350013.453,6.4,100.0,68.32,3.0,47.0,0,0,43129,109.99
1785350014.453,6.1,100.0,68.31,2.0,50.0,0,0,43129,109.92
1785350015.453,7.3,100.0,68.33,2.0,43.0,0,0,43129,109.92
1785350016.453,5.6,100.0,68.34,3.0,48.0,0,0,43129,110.01
1785350017.453,5.9,99.0,68.35,3.0,37.0,0,0,43129,109.96
1785350018.453,6.4,100.0,68.36,3.0,35.0,0,0,43129,109.97
1785350019.453,7.0,100.0,68.33,0.0,48.0,0,0,43129,109.92
1785350020.453,5.0,100.0,68.25,3.0,21.0,0,0,43129,109.92
1785350021.453,8.2,100.0,68.24,4.0,41.0,0,0,43129,109.92
1785350022.453,6.8,100.0,68.25,2.0,50.0,0,0,43129,109.87
1785350023.454,6.9,100.0,68.28,2.0,64.0,0,0,43129,110.01
1785350024.454,5.3,100.0,68.26,3.0,41.0,0,0,43129,110.02
1785350025.454,6.8,100.0,68.16,3.0,30.0,0,0,43129,109.94
1785350026.454,5.8,100.0,68.18,1.0,53.0,0,0,43129,109.99
1785350027.454,6.3,100.0,68.20,4.0,49.0,0,0,43129,109.96
1785350028.454,5.5,100.0,68.21,3.0,48.0,0,0,43129,110.01
1785350029.454,6.8,100.0,68.22,1.0,58.0,0,0,43129,109.96
1785350030.454,5.4,100.0,68.22,5.0,39.0,0,0,43129,109.92
1785350031.454,6.2,100.0,68.34,1.0,33.0,0,0,43129,109.92
1785350032.454,6.3,100.0,68.34,2.0,34.0,0,0,43129,109.96
1785350033.455,6.0,100.0,68.36,4.0,35.0,0,0,43129,110.05
1785350034.455,6.4,100.0,68.35,1.0,36.0,0,0,43129,110.02
1785350035.455,5.7,100.0,68.36,2.0,33.0,0,0,43129,110.01
1785350036.455,7.2,100.0,68.38,3.0,26.0,0,0,43129,110.05
1785350037.455,11.0,100.0,68.40,2.0,31.0,0,0,43129,110.05
1785350038.455,7.3,100.0,68.41,2.0,36.0,0,0,43129,110.03
1785350039.455,7.8,100.0,68.43,3.0,31.0,0,0,43129,109.98
1785350040.455,5.8,100.0,68.43,2.0,28.0,0,0,43129,110.07
1785350041.455,6.2,100.0,68.23,2.0,24.0,0,0,43129,110.14
1785350042.455,6.2,100.0,68.22,4.0,29.0,0,0,43129,110.13
1785350043.455,6.2,100.0,68.23,2.0,28.0,0,0,43129,110.06
1785350044.456,8.0,100.0,68.24,2.0,34.0,0,0,43129,109.96
1785350045.456,6.5,100.0,68.26,3.0,33.0,0,0,43129,110.01
1785350046.456,5.1,100.0,68.25,2.0,32.0,0,0,43129,110.07
1785350047.456,6.3,100.0,68.25,2.0,32.0,0,0,43129,110.07
1785350048.456,5.7,100.0,68.26,2.0,27.0,0,0,43129,110.21
1785350049.456,6.9,100.0,68.25,2.0,26.0,0,0,43129,110.17
1785350050.456,7.1,100.0,68.24,3.0,27.0,0,0,43129,110.01
1785350051.456,6.2,100.0,68.24,2.0,26.0,0,0,43129,110.07
1785350052.456,5.4,100.0,68.23,4.0,15.0,0,0,43129,110.07
1785350053.456,6.9,100.0,68.24,1.0,29.0,0,0,43129,110.06
1785350054.456,7.1,100.0,67.69,3.0,26.0,0,0,43129,110.18
1785350055.456,6.6,100.0,68.14,2.0,28.0,0,0,43129,110.18
1785350056.457,7.0,100.0,68.14,2.0,25.0,0,0,43129,110.07
1785350057.457,5.4,100.0,68.12,3.0,31.0,0,0,43129,110.16
1785350058.457,6.0,100.0,68.10,3.0,16.0,0,0,43129,110.16
1785350059.457,7.2,100.0,68.09,1.0,16.0,0,0,43129,110.11
1785350060.457,5.2,100.0,68.10,2.0,37.0,0,0,43129,110.11
1785350061.457,7.1,99.0,68.09,4.0,50.0,0,0,43129,110.07
1785350062.457,7.4,100.0,68.10,2.0,158.0,0,0,43129,110.06
1785350063.457,6.7,100.0,68.13,4.0,44.0,0,0,43129,110.07
1785350064.457,6.1,100.0,68.14,2.0,19.0,0,0,43129,110.07
1785350065.457,6.3,100.0,68.12,1.0,39.0,0,0,43129,110.06
1785350066.457,7.3,100.0,68.13,3.0,51.0,0,0,43129,110.06
1785350067.458,7.7,100.0,68.14,2.0,48.0,0,0,43129,110.11
1785350068.458,6.5,100.0,68.12,2.0,41.0,0,0,43129,110.12
1785350069.458,7.5,100.0,68.12,1.0,52.0,0,0,43129,110.10
1785350070.458,5.6,57.7,68.12,5.0,57.8,0,0,43129,110.05
1785350071.458,5.7,100.0,68.14,0.0,51.2,0,0,43129,110.03
1785350072.458,8.2,100.0,68.15,4.0,66.0,0,0,43129,110.10
1785350073.458,8.3,100.0,68.19,2.0,172.6,0,0,43129,110.10
1785350074.458,7.0,100.0,68.18,2.0,17.0,0,0,43129,110.11
1785350075.458,6.2,100.0,68.46,2.0,18.0,0,0,43129,110.13
1785350076.458,4.7,100.0,68.46,2.0,24.0,0,0,43129,110.14
1785350077.458,5.3,100.0,68.46,2.0,39.0,0,0,43129,110.17
1785350078.459,7.1,100.0,68.44,2.0,46.1,0,0,43129,110.17
1785350079.459,6.4,100.0,68.46,2.0,52.9,0,0,43129,110.17
1785350080.459,4.8,100.0,68.46,3.0,47.0,0,0,43129,110.17
1785350081.459,4.2,100.0,68.45,3.0,28.0,0,0,43129,110.17
1785350082.459,7.8,100.0,68.44,2.0,15.0,0,0,43129,110.12
1785350083.459,5.5,100.0,68.48,2.0,37.0,0,0,43129,110.32
1785350084.459,6.9,100.0,68.46,2.0,60.0,0,0,43129,110.41
1785350085.459,5.3,100.0,68.48,2.0,41.0,0,0,43129,110.18
1785350086.459,5.6,100.0,68.49,1.0,44.0,0,0,43129,110.14
1785350087.459,4.5,100.0,68.47,3.0,34.0,0,0,43129,110.17
1785350088.459,5.2,100.0,68.48,2.0,38.8,0,0,43129,110.24
1785350089.460,5.3,100.0,68.48,3.0,29.1,0,0,43129,110.19
1785350090.460,5.0,100.0,68.53,1.0,31.0,0,0,43129,110.07
1785350091.460,6.1,100.0,68.59,7.0,69.0,0,0,43129,110.12
1785350092.460,4.7,100.0,68.57,34.0,2.0,93,70,43131,185.31
1785350093.460,5.1,100.0,68.55,35.0,8.0,87,99,43131,260.50
1785350094.460,5.7,100.0,68.55,39.0,9.0,86,98,43131,278.23
1785350095.460,4.6,100.0,68.55,41.0,6.0,88,99,43131,274.55
1785350096.460,6.4,100.0,68.54,33.0,7.0,88,99,43131,271.30
1785350097.460,8.5,100.0,67.82,19.0,0.0,0,0,43131,172.43
1785350098.460,8.5,100.0,68.01,3.0,210.0,0,0,43131,129.48
1785350099.461,6.2,100.0,68.29,2.0,46.0,0,0,43131,113.33
1785350100.461,7.4,100.0,68.30,2.0,45.0,0,0,43131,113.08
1785350101.461,7.2,100.0,68.32,2.0,37.0,0,0,43131,112.81
1785350102.461,8.0,100.0,68.32,4.0,40.0,0,0,43131,112.84
1785350103.461,8.2,100.0,68.30,2.0,19.0,0,0,43131,112.80
1785350104.461,8.8,100.0,68.30,3.0,46.0,0,0,43131,112.57
1785350105.461,7.1,100.0,68.29,2.0,56.0,0,0,43131,112.54
1785350106.461,7.2,100.0,68.31,2.0,42.0,0,0,43131,112.47
1785350107.461,7.3,100.0,68.53,3.0,45.0,0,0,43131,112.38
1785350108.461,6.3,100.0,68.36,2.0,38.0,0,0,43131,112.35
1785350109.462,6.4,100.0,68.34,2.0,41.0,0,0,43131,112.25
1785350110.462,6.4,100.0,68.33,3.0,46.0,0,0,43131,112.20
1785350111.462,6.0,100.0,68.35,3.0,17.0,0,0,43131,112.15
1785350112.462,5.7,100.0,68.34,1.0,50.0,0,0,43131,112.11
1785350113.462,7.1,100.0,68.46,3.0,56.0,0,0,43131,112.45
1785350114.462,5.9,100.0,68.48,2.0,57.9,0,0,43131,112.45
1785350115.462,5.9,100.0,68.50,1.0,19.0,0,0,43131,112.07
1785350116.462,7.4,100.0,68.47,4.0,51.0,0,0,43131,112.06
1785350117.462,6.0,100.0,68.47,2.0,57.0,0,0,43131,112.05
1785350118.462,6.6,100.0,68.49,3.0,51.0,0,0,43131,112.05
1785350119.462,7.2,100.0,68.49,2.0,48.0,0,0,43131,112.25
1785350120.462,6.4,100.0,68.48,3.0,49.0,0,0,43131,112.15
1785350121.463,6.2,100.0,68.49,2.0,33.0,0,0,43131,111.96
1785350122.463,6.1,100.0,68.48,2.0,35.0,0,0,43131,111.96
1785350123.463,6.0,100.0,68.49,3.0,35.0,0,0,43131,111.96
1785350124.463,5.7,100.0,68.50,1.0,34.0,0,0,43131,112.00
1785350125.463,6.6,100.0,68.53,4.0,34.0,0,0,43131,111.96
1785350126.463,6.5,100.0,68.54,1.0,34.0,0,0,43131,111.87
1785350127.463,7.4,100.0,68.53,3.0,31.0,0,0,43131,111.91
1785350128.463,6.0,100.0,68.52,1.0,33.0,0,0,43131,111.93
1785350129.463,5.1,100.0,68.34,3.0,34.0,0,0,43131,111.84
1785350130.463,7.2,100.0,68.34,2.0,33.0,0,0,43131,111.82
1785350131.463,6.0,100.0,68.32,4.0,29.0,0,0,43131,111.81
1785350132.464,6.2,100.0,68.32,1.0,34.0,0,0,43131,111.91
1785350133.464,5.7,100.0,68.31,2.0,30.0,0,0,43131,111.95
1785350134.464,5.7,100.0,68.30,3.0,33.0,0,0,43131,111.81
1785350135.464,7.4,100.0,68.33,2.0,32.8,0,0,43131,111.75
1785350136.464,7.0,100.0,68.35,2.0,36.2,0,0,43131,111.84
1785350137.464,6.5,100.0,68.33,4.0,37.0,0,0,43131,111.85
1785350138.464,5.7,100.0,68.33,2.0,28.0,0,0,43131,111.80
1785350139.464,5.4,100.0,68.03,3.0,27.0,0,0,43131,111.74
1785350140.464,6.3,100.0,68.01,1.0,30.0,0,0,43131,111.74
1785350141.464,7.1,100.0,68.02,2.0,25.0,0,0,43131,111.82
1785350142.465,4.0,100.0,68.00,4.0,24.0,0,0,43131,111.78
1785350143.465,8.8,100.0,68.02,3.0,24.0,0,0,43131,111.77
1785350144.465,6.7,100.0,68.00,0.0,21.0,0,0,43131,111.77
1785350145.465,7.9,100.0,67.99,4.0,30.0,0,0,43131,111.71
1785350146.465,7.2,100.0,67.96,3.0,29.0,0,0,43131,111.68
1785350147.465,8.0,100.0,67.96,3.0,24.0,0,0,43131,111.68
1785350148.465,6.3,100.0,68.31,2.0,15.0,0,0,43131,111.70
1785350149.465,6.9,100.0,68.14,2.0,36.0,0,0,43131,111.65
1785350150.465,6.2,100.0,68.14,2.0,50.0,0,0,43131,111.70
1785350151.465,8.1,100.0,68.16,4.0,191.0,0,0,43131,111.76
1785350152.465,6.4,100.0,68.18,2.0,46.9,0,0,43131,111.65
1785350153.465,6.1,100.0,68.17,2.0,15.0,0,0,43131,111.60
1785350154.466,5.8,100.0,68.18,3.0,39.1,0,0,43131,111.92
1785350155.466,6.1,100.0,68.19,1.0,46.0,0,0,43131,112.02
1785350156.466,6.6,100.0,68.16,3.0,43.0,0,0,43131,111.72
1785350157.466,8.4,100.0,67.95,2.0,50.0,0,0,43131,111.62
1785350158.466,7.4,100.0,67.93,3.0,57.0,0,0,43131,111.67
1785350159.466,6.4,100.0,67.94,3.0,52.0,0,0,43131,111.62
1785350160.466,7.5,100.0,67.94,1.0,208.0,0,0,43131,111.62
1785350161.466,7.1,100.0,67.94,3.0,23.9,0,0,43131,111.71
1785350162.466,6.9,100.0,67.94,1.0,18.1,0,0,43131,111.71
1785350163.466,6.4,100.0,67.95,2.0,17.9,0,0,43131,111.67
1785350164.466,6.7,100.0,67.96,2.0,30.0,0,0,43131,111.62
1785350165.467,6.3,100.0,67.96,3.0,49.0,0,0,43131,111.71
1785350166.467,6.7,100.0,67.95,2.0,51.0,0,0,43131,111.67
1785350167.467,5.7,100.0,67.97,1.0,55.0,0,0,43131,111.53
1785350168.467,5.4,100.0,68.36,3.0,43.0,0,0,43131,111.53
1785350169.467,6.1,100.0,68.36,2.0,28.0,0,0,43131,111.57
1785350170.467,4.7,100.0,68.34,2.0,20.0,0,0,43131,111.57
1785350171.467,6.1,100.0,68.34,4.0,53.0,0,0,43131,111.57
1785350172.467,3.9,100.0,68.36,3.0,53.0,0,0,43131,111.62
1785350173.467,7.1,100.0,68.32,2.0,33.1,0,0,43131,111.57
1785350174.467,5.4,100.0,68.36,1.0,52.7,0,0,43131,111.51
1785350175.468,6.3,100.0,68.37,4.0,40.1,0,0,43131,111.61
1785350176.468,7.0,100.0,68.36,1.0,35.0,0,0,43131,111.62
1785350177.468,6.0,100.0,68.73,3.0,23.0,0,0,43131,111.57
1785350178.468,6.4,100.0,69.19,2.0,51.0,0,0,43131,111.57
1785350179.468,7.9,100.0,69.72,1.0,59.0,0,0,43131,111.57
1785350180.468,6.4,100.0,70.33,2.0,99.0,0,0,43131,111.57
1785350181.468,6.7,100.0,70.37,5.0,101.0,0,0,43131,111.53
1785350182.468,6.1,100.0,70.38,1.0,99.0,0,0,43131,111.52
1785350183.468,6.9,100.0,70.26,35.0,42.0,88,100,43131,161.27
1785350184.469,5.8,100.0,70.23,38.0,10.0,88,100,43131,267.94
1785350185.469,6.2,100.0,70.20,36.0,8.0,88,100,43131,269.91
1785350186.469,5.7,100.0,70.18,35.0,9.0,88,100,43131,274.87
1785350187.469,6.5,100.0,70.01,41.0,9.0,87,100,43131,251.54
1785350188.469,6.1,100.0,70.00,38.0,10.0,87,100,43131,267.25
1785350189.469,5.6,100.0,69.98,36.0,9.0,88,100,43131,264.46
1785350190.469,6.6,100.0,69.95,38.0,9.0,86,100,43131,267.80
1785350191.469,5.4,100.0,69.95,25.0,6.0,0,0,43131,216.89
1785350192.469,6.4,100.0,69.93,23.0,1.0,90,100,43131,211.00
1785350193.469,5.2,100.0,69.92,34.0,2.0,92,90,43131,251.56
1785350194.470,6.3,100.0,69.91,33.0,4.0,89,100,43131,247.80
1785350195.470,5.8,100.0,69.89,31.0,3.0,88,100,43131,248.15
1785350196.470,5.2,100.0,69.89,29.0,4.0,89,100,43131,251.32
1785350197.470,5.9,100.0,70.03,33.0,3.0,89,90,43131,251.54
1785350198.470,5.4,100.0,70.02,29.0,4.0,88,99,43131,264.58
1785350199.470,6.9,100.0,70.00,29.0,4.0,89,100,43131,241.51
1785350200.470,5.7,100.0,69.99,33.0,4.0,90,100,43131,250.55
1785350201.470,6.0,100.0,69.99,32.0,5.0,87,97,43131,251.35
1785350202.470,5.7,100.0,70.00,33.0,5.0,87,97,43131,246.98
1785350203.470,5.8,100.0,70.01,29.0,3.0,89,100,43131,254.37
1785350204.471,8.3,100.0,69.97,31.0,5.0,88,99,43131,262.37
1785350205.471,6.3,100.0,69.97,30.0,4.0,89,100,43131,259.15
1785350206.471,5.4,100.0,69.96,28.0,4.0,89,100,43131,241.04
1785350207.471,5.7,100.0,69.97,28.0,4.0,89,100,43131,251.56
1785350208.471,5.3,100.0,69.96,31.0,2.0,89,100,43131,232.77
1785350209.471,7.0,100.0,68.56,31.0,3.0,90,98,43131,251.32
1785350210.471,6.2,100.0,69.40,26.0,2.0,87,99,43131,249.27
1785350211.471,4.9,100.0,69.40,30.0,3.0,90,100,43131,248.97
1785350212.471,3.7,100.0,69.38,27.0,3.0,90,100,43131,247.84
1785350213.471,5.2,100.0,69.37,26.0,4.0,88,99,43131,251.36
1785350214.472,6.9,100.0,69.35,35.0,4.0,89,100,43131,261.83
1785350215.472,5.9,100.0,69.35,31.0,4.0,88,99,43131,263.50
1785350216.472,6.6,100.0,69.34,31.0,4.0,93,95,43131,252.18
1785350217.472,9.9,100.0,69.35,32.0,5.0,88,99,43131,263.99
1785350218.472,6.9,100.0,69.35,27.0,3.0,90,100,43131,254.61
1785350219.472,5.5,99.0,69.34,27.0,3.0,90,100,43131,247.90
1785350220.472,7.5,100.0,69.63,28.0,4.0,90,100,43131,262.36
1785350221.472,9.3,100.0,69.63,32.0,3.0,88,99,43131,251.32
1785350222.472,8.2,100.0,69.65,32.0,6.0,88,99,43131,263.47
1785350223.473,6.6,100.0,69.66,28.0,3.0,89,100,43131,258.17
1785350224.473,7.1,100.0,69.65,28.0,4.0,88,99,43131,254.93
1785350225.473,5.3,100.0,69.66,30.0,5.0,90,100,43131,266.05
1785350226.473,5.9,100.0,69.66,29.0,4.0,89,100,43131,267.06
1785350227.473,5.9,100.0,69.65,28.0,3.0,89,100,43131,252.73
1785350228.473,6.0,100.0,69.66,25.0,3.0,89,100,43131,253.56
1785350229.473,3.5,100.0,69.63,27.0,3.0,90,100,43131,252.40
1785350230.473,5.9,100.0,69.63,30.0,3.0,88,100,43131,249.77
1785350231.473,4.1,100.0,69.62,30.0,1.0,86,95,43131,255.32
1785350232.473,5.5,100.0,69.52,27.0,3.0,91,100,43131,259.31
1785350233.473,6.4,100.0,69.50,32.1,4.0,88,100,43131,249.11
1785350234.474,7.0,100.0,69.52,26.9,2.0,89,100,43131,253.13
1785350235.474,5.6,100.0,69.50,31.0,3.0,89,100,43131,253.19
1785350236.474,6.1,100.0,69.50,33.0,2.0,89,100,43131,247.99
1785350237.474,5.3,100.0,69.47,27.0,3.0,89,100,43131,249.96
1785350238.474,5.7,100.0,69.47,32.0,2.0,90,100,43131,251.51
1785350239.474,6.1,100.0,69.45,33.0,4.0,89,100,43131,255.83
1785350240.474,5.9,100.0,69.44,32.0,3.0,88,99,43131,257.85
1785350241.474,5.6,100.0,69.45,31.0,3.0,88,100,43131,254.68
1785350242.474,6.8,100.0,69.43,34.0,5.0,89,100,43131,258.56
1785350243.474,4.8,100.0,69.44,31.0,2.0,89,100,43131,258.11
1785350244.475,5.5,100.0,68.98,34.0,5.0,89,87,43131,260.53
1785350245.475,4.1,100.0,69.13,34.0,3.0,87,98,43131,278.58
1785350246.475,3.6,100.0,69.11,29.0,3.0,89,100,43131,251.25
1785350247.475,5.0,100.0,69.12,35.0,4.0,89,100,43131,255.33
1785350248.475,5.5,100.0,69.12,28.0,3.0,89,100,43131,257.09
1785350249.475,6.2,100.0,69.12,32.0,4.0,88,99,43131,262.43
1785350250.475,5.9,100.0,69.12,28.0,4.0,92,100,43131,253.24
1785350251.475,6.2,100.0,69.11,26.0,2.0,91,100,43131,258.02
1785350252.475,5.9,100.0,69.10,28.0,2.0,87,94,43131,254.86
1785350253.475,6.0,100.0,69.10,29.0,4.0,97,64,43131,252.83
1785350254.476,5.5,100.0,69.10,27.0,3.0,89,100,43131,252.27
1785350255.476,5.8,100.0,69.10,24.0,1.0,90,100,43131,252.28
1785350256.476,5.1,100.0,69.08,34.0,4.0,90,100,43131,266.11
1785350257.476,5.5,100.0,69.06,26.0,3.0,90,100,43131,257.29
1785350258.476,6.3,100.0,69.04,40.0,3.0,90,79,43131,274.74
1785350259.476,6.2,100.0,69.04,27.0,4.0,90,100,43131,262.75
1785350260.476,8.7,100.0,68.95,28.0,2.0,89,100,43131,256.44
1785350261.476,7.8,99.0,68.93,31.0,4.0,90,100,43131,262.15
1785350262.476,8.4,100.0,69.18,25.1,3.0,92,100,43131,260.43
1785350263.476,6.2,100.0,69.58,28.9,4.0,90,100,43131,264.08
1785350264.477,9.1,100.0,69.53,27.0,2.0,89,100,43131,257.00
1785350265.477,10.2,100.0,69.52,27.0,3.0,90,100,43131,257.80
1785350266.477,6.7,100.0,69.57,27.1,4.0,86,86,43131,263.47
1785350267.477,6.3,100.0,69.55,25.9,3.0,88,98,43131,264.98
1785350268.477,9.8,100.0,69.54,28.0,4.0,90,100,43131,257.19
1785350269.477,6.8,100.0,69.53,33.0,4.0,92,79,43131,264.28
1785350270.477,7.7,100.0,69.49,29.0,3.0,90,100,43131,258.36
1785350271.477,7.7,100.0,69.57,29.0,4.0,89,100,43131,256.34
1785350272.477,7.6,100.0,69.52,32.0,4.0,89,100,43131,262.37
1785350273.477,4.8,100.0,69.52,29.0,5.0,90,100,43131,262.55
1785350274.477,6.4,100.0,69.52,30.0,4.0,88,100,43131,260.30
1785350275.478,6.4,100.0,69.54,29.0,3.0,90,100,43131,254.18
1785350276.478,6.4,100.0,69.51,28.0,3.0,90,100,43131,255.46
1785350277.478,8.4,100.0,69.52,28.0,4.0,89,100,43131,268.68
1785350278.478,7.5,100.0,69.52,30.0,3.0,87,98,43131,264.05
1785350279.478,5.3,100.0,69.50,26.9,4.0,87,98,43131,259.82
1785350280.478,6.8,100.0,69.55,28.1,3.0,87,98,43131,257.96
1785350281.478,6.7,100.0,69.54,29.0,5.0,89,100,43131,253.18
1785350282.478,4.9,100.0,69.54,29.0,4.0,89,100,43131,251.51
1785350283.478,7.3,100.0,69.54,33.0,3.0,87,98,43131,252.63
1785350284.478,7.2,100.0,69.54,28.0,4.0,90,100,43131,248.11
1785350285.478,6.3,100.0,69.53,28.0,3.0,89,100,43131,257.01
1785350286.479,4.7,100.0,69.52,29.0,4.0,90,100,43131,261.70
1785350287.479,6.4,100.0,69.53,31.0,4.0,89,100,43131,268.40
1785350288.479,5.7,100.0,69.52,33.0,6.0,88,100,43131,272.87
1785350289.479,6.0,100.0,69.51,29.0,3.0,89,100,43131,266.56
1785350290.479,4.9,100.0,69.52,28.0,5.0,89,100,43131,260.51
1785350291.479,5.9,100.0,69.53,30.0,4.0,89,100,43131,263.00
1785350292.479,6.1,100.0,69.54,32.0,4.0,87,99,43131,258.52
1785350293.479,5.9,100.0,69.50,25.1,3.0,89,100,43131,262.25
1785350294.479,6.0,100.0,69.52,29.8,3.0,90,100,43131,257.48
1785350295.479,5.1,100.0,69.52,30.0,3.0,90,100,43131,256.53
1785350296.480,6.2,100.0,69.48,28.0,3.0,89,100,43131,256.75
1785350297.480,5.5,100.0,69.48,25.0,3.0,89,100,43131,258.01
1785350298.480,5.4,100.0,69.48,29.0,3.0,90,100,43131,257.74
1785350299.480,5.7,100.0,69.46,29.0,4.0,90,100,43131,254.78
1785350300.480,5.1,100.0,69.48,26.0,2.0,87,98,43131,260.04
1785350301.480,5.3,100.0,69.47,24.0,2.0,89,100,43131,254.91
1785350302.480,5.4,100.0,69.46,26.0,2.0,90,100,43131,258.67
1785350303.480,5.0,100.0,69.44,24.0,2.0,91,100,43131,254.99
1785350304.480,6.6,100.0,69.45,16.0,2.0,0,0,43131,227.88
1785350305.480,7.1,100.0,69.45,27.0,1.0,89,100,43131,210.05
1785350306.481,6.1,100.0,69.47,23.0,2.0,91,100,43131,255.28
1785350307.481,6.0,100.0,69.46,23.0,1.0,91,100,43131,259.43
1785350308.481,6.4,100.0,69.45,25.0,2.0,91,100,43131,259.78
1785350309.481,5.4,100.0,69.45,29.0,2.0,93,91,43131,264.00
1785350310.481,5.9,100.0,69.44,24.0,2.0,91,100,43131,253.32
1785350311.481,5.6,100.0,69.43,27.0,2.0,91,100,43131,264.92
1785350312.481,6.1,100.0,69.45,27.0,1.0,88,99,43131,258.07
1785350313.481,6.0,100.0,69.46,24.0,2.0,91,100,43131,254.99
1785350314.481,6.8,100.0,69.46,24.0,1.0,88,100,43131,260.38
1785350315.481,5.6,100.0,69.45,25.0,2.0,89,100,43131,258.99
1785350316.482,5.3,100.0,69.45,33.0,3.0,89,100,43131,254.99
1785350317.482,6.7,100.0,69.47,30.0,4.0,88,100,43131,259.81
1785350318.482,6.0,100.0,69.46,28.0,3.0,90,100,43131,254.96
1785350319.482,6.2,100.0,69.47,32.0,3.0,86,98,43131,259.63
1785350320.482,5.6,100.0,69.46,30.0,3.0,87,98,43131,260.04
1785350321.482,6.4,100.0,69.46,25.0,4.0,88,99,43131,256.08
1785350322.482,5.0,100.0,69.45,36.0,3.0,89,100,43131,265.60
1785350323.482,7.1,100.0,69.45,30.0,5.0,93,81,43131,270.98
1785350324.482,6.0,100.0,69.44,26.0,3.0,90,100,43131,258.75
1785350325.482,6.7,100.0,69.46,29.0,4.0,89,100,43131,264.64
1785350326.483,7.6,100.0,69.46,27.0,3.0,88,100,43131,257.15
1785350327.483,6.0,100.0,69.46,29.0,3.0,87,98,43131,260.12
1785350328.483,6.9,100.0,69.46,29.0,4.0,90,100,43131,264.29
1785350329.483,6.4,100.0,69.46,29.0,3.0,92,90,43131,253.79
1785350330.483,6.8,100.0,69.44,29.0,3.0,91,100,43131,257.72
1785350331.483,5.5,100.0,69.45,29.0,4.0,90,87,43131,264.60
1785350332.483,5.0,100.0,69.47,27.0,2.0,90,100,43131,259.64
1785350333.483,6.1,100.0,69.46,25.0,2.0,90,100,43131,259.06
1785350334.483,5.4,100.0,69.46,32.0,3.0,90,100,43131,254.85
1785350335.483,6.2,100.0,69.47,26.0,1.0,88,98,43131,259.75
1785350336.484,6.5,100.0,69.48,34.0,3.0,85,96,43131,266.80
1785350337.484,10.3,100.0,69.13,33.0,4.0,88,100,43131,264.78
1785350338.484,7.0,100.0,69.47,32.0,4.0,89,100,43131,268.92
1785350339.484,6.1,100.0,69.48,32.0,4.0,88,99,43131,267.05
1785350340.484,6.6,100.0,69.49,32.0,4.0,89,100,43131,253.85
1785350341.484,5.8,100.0,69.48,28.0,4.0,89,100,43131,246.96
1785350342.484,5.9,100.0,69.47,30.0,4.0,89,100,43131,261.58
1785350343.484,5.5,100.0,69.47,32.0,3.0,89,100,43131,271.56
1785350344.484,7.8,100.0,69.49,31.9,4.0,89,100,43131,270.74
1785350345.485,7.2,100.0,69.47,29.1,4.0,89,100,43131,259.86
1785350346.485,6.4,100.0,69.46,34.0,5.0,89,100,43131,253.91
1785350347.485,5.2,100.0,69.45,31.0,5.0,89,100,43131,241.87
1785350348.485,5.5,100.0,69.46,25.0,4.0,90,100,43131,256.55
1785350349.485,5.2,100.0,69.50,30.0,3.0,89,100,43131,267.14
1785350350.485,6.6,100.0,69.49,30.0,4.0,89,100,43131,267.48
1785350351.485,6.3,100.0,69.51,30.0,4.0,88,99,43131,263.08
1785350352.485,5.6,100.0,69.50,30.0,3.0,87,83,43131,265.31
1785350353.485,6.0,100.0,69.50,27.1,3.0,90,100,43131,249.59
1785350354.485,5.7,100.0,69.51,28.9,2.0,89,100,43131,263.24
1785350355.485,5.3,100.0,69.51,26.0,3.0,88,100,43131,257.56
1785350356.486,6.2,100.0,69.51,35.0,3.0,89,100,43131,265.44
1785350357.486,5.6,100.0,69.51,29.0,5.0,90,100,43131,269.23
1785350358.486,5.8,100.0,69.52,30.0,5.0,88,100,43131,263.02
1785350359.486,6.2,100.0,69.54,31.0,4.0,89,100,43131,264.27
1785350360.486,6.2,100.0,69.55,27.0,3.0,90,100,43131,261.99
1785350361.486,6.2,100.0,68.94,28.0,4.0,89,100,43131,259.70
1785350362.486,5.5,100.0,69.42,27.0,4.0,89,100,43131,258.89
1785350363.486,6.5,100.0,69.52,32.0,3.0,88,99,43131,262.51
1785350364.486,7.9,99.0,69.64,28.0,4.0,87,98,43131,260.88
1785350365.486,7.1,100.0,69.65,28.1,5.0,87,98,43131,268.99
1785350366.487,6.5,100.0,69.75,30.9,3.0,90,100,43131,260.93
1785350367.487,5.9,100.0,69.76,28.0,3.0,90,100,43131,260.15
1785350368.487,6.7,100.0,69.80,32.0,3.0,90,100,43131,254.92
1785350369.487,5.4,100.0,69.79,29.0,3.0,90,100,43131,263.81
1785350370.487,7.4,100.0,69.95,31.0,4.0,86,97,43131,252.49
1785350371.487,6.8,100.0,70.28,27.0,5.0,89,100,43131,259.28
1785350372.487,8.9,100.0,70.28,36.0,4.0,87,98,43131,257.32
1785350373.487,7.9,100.0,70.37,27.0,4.0,89,100,43131,257.30
1785350374.487,7.3,100.0,70.40,36.0,4.0,89,100,43131,254.14
1785350375.488,8.8,100.0,70.01,35.0,6.0,88,99,43131,269.02
1785350376.488,7.9,100.0,70.62,30.0,4.0,90,100,43131,262.37
1785350377.488,8.3,100.0,70.60,27.0,4.0,90,100,43131,260.57
1785350378.488,6.9,100.0,70.56,29.0,4.0,90,100,43131,260.27
1785350379.488,8.0,100.0,70.45,32.0,4.0,89,100,43131,271.46
1785350380.488,7.1,100.0,70.85,30.0,4.0,87,98,43131,274.13
1785350381.488,7.4,100.0,70.83,27.0,4.0,89,100,43131,256.05
1785350382.488,7.6,100.0,70.73,31.0,4.0,90,100,43131,257.31
1785350383.488,7.9,100.0,70.92,26.0,3.0,90,100,43131,261.39
1785350384.488,8.6,100.0,70.89,28.0,3.0,90,100,43131,257.75
1785350385.489,9.0,100.0,70.89,26.0,2.0,90,100,43131,258.28
1785350386.489,7.9,100.0,70.96,28.0,1.0,89,100,43131,258.12
1785350387.489,9.8,100.0,70.86,30.0,4.0,90,100,43131,269.98
1785350388.489,6.4,100.0,70.94,29.0,2.0,90,100,43131,258.80
1785350389.489,6.8,100.0,70.96,28.0,2.0,90,100,43131,258.74
1785350390.489,6.0,100.0,71.17,23.0,2.0,90,100,43131,257.18
1785350391.489,7.2,100.0,71.30,28.0,2.0,91,100,43131,260.42
1785350392.489,7.0,100.0,71.34,24.0,3.0,91,100,43131,256.49
1785350393.489,8.8,100.0,71.66,26.0,1.0,90,100,43131,259.91
1785350394.490,6.2,100.0,71.63,23.0,2.0,91,100,43131,257.98
1785350395.490,9.3,100.0,71.63,25.0,2.0,89,100,43131,258.33
1785350396.490,7.7,100.0,71.63,22.0,2.0,91,100,43131,260.76
1785350397.490,9.8,100.0,71.63,25.0,1.0,91,100,43131,262.96
1785350398.490,11.4,100.0,71.63,23.0,1.0,90,100,43131,262.02
1785350399.490,6.6,100.0,71.63,27.0,1.0,91,100,43131,260.84
1785350400.490,7.6,100.0,70.33,23.1,0.0,90,100,43131,261.32
1785350401.490,8.9,100.0,71.02,24.9,2.0,90,100,43131,259.60
1785350402.490,6.6,100.0,71.01,26.0,1.0,91,100,43131,260.31
1785350403.490,9.4,100.0,70.91,24.0,1.0,89,100,43131,262.20
1785350404.491,7.3,100.0,70.83,17.0,47.0,0,0,43131,204.52
1785350405.491,8.2,100.0,69.51,2.0,0.0,0,0,43131,147.33
1785350406.491,11.1,100.0,69.48,2.0,0.0,0,0,43131,120.03
1785350407.491,7.9,100.0,69.63,2.0,0.0,0,0,43131,119.61
1785350408.491,9.6,100.0,69.68,4.0,189.0,0,0,43131,119.11
1785350409.491,9.3,100.0,69.63,3.0,28.0,0,0,43131,118.67
1785350410.491,7.6,100.0,69.38,2.0,36.0,0,0,43131,118.33
1785350411.491,9.3,100.0,69.37,2.0,23.0,0,0,43131,118.03
1785350412.491,6.6,100.0,69.37,2.0,26.9,0,0,43131,117.69
1785350413.492,8.4,100.0,69.37,2.0,29.3,0,0,43131,117.40
1785350414.492,9.6,100.0,69.30,3.0,23.9,0,0,43131,117.06
1785350415.492,8.0,100.0,69.31,2.0,33.0,0,0,43131,116.82
1785350416.492,8.0,100.0,68.42,3.0,62.1,0,0,43131,116.64
1785350417.492,8.4,100.0,69.13,1.0,35.9,0,0,43131,115.76
1785350418.492,6.2,100.0,69.12,3.0,26.0,0,0,43131,115.28
1785350419.492,10.2,100.0,69.32,2.0,6.0,0,0,43131,115.06
1785350420.492,8.0,100.0,69.11,2.0,37.8,0,0,43131,114.76
1785350421.492,7.9,100.0,69.13,1.0,28.0,0,0,43131,114.68
1785350422.492,9.6,100.0,69.10,5.0,34.0,0,0,43131,114.35
1785350423.492,7.0,100.0,69.11,1.0,45.0,0,0,43131,114.10
1785350424.493,8.7,100.0,69.18,2.0,21.1,0,0,43131,113.85
1785350425.493,9.8,100.0,69.09,2.0,24.9,0,0,43131,113.71
1785350426.493,6.8,100.0,69.13,1.0,45.2,0,0,43131,113.51
1785350427.493,9.0,100.0,69.08,2.0,41.9,0,0,43131,113.32
1785350428.493,7.4,100.0,69.58,4.0,52.0,0,0,43131,113.28
1785350429.493,6.9,100.0,69.58,2.0,24.0,0,0,43131,113.18
1785350430.493,9.9,100.0,69.58,2.0,20.0,0,0,43131,112.98
1785350431.493,8.1,100.0,69.58,2.0,38.0,0,0,43131,112.77
1785350432.493,7.1,100.0,68.07,3.0,58.9,0,0,43131,112.68
1785350433.493,5.0,100.0,68.10,2.0,27.0,0,0,43131,112.64
1785350434.494,7.2,100.0,68.11,3.0,43.0,0,0,43131,112.50
1785350435.494,5.5,100.0,68.10,2.0,39.0,0,0,43131,112.35
1785350436.494,6.7,100.0,68.09,4.0,40.0,0,0,43131,112.30
1785350437.494,5.8,100.0,68.11,2.0,34.0,0,0,43131,112.21
1785350438.494,6.4,100.0,68.10,3.0,30.9,0,0,43131,112.05
1785350439.494,5.7,100.0,68.09,1.0,29.1,0,0,43131,112.05
1785350440.494,6.4,100.0,68.12,4.0,26.0,0,0,43131,111.96
1785350441.494,6.7,100.0,68.13,2.0,35.0,0,0,43131,113.13
1785350442.494,6.5,100.0,68.13,1.0,29.0,0,0,43131,113.80
1785350443.494,6.8,100.0,68.18,3.0,23.0,0,0,43131,113.64
1785350444.495,6.5,100.0,68.10,2.0,26.0,0,0,43131,114.07
1785350445.495,5.3,100.0,68.11,2.0,31.0,0,0,43131,114.08
1785350446.495,6.1,100.0,68.10,3.0,30.0,0,0,43131,114.10
1785350447.495,7.4,100.0,68.08,2.0,32.0,0,0,43131,114.29
1785350448.495,8.5,100.0,68.08,3.0,27.0,0,0,43131,114.19
1785350449.495,5.3,100.0,68.09,1.0,27.0,0,0,43131,113.81
1785350450.495,4.8,100.0,68.11,3.0,28.0,0,0,43131,113.67
1785350451.495,5.2,100.0,68.09,3.0,31.0,0,0,43131,113.71
1785350452.495,6.8,100.0,68.07,2.0,28.0,0,0,43131,113.62
1785350453.495,6.8,100.0,68.07,3.0,40.0,0,0,43131,113.42
1785350454.496,5.6,100.0,68.08,3.0,17.0,0,0,43131,113.45
1785350455.496,5.9,100.0,68.06,2.0,18.0,0,0,43131,113.40
1785350456.496,8.1,100.0,68.06,1.0,16.0,0,0,43131,113.36
1785350457.496,9.1,100.0,68.11,3.0,18.0,0,0,43131,113.36
1785350458.496,8.2,100.0,68.10,2.0,17.0,0,0,43131,113.32
1785350459.496,6.3,100.0,68.11,3.0,20.0,0,0,43131,113.30
1785350460.496,5.7,100.0,68.10,3.0,21.0,0,0,43131,113.25
1785350461.496,5.5,100.0,68.10,3.0,11.0,0,0,43131,113.16
1785350462.496,6.4,100.0,68.10,1.0,31.0,0,0,43131,113.16
1785350463.496,6.3,100.0,68.09,3.0,28.0,0,0,43131,113.06
1785350464.497,5.8,100.0,68.10,0.0,26.0,0,0,43131,112.92
1785350465.497,5.7,100.0,68.08,4.0,29.0,0,0,43131,112.98
1785350466.497,6.2,100.0,68.25,3.0,32.0,0,0,43131,112.98
1785350467.497,8.0,100.0,68.25,2.0,22.0,0,0,43131,112.94
1785350468.497,5.4,100.0,68.25,3.0,18.0,0,0,43131,112.89
1785350469.497,6.3,100.0,68.27,3.0,22.0,0,0,43131,112.83
1785350470.497,5.6,100.0,68.29,2.0,31.0,0,0,43131,112.78
1785350471.560,7.8,100.0,68.29,1.8,187.4,0,0,43131,112.69
1785350472.560,6.0,100.0,68.29,2.0,35.1,0,0,43131,112.69
1785350473.560,6.1,100.0,68.32,2.0,35.9,0,0,43131,112.69
1785350474.560,4.6,100.0,68.35,4.0,23.0,0,0,43131,112.65
1785350475.560,6.1,100.0,68.35,2.0,23.0,0,0,43131,112.60
1785350476.560,5.5,100.0,68.35,2.0,43.0,0,0,43131,112.64
1785350477.560,5.8,100.0,67.51,2.0,33.0,0,0,43131,112.60
1785350478.560,5.4,100.0,67.96,3.0,35.0,0,0,43131,112.50
1785350479.560,6.0,100.0,67.94,3.0,33.0,0,0,43131,112.44
1785350480.560,6.4,100.0,67.92,0.0,46.0,0,0,43131,112.43
1785350481.561,6.1,100.0,67.94,4.0,43.0,0,0,43131,112.44
1785350482.561,5.7,100.0,67.96,1.0,43.0,0,0,43131,112.44
1785350483.561,5.7,100.0,67.96,2.0,52.0,0,0,43131,112.44
1785350484.561,7.8,100.0,67.97,4.0,161.9,0,0,43131,112.38
1785350485.561,6.6,100.0,67.97,2.0,26.0,0,0,43131,112.38
1785350486.561,5.5,100.0,67.96,1.0,17.0,0,0,43131,112.35
1785350487.561,5.0,100.0,67.97,3.0,18.0,0,0,43131,112.35
1785350488.561,7.0,100.0,67.97,3.0,26.0,0,0,43131,112.35
1785350489.561,10.1,100.0,68.16,1.0,36.0,0,0,43131,112.39
1785350490.561,7.5,100.0,68.23,2.0,27.0,0,0,43131,112.33
1785350491.562,8.3,100.0,68.25,4.0,48.0,0,0,43131,112.24
1785350492.562,7.6,100.0,68.62,1.0,44.0,0,0,43131,112.25
1785350493.562,7.7,100.0,68.65,2.0,26.0,0,0,43131,112.24
1785350494.562,7.1,100.0,69.01,4.0,21.0,0,0,43131,112.22
1785350495.562,7.0,100.0,69.09,1.0,17.0,0,0,43131,112.09
1785350496.562,8.0,100.0,69.18,2.0,28.0,0,0,43131,112.09
1785350497.562,7.9,100.0,69.18,5.0,61.0,0,0,43131,112.41
1785350498.562,5.9,100.0,69.17,2.0,25.0,0,0,43131,112.38
1785350499.562,7.5,100.0,69.32,3.0,28.0,0,0,43131,112.11
1785350500.562,7.9,100.0,69.50,1.0,43.0,0,0,43131,112.10
1785350501.563,7.6,100.0,69.72,2.0,31.0,0,0,43131,112.09
1785350502.563,6.6,100.0,69.85,3.0,38.0,0,0,43131,112.05
1785350503.563,7.6,100.0,69.91,1.0,18.0,0,0,43131,112.01
1785350504.563,8.4,100.0,70.41,4.0,45.0,0,0,43131,112.01
1785350505.563,9.5,100.0,71.17,2.0,66.0,0,0,43131,112.00
1785350506.563,8.2,100.0,71.90,3.0,87.0,0,0,43131,111.99
1785350507.563,7.7,100.0,71.92,1.0,99.0,0,0,43131,111.90
1785350508.563,8.6,100.0,71.91,3.0,101.0,0,0,43131,112.02
1785350509.563,7.3,100.0,71.79,17.0,90.0,82,93,43131,114.02
1785350510.564,6.5,100.0,71.80,42.0,9.0,85,97,43131,275.23
1785350511.564,9.8,100.0,71.76,22.0,3.0,86,97,43131,168.94
1785350512.564,5.6,100.0,71.75,29.0,1.0,93,84,43131,254.13
1785350513.564,5.6,100.0,71.72,26.0,2.0,91,100,43131,252.58
1785350514.564,6.8,100.0,71.64,32.0,2.0,90,100,43131,243.29
1785350515.564,5.9,100.0,71.64,13.0,1.0,71,49,43131,182.11
1785350516.564,8.7,100.0,71.62,27.0,2.0,91,100,43131,255.83
1785350517.564,10.9,100.0,71.76,27.1,1.0,89,100,43131,248.26
1785350518.564,8.3,100.0,71.59,27.9,3.0,91,100,43131,247.55
1785350519.565,6.4,100.0,70.96,30.0,2.0,88,98,43131,246.41
1785350520.565,6.5,100.0,71.21,25.0,3.0,88,99,43131,249.20
1785350521.565,9.4,100.0,71.18,29.0,3.0,92,100,43131,254.90
1785350522.565,6.8,100.0,71.17,23.0,1.0,92,100,43131,245.71
1785350523.565,6.6,100.0,71.16,27.0,3.0,90,89,43131,245.94
1785350524.565,9.8,100.0,71.08,30.0,2.0,88,99,43131,248.54
1785350525.565,5.4,100.0,71.04,26.0,2.0,90,100,43131,242.65
1785350526.565,5.5,100.0,71.02,31.0,3.0,89,71,43131,258.27
1785350527.565,9.6,100.0,70.98,30.0,2.0,88,100,43131,255.49
1785350528.565,7.5,100.0,70.98,34.0,4.0,87,98,43131,260.71
1785350529.566,4.5,100.0,70.97,29.0,5.0,87,97,43131,254.27
1785350530.566,10.2,100.0,70.97,34.0,3.0,90,100,43131,261.63
1785350531.566,5.8,100.0,70.89,31.0,4.0,87,98,43131,256.64
1785350532.566,7.7,100.0,70.88,27.0,3.0,90,100,43131,256.54
1785350533.566,8.0,100.0,70.15,32.1,5.0,90,100,43131,259.14
1785350534.566,8.4,100.0,70.88,29.9,4.0,92,100,43131,249.91
1785350535.566,7.3,100.0,70.89,31.0,4.0,77,87,43131,249.81
1785350536.566,8.5,100.0,70.89,27.0,3.0,87,98,43131,252.70
1785350537.566,11.3,100.0,70.88,33.0,4.0,89,100,43131,249.74
1785350538.566,7.9,100.0,70.85,30.0,3.0,90,100,43131,251.19
1785350539.566,8.4,100.0,70.85,28.0,3.0,90,100,43131,246.98
1785350540.567,11.5,100.0,71.13,29.0,3.0,89,100,43131,248.87
1785350541.567,6.6,100.0,71.14,19.0,2.0,96,100,43131,257.99
1785350542.567,6.6,100.0,71.13,17.0,2.0,96,100,43131,257.61
1785350543.567,9.2,100.0,71.06,22.1,2.0,89,100,43131,255.66
1785350544.567,6.8,100.0,71.07,20.9,3.0,93,100,43131,263.47
1785350545.567,6.5,100.0,71.06,18.0,2.0,97,100,43131,259.58
1785350546.567,9.2,100.0,71.06,21.0,2.0,93,100,43131,257.50
1785350547.567,6.1,100.0,71.05,16.0,2.0,96,100,43131,263.43
1785350548.567,7.1,100.0,70.36,18.0,2.0,95,100,43131,260.86
1785350549.567,8.3,100.0,71.09,23.1,2.0,93,100,43131,259.21
1785350550.568,8.2,100.0,71.01,19.0,2.0,93,100,43131,259.35
1785350551.568,7.4,100.0,70.97,21.0,2.0,92,100,43131,266.18
1785350552.568,5.8,100.0,70.96,22.0,3.0,89,100,43131,267.07
1785350553.568,9.8,100.0,70.93,22.0,1.0,91,100,43131,259.35
1785350554.568,7.0,100.0,70.93,24.0,3.0,91,100,43131,252.28
1785350555.568,6.8,100.0,70.93,27.0,1.0,90,100,43131,259.03
1785350556.568,8.6,99.0,70.92,29.0,3.0,90,100,43131,259.54
1785350557.568,7.3,100.0,71.30,27.0,3.0,90,100,43131,256.87
1785350558.568,6.8,100.0,71.29,26.0,3.0,90,100,43131,258.18
1785350559.569,9.1,100.0,71.26,32.0,2.0,90,100,43131,264.73
1785350560.569,6.9,100.0,71.27,30.0,3.0,89,100,43131,263.77
1785350561.569,6.6,100.0,71.26,24.0,3.0,90,100,43131,255.58
1785350562.569,10.1,100.0,71.25,29.0,2.0,88,100,43131,251.76
1785350563.569,7.4,100.0,71.28,26.0,2.0,90,100,43131,254.04
1785350564.569,6.8,100.0,71.25,23.0,2.0,88,100,43131,256.42
1785350565.569,9.8,100.0,71.38,31.1,2.0,92,100,43131,253.30
1785350566.569,6.6,100.0,71.21,27.9,1.0,90,100,43131,259.73
1785350567.569,6.7,100.0,71.20,20.0,2.0,94,100,43131,256.72
1785350568.569,7.0,100.0,71.17,19.1,2.0,93,100,43131,259.86
1785350569.570,9.2,100.0,71.17,15.9,1.0,95,100,43131,261.46
1785350570.570,8.2,100.0,71.16,22.0,2.0,96,100,43131,256.75
1785350571.570,6.9,100.0,71.17,14.0,1.0,94,100,43131,260.50
1785350572.570,8.9,100.0,71.14,19.0,3.0,91,100,43131,260.00
1785350573.570,6.7,100.0,71.12,18.0,2.0,95,100,43131,257.74
1785350574.570,6.1,100.0,71.10,20.0,1.0,90,100,43131,263.88
1785350575.570,9.8,100.0,71.06,24.0,3.0,95,100,43131,263.05
1785350576.570,9.7,100.0,71.05,28.0,4.0,88,97,43131,266.69
1785350577.570,9.9,100.0,71.06,28.0,3.0,88,100,43131,258.48
1785350578.570,9.5,100.0,71.04,28.0,3.0,87,98,43131,255.11
1785350579.571,6.8,100.0,71.03,29.0,3.0,90,100,43131,256.00
1785350580.571,6.4,100.0,71.12,24.0,4.0,89,100,43131,258.15
1785350581.571,9.0,100.0,71.08,30.0,2.0,87,98,43131,258.39
1785350582.571,6.6,100.0,71.08,30.0,4.0,89,100,43131,261.23
1785350583.571,7.9,100.0,71.08,27.0,3.0,88,98,43131,263.68
1785350584.571,9.2,100.0,71.10,23.0,4.0,94,100,43131,263.86
1785350585.571,7.8,100.0,71.11,21.0,3.0,96,100,43131,262.84
1785350586.571,6.2,100.0,71.09,19.0,3.0,95,100,43131,272.46
1785350587.571,8.5,100.0,71.19,23.1,3.0,94,100,43131,262.56
1785350588.572,7.7,100.0,71.05,21.9,3.0,95,100,43131,258.02
1785350589.572,6.1,100.0,71.05,27.0,3.0,90,100,43131,258.43
1785350590.572,6.4,100.0,71.03,32.1,3.0,90,100,43131,258.64
1785350591.572,8.1,100.0,71.02,21.0,3.0,95,77,43131,267.72
1785350592.572,6.5,100.0,71.03,29.0,3.0,90,100,43131,255.58
1785350593.572,6.6,100.0,71.02,27.0,3.0,89,100,43131,249.51
1785350594.572,10.0,100.0,70.87,31.0,3.0,89,100,43131,256.15
1785350595.572,7.2,100.0,70.87,26.0,2.0,90,100,43131,256.13
1785350596.572,7.7,100.0,70.86,27.0,4.0,89,100,43131,256.40
1785350597.572,8.7,100.0,70.85,24.0,1.0,89,100,43131,260.54
1785350598.572,6.2,100.0,70.85,25.0,2.0,88,100,43131,255.76
1785350599.572,7.6,100.0,70.85,27.0,3.0,89,100,43131,258.14
1785350600.573,9.2,100.0,70.83,31.0,3.0,90,100,43131,257.65
1785350601.573,7.2,100.0,70.86,30.0,4.0,90,100,43131,259.32
1785350602.573,7.1,100.0,70.87,28.0,4.0,90,100,43131,259.14
1785350603.573,6.4,100.0,69.29,28.9,3.0,90,100,43131,266.95
1785350604.573,6.0,100.0,69.31,33.0,5.0,87,97,43131,266.36
1785350605.573,6.5,100.0,69.34,29.0,3.0,88,99,43131,269.55
1785350606.573,5.4,100.0,69.13,27.0,4.0,90,100,43131,256.11
1785350607.573,6.0,100.0,69.14,32.0,5.0,88,99,43131,271.43
1785350608.573,5.8,100.0,69.13,27.0,3.0,90,100,43131,258.03
1785350609.573,5.8,100.0,69.10,27.0,3.0,90,100,43131,259.02
1785350610.574,5.6,100.0,69.10,26.0,3.0,90,100,43131,257.16
1785350611.574,6.0,100.0,69.08,30.0,4.0,88,98,43131,267.63
1785350612.574,5.8,100.0,69.08,28.0,4.0,90,100,43131,252.66
1785350613.574,6.1,100.0,69.08,28.0,3.0,87,99,43131,264.95
1785350614.574,6.5,100.0,69.06,31.0,4.0,87,98,43131,271.66
1785350615.574,5.8,100.0,69.07,28.0,3.0,89,100,43131,254.35
1785350616.574,5.0,100.0,69.05,29.0,3.0,87,98,43131,263.76
1785350617.574,6.4,100.0,69.06,28.0,4.0,90,100,43131,257.27
1785350618.574,6.9,100.0,69.05,30.0,4.0,88,100,43131,256.02
1785350619.574,5.2,100.0,69.06,27.0,3.0,90,100,43131,260.14
1785350620.575,5.9,100.0,69.05,25.0,3.0,89,100,43131,259.46
1785350621.575,5.5,100.0,69.05,30.0,3.0,88,99,43131,259.74
1785350622.575,5.9,100.0,69.04,28.0,4.0,89,100,43131,260.46
1785350623.575,6.1,100.0,69.04,28.0,3.0,90,100,43131,254.47
1785350624.575,6.1,100.0,69.03,28.0,3.0,90,100,43131,261.28
1785350625.575,6.1,100.0,69.05,28.0,3.0,88,100,43131,259.38
1785350626.575,6.9,100.0,69.03,33.0,5.0,88,100,43131,256.57
1785350627.575,5.1,100.0,69.04,29.0,3.0,87,97,43131,264.48
1785350628.575,6.1,100.0,69.04,28.0,4.0,87,98,43131,258.29
1785350629.575,5.8,100.0,69.03,29.0,4.0,90,100,43131,258.01
1785350630.576,6.4,100.0,69.05,28.0,2.0,90,100,43131,266.15
1785350631.576,7.6,100.0,69.03,28.0,3.0,90,100,43131,264.39
1785350632.576,5.8,100.0,69.02,28.0,3.0,87,98,43131,265.42
1785350633.576,6.7,100.0,69.03,29.0,3.0,88,99,43131,254.73
1785350634.576,5.9,100.0,69.02,29.0,3.0,89,100,43131,257.69
1785350635.576,5.1,100.0,69.03,24.0,2.0,87,98,43131,255.40
1785350636.576,7.7,100.0,69.02,32.0,3.0,90,100,43131,254.84
1785350637.576,7.7,100.0,69.04,33.0,3.0,90,100,43131,262.94
1785350638.576,7.4,100.0,69.06,31.0,3.0,90,100,43131,260.13
1785350639.576,7.0,100.0,69.06,37.0,5.0,88,99,43131,262.95
1785350640.577,5.3,100.0,69.06,30.0,4.0,88,99,43131,257.31
1785350641.577,5.4,100.0,68.72,36.0,4.0,88,100,43131,272.89
1785350642.577,6.3,100.0,68.71,28.0,5.0,89,100,43131,256.41
1785350643.577,5.2,100.0,68.71,29.0,4.0,89,100,43131,253.09
1785350644.577,6.1,100.0,68.72,31.0,4.0,89,100,43131,257.01
1785350645.577,5.8,100.0,68.73,29.0,5.0,88,99,43131,265.01
1785350646.577,5.9,100.0,68.71,28.0,3.0,89,100,43131,263.30
1785350647.577,5.0,100.0,68.73,25.1,3.0,87,98,43131,258.94
1785350648.577,5.3,100.0,68.71,25.9,2.0,88,100,43131,258.35
1785350649.577,6.8,100.0,69.19,33.0,4.0,89,100,43131,263.26
1785350650.577,7.9,100.0,69.20,29.1,4.0,89,100,43131,260.73
1785350651.577,6.4,100.0,69.20,27.9,3.0,87,99,43131,261.00
1785350652.578,6.4,100.0,69.22,28.0,3.0,90,100,43131,254.70
1785350653.578,6.8,100.0,69.19,29.0,2.0,89,100,43131,263.08
1785350654.578,5.9,100.0,69.20,25.0,3.0,90,100,43131,259.74
1785350655.578,5.8,100.0,69.22,30.0,4.0,90,100,43131,259.61
1785350656.578,5.5,100.0,69.19,27.0,3.0,90,100,43131,259.06
1785350657.578,6.4,100.0,69.17,25.0,3.0,90,100,43131,260.38
1785350658.578,5.7,100.0,69.19,37.0,5.0,88,99,43131,262.09
1785350659.578,6.0,100.0,69.19,29.0,5.0,89,100,43131,261.25
1785350660.578,5.7,100.0,69.65,34.0,5.0,89,100,43131,268.03
1785350661.579,6.5,100.0,69.63,36.0,5.0,95,60,43131,278.36
1785350662.579,5.5,100.0,69.61,30.0,4.0,89,100,43131,267.39
1785350663.579,7.2,100.0,69.59,33.0,5.0,88,100,43131,258.53
1785350664.579,5.2,100.0,69.58,29.0,5.0,89,100,43131,269.95
1785350665.579,7.4,100.0,69.59,33.0,5.0,87,98,43131,268.23
1785350666.579,6.4,100.0,69.60,32.0,5.0,89,100,43131,254.95
1785350667.579,5.8,100.0,69.60,32.0,8.0,89,100,43131,263.50
1785350668.579,6.2,100.0,69.61,34.0,7.0,89,100,43131,268.83
1785350669.579,5.6,100.0,69.61,32.0,6.0,89,100,43131,264.13
1785350670.580,5.9,100.0,69.60,29.0,3.0,89,100,43131,246.74
1785350671.580,7.3,100.0,69.60,29.0,4.0,89,100,43131,262.41
1785350672.580,6.1,100.0,69.61,25.0,3.0,89,100,43131,260.12
1785350673.580,5.7,100.0,69.59,33.0,2.0,90,90,43131,269.90
1785350674.580,5.4,100.0,69.58,30.0,4.0,90,100,43131,260.58
1785350675.580,6.5,100.0,69.11,27.0,3.0,90,100,43131,252.70
1785350676.580,4.9,100.0,69.12,26.0,3.0,90,100,43131,261.64
1785350677.580,6.7,100.0,69.16,32.0,3.0,89,100,43131,260.70
1785350678.580,5.9,100.0,69.15,24.0,2.0,90,100,43131,251.32
1785350679.580,5.5,100.0,69.14,26.0,1.0,88,100,43131,258.97
1785350680.580,6.2,100.0,69.15,23.0,1.0,91,100,43131,261.16
1785350681.581,6.0,100.0,69.08,25.0,2.0,92,100,43131,265.43
1785350682.581,6.3,100.0,69.10,25.0,2.0,97,86,43131,259.31
1785350683.581,5.9,100.0,69.09,28.0,1.0,92,100,43131,251.65
1785350684.581,6.3,100.0,69.09,22.0,1.0,91,100,43131,261.68
1785350685.581,6.4,100.0,69.09,24.0,1.0,88,100,43131,260.67
1785350686.581,6.5,100.0,69.09,22.0,1.0,92,100,43131,262.96
1785350687.581,5.5,100.0,69.09,28.0,1.0,91,100,43131,260.75
1785350688.581,6.3,100.0,69.07,26.0,2.0,91,100,43131,258.92
1785350689.581,8.2,100.0,69.12,24.1,2.0,91,100,43131,257.98
1785350690.581,11.8,100.0,69.03,27.9,1.0,91,100,43131,253.03
1785350691.582,6.2,100.0,69.05,24.0,1.0,92,100,43131,260.58
1785350692.582,7.4,100.0,69.06,26.0,1.0,88,99,43131,265.43
1785350693.582,5.6,100.0,69.07,23.0,1.0,91,100,43131,256.78
1785350694.582,6.1,100.0,69.06,26.0,0.0,91,100,43131,257.38
1785350695.582,5.4,100.0,69.05,26.0,2.0,90,100,43131,258.33
1785350696.582,9.0,100.0,69.08,25.0,1.0,90,100,43131,255.35
1785350697.582,9.0,100.0,69.12,31.0,4.0,91,100,43131,263.45
1785350698.582,6.9,100.0,69.14,25.0,2.0,91,100,43131,257.02
1785350699.582,5.9,100.0,69.15,27.0,3.0,91,100,43131,257.36
1785350700.582,5.6,100.0,69.13,30.0,2.0,90,100,43131,257.01
1785350701.583,7.6,100.0,69.13,29.0,4.0,93,93,43131,258.99
1785350702.583,7.6,100.0,69.16,33.0,4.0,90,100,43131,258.94
1785350703.583,8.1,100.0,69.18,32.0,6.0,90,100,43131,261.00
1785350705.399,7.9,100.0,69.54,28.1,3.9,90,100,43131,260.37
1785350706.399,8.0,100.0,69.54,29.0,4.0,90,100,43131,254.36
1785350707.399,10.1,100.0,69.55,30.0,3.0,90,100,43131,261.46
1785350708.399,9.8,100.0,70.15,23.0,2.0,90,100,43131,257.90
1785350709.399,6.8,100.0,70.50,30.0,3.0,90,100,43398,258.69
1785350710.400,6.5,100.0,70.88,25.0,3.0,88,99,43398,257.05
1785350711.400,10.1,100.0,70.65,28.0,2.0,83,94,43131,257.86
1785350712.400,6.7,100.0,69.93,25.0,3.0,88,100,43131,257.87
1785350713.400,7.9,100.0,69.96,27.0,2.0,90,100,43131,254.41
1785350714.400,7.6,100.0,69.99,22.0,1.0,87,98,43131,257.29
1785350715.400,6.2,100.0,69.99,25.0,2.0,91,100,43131,256.43
1785350716.400,5.3,100.0,69.36,22.0,1.0,91,100,43131,255.77
1785350717.400,6.3,100.0,69.74,26.0,2.0,89,100,43131,258.04
1785350718.400,6.1,100.0,69.72,23.0,1.0,91,100,43131,256.26
1785350719.401,6.4,100.0,69.74,22.0,1.0,92,100,43131,260.62
1785350720.401,6.2,100.0,69.70,24.0,2.0,88,100,43131,265.10
1785350721.401,5.4,100.0,69.60,22.0,12.0,45,51,43131,236.80
1785350722.401,5.8,100.0,68.13,1.0,0.0,0,0,43131,134.65
1785350723.401,5.1,100.0,68.10,4.0,0.0,0,0,43131,119.82
1785350724.401,6.9,100.0,68.32,0.0,0.0,0,0,43131,119.41
1785350725.401,3.7,100.0,68.37,4.0,17.0,0,0,43131,118.87
1785350726.401,5.7,100.0,68.41,2.0,13.0,0,0,43131,118.49
1785350727.401,6.1,100.0,68.41,3.0,13.0,0,0,43131,118.19
1785350728.401,6.7,100.0,68.46,3.0,42.0,0,0,43131,117.85
1785350729.402,5.9,100.0,66.99,2.0,36.0,0,0,43131,117.56
1785350730.402,9.0,100.0,66.96,2.0,183.0,0,0,43131,117.30
1785350731.402,6.4,100.0,66.97,3.0,34.0,0,0,43131,116.30
1785350732.402,5.2,100.0,66.99,1.0,28.0,0,0,43131,115.37
1785350733.402,6.3,100.0,66.98,2.0,31.0,0,0,43131,115.28
1785350734.402,5.1,100.0,66.98,3.0,21.0,0,0,43131,115.08
1785350735.402,5.6,100.0,66.96,1.0,33.1,0,0,43131,114.80
1785350736.402,6.3,100.0,66.17,2.0,18.0,0,0,43131,114.61
1785350737.402,5.5,100.0,66.59,2.0,43.8,0,0,43131,114.42
1785350738.402,7.7,100.0,66.78,3.0,56.0,0,0,43131,114.23
1785350739.403,6.3,100.0,66.87,3.0,36.0,0,0,43131,114.13
1785350740.403,7.0,100.0,66.92,2.0,39.0,0,0,43131,113.98
1785350741.403,4.4,100.0,66.92,3.0,39.0,0,0,43131,113.78
1785350742.403,7.4,100.0,66.94,2.0,41.0,0,0,43131,113.73
1785350743.403,5.1,100.0,67.02,3.0,49.0,0,0,43131,113.54
1785350744.403,6.2,100.0,67.15,1.0,19.0,0,0,43131,113.25
1785350745.403,5.7,100.0,67.14,4.0,41.0,0,0,43131,113.10
1785350746.403,8.1,100.0,67.16,2.0,53.0,0,0,43131,113.00
1785350747.403,9.1,100.0,67.49,1.0,69.0,0,0,43131,112.91
1785350748.403,9.8,100.0,67.62,2.0,33.0,0,0,43131,112.78
1785350749.404,6.8,100.0,68.05,2.0,31.0,0,0,43131,112.74
1785350750.404,7.1,100.0,68.23,3.0,54.0,0,0,43131,112.68
1785350751.404,7.5,100.0,69.06,3.0,54.0,0,0,43131,112.49
1785350752.404,7.6,100.0,69.16,1.0,49.0,0,0,43131,112.36
1785350753.404,12.5,100.0,69.37,3.0,56.0,0,0,43131,113.60
1785350754.404,8.9,100.0,69.54,2.0,40.0,0,0,43131,114.62
1785350755.404,9.5,100.0,69.49,2.0,30.0,0,0,43131,114.49
1785350756.404,7.4,100.0,69.49,2.0,35.9,0,0,43131,114.47
1785350757.404,12.0,100.0,69.63,3.0,26.1,0,0,43131,114.28
1785350758.404,10.3,100.0,69.75,3.0,30.0,0,0,43131,114.26
1785350759.404,10.8,100.0,69.99,2.0,33.0,0,0,43131,114.22
1785350760.405,6.6,100.0,70.14,2.0,33.0,0,0,43131,114.24
1785350761.405,8.5,100.0,70.41,2.0,24.1,0,0,43131,114.26
1785350762.405,9.9,100.0,70.53,1.0,30.9,0,0,43131,114.17
1785350763.405,7.2,100.0,70.53,3.0,35.0,0,0,43131,114.10
1785350764.405,10.6,100.0,70.55,1.0,32.1,0,0,43131,113.95
1785350765.405,10.4,99.0,70.29,2.0,31.0,0,0,43131,113.89
1785350766.405,8.7,100.0,70.23,2.0,36.0,0,0,43131,113.84
1785350767.405,10.2,100.0,70.19,2.0,32.0,0,0,43131,113.67
1785350768.405,9.2,100.0,70.18,3.0,33.0,0,0,43131,113.62
1785350769.405,9.5,100.0,70.37,2.0,47.0,0,0,43131,113.58
1785350770.406,12.3,100.0,70.15,1.0,29.0,0,0,43131,113.49
1785350771.406,7.3,100.0,70.13,4.0,30.0,0,0,43131,113.42
1785350772.406,13.5,100.0,70.31,2.0,26.1,0,0,43131,113.37
1785350773.406,8.4,100.0,70.10,1.0,25.9,0,0,43131,113.32
1785350774.406,7.3,100.0,70.09,3.0,26.0,0,0,43131,113.29
1785350775.406,11.7,100.0,70.06,1.0,28.9,0,0,43131,113.27
1785350776.406,9.8,100.0,70.09,3.0,30.0,0,0,43131,113.29
1785350777.406,7.1,100.0,68.37,2.0,31.0,0,0,43131,113.24
1785350778.406,9.2,100.0,68.33,3.0,29.0,0,0,43131,113.07
1785350779.406,7.3,100.0,68.28,2.0,26.0,0,0,43131,113.19
1785350780.406,8.2,100.0,68.26,1.0,20.0,0,0,43131,113.19
1785350781.407,6.9,100.0,68.26,3.0,37.9,0,0,43131,112.94
1785350782.460,11.8,100.0,68.41,2.0,176.7,0,0,43131,112.92
1785350783.460,9.4,100.0,68.45,2.0,61.0,0,0,43131,112.97
1785350784.460,9.0,100.0,68.57,2.0,48.0,0,0,43131,112.91
1785350785.460,7.0,100.0,68.54,3.0,13.0,0,0,43131,112.83
1785350786.460,7.5,100.0,68.59,1.0,54.0,0,0,43131,112.81
1785350787.460,9.2,99.0,69.24,2.0,45.0,0,0,43131,112.81
1785350788.460,8.3,100.0,69.32,3.0,45.0,0,0,43131,112.78
1785350789.460,7.0,100.0,69.42,1.0,50.0,0,0,43131,112.76
1785350790.461,10.3,100.0,69.44,2.0,52.0,0,0,43131,112.68
1785350791.461,8.4,100.0,69.39,4.0,52.0,0,0,43131,112.55
1785350792.461,8.9,100.0,69.45,1.0,89.0,0,0,43131,112.58
1785350793.461,9.7,100.0,69.59,2.0,99.9,0,0,43131,112.58
1785350794.461,11.0,100.0,69.96,2.0,18.0,0,0,43131,112.50
1785350795.461,8.6,100.0,70.07,3.0,19.0,0,0,43131,112.51
1785350796.461,8.9,100.0,70.22,1.0,26.0,0,0,43131,112.48
1785350797.461,8.0,100.0,70.23,3.0,45.0,0,0,43131,112.47
1785350798.461,10.4,99.0,70.33,4.0,58.0,0,0,43131,112.54
1785350799.461,9.3,100.0,70.23,1.0,45.0,0,0,43131,112.49
1785350800.461,11.5,100.0,70.47,2.0,52.0,0,0,43131,112.36
1785350801.462,8.5,100.0,70.23,2.0,31.0,0,0,43131,112.30
1785350802.462,9.9,100.0,70.24,3.0,17.0,0,0,43131,112.38
1785350803.462,9.0,100.0,70.34,2.0,51.0,0,0,43131,112.39
1785350804.462,12.6,100.0,70.29,2.0,58.0,0,0,43131,112.28
1785350805.462,7.9,100.0,70.30,2.0,41.8,0,0,43131,112.22
1785350806.462,10.7,100.0,70.52,5.0,51.3,0,0,43131,112.20
1785350807.462,8.1,100.0,70.28,2.0,41.0,0,0,43131,112.16
1785350808.462,9.6,100.0,70.25,1.0,35.0,0,0,43131,112.16
1785350809.462,7.9,100.0,70.31,2.0,32.0,0,0,43131,112.19
1785350810.462,9.1,100.0,69.72,3.0,73.0,0,0,43131,112.42
1785350811.463,6.7,100.0,70.26,3.0,100.0,0,0,43131,112.42
1785350812.463,7.8,100.0,68.98,5.0,100.4,0,0,43131,112.13
1785350813.463,6.9,100.0,68.79,3.0,100.6,0,0,43131,112.12
1785350814.463,7.9,100.0,68.71,25.0,45.0,100,60,43131,147.60
1785350815.463,4.9,100.0,68.73,27.0,3.0,86,96,43131,292.68
1785350816.463,7.4,100.0,68.78,34.0,9.0,86,99,43131,283.88
1785350817.463,6.9,100.0,68.78,36.0,8.0,87,100,43131,288.21
1785350818.463,6.5,100.0,68.92,37.0,9.0,87,100,43131,287.64
1785350819.463,6.5,100.0,69.04,37.0,8.0,84,97,43131,274.95
1785350820.463,5.9,100.0,69.04,35.0,9.0,86,99,43131,252.56
1785350821.463,6.9,100.0,69.16,39.0,10.0,87,100,43131,279.76
1785350822.463,7.8,100.0,69.44,37.0,9.0,87,100,43131,273.04
1785350823.464,6.9,100.0,69.68,38.0,9.0,87,100,43131,258.21
1785350824.464,7.9,100.0,69.88,21.0,5.0,0,0,43131,202.35
1785350825.464,8.4,100.0,69.96,20.0,2.0,91,100,43131,184.89
1785350826.464,8.6,100.0,70.18,28.1,1.0,91,100,43131,247.26
1785350827.464,6.3,100.0,69.95,27.9,2.0,88,79,43131,256.16
1785350828.464,7.2,99.0,69.92,26.0,1.0,90,100,43131,246.37
1785350829.464,7.9,100.0,69.82,24.0,2.0,90,100,43131,243.80
1785350830.464,6.2,100.0,69.83,28.1,3.0,90,100,43131,248.04
1785350831.464,7.1,100.0,69.79,23.9,1.0,90,100,43131,247.48
1785350832.464,7.4,100.0,69.77,33.0,4.0,86,97,43131,259.90
1785350833.465,7.4,100.0,68.47,30.0,3.0,91,100,43131,247.47
1785350834.465,5.7,100.0,68.37,32.0,4.0,89,100,43131,259.38
1785350835.465,5.2,100.0,68.36,33.0,5.0,88,100,43131,238.79
1785350836.465,5.9,100.0,68.31,32.0,3.0,86,96,43131,247.43
1785350837.465,7.0,100.0,68.50,32.0,5.0,87,96,43131,245.89
1785350838.465,6.0,99.0,68.50,33.0,3.0,89,100,43131,256.14
1785350839.465,5.3,100.0,68.18,36.0,2.0,87,97,43131,262.19
1785350840.465,5.2,100.0,68.60,31.0,4.0,89,100,43131,253.35
1785350841.465,5.1,100.0,68.64,34.0,4.0,88,100,43131,240.45
1785350842.465,6.1,100.0,68.65,33.0,4.0,89,100,43131,230.82
1785350843.466,5.0,100.0,68.86,30.0,4.0,90,100,43131,244.76
1785350844.466,6.0,100.0,68.83,39.0,2.0,89,99,43131,256.44
1785350845.466,5.2,100.0,68.82,32.0,4.0,89,100,43131,265.95
1785350846.466,7.9,100.0,69.07,30.1,4.0,89,100,43131,264.19
1785350847.466,6.8,100.0,69.38,28.9,3.0,88,99,43131,261.90
1785350848.466,7.3,100.0,69.73,35.0,6.0,90,100,43131,264.23
1785350849.466,7.7,100.0,69.92,28.0,3.0,89,100,43131,261.41
1785350850.466,6.2,100.0,69.82,29.9,5.0,88,100,43131,258.38
1785350851.466,9.0,100.0,69.80,31.0,4.0,88,99,43131,256.94
1785350852.466,6.6,100.0,69.85,32.1,6.0,88,99,43131,244.39
1785350853.467,6.7,100.0,69.92,32.9,4.0,88,100,43131,269.27
1785350854.467,8.5,100.0,69.88,29.0,4.0,88,100,43131,266.91
1785350855.467,8.2,100.0,70.08,32.1,3.0,96,69,43131,253.26
1785350856.467,6.6,100.0,69.85,27.9,5.0,89,100,43131,258.11
1785350857.467,7.3,100.0,69.81,27.0,4.0,94,100,43131,259.11
1785350858.467,5.4,100.0,69.82,25.0,4.0,90,100,43131,258.02
1785350859.467,5.6,100.0,69.79,26.0,2.0,92,100,43131,258.85
1785350860.467,6.1,100.0,69.79,34.0,3.0,89,100,43131,260.21
1785350861.467,6.4,100.0,69.77,28.0,3.0,90,100,43131,247.46
1785350862.467,5.3,100.0,69.76,35.0,3.0,86,92,43131,258.39
1785350863.468,6.3,100.0,69.79,29.0,4.0,89,100,43131,250.05
1785350864.468,4.2,100.0,69.76,27.0,3.0,89,100,43131,256.12
1785350865.468,5.7,100.0,69.73,30.0,3.0,91,100,43131,256.13
1785350866.468,5.8,100.0,69.94,28.9,2.0,88,98,43131,257.39
1785350867.468,6.1,100.0,69.90,32.1,3.0,90,79,43131,252.20
1785350868.468,6.0,100.0,69.87,32.0,4.0,90,100,43131,261.14
1785350869.468,7.4,100.0,69.84,38.0,4.0,89,86,43131,280.71
1785350870.468,7.2,100.0,69.81,30.0,4.0,90,100,43131,254.17
1785350871.468,6.6,100.0,69.80,29.0,3.0,89,100,43131,259.17
1785350872.468,7.8,100.0,69.78,34.0,3.0,87,98,43131,260.76
1785350873.469,6.9,100.0,69.77,26.0,4.0,89,100,43131,245.56
1785350874.469,7.1,100.0,69.78,32.0,3.0,87,98,43131,262.71
1785350875.469,8.8,100.0,69.77,30.0,5.0,95,100,43131,259.65
1785350876.469,6.7,100.0,69.76,27.0,2.0,90,100,43131,255.55
1785350877.469,7.2,100.0,69.77,31.0,4.0,89,100,43131,267.96
1785350878.469,6.4,100.0,69.75,32.0,4.0,87,97,43131,249.48
1785350879.469,4.3,100.0,69.73,35.0,5.0,93,70,43131,256.91
1785350880.469,5.5,100.0,69.70,30.0,5.0,89,100,43131,262.16
1785350881.469,4.5,100.0,69.68,31.0,4.0,90,100,43131,267.54
1785350882.469,5.3,100.0,69.66,27.0,4.0,89,100,43131,271.10
1785350883.470,4.2,100.0,69.67,32.0,4.0,89,85,43131,276.90
1785350884.470,5.0,100.0,69.67,29.0,4.0,89,100,43131,264.85
1785350885.470,4.3,100.0,69.68,28.0,3.0,88,99,43131,261.07
1785350886.470,4.5,100.0,69.68,30.0,4.0,89,100,43131,258.11
1785350887.470,5.3,100.0,69.66,30.0,4.0,89,100,43131,256.14
1785350888.470,5.4,100.0,69.63,31.0,4.0,89,100,43131,261.94
1785350889.470,4.6,100.0,69.60,44.0,6.0,87,97,43131,267.45
1785350890.470,5.5,100.0,69.60,32.0,4.0,88,99,43131,273.23
1785350891.470,4.1,100.0,69.58,29.0,4.0,89,100,43131,255.36
1785350892.470,4.6,100.0,69.56,28.0,3.0,86,98,43131,263.83
1785350893.470,5.5,100.0,69.54,28.0,3.0,88,99,43131,258.27
1785350894.471,6.4,100.0,69.53,30.0,3.0,89,100,43131,257.35
1785350895.471,5.7,100.0,69.55,31.0,4.0,88,100,43131,260.10
1785350896.471,5.3,100.0,69.55,29.0,4.0,90,100,43131,249.58
1785350897.471,4.9,100.0,69.54,32.0,4.0,93,82,43131,270.64
1785350898.471,4.3,100.0,69.51,25.0,3.0,90,100,43131,257.18
1785350899.471,5.1,100.0,69.50,26.0,3.0,87,99,43131,255.51
1785350900.471,6.3,100.0,69.48,29.0,3.0,89,100,43131,257.40
1785350901.471,5.8,100.0,69.48,25.0,3.0,90,100,43131,257.69
1785350902.471,7.1,100.0,69.50,27.0,2.0,90,100,43131,267.22
1785350903.472,5.2,100.0,69.62,29.0,4.0,97,63,43131,263.31
1785350904.472,5.5,100.0,69.47,30.0,3.0,91,100,43131,257.96
1785350905.472,4.5,100.0,69.45,23.0,2.0,91,100,43131,260.45
1785350906.472,4.6,100.0,69.47,28.0,3.0,90,100,43131,258.59
1785350907.472,4.8,100.0,69.46,28.0,3.0,91,74,43131,266.24
1785350908.472,4.1,100.0,69.44,28.0,3.0,91,100,43131,261.38
1785350909.472,4.6,100.0,69.41,25.0,3.0,90,100,43131,260.50
1785350910.472,5.0,100.0,69.42,24.1,2.0,91,100,43131,262.76
1785350911.472,4.0,100.0,69.41,30.9,3.0,91,100,43131,258.78
1785350912.472,4.7,100.0,69.42,30.0,2.0,90,100,43131,266.94
1785350913.473,3.6,100.0,69.44,31.0,3.0,86,93,43131,257.99
1785350914.473,4.0,100.0,69.42,31.0,4.0,90,100,43131,254.46
1785350915.473,5.7,100.0,69.41,31.0,2.0,88,99,43131,260.38
1785350916.473,5.0,100.0,69.40,27.0,4.0,90,100,43131,259.21
1785350917.473,4.2,100.0,69.39,28.0,2.0,89,100,43131,260.65
1785350918.473,4.9,100.0,69.38,27.0,3.0,90,100,43131,258.05
1785350919.473,4.0,100.0,69.37,24.0,2.0,91,100,43131,257.57
1785350920.473,5.7,100.0,69.36,29.0,2.0,88,99,43131,255.72
1785350921.473,4.4,100.0,69.35,24.0,3.0,90,100,43131,254.34
1785350922.473,4.7,100.0,69.37,27.0,2.0,90,100,43131,258.21
1785350923.474,5.8,99.0,69.40,29.0,3.0,87,97,43131,257.45
1785350924.474,5.0,100.0,69.38,29.0,2.0,90,100,43131,257.39
1785350925.474,4.6,100.0,69.38,22.0,1.0,89,100,43131,256.27
1785350926.474,4.7,100.0,69.35,24.0,2.0,91,100,43131,253.69
1785350927.474,6.2,100.0,69.35,27.0,1.0,89,100,43131,253.53
1785350928.474,4.7,100.0,69.33,12.0,1.0,0,0,43131,167.02
1785350929.474,3.8,100.0,69.35,25.0,2.0,91,100,43131,248.25
1785350930.474,5.4,100.0,69.37,32.0,2.0,91,87,43131,264.58
1785350931.474,4.8,100.0,69.37,26.0,2.0,87,98,43131,254.74
1785350932.474,4.8,100.0,69.35,25.0,3.0,90,100,43131,254.17
1785350933.475,4.5,100.0,69.35,27.0,2.0,90,100,43131,256.67
1785350934.475,5.0,100.0,69.33,33.0,3.0,89,100,43131,267.38
1785350935.475,4.7,100.0,69.33,28.0,4.0,89,100,43131,262.39
1785350936.475,8.4,100.0,69.34,27.0,3.0,90,100,43131,259.80
1785350937.475,8.6,100.0,69.33,29.0,1.0,92,76,43131,259.20
1785350938.475,6.4,100.0,69.35,35.0,4.0,90,98,43131,253.21
1785350939.475,4.2,100.0,69.37,26.0,2.0,87,98,43131,250.91
1785350940.475,2.4,100.0,69.36,27.0,2.0,90,100,43131,258.87
1785350941.475,5.0,100.0,69.35,25.0,1.0,90,100,43131,259.90
1785350942.475,5.3,100.0,69.35,30.0,3.0,90,100,43131,260.93
1785350943.476,6.3,100.0,69.37,35.0,3.0,89,67,43131,272.77
1785350944.476,4.5,100.0,69.39,24.0,3.0,90,100,43131,259.61
1785350945.476,5.3,100.0,69.38,29.0,2.0,90,100,43131,260.34
1785350946.476,5.2,100.0,69.40,24.0,2.0,90,100,43131,261.79
1785350947.476,6.6,100.0,69.38,31.0,3.0,89,100,43131,257.85
1785350948.476,6.1,100.0,69.36,28.0,3.0,88,99,43131,269.49
1785350949.476,5.8,100.0,69.34,27.0,2.0,89,100,43131,257.05
1785350950.476,6.1,100.0,69.34,33.0,4.0,89,100,43131,261.40
1785350951.476,5.5,100.0,69.33,28.0,2.0,88,99,43131,259.95
1785350952.477,6.3,100.0,69.56,28.0,3.0,88,99,43131,259.22
1785350953.477,4.5,100.0,69.57,24.1,1.0,90,100,43131,256.40
1785350954.477,5.6,100.0,69.59,33.9,3.0,90,100,43131,270.31
1785350955.477,6.4,100.0,69.60,26.0,4.0,90,100,43131,258.60
1785350956.477,5.5,100.0,69.58,28.0,3.0,90,100,43131,268.78
1785350957.477,5.9,100.0,69.60,29.0,4.0,90,100,43131,261.91
1785350958.477,5.0,100.0,69.59,31.0,4.0,90,100,43131,252.21
1785350959.477,5.6,100.0,69.58,28.0,3.0,92,71,43131,263.46
1785350960.477,4.1,100.0,69.58,24.0,2.0,90,100,43131,259.19
1785350961.478,5.0,100.0,69.55,28.0,3.0,97,69,43131,262.21
1785350962.478,3.6,100.0,69.55,26.0,2.0,89,100,43131,256.04
1785350963.478,3.6,100.0,69.54,30.0,3.0,90,100,43131,269.80
1785350964.478,3.4,68.3,69.54,29.0,3.0,90,100,43131,266.13
1785350965.478,5.8,100.0,69.52,30.0,3.0,90,100,43131,266.01
1785350966.478,4.5,100.0,69.51,31.0,4.0,90,100,43131,255.99
1785350967.478,5.6,100.0,69.50,28.0,3.0,88,100,43131,259.44
1785350968.478,4.7,100.0,69.49,32.9,4.0,90,100,43131,265.43
1785350969.478,5.5,100.0,69.53,29.1,4.0,89,100,43131,261.00
1785350970.478,5.2,100.0,69.55,29.0,2.0,89,100,43131,261.61
1785350971.479,5.9,100.0,69.55,27.0,3.0,90,100,43131,260.05
1785350972.479,4.4,100.0,69.56,31.0,2.0,90,100,43131,255.95
1785350973.479,3.4,100.0,69.56,27.0,3.0,90,100,43131,259.02
1785350974.479,4.9,100.0,69.54,26.0,3.0,91,100,43131,260.39
1785350975.479,5.3,100.0,69.52,26.0,3.0,91,100,43131,261.18
1785350976.479,4.2,100.0,69.51,30.0,2.0,91,100,43131,258.53
1785350977.479,5.7,100.0,69.49,29.0,2.0,90,100,43131,262.11
1785350978.479,4.9,100.0,69.48,27.0,3.0,88,100,43131,256.58
1785350979.479,5.4,100.0,69.45,24.0,2.0,90,100,43131,257.25
1785350980.480,5.3,100.0,69.45,26.0,1.0,91,100,43131,257.90
1785350981.480,5.2,100.0,69.50,25.0,3.0,91,100,43131,257.42
1785350982.480,4.6,100.0,69.53,25.0,1.0,88,99,43131,257.53
1785350983.480,5.1,100.0,69.57,25.0,2.0,91,100,43131,257.73
1785350984.480,5.0,100.0,69.54,29.0,3.0,90,100,43131,262.18
1785350985.480,5.2,100.0,69.55,27.0,2.0,90,100,43131,256.36
1785350986.480,5.1,100.0,69.53,29.0,3.0,90,100,43131,261.95
1785350987.480,6.6,100.0,69.53,24.0,2.0,88,99,43131,259.77
1785350988.480,4.5,100.0,69.54,28.0,2.0,89,100,43131,261.33
1785350989.480,4.9,100.0,69.52,29.0,2.0,87,98,43131,260.74
1785350990.480,5.4,100.0,69.40,28.0,3.0,90,100,43131,256.03
1785350991.481,6.2,100.0,69.38,26.0,2.0,91,100,43131,256.56
1785350992.481,5.6,100.0,69.39,27.0,2.0,91,100,43131,258.65
1785350993.481,6.8,100.0,69.38,29.0,3.0,90,100,43131,256.94
1785350994.481,5.4,100.0,69.36,29.0,3.0,90,100,43131,261.22
1785350995.481,5.9,100.0,69.38,33.0,4.0,89,100,43131,262.28
1785350996.481,7.3,100.0,69.36,28.0,2.0,89,100,43131,260.94
1785350997.481,12.0,100.0,69.53,31.9,3.0,94,87,43131,264.46
1785350998.481,8.2,100.0,69.43,27.1,1.0,86,98,43131,262.69
1785350999.481,6.0,100.0,69.56,32.0,3.0,89,100,43131,260.40
1785351000.481,4.9,100.0,69.54,28.0,3.0,89,100,43131,258.45
1785351001.482,5.0,100.0,69.53,26.0,3.0,89,100,43131,258.87
1785351002.482,4.6,100.0,69.50,27.0,2.0,90,100,43131,257.62
1785351003.482,5.9,100.0,69.49,26.0,3.0,94,100,43131,271.26
1785351004.482,5.5,100.0,69.51,18.0,3.0,96,100,43131,269.90
1785351005.482,4.8,100.0,69.49,21.0,4.0,95,100,43131,271.10
1785351006.482,4.7,100.0,69.49,23.0,3.0,89,100,43131,268.14
1785351007.482,4.7,100.0,69.50,23.0,2.0,91,100,43131,262.52
1785351008.482,5.6,100.0,69.50,28.0,4.0,91,100,43131,264.48
1785351009.482,5.8,100.0,69.50,30.0,3.0,90,100,43131,269.19
1785351010.482,5.7,100.0,69.48,27.0,2.0,91,100,43131,260.05
1785351011.482,5.0,100.0,69.47,30.0,3.0,87,99,43131,262.47
1785351012.483,5.2,100.0,69.46,30.0,3.0,87,97,43131,258.50
1785351013.483,5.1,98.0,69.42,29.1,3.0,90,100,43131,260.65
1785351014.483,5.5,100.0,69.42,30.9,2.0,90,100,43131,253.69
1785351015.483,5.4,100.0,69.43,27.0,3.0,90,100,43131,261.77
1785351016.483,5.4,100.0,69.42,23.0,2.0,95,100,43131,261.98
1785351017.483,5.3,100.0,69.44,25.0,2.0,91,100,43131,259.38
1785351018.483,4.3,100.0,69.45,28.0,2.0,90,100,43131,261.98
1785351019.483,5.1,100.0,69.45,26.0,2.0,90,100,43131,258.40
1785351020.483,5.4,100.0,69.44,28.0,2.0,89,97,43131,260.74
1785351021.483,5.4,100.0,69.45,29.0,4.0,89,100,43131,250.66
1785351022.483,5.2,100.0,69.43,28.0,2.0,90,100,43131,258.74
1785351023.484,4.6,100.0,69.41,26.0,3.0,91,88,43131,257.08
1785351024.484,4.9,100.0,69.39,31.0,3.0,90,100,43131,265.32
1785351025.484,6.3,100.0,69.37,22.1,1.0,91,100,43131,257.59
1785351026.484,4.8,100.0,69.36,25.9,2.0,88,100,43131,259.59
1785351027.484,4.5,100.0,69.37,23.0,3.0,90,100,43131,256.79
1785351028.484,3.9,100.0,69.36,23.0,1.0,90,100,43131,256.69
1785351029.484,5.3,100.0,69.35,26.0,2.0,89,100,43131,258.33
1785351030.484,4.5,100.0,69.35,22.0,1.0,91,100,43131,256.56
1785351031.484,5.4,100.0,69.35,23.0,2.0,92,100,43131,264.71
1785351032.484,5.3,100.0,69.34,20.9,0.0,91,100,43131,264.58
1785351033.485,4.2,100.0,69.32,24.1,2.0,92,100,43131,261.50
1785351034.485,6.0,100.0,69.31,23.0,1.0,91,100,43131,261.87
1785351035.485,6.1,100.0,69.18,15.0,35.0,0,0,43131,190.71
1785351036.485,5.0,100.0,69.20,1.0,20.0,0,0,43131,138.99
1785351037.485,4.7,100.0,69.19,1.0,6.0,0,0,43131,120.08
1785351038.485,4.7,100.0,67.82,5.0,0.0,0,0,43131,119.65
1785351039.485,3.9,100.0,67.82,2.0,0.0,0,0,43131,119.12
1785351040.485,4.9,100.0,67.81,2.0,0.0,0,0,43131,118.63
1785351041.485,4.4,100.0,67.93,2.0,27.0,0,0,43131,118.24
1785351042.485,5.6,100.0,67.93,2.0,9.0,0,0,43131,118.00
1785351043.485,4.9,100.0,68.01,3.0,26.0,0,0,43131,117.65
1785351044.485,5.8,100.0,68.06,2.0,46.0,0,0,43131,117.70
1785351045.486,6.7,100.0,68.06,3.0,191.0,0,0,43131,116.83
1785351046.486,4.5,100.0,68.07,2.0,34.0,0,0,43131,115.91
1785351047.486,4.6,100.0,68.10,1.0,32.0,0,0,43131,115.67
1785351048.486,4.8,100.0,68.12,4.0,28.0,0,0,43131,115.15
1785351049.486,5.9,100.0,68.12,3.0,20.0,0,0,43131,114.90
1785351050.486,5.8,100.0,68.13,1.0,35.1,0,0,43131,114.71
1785351051.486,5.1,100.0,68.13,2.0,18.0,0,0,43131,114.58
1785351052.486,5.7,100.0,68.15,3.0,58.0,0,0,43131,114.34
1785351053.486,5.3,100.0,68.17,1.0,43.0,0,0,43131,114.37
1785351054.486,6.4,100.0,68.20,3.0,38.0,0,0,43131,114.21
1785351055.487,5.8,100.0,68.22,3.0,35.0,0,0,43131,113.82
1785351056.487,8.4,100.0,68.21,2.0,30.0,0,0,43131,113.76
1785351057.487,8.8,100.0,68.18,2.0,32.0,0,0,43131,113.61
1785351058.487,9.3,100.0,68.18,4.0,21.0,0,0,43131,113.57
1785351059.487,6.1,100.0,68.21,1.0,40.0,0,0,43131,113.43
1785351060.487,6.5,100.0,68.20,2.0,25.0,0,0,43131,113.13
1785351061.487,6.5,100.0,68.22,2.0,17.0,0,0,43131,113.03
1785351062.487,6.1,100.0,68.36,2.0,50.0,0,0,43131,112.89
1785351063.487,4.6,100.0,68.38,2.0,45.0,0,0,43131,112.75
1785351064.487,7.3,100.0,68.38,5.0,62.0,0,0,43131,112.60
1785351065.487,4.5,100.0,68.40,2.0,23.0,0,0,43131,112.46
1785351066.488,4.0,100.0,68.42,1.0,22.0,0,0,43131,112.42
1785351067.488,5.4,100.0,68.40,3.0,39.0,0,0,43131,114.03
1785351068.488,4.9,100.0,68.42,1.0,48.0,0,0,43131,115.57
1785351069.488,5.1,100.0,68.40,3.0,34.0,0,0,43131,115.52
1785351070.488,4.7,100.0,68.40,2.0,49.0,0,0,43131,115.42
1785351071.488,5.6,100.0,68.41,3.0,34.1,0,0,43131,115.32
1785351072.488,4.4,87.9,68.43,4.0,32.9,0,0,43131,115.47
1785351073.488,5.8,100.0,68.42,0.0,30.1,0,0,43131,115.37
1785351074.488,4.8,100.0,68.43,2.0,36.8,0,0,43131,115.08
1785351075.488,4.9,100.0,68.45,2.0,36.1,0,0,43131,114.98
1785351076.488,5.2,100.0,68.45,2.0,36.0,0,0,43131,114.89
1785351077.488,6.6,100.0,68.45,3.0,33.9,0,0,43131,114.79
1785351078.489,5.9,100.0,68.45,3.0,34.0,0,0,43131,114.69
1785351079.489,5.2,100.0,68.43,1.0,31.0,0,0,43131,114.64
1785351080.489,4.0,100.0,68.42,3.0,27.0,0,0,43131,114.60
1785351081.489,8.3,100.0,68.32,2.0,27.0,0,0,43131,114.52
1785351082.489,7.0,100.0,68.30,3.0,24.0,0,0,43131,114.39
1785351083.489,5.3,100.0,68.35,2.0,25.0,0,0,43131,114.32
1785351084.489,5.2,100.0,68.38,3.0,18.0,0,0,43131,114.30
1785351085.489,5.2,100.0,68.40,2.0,26.0,0,0,43131,114.30
1785351086.489,4.0,100.0,68.39,4.0,32.0,0,0,43131,114.30
1785351087.489,4.6,100.0,68.41,2.0,29.0,0,0,43131,114.16
1785351088.490,5.3,100.0,68.42,3.0,36.0,0,0,43131,114.11
1785351089.490,4.3,100.0,68.40,2.0,35.0,0,0,43131,114.11
1785351090.490,5.0,100.0,68.39,3.0,19.0,0,0,43131,114.06
1785351091.490,5.6,100.0,68.38,2.0,20.0,0,0,43131,114.05
1785351092.490,6.5,100.0,68.41,3.0,20.0,0,0,43131,113.96
1785351093.490,5.2,100.0,68.41,3.0,18.0,0,0,43131,113.88
1785351094.490,4.9,100.0,68.37,2.0,21.0,0,0,43131,113.83
1785351095.490,5.4,100.0,68.28,2.0,16.0,0,0,43131,113.79
1785351096.490,6.6,100.0,68.27,3.0,17.0,0,0,43131,113.78
1785351097.491,5.3,100.0,68.28,1.0,23.0,0,0,43131,113.80
1785351098.491,6.0,100.0,68.28,2.0,27.0,0,0,43131,113.76
1785351099.491,6.5,100.0,68.26,2.0,28.0,0,0,43131,113.60
1785351100.491,6.8,100.0,68.28,3.0,27.0,0,0,43131,113.55
1785351101.491,5.8,100.0,68.27,3.0,27.9,0,0,43131,113.56
1785351102.491,6.1,100.0,68.27,1.0,26.1,0,0,43131,113.56
1785351103.491,7.4,100.0,68.27,2.0,17.0,0,0,43131,113.46
1785351104.491,6.7,100.0,68.26,2.0,19.0,0,0,43131,113.32
1785351105.491,5.2,100.0,68.18,4.0,28.0,0,0,43131,113.33
1785351106.560,7.6,100.0,68.07,0.9,183.4,0,0,43131,113.43
1785351107.560,5.6,100.0,68.08,3.0,36.0,0,0,43131,113.42
1785351108.560,5.9,100.0,68.10,1.0,29.0,0,0,43131,113.32
1785351109.560,6.5,100.0,68.10,3.0,32.0,0,0,43131,113.32
1785351110.560,5.9,100.0,68.07,3.0,15.0,0,0,43131,113.28
1785351111.560,5.6,100.0,68.07,2.0,42.0,0,0,43131,113.23
1785351112.560,5.9,100.0,68.07,3.0,36.0,0,0,43131,113.21
1785351113.560,5.8,100.0,68.07,1.0,39.0,0,0,43131,113.17
1785351114.561,7.8,100.0,68.10,3.0,33.1,0,0,43131,113.21
1785351115.561,6.0,86.7,68.04,2.0,40.8,0,0,43131,113.20
1785351116.561,10.7,95.0,68.31,2.0,34.0,0,0,43131,113.11
1785351117.561,12.8,100.0,68.28,3.0,59.1,0,0,43131,113.06
1785351118.561,9.8,100.0,68.31,2.0,40.9,0,0,43131,113.07
1785351119.561,11.4,100.0,68.33,3.0,54.0,0,0,43131,113.05
1785351120.561,11.5,100.0,68.37,1.0,185.2,0,0,43131,113.12
1785351121.561,7.7,100.0,68.72,3.0,17.0,0,0,43131,113.05
1785351122.561,9.0,100.0,68.70,2.0,16.0,0,0,43131,112.90
1785351123.561,8.9,100.0,68.68,3.0,17.0,0,0,43131,112.97
1785351124.562,5.9,100.0,68.70,2.0,23.0,0,0,43131,112.98
1785351125.562,6.3,100.0,67.08,2.0,26.0,0,0,43131,112.93
1785351126.562,7.2,100.0,67.07,1.0,42.2,0,0,43131,112.89
1785351127.562,6.6,100.0,67.28,4.0,30.9,0,0,43131,112.88
1785351128.562,7.5,100.0,67.34,2.0,47.0,0,0,43131,112.78
1785351129.562,6.7,100.0,67.42,1.0,42.0,0,0,43131,112.76
1785351130.562,7.3,100.0,67.43,2.0,26.0,0,0,43131,112.81
1785351131.562,6.5,100.0,67.50,3.0,18.0,0,0,43131,112.71
1785351132.562,6.8,100.0,67.51,3.0,27.0,0,0,43131,112.66
1785351133.562,4.3,100.0,67.59,3.0,58.3,0,0,43131,112.62
1785351134.562,5.0,84.0,67.84,2.0,17.9,0,0,43131,112.68
1785351135.563,5.4,100.0,68.07,2.0,23.0,0,0,43131,112.77
1785351136.563,5.7,99.0,68.01,2.0,20.0,0,0,43131,112.72
1785351137.563,2.9,21.4,68.08,4.0,20.0,0,0,43131,112.68
1785351138.563,6.5,80.6,68.06,3.0,33.0,0,0,43131,112.63
1785351139.563,6.9,99.0,68.12,3.0,31.0,0,0,43131,112.63
1785351140.563,5.5,100.0,68.06,2.0,16.0,0,0,43131,112.68
1785351141.563,7.9,99.0,67.85,2.0,30.0,0,0,43131,112.68
1785351142.563,6.5,100.0,67.85,4.0,18.0,0,0,43131,112.67
1785351143.563,6.0,100.0,67.95,3.0,30.0,0,0,43131,112.60
1785351144.564,6.0,100.0,68.04,2.0,35.0,0,0,43131,112.54
1785351145.564,7.3,100.0,68.81,3.0,53.9,0,0,43131,112.58
1785351146.564,8.9,100.0,68.93,2.0,37.0,0,0,43131,112.60
1785351147.564,6.6,100.0,69.68,2.0,87.0,0,0,43131,112.52
1785351148.564,8.0,100.0,69.88,2.0,101.0,0,0,43131,112.45
1785351149.564,7.3,100.0,70.07,2.0,99.7,0,0,43131,112.50
1785351150.564,7.1,100.0,69.71,8.0,89.1,0,0,43131,112.74
1785351151.564,6.4,100.0,69.65,38.0,6.0,88,100,43131,194.11
1785351152.564,7.1,100.0,69.59,38.0,10.0,88,100,43131,273.28
1785351153.564,6.7,100.0,69.52,39.0,8.0,85,97,43131,275.89
1785351154.565,5.6,100.0,69.57,37.0,9.0,87,100,43131,273.36
1785351155.565,8.6,100.0,69.85,36.0,9.0,87,100,43131,274.28
1785351156.565,5.3,100.0,70.09,39.0,8.0,87,100,43131,269.43
1785351157.565,8.5,100.0,70.31,35.0,9.0,88,100,43131,268.14
1785351158.565,8.1,100.0,70.48,36.0,10.0,88,100,43131,268.37
1785351159.565,9.2,100.0,70.48,27.0,4.0,88,100,43131,198.59
1785351160.565,8.4,100.0,70.66,40.1,3.0,86,96,43131,249.69
1785351161.565,6.1,100.0,70.41,31.9,3.0,90,99,43131,251.01
1785351162.565,8.1,100.0,70.40,33.0,4.0,90,100,43131,266.61
1785351163.566,10.5,100.0,70.05,30.1,5.0,89,100,43131,250.48
1785351164.566,7.2,100.0,69.98,37.9,6.0,85,94,43131,247.13
1785351165.566,8.2,100.0,69.93,43.0,4.0,88,98,43131,248.38
1785351166.566,8.6,100.0,69.83,29.0,6.0,88,99,43131,261.98
1785351167.566,6.3,100.0,69.79,36.0,6.0,88,98,43131,269.73
1785351168.566,4.9,100.0,69.77,33.0,5.0,88,99,43131,261.24
1785351169.566,6.0,100.0,69.74,30.0,5.0,89,100,43131,255.79
1785351170.566,5.6,100.0,69.72,38.0,5.0,92,83,43131,273.86
1785351171.566,6.6,100.0,69.68,35.0,7.0,88,81,43131,248.86
1785351172.566,6.5,100.0,69.66,37.0,6.0,89,100,43131,266.12
1785351173.567,6.5,100.0,69.65,36.0,5.0,88,99,43131,255.30
1785351174.567,5.1,100.0,69.63,35.0,7.0,88,99,43131,258.51
1785351175.567,6.1,100.0,69.33,34.0,5.0,88,100,43131,261.07
1785351176.567,7.8,100.0,70.04,36.0,6.0,87,97,43131,265.58
1785351177.567,8.3,100.0,70.03,33.0,6.0,88,100,43131,269.30
1785351178.567,6.8,100.0,70.01,30.0,5.0,89,100,43131,262.43
1785351179.567,6.2,100.0,70.00,31.0,4.0,89,100,43131,257.42
1785351180.567,8.0,100.0,69.98,34.0,4.0,89,100,43131,254.72
1785351181.567,6.5,100.0,69.96,34.0,5.0,89,100,43131,258.04
1785351182.567,5.4,100.0,69.95,33.0,5.0,88,98,43131,272.18
1785351183.568,5.6,100.0,69.92,40.0,6.0,86,96,43131,279.23
1785351184.568,6.8,100.0,69.88,37.0,5.0,86,95,43131,265.19
1785351185.568,5.6,100.0,69.85,38.0,6.0,88,100,43131,265.33
1785351186.568,6.3,100.0,69.81,34.0,5.0,86,89,43131,269.05
1785351187.568,6.4,100.0,69.78,37.0,6.0,89,100,43131,259.08
1785351188.568,5.7,100.0,69.75,34.0,7.0,88,100,43131,248.20
1785351189.568,5.9,99.0,69.72,34.0,4.0,88,100,43131,266.53
1785351190.568,5.1,100.0,69.49,35.0,5.0,89,100,43131,267.18
1785351191.568,6.1,100.0,69.48,37.0,5.0,93,80,43131,262.31
1785351192.568,5.8,100.0,69.44,39.0,4.0,88,76,43131,257.55
1785351193.569,6.6,100.0,69.38,30.0,4.0,89,100,43131,278.21
1785351194.569,5.6,100.0,69.37,31.0,5.0,89,100,43131,252.38
1785351195.569,5.7,100.0,69.34,30.0,3.0,87,95,43131,267.89
1785351196.569,6.8,100.0,69.32,32.0,5.0,88,100,43131,270.67
1785351197.569,6.2,100.0,69.12,28.0,2.0,89,100,43131,266.56
1785351198.569,6.2,100.0,69.11,36.0,4.0,89,100,43131,253.08
1785351199.569,7.0,100.0,69.11,36.0,4.0,89,100,43131,257.95
1785351200.569,6.8,100.0,69.10,29.0,4.0,89,100,43131,261.51
1785351201.569,6.0,100.0,69.59,30.0,5.0,89,100,43131,264.60
1785351202.569,5.5,100.0,69.59,36.0,5.0,90,86,43131,252.83
1785351203.570,6.2,100.0,69.58,31.0,6.0,90,100,43131,250.41
1785351204.570,4.6,100.0,69.55,33.0,5.0,89,100,43131,247.99
1785351205.570,6.0,100.0,69.55,38.0,5.0,88,100,43131,270.70
1785351206.570,6.5,100.0,69.53,33.0,6.0,88,99,43131,253.75
1785351207.570,5.7,100.0,69.51,37.0,6.0,88,99,43131,250.67
1785351208.570,5.9,100.0,69.52,32.0,6.0,89,100,43131,272.63
1785351209.570,5.7,100.0,68.84,36.0,5.0,88,100,43131,264.29
1785351210.570,6.1,100.0,69.10,32.0,6.0,88,99,43131,262.17
1785351211.570,5.8,100.0,69.10,34.0,6.0,88,99,43131,263.49
1785351212.570,6.4,100.0,69.09,34.0,5.0,89,100,43131,248.64
1785351213.571,5.7,100.0,69.07,31.0,6.0,89,100,43131,262.06
1785351214.571,6.4,100.0,69.06,28.0,4.0,90,100,43131,252.43
1785351215.571,6.5,100.0,69.07,31.0,4.0,90,100,43131,256.59
1785351216.571,5.7,100.0,69.08,35.0,5.0,89,100,43131,265.51
1785351217.571,5.3,100.0,69.08,30.0,5.0,89,100,43131,267.50
1785351218.571,5.7,99.0,69.07,32.0,5.0,89,100,43131,271.95
1785351219.571,5.6,100.0,69.29,35.0,4.0,89,100,43131,269.23
1785351220.571,6.3,100.0,69.28,29.0,4.0,88,100,43131,262.17
1785351221.571,5.2,100.0,69.29,37.0,6.0,89,100,43131,262.01
1785351222.571,6.1,100.0,69.28,31.0,4.0,88,100,43131,240.22
1785351223.572,6.4,100.0,69.29,35.0,5.0,89,100,43131,261.88
1785351224.572,6.3,100.0,69.28,33.0,5.0,91,84,43131,276.32
1785351225.572,5.6,100.0,69.26,34.0,5.0,88,99,43131,263.44
1785351226.572,6.2,100.0,69.26,29.0,4.0,88,100,43131,265.40
1785351227.572,7.3,100.0,69.26,37.0,6.0,89,100,43131,271.17
1785351228.572,5.9,100.0,69.23,33.0,6.0,89,100,43131,274.77
1785351229.572,6.1,100.0,68.91,36.0,4.0,89,100,43131,270.33
1785351230.572,5.7,100.0,68.90,31.0,6.0,90,100,43131,275.02
1785351231.572,5.9,100.0,68.91,40.0,5.0,93,77,43131,269.44
1785351232.572,5.8,100.0,68.90,36.0,5.0,97,74,43131,272.22
1785351233.573,4.8,100.0,68.89,34.0,6.0,88,99,43131,270.00
1785351234.573,4.6,100.0,68.89,32.0,5.0,89,100,43131,266.14
1785351235.573,5.2,100.0,68.91,36.0,5.0,89,100,43131,253.09
1785351236.573,9.1,100.0,68.91,38.0,7.0,89,100,43131,265.51
1785351237.573,7.2,100.0,68.92,33.0,5.0,88,99,43131,276.11
1785351238.573,7.6,100.0,68.92,36.0,6.0,88,100,43131,265.63
1785351239.573,5.2,100.0,69.29,32.0,6.0,88,91,43131,258.34
1785351240.573,6.4,100.0,69.30,36.0,3.0,89,100,43131,257.97
1785351241.573,8.8,100.0,69.31,39.0,6.0,87,97,43131,268.47
1785351242.573,6.2,100.0,69.28,37.0,6.0,86,96,43131,270.46
1785351243.574,5.7,100.0,69.28,37.0,6.0,88,100,43131,270.58
1785351244.574,6.5,100.0,69.32,31.0,6.0,89,100,43131,282.34
1785351245.574,5.8,100.0,69.33,37.0,6.0,86,95,43131,277.51
1785351246.574,5.6,100.0,69.31,36.0,8.0,88,99,43131,279.90
1785351247.574,6.2,100.0,69.29,42.0,6.0,86,91,43131,285.46
1785351248.574,4.8,100.0,69.28,37.0,6.0,88,99,43131,286.95
1785351249.574,6.4,100.0,68.93,40.0,7.0,88,99,43131,272.93
1785351250.574,5.8,100.0,68.94,37.0,6.0,86,97,43131,279.21
1785351251.574,6.2,100.0,68.95,37.0,7.0,88,99,43131,270.46
1785351252.574,4.9,100.0,68.94,32.0,5.0,86,95,43131,255.55
1785351253.575,7.0,100.0,68.96,36.0,5.0,89,100,43131,250.05
1785351254.575,6.6,100.0,68.97,33.0,4.0,89,100,43131,274.98
1785351255.575,7.9,100.0,68.99,31.0,5.0,90,100,43131,265.59
1785351256.575,5.9,100.0,68.98,28.0,4.0,89,100,43131,254.93
1785351257.575,7.2,100.0,68.96,34.0,5.0,90,100,43131,247.44
1785351258.575,6.1,100.0,68.94,27.0,4.0,90,100,43131,253.61
1785351259.575,6.4,100.0,69.06,31.0,5.0,89,100,43131,267.80
1785351260.575,8.4,100.0,69.28,27.0,3.0,89,100,43131,261.38
1785351261.575,7.4,100.0,69.28,27.0,4.0,89,100,43131,259.85
1785351262.575,6.8,100.0,69.27,24.0,2.0,93,100,43131,260.86
1785351263.576,5.3,100.0,69.25,18.0,4.0,95,100,43131,267.74
1785351264.576,6.2,100.0,69.27,19.0,3.0,96,100,43131,269.44
1785351265.576,4.9,100.0,69.29,16.0,2.0,96,100,43131,268.64
1785351266.576,5.8,100.0,69.29,14.0,3.0,96,100,43131,266.77
1785351267.576,5.8,100.0,69.30,15.0,1.0,95,100,43131,266.49
1785351268.576,5.6,100.0,69.30,13.0,1.0,96,100,43131,270.37
1785351269.576,4.0,100.0,69.31,24.0,1.0,91,100,43131,263.66
1785351270.576,5.8,100.0,69.38,23.0,2.0,88,99,43131,262.36
1785351271.576,6.0,100.0,69.37,27.0,1.0,90,100,43131,259.57
1785351272.576,6.5,100.0,69.36,15.0,1.0,94,100,43131,267.21
1785351273.576,4.6,100.0,69.36,22.0,1.0,87,99,43131,265.63
1785351274.577,3.7,100.0,69.36,23.0,1.0,88,100,43131,260.94
1785351275.577,6.5,100.0,69.38,24.0,1.0,90,100,43131,260.71
1785351276.577,5.4,100.0,69.38,18.0,1.0,97,100,43131,264.66
1785351277.577,6.0,100.0,69.40,17.0,1.0,90,100,43131,267.38
1785351278.577,5.7,100.0,69.28,10.0,43.0,0,0,43131,158.92
1785351279.577,5.6,100.0,69.27,2.0,19.0,0,0,43131,134.08
1785351280.577,6.7,100.0,68.01,3.0,0.0,0,0,43131,119.65
1785351281.577,4.6,100.0,68.02,3.0,0.0,0,0,43131,119.20
1785351282.577,6.0,100.0,67.48,1.0,0.0,0,0,43131,118.69
1785351283.577,7.5,100.0,68.14,1.0,211.3,0,0,43131,118.31
1785351284.577,6.6,100.0,68.15,5.0,45.7,0,0,43131,117.97
1785351285.578,5.8,100.0,68.16,4.0,42.0,0,0,43131,117.66
1785351286.578,6.5,100.0,68.15,1.0,40.0,0,0,43131,117.31
1785351287.578,6.2,100.0,68.14,2.0,34.0,0,0,43131,116.53
1785351288.578,6.0,100.0,68.11,3.0,24.0,0,0,43131,115.78
1785351289.578,5.8,100.0,68.10,1.0,38.0,0,0,43131,115.59
1785351290.578,6.1,100.0,68.11,2.0,62.0,0,0,43131,115.36
1785351291.578,5.6,100.0,68.14,2.0,43.0,0,0,43131,115.12
1785351292.578,7.0,100.0,67.89,3.0,48.1,0,0,43131,114.89
1785351293.578,5.5,100.0,67.98,3.0,37.9,0,0,43131,114.69
1785351294.578,6.0,100.0,67.99,2.0,38.0,0,0,43131,114.59
1785351295.579,6.7,100.0,68.00,2.0,51.0,0,0,43131,114.44
1785351296.579,9.2,100.0,68.04,2.0,17.0,0,0,43131,114.19
1785351297.579,8.0,100.0,68.06,2.0,46.0,0,0,43131,113.95
1785351298.579,7.2,100.0,68.06,4.0,50.9,0,0,43131,113.81
1785351299.579,7.3,100.0,68.09,1.0,65.1,0,0,43131,113.67
1785351300.579,5.6,100.0,68.10,3.0,26.9,0,0,43131,113.47
1785351301.579,5.7,100.0,68.10,3.0,38.9,0,0,43131,113.32
1785351302.579,8.5,100.0,68.12,1.0,62.3,0,0,43131,113.17
1785351303.579,6.9,100.0,68.14,3.0,49.0,0,0,43131,113.03
1785351304.579,6.9,94.1,68.14,2.0,53.0,0,0,43131,112.93
1785351305.580,7.0,100.0,68.19,2.0,48.0,0,0,43131,112.83
1785351306.580,7.6,100.0,68.19,3.0,40.0,0,0,43131,112.69
1785351307.580,6.3,100.0,68.18,1.0,35.0,0,0,43131,112.57
1785351308.580,8.0,100.0,68.21,3.0,39.0,0,0,43131,114.07
1785351309.580,4.8,100.0,68.35,3.0,36.0,0,0,43131,115.54
1785351310.580,6.5,100.0,68.55,1.0,34.0,0,0,43131,115.51
1785351311.580,5.7,100.0,68.53,4.0,34.0,0,0,43131,115.51
1785351312.580,6.7,100.0,68.51,2.0,36.0,0,0,43131,115.46
1785351313.580,6.8,100.0,68.51,2.0,29.0,0,0,43131,115.31
1785351314.580,5.7,100.0,68.50,2.0,17.0,0,0,43131,115.17
1785351315.580,6.4,100.0,67.87,4.0,19.0,0,0,43131,115.17
1785351316.581,6.1,100.0,67.87,1.0,28.0,0,0,43131,115.17
1785351317.581,6.0,100.0,67.88,2.0,30.0,0,0,43131,114.98
1785351318.581,5.6,100.0,67.86,2.0,35.0,0,0,43131,114.93
1785351319.581,6.1,100.0,67.85,3.0,33.0,0,0,43131,114.93
1785351320.581,5.5,100.0,67.86,2.0,36.0,0,0,43131,114.72
1785351321.581,7.2,100.0,67.85,3.0,42.0,0,0,43131,114.71
1785351322.581,7.3,100.0,67.85,2.0,29.0,0,0,43131,114.66
1785351323.581,6.3,100.0,67.83,2.0,28.0,0,0,43131,114.53
1785351324.581,6.6,100.0,67.83,2.0,27.0,0,0,43131,114.50
1785351325.581,6.8,100.0,67.85,3.0,28.0,0,0,43131,114.40
1785351326.582,5.6,100.0,67.87,1.0,10.0,0,0,43131,114.40
1785351327.582,7.0,100.0,67.86,2.0,36.0,0,0,43131,114.35
1785351328.582,6.1,100.0,67.86,3.0,28.0,0,0,43131,114.24
1785351329.582,6.1,100.0,67.84,2.0,27.0,0,0,43131,114.29
1785351330.582,6.1,100.0,67.82,2.0,30.0,0,0,43131,114.14
1785351331.582,5.8,100.0,67.97,4.0,31.0,0,0,43131,114.03
1785351332.582,4.5,100.0,68.80,2.0,16.0,0,0,43131,114.09
1785351333.582,5.8,100.0,68.78,2.0,19.0,0,0,43131,113.99
1785351334.582,5.9,100.0,68.80,3.0,37.0,0,0,43131,113.87
1785351335.582,8.7,100.0,68.81,0.9,184.8,0,0,43131,113.84
1785351336.582,5.6,100.0,68.78,3.3,45.2,0,0,43131,113.84
1785351337.583,6.5,100.0,68.78,3.0,47.0,0,0,43131,113.89
1785351338.583,6.7,100.0,68.73,1.0,14.0,0,0,43131,113.80
1785351339.583,7.2,100.0,68.74,3.0,49.0,0,0,43131,113.71
1785351340.583,5.3,100.0,68.76,3.0,46.0,0,0,43131,113.76
1785351341.583,6.4,100.0,68.02,3.0,47.0,0,0,43131,113.67
1785351342.583,6.0,100.0,68.03,0.0,46.0,0,0,43131,113.57
1785351343.583,6.6,100.0,68.07,3.0,49.0,0,0,43131,113.51
1785351344.583,5.9,100.0,68.07,3.0,60.0,0,0,43131,113.46
1785351345.583,7.0,100.0,68.04,2.0,63.0,0,0,43131,113.46
1785351346.584,5.6,100.0,68.05,4.0,199.0,0,0,43131,113.46
1785351347.584,6.4,100.0,68.06,1.0,19.0,0,0,43131,113.47
1785351348.584,4.8,91.0,68.06,3.0,16.0,0,0,43131,113.46
1785351349.584,5.6,100.0,68.05,1.0,18.0,0,0,43131,113.37
1785351350.584,5.1,100.0,68.04,3.0,23.0,0,0,43131,113.28
1785351351.584,6.4,100.0,68.02,6.0,37.0,0,0,43131,113.23
1785351352.584,6.6,100.0,68.73,2.0,45.0,0,0,43131,113.22
1785351353.584,7.9,100.0,68.73,1.0,57.3,0,0,43131,113.25
1785351354.584,6.4,100.0,68.75,4.0,50.7,0,0,43131,113.24
1785351355.584,7.5,100.0,68.74,1.0,32.0,0,0,43131,113.25
1785351356.584,9.4,100.0,68.74,2.0,19.0,0,0,43131,113.32
1785351357.585,10.1,100.0,68.74,3.0,31.0,0,0,43131,113.22
1785351358.585,8.6,100.0,68.75,3.0,63.0,0,0,43131,113.12
1785351359.585,7.8,100.0,68.77,1.0,46.0,0,0,43131,113.17
1785351360.585,4.3,100.0,68.77,3.0,40.0,0,0,43131,113.07
1785351361.585,8.4,100.0,68.62,3.0,44.0,0,0,43131,113.37
1785351362.585,6.5,100.0,68.89,1.0,44.9,0,0,43131,113.42
1785351363.585,7.9,100.0,68.82,3.0,28.0,0,0,43131,113.03
1785351364.585,6.5,100.0,68.91,5.0,44.0,0,0,43131,112.98
1785351365.585,6.7,100.0,70.20,1.0,82.0,0,0,43131,112.92
1785351366.585,5.1,100.0,70.20,2.0,101.0,0,0,43131,112.92
1785351367.585,5.3,100.0,70.39,3.0,100.0,0,0,43131,112.99
1785351368.586,6.1,100.0,70.28,3.0,99.0,0,0,43131,112.93
1785351369.586,6.4,100.0,70.24,41.0,28.0,88,100,43131,174.24
1785351370.586,5.7,100.0,70.24,30.0,6.0,91,100,43131,208.81
1785351371.586,5.9,100.0,70.22,30.0,1.0,88,86,43131,264.65
1785351372.586,6.0,100.0,70.19,31.0,4.0,90,88,43131,259.65
1785351373.586,7.0,100.0,70.18,30.0,2.0,87,98,43131,261.96
1785351374.586,5.8,100.0,69.48,31.0,3.0,90,100,43131,255.12
1785351375.586,6.3,100.0,69.91,28.0,3.0,89,100,43131,258.87
1785351376.586,6.6,100.0,69.90,27.0,3.0,90,100,43131,249.57
1785351377.586,5.5,100.0,69.89,28.0,4.0,91,100,43131,248.63
1785351378.587,5.9,100.0,69.87,35.0,4.0,90,100,43131,248.82
1785351379.587,5.5,100.0,69.85,41.0,6.0,85,95,43131,259.66
1785351380.587,6.8,100.0,69.84,35.0,6.0,88,99,43131,241.71
1785351381.587,5.7,100.0,69.83,34.0,5.0,89,100,43131,260.50
1785351382.587,5.9,100.0,69.82,33.0,5.0,91,100,43131,251.17
1785351383.587,5.8,100.0,69.80,39.0,6.0,86,96,43131,251.70
1785351384.587,3.8,100.0,69.77,34.0,7.0,88,99,43131,242.63
1785351385.587,4.7,100.0,69.75,28.0,5.0,88,99,43131,247.01
1785351386.587,5.6,100.0,69.73,34.0,5.0,88,99,43131,261.46
1785351387.587,6.4,100.0,69.71,29.0,5.0,89,100,43131,253.61
1785351388.588,5.1,100.0,69.72,36.0,6.0,90,100,43131,257.23
1785351389.588,7.0,100.0,69.72,32.0,3.0,88,99,43131,249.67
1785351390.588,7.6,100.0,69.80,38.0,4.0,85,91,43131,258.07
1785351391.588,7.5,100.0,69.86,26.0,3.0,89,100,43131,253.64
1785351392.588,7.0,100.0,69.83,29.0,4.0,90,100,43131,253.82
1785351393.588,6.8,100.0,69.83,35.0,4.0,88,100,43131,255.23
1785351394.588,8.1,100.0,69.82,31.0,5.0,100,60,43131,251.13
1785351395.588,7.1,100.0,69.82,35.0,5.0,92,100,43131,267.75
1785351396.588,6.8,100.0,70.01,26.0,5.0,93,100,43131,251.49
1785351397.588,6.1,100.0,69.82,23.0,4.0,90,100,43131,256.05
1785351398.589,5.9,100.0,69.83,27.0,2.0,88,100,43131,249.73
1785351399.589,6.3,100.0,69.83,28.0,4.0,90,100,43131,251.35
1785351400.589,4.9,100.0,69.85,31.0,4.0,87,98,43131,264.51
1785351401.589,4.6,100.0,69.86,29.0,2.0,90,100,43131,246.41
1785351402.589,5.0,100.0,69.82,32.0,4.0,90,100,43131,263.14
1785351403.589,6.7,100.0,69.82,37.0,5.0,87,99,43131,261.49
1785351404.589,6.7,100.0,69.79,28.0,4.0,89,100,43131,252.05
1785351405.589,6.6,100.0,69.80,31.0,3.0,91,100,43131,260.30
1785351406.589,6.5,100.0,69.78,35.0,5.0,89,100,43131,251.54
1785351407.589,6.1,100.0,69.77,33.0,5.0,89,100,43131,231.28
1785351408.590,5.6,100.0,69.76,34.0,6.0,89,67,43131,255.07
1785351409.590,5.9,100.0,69.74,34.0,5.0,93,100,43131,255.37
1785351410.590,4.0,100.0,69.72,38.0,5.0,88,99,43131,261.13
1785351411.590,5.9,100.0,69.72,34.0,6.0,89,100,43131,256.16
1785351412.590,5.3,100.0,69.70,34.0,5.0,89,100,43131,265.73
1785351413.590,5.8,100.0,69.67,32.0,4.0,88,99,43131,261.57
1785351414.590,3.7,100.0,69.65,28.0,4.0,89,100,43131,253.89
1785351415.590,6.1,100.0,69.64,36.0,5.0,87,98,43131,258.52
1785351416.590,7.7,100.0,69.64,36.0,5.0,89,77,43131,265.36
1785351417.590,8.5,100.0,69.93,37.0,5.0,87,98,43131,255.75
1785351418.591,5.2,100.0,69.88,33.0,6.0,89,100,43131,271.54
1785351419.591,4.4,100.0,69.88,33.0,5.0,90,100,43131,269.24
1785351420.591,5.5,100.0,69.90,32.0,5.0,88,100,43131,266.99
1785351421.591,6.3,100.0,69.88,33.0,4.0,86,94,43131,246.32
1785351422.591,3.8,100.0,69.85,31.0,3.0,90,100,43131,258.96
1785351423.591,5.9,100.0,69.83,32.0,4.0,89,96,43131,264.65
1785351424.591,7.7,100.0,69.79,33.0,4.0,88,99,43131,264.23
1785351425.591,6.0,100.0,69.80,32.0,3.0,88,100,43131,267.32
1785351426.591,6.0,100.0,69.80,37.0,7.0,91,100,43131,267.16
1785351427.591,6.2,100.0,69.22,26.0,4.0,88,99,43131,266.68
1785351428.592,5.5,100.0,69.19,34.0,7.0,88,99,43131,258.77
1785351429.592,6.5,100.0,69.19,34.0,4.0,90,100,43131,267.25
1785351430.592,6.6,100.0,69.16,36.0,5.0,89,100,43131,256.50
1785351431.592,5.4,100.0,69.16,32.0,6.0,94,75,43131,262.16
1785351432.592,5.3,100.0,69.15,33.0,5.0,89,100,43131,259.87
1785351433.592,4.0,100.0,69.15,42.0,7.0,96,66,43131,266.34
1785351434.592,3.2,100.0,69.14,45.0,7.0,84,93,43131,263.37
1785351435.592,4.6,100.0,69.15,34.0,6.0,92,100,43131,287.75
1785351436.592,5.4,100.0,69.12,35.0,6.0,86,95,43131,282.82
1785351437.592,5.8,100.0,69.10,31.0,7.0,94,100,43131,282.82
1785351438.592,5.8,96.0,69.15,23.0,5.0,94,100,43131,268.60
1785351439.593,3.9,100.0,69.16,39.0,7.0,93,69,43131,266.71
1785351440.593,6.0,100.0,69.15,34.0,4.0,89,100,43131,255.38
1785351441.593,5.3,100.0,69.13,34.0,5.0,94,74,43131,251.61
1785351442.593,5.7,100.0,69.13,31.0,6.0,81,92,43131,263.93
1785351443.593,6.0,100.0,69.12,36.0,5.0,89,100,43131,246.52
1785351444.593,8.6,100.0,69.09,41.0,6.0,88,99,43131,276.34
1785351445.593,5.7,100.0,69.26,45.0,7.0,82,84,43131,279.83
1785351446.593,5.5,100.0,69.27,43.0,8.0,88,89,43131,284.25
1785351447.593,5.9,100.0,69.25,33.0,6.0,90,100,43131,279.17
1785351448.593,4.0,100.0,69.24,41.0,7.0,85,96,43131,276.60
1785351449.593,6.1,100.0,69.24,39.0,6.0,85,81,43131,272.21
1785351450.594,5.7,100.0,69.26,31.0,6.0,89,100,43131,277.11
1785351451.594,6.2,100.0,69.26,40.0,6.0,88,99,43131,268.67
1785351452.594,6.0,100.0,69.23,39.0,6.0,86,97,43131,277.80
1785351453.594,6.7,100.0,69.23,42.0,7.0,87,99,43131,270.58
1785351454.594,6.1,100.0,69.24,34.0,6.0,88,100,43131,258.60
1785351455.594,6.4,100.0,69.24,31.0,5.0,89,100,43131,265.21
1785351456.594,5.0,100.0,69.24,36.0,5.0,89,100,43131,273.96
1785351457.594,4.8,100.0,69.06,30.0,4.0,90,100,43131,269.67
1785351458.594,5.4,100.0,69.08,31.0,4.0,88,99,43131,256.35
1785351459.594,7.1,100.0,69.07,35.0,3.0,88,100,43131,256.54
1785351460.595,5.1,100.0,69.07,28.0,4.0,89,100,43131,270.48
1785351461.595,4.9,100.0,69.05,31.0,3.0,87,98,43131,270.22
1785351462.595,5.8,100.0,69.07,31.0,4.0,90,100,43131,266.68
1785351463.595,6.0,100.0,69.09,33.0,3.0,87,98,43131,268.27
1785351464.595,5.8,100.0,69.08,23.0,3.0,89,100,43131,256.30
1785351465.595,6.2,100.0,69.09,39.0,4.0,92,90,43131,259.69
1785351466.595,6.6,100.0,69.07,32.0,5.0,89,100,43131,268.95
1785351467.595,4.9,100.0,69.07,30.0,3.0,90,100,43131,265.27
1785351468.595,6.1,100.0,69.38,32.0,4.0,89,100,43131,247.58
1785351469.595,6.1,100.0,69.40,28.0,4.0,89,86,43131,269.37
1785351470.596,4.6,100.0,69.42,31.0,3.0,89,100,43131,252.40
1785351471.596,5.6,100.0,69.41,26.0,4.0,90,100,43131,258.27
1785351472.596,5.9,100.0,69.42,29.0,2.0,88,99,43131,256.50
1785351473.596,6.4,100.0,69.38,27.0,3.0,89,100,43131,260.04
1785351474.596,4.1,100.0,69.43,28.0,3.0,90,100,43131,258.15
1785351475.596,6.3,100.0,69.43,23.0,3.0,93,100,43131,264.12
1785351476.596,7.1,100.0,69.43,16.0,1.0,92,100,43131,265.61
1785351477.596,5.5,100.0,69.45,28.0,3.0,90,100,43131,256.57
1785351478.596,7.5,100.0,69.08,23.0,2.0,91,100,43131,261.22
1785351479.596,5.0,100.0,68.90,23.0,2.0,91,100,43131,257.14
1785351480.597,5.6,100.0,68.90,23.0,1.0,91,100,43131,263.67
1785351481.597,6.6,100.0,68.90,24.0,2.0,88,100,43131,261.48
1785351482.597,5.9,100.0,68.88,17.0,1.0,94,100,43131,264.59
1785351483.597,4.9,100.0,68.99,15.0,1.0,96,100,43131,267.70
1785351484.597,5.9,100.0,68.98,18.0,0.0,95,100,43131,266.33
1785351485.597,8.2,100.0,68.98,14.0,1.0,95,100,43131,268.75
1785351486.597,5.2,100.0,68.97,16.0,1.0,91,100,43131,269.34
1785351487.597,6.8,100.0,68.83,19.0,31.0,0,0,43131,222.87
1785351488.597,5.8,100.0,67.47,3.0,0.0,0,0,43131,146.77
1785351489.597,5.5,100.0,67.62,1.0,0.0,0,0,43131,120.07
1785351490.598,6.2,100.0,67.77,3.0,0.0,0,0,43131,119.64
1785351491.598,7.0,100.0,67.81,3.0,146.0,0,0,43131,119.06
1785351492.598,8.5,100.0,67.84,4.0,48.9,0,0,43131,118.67
1785351493.598,6.1,100.0,67.86,0.0,38.1,0,0,43131,118.37
1785351494.598,6.5,100.0,67.87,4.0,30.0,0,0,43131,117.99
1785351495.598,5.9,100.0,68.04,3.0,31.0,0,0,43131,117.60
1785351496.598,5.7,100.0,68.03,2.0,19.0,0,0,43131,116.78
1785351497.598,5.9,100.0,68.02,2.0,75.0,0,0,43131,115.75
1785351498.598,6.9,100.0,68.06,3.0,39.0,0,0,43131,115.46
1785351499.598,5.0,100.0,68.08,3.0,41.0,0,0,43131,115.46
1785351500.598,5.8,100.0,68.17,0.0,40.0,0,0,43131,115.23
1785351501.599,6.7,100.0,68.19,3.0,39.0,0,0,43131,114.98
1785351502.599,7.1,100.0,68.18,3.0,50.0,0,0,43131,114.73
1785351503.599,4.8,100.0,68.16,3.0,21.0,0,0,43131,114.46
1785351504.599,4.2,90.1,68.25,3.0,36.0,0,0,43131,114.34
1785351505.599,7.6,100.0,68.31,3.0,55.0,0,0,43131,114.17
1785351506.599,6.6,100.0,68.34,2.0,69.0,0,0,43131,114.00
1785351507.599,5.9,100.0,68.34,2.0,33.0,0,0,43131,113.81
1785351508.599,5.7,100.0,68.44,4.0,29.0,0,0,43131,113.92
1785351509.599,5.8,100.0,68.45,4.0,66.0,0,0,43131,113.81
1785351510.599,6.3,100.0,68.48,3.0,52.0,0,0,43131,113.42
1785351511.600,4.6,100.0,68.45,3.0,49.0,0,0,43131,113.30
1785351512.600,6.2,100.0,68.46,2.0,56.0,0,0,43131,113.11
1785351513.600,5.9,100.0,68.46,1.0,39.0,0,0,43131,112.94
1785351514.600,5.9,100.0,68.45,3.0,34.0,0,0,43131,113.09
1785351515.600,5.8,100.0,68.44,1.0,38.0,0,0,43131,112.99
1785351516.600,5.3,87.0,68.43,4.0,36.0,0,0,43131,114.25
1785351517.600,3.9,100.0,68.43,3.0,33.0,0,0,43131,116.58
1785351518.600,5.3,100.0,68.46,3.0,32.0,0,0,43131,116.54
1785351519.600,4.6,100.0,68.29,2.0,34.0,0,0,43131,115.66
1785351520.600,8.3,100.0,68.20,3.0,31.0,0,0,43131,115.61
1785351521.601,8.4,100.0,68.23,2.0,30.0,0,0,43131,115.47
1785351522.601,6.5,100.0,68.26,2.0,36.0,0,0,43131,115.28
1785351523.601,6.6,100.0,68.30,4.0,35.0,0,0,43131,115.22
1785351524.601,4.4,100.0,68.34,2.0,30.0,0,0,43131,115.22
1785351525.601,5.7,100.0,68.35,2.0,32.0,0,0,43131,115.17
1785351526.601,5.7,100.0,68.33,3.0,36.0,0,0,43131,115.03
1785351527.601,6.9,100.0,68.32,2.0,33.0,0,0,43131,114.94
1785351528.601,5.2,100.0,68.30,1.0,37.0,0,0,43131,115.12
1785351529.601,5.8,100.0,67.98,3.0,39.0,0,0,43131,115.03
1785351530.601,5.5,100.0,67.82,3.0,28.0,0,0,43131,114.74
1785351531.601,6.2,100.0,67.83,2.0,27.0,0,0,43131,114.68
1785351532.602,5.5,100.0,67.83,3.0,29.0,0,0,43131,114.58
1785351533.602,6.0,100.0,67.84,0.0,26.0,0,0,43131,114.54
1785351534.602,6.9,100.0,67.87,4.0,22.9,0,0,43131,114.55
1785351535.602,6.1,100.0,67.86,1.0,28.2,0,0,43131,114.49
1785351536.602,8.0,100.0,67.87,3.0,25.0,0,0,43131,114.47
1785351537.602,8.5,100.0,67.88,4.0,27.0,0,0,43131,114.42
1785351538.602,7.3,100.0,67.90,2.0,30.0,0,0,43131,114.32
1785351539.602,5.3,100.0,68.09,2.0,27.0,0,0,43131,114.18
1785351540.602,5.3,100.0,68.08,3.0,15.0,0,0,43131,114.06
1785351541.602,6.6,100.0,68.07,2.0,32.0,0,0,43131,114.06
1785351542.603,5.7,100.0,68.07,1.0,50.0,0,0,43131,114.05
1785351543.603,8.3,100.0,68.07,4.0,194.0,0,0,43131,114.00
1785351544.603,5.7,100.0,68.07,2.0,48.0,0,0,43131,113.91
1785351545.603,6.1,100.0,68.08,1.0,23.0,0,0,43131,113.85
1785351546.603,8.2,100.0,68.07,4.0,35.0,0,0,43131,113.85
1785351547.603,5.0,100.0,68.10,4.0,55.0,0,0,43131,113.81
1785351548.603,5.2,100.0,68.11,2.0,47.0,0,0,43131,113.74
1785351549.603,6.4,100.0,68.28,2.0,45.0,0,0,43131,113.69
1785351550.603,6.9,100.0,68.30,3.0,50.0,0,0,43131,113.62
1785351551.603,6.3,100.0,68.29,1.0,55.0,0,0,43131,113.66
1785351552.603,5.8,100.0,68.30,4.0,63.0,0,0,43131,113.61
1785351553.604,8.1,100.0,68.33,1.0,171.3,0,0,43131,113.51
1785351554.604,5.4,100.0,68.34,3.0,17.0,0,0,43131,113.50
1785351555.604,6.1,100.0,68.36,3.0,16.0,0,0,43131,113.50
1785351556.604,5.5,100.0,68.36,1.0,17.0,0,0,43131,113.47
1785351557.604,6.5,100.0,68.35,3.0,43.0,0,0,43131,113.32
1785351558.604,5.3,100.0,68.37,2.0,49.0,0,0,43131,113.33
1785351559.604,4.1,100.0,68.36,3.0,50.0,0,0,43131,113.33
1785351560.604,5.5,100.0,68.34,3.0,54.0,0,0,43131,113.28
1785351561.604,8.5,100.0,68.29,3.0,31.0,0,0,43131,113.31
1785351562.604,6.6,100.0,68.33,3.0,26.1,0,0,43131,113.31
1785351563.605,7.7,100.0,68.27,2.0,19.9,0,0,43131,113.27
1785351564.605,8.8,98.0,68.27,3.0,59.0,0,0,43131,113.27
1785351565.605,9.1,100.0,68.56,1.0,40.0,0,0,43131,113.19
1785351566.605,11.3,100.0,68.55,3.0,36.0,0,0,43131,113.12
1785351567.605,6.5,100.0,68.57,3.0,49.0,0,0,43131,113.10
1785351568.605,7.5,100.0,68.56,2.0,41.0,0,0,43131,113.11
1785351569.605,7.8,100.0,68.57,3.0,35.0,0,0,43131,113.15
1785351570.605,5.1,100.0,68.67,3.0,33.0,0,0,43131,113.02
1785351571.605,7.5,100.0,69.48,3.0,72.0,0,0,43131,112.89
1785351572.605,9.0,100.0,69.96,1.0,101.0,0,0,43131,112.90
1785351573.606,7.1,100.0,70.03,3.0,99.0,0,0,43131,113.01
1785351574.606,6.0,100.0,70.16,3.0,101.0,0,0,43131,112.98
1785351575.606,7.1,100.0,70.07,28.0,54.0,100,60,43131,158.51
1785351576.606,5.1,100.0,70.08,28.0,4.0,88,100,43131,280.75
1785351577.606,5.9,100.0,69.70,38.0,9.0,88,100,43131,267.67
1785351578.606,6.0,100.0,69.68,35.0,8.0,88,100,43131,277.34
1785351579.606,5.9,100.0,69.67,38.0,9.0,86,99,43131,280.58
1785351580.606,6.3,100.0,69.65,38.0,8.0,86,99,43131,270.14
1785351581.606,5.8,100.0,69.64,36.0,9.0,87,100,43131,253.55
1785351582.606,6.2,100.0,69.64,35.0,9.0,88,100,43131,242.93
1785351583.607,6.0,100.0,69.64,36.0,9.0,87,100,43131,265.96
1785351584.607,6.2,100.0,69.61,36.0,7.0,87,100,43131,276.78
1785351585.607,6.7,100.0,69.61,26.0,3.0,79,86,43131,188.31
1785351586.607,5.5,100.0,69.60,29.9,2.0,88,99,43131,261.20
1785351587.607,4.0,100.0,69.59,26.1,3.0,90,100,43131,250.78
1785351588.607,3.3,100.0,69.57,29.0,2.0,88,100,43131,241.21
1785351589.607,5.2,100.0,69.57,37.0,4.0,88,100,43131,261.69
1785351590.607,5.8,100.0,69.55,36.0,5.0,89,100,43131,265.63
1785351591.607,5.3,100.0,69.54,34.0,5.0,88,100,43131,250.59
1785351592.607,5.0,100.0,69.55,37.0,5.0,87,97,43131,249.10
1785351593.608,5.5,100.0,69.56,36.0,5.0,88,100,43131,270.42
1785351594.608,6.1,100.0,69.56,34.0,6.0,87,98,43131,261.01
1785351595.608,5.7,100.0,69.56,40.0,6.0,87,96,43131,265.15
1785351596.608,7.2,100.0,68.97,32.0,5.0,89,100,43131,260.03
1785351597.608,7.9,100.0,69.14,34.0,6.0,88,99,43131,263.56
1785351598.608,7.7,100.0,69.20,31.0,4.0,87,98,43131,255.21
1785351599.608,5.4,100.0,69.21,36.0,6.0,94,69,43131,258.00
1785351600.608,5.8,100.0,69.21,32.0,5.0,90,100,43131,262.95
1785351601.608,6.9,100.0,69.22,33.0,5.0,88,100,43131,266.17
1785351602.609,7.5,100.0,69.31,38.0,6.0,87,97,43131,279.21
1785351604.417,6.7,100.0,69.28,41.5,7.2,87,97,43131,277.29
1785351605.417,6.6,100.0,69.45,34.0,6.0,86,97,43131,262.02
1785351606.417,7.5,100.0,69.43,40.2,7.0,88,87,43131,252.27
1785351607.417,8.5,100.0,69.65,42.8,6.0,89,96,43131,271.28
1785351608.417,7.4,100.0,70.05,38.0,7.0,88,99,43398,270.60
1785351609.417,6.6,100.0,70.46,39.0,5.0,86,97,43398,281.73
1785351610.417,7.2,100.0,69.86,34.0,5.0,96,89,43131,243.97
1785351611.417,6.9,100.0,69.50,34.0,5.0,93,69,43131,248.90
1785351612.417,6.6,100.0,69.55,40.0,6.0,88,100,43131,263.12
1785351613.417,6.6,100.0,69.55,37.0,6.0,88,99,43131,260.81
1785351614.418,7.3,100.0,69.57,32.0,7.0,88,100,43131,276.15
1785351615.418,6.4,100.0,69.55,39.0,6.0,88,97,43131,275.64
1785351616.418,5.2,100.0,69.53,35.0,7.0,89,100,43131,272.75
1785351617.418,6.1,100.0,69.51,42.0,7.0,89,71,43131,281.88
1785351618.418,5.5,100.0,69.48,43.0,7.0,87,98,43131,289.54
1785351619.418,4.9,100.0,69.43,34.0,7.0,88,100,43131,272.40
1785351620.418,5.5,100.0,69.42,40.0,7.0,89,100,43131,275.71
1785351621.418,5.6,100.0,69.96,36.0,6.0,87,99,43131,280.37
1785351622.418,6.6,100.0,69.94,35.0,8.0,88,99,43131,273.22
1785351623.418,5.9,100.0,69.91,34.0,5.0,89,100,43131,258.71
1785351624.419,5.7,100.0,69.91,33.0,4.0,89,100,43131,261.34
1785351625.419,5.6,100.0,69.90,34.0,5.0,88,99,43131,251.87
1785351626.419,6.1,100.0,69.89,31.1,4.0,89,100,43131,242.73
1785351627.419,8.3,100.0,69.89,33.9,4.0,87,99,43131,256.87
1785351628.419,6.3,100.0,69.89,33.0,5.0,89,100,43131,267.67
1785351629.419,5.6,100.0,69.89,32.0,4.0,89,98,43131,268.03
1785351630.419,7.0,100.0,69.89,35.0,6.0,89,100,43131,267.87
1785351631.419,5.8,100.0,69.89,35.0,4.0,89,100,43131,264.58
1785351632.419,4.3,100.0,69.87,29.0,5.0,89,100,43131,258.86
1785351633.419,4.8,100.0,69.74,30.0,5.0,89,99,43131,251.02
1785351634.420,3.9,100.0,69.71,33.0,4.0,88,93,43131,254.51
1785351635.420,4.6,100.0,69.72,37.0,5.0,87,98,43131,263.19
1785351636.420,5.9,100.0,69.72,32.0,5.0,88,99,43131,258.10
1785351637.420,5.4,100.0,69.69,30.0,5.0,90,100,43131,258.09
1785351638.420,6.5,100.0,69.67,38.0,6.0,87,98,43131,251.66
1785351639.420,6.3,100.0,69.66,33.0,4.0,90,96,43131,261.51
1785351640.420,4.6,100.0,69.64,35.0,5.0,89,99,43131,272.44
1785351641.420,4.3,100.0,69.62,32.0,5.0,89,100,43131,240.46
1785351642.420,4.7,100.0,69.63,35.0,5.0,89,100,43131,258.03
1785351643.420,6.1,100.0,69.10,31.0,3.0,89,100,43131,248.45
1785351644.420,5.9,100.0,69.07,28.0,4.0,87,96,43131,263.29
1785351645.421,6.6,100.0,69.16,35.0,5.0,89,100,43131,255.98
1785351646.421,6.1,100.0,69.15,30.0,4.0,90,100,43131,262.90
1785351647.421,5.8,100.0,69.15,29.0,4.0,89,100,43131,269.94
1785351648.421,5.7,100.0,69.14,38.0,5.0,90,100,43131,265.73
1785351649.421,5.7,100.0,69.12,30.0,4.0,88,99,43131,272.37
1785351650.421,6.3,100.0,69.11,37.0,4.0,88,99,43131,272.71
1785351651.421,5.2,100.0,69.11,34.0,5.0,93,72,43131,271.90
1785351652.421,5.9,100.0,69.24,35.0,6.0,89,100,43131,271.62
1785351653.421,4.2,100.0,69.22,33.0,5.0,89,100,43131,272.94
1785351654.421,4.1,100.0,69.22,36.0,5.0,87,96,43131,278.65
1785351655.422,4.2,100.0,69.21,36.0,6.0,89,78,43131,267.35
1785351656.422,6.1,100.0,69.22,31.0,5.0,89,100,43131,261.51
1785351657.422,8.9,100.0,69.21,39.0,5.0,89,100,43131,254.93
1785351658.422,8.3,100.0,69.21,31.0,5.0,89,100,43131,258.05
1785351659.422,5.0,100.0,69.23,34.0,4.0,88,100,43131,271.27
1785351660.422,4.3,100.0,69.21,28.0,5.0,88,99,43131,260.04
1785351661.422,6.4,100.0,69.56,39.0,4.0,93,75,43131,262.49
1785351662.422,6.6,100.0,69.56,32.0,5.0,89,100,43131,249.95
1785351663.422,5.9,100.0,69.57,28.0,3.0,90,100,43131,252.64
1785351664.422,6.3,100.0,69.56,28.0,4.0,88,99,43131,268.04
1785351665.422,5.1,100.0,69.57,35.0,5.0,89,100,43131,242.68
1785351666.423,5.3,100.0,69.68,29.0,4.0,89,100,43131,256.34
1785351667.423,6.0,100.0,69.68,33.0,5.0,89,100,43131,270.12
1785351668.423,6.8,100.0,69.68,32.0,4.0,89,100,43131,275.89
1785351669.423,6.8,100.0,69.67,31.0,4.0,86,96,43131,270.03
1785351670.423,5.3,100.0,69.64,39.0,7.0,87,92,43131,258.31
1785351671.423,5.3,100.0,69.63,32.0,4.0,86,97,43131,262.02
1785351672.423,5.7,100.0,69.62,35.0,5.0,89,100,43131,259.96
1785351673.423,6.2,100.0,69.64,30.0,4.0,88,99,43131,268.91
1785351674.423,4.5,100.0,69.66,30.0,4.0,93,56,43131,272.99
1785351675.423,5.3,100.0,69.64,32.0,4.0,89,100,43131,272.11
1785351676.424,5.8,100.0,68.96,28.0,4.0,90,100,43131,249.34
1785351677.424,5.8,100.0,68.96,32.0,4.0,89,100,43131,258.03
1785351678.424,6.1,100.0,68.96,33.0,5.0,87,97,43131,271.66
1785351679.424,6.7,100.0,68.96,36.0,4.0,90,77,43131,274.81
1785351680.424,5.3,100.0,68.96,32.0,5.0,88,100,43131,270.70
1785351681.424,6.0,100.0,68.95,30.0,4.0,89,100,43131,270.35
1785351682.424,6.1,100.0,68.96,31.0,5.0,89,100,43131,267.96
1785351683.424,4.8,79.0,69.10,34.0,4.0,88,100,43131,264.31
1785351684.424,5.7,100.0,69.10,32.0,5.0,89,100,43131,267.12
1785351685.424,4.0,100.0,69.09,32.0,5.0,89,100,43131,270.93
1785351686.425,5.9,100.0,69.11,28.0,3.0,90,100,43131,261.83
1785351687.425,5.3,100.0,69.10,24.0,2.0,91,100,43131,260.73
1785351688.425,7.5,100.0,69.10,28.0,3.0,90,100,43131,262.44
1785351689.425,6.3,100.0,69.10,25.0,3.0,88,100,43131,263.56
1785351690.425,6.5,100.0,69.10,25.0,3.0,91,100,43131,260.40
1785351691.425,5.2,100.0,69.11,25.0,2.0,92,100,43131,260.65
1785351692.425,6.6,100.0,69.47,25.0,3.0,90,100,43131,262.86
1785351693.425,5.9,100.0,69.48,25.0,1.0,91,100,43131,257.40
1785351694.425,5.6,100.0,69.50,25.0,2.0,89,100,43131,258.32
1785351695.425,6.4,100.0,69.52,21.0,2.0,89,100,43131,255.18
1785351696.426,5.8,100.0,69.51,23.0,1.0,90,100,43131,255.69
1785351697.426,3.9,100.0,69.50,26.0,3.0,90,100,43131,255.55
1785351698.426,3.9,100.0,69.62,24.0,1.0,92,100,43131,257.74
1785351699.426,5.7,100.0,69.63,23.0,12.0,1,1,43131,250.51
1785351700.426,6.1,100.0,68.08,4.0,0.0,0,0,43131,135.18
1785351701.426,5.3,100.0,68.08,1.0,0.0,0,0,43131,119.86
1785351702.426,5.1,100.0,68.09,4.0,0.0,0,0,43131,119.64
1785351703.426,5.2,100.0,68.08,3.0,19.0,0,0,43131,119.11
1785351704.426,6.7,100.0,68.07,0.0,10.0,0,0,43131,118.53
1785351705.426,6.3,100.0,68.16,3.0,34.0,0,0,43131,118.14
1785351706.460,7.6,100.0,68.18,3.9,191.5,0,0,43131,117.66
1785351707.460,5.9,100.0,68.18,1.0,36.0,0,0,43131,116.93
1785351708.460,5.5,100.0,68.20,2.0,41.0,0,0,43131,116.05
1785351709.460,3.7,100.0,68.20,3.0,23.0,0,0,43131,115.76
1785351710.460,4.3,100.0,68.22,2.0,31.0,0,0,43131,115.47
1785351711.460,5.7,100.0,68.21,4.0,28.0,0,0,43131,115.27
1785351712.460,5.6,100.0,68.20,1.0,26.0,0,0,43131,115.17
1785351713.460,5.0,100.0,68.18,2.0,24.0,0,0,43131,115.07
1785351714.460,6.2,100.0,67.89,4.0,72.4,0,0,43131,114.84
1785351715.460,5.8,100.0,68.43,0.0,31.8,0,0,43131,114.54
1785351716.461,7.9,100.0,68.42,3.0,28.9,0,0,43131,114.32
1785351717.461,8.6,100.0,68.44,3.0,39.1,0,0,43131,114.14
1785351718.461,7.3,100.0,68.45,2.0,28.1,0,0,43131,113.91
1785351719.461,6.6,100.0,68.43,3.0,25.0,0,0,43131,113.71
1785351720.461,5.5,100.0,68.43,1.0,27.0,0,0,43131,113.62
1785351721.461,6.2,100.0,68.44,3.0,42.0,0,0,43131,113.57
1785351722.461,3.4,100.0,68.45,4.0,19.9,0,0,43131,113.43
1785351723.461,4.0,100.0,68.45,4.0,36.0,0,0,43131,113.18
1785351724.461,5.6,100.0,68.04,2.0,49.1,0,0,43131,113.06
1785351725.461,6.1,100.0,68.42,3.0,56.0,0,0,43131,112.95
1785351726.461,5.8,100.0,68.43,2.0,42.9,0,0,43131,114.53
1785351727.462,4.5,100.0,68.45,3.0,22.0,0,0,43131,116.05
1785351728.462,4.8,100.0,68.45,3.0,28.0,0,0,43131,115.96
1785351729.462,8.2,100.0,68.45,4.0,55.0,0,0,43131,115.93
1785351730.462,6.2,100.0,68.46,2.0,45.0,0,0,43131,115.78
1785351731.462,6.4,100.0,68.45,2.0,46.0,0,0,43131,115.55
1785351732.462,5.4,100.0,68.45,2.0,41.1,0,0,43131,115.36
1785351733.462,6.4,100.0,68.44,3.0,37.9,0,0,43131,115.31
1785351734.462,3.9,100.0,68.44,1.0,24.0,0,0,43131,115.32
1785351735.462,5.8,100.0,68.46,4.0,34.0,0,0,43131,115.23
1785351736.462,5.5,95.0,68.29,2.0,37.0,0,0,43131,115.17
1785351737.462,6.4,100.0,68.28,1.0,35.0,0,0,43131,115.17
1785351738.463,5.3,100.0,68.28,3.0,34.0,0,0,43131,115.07
1785351739.463,6.2,100.0,68.27,2.0,33.0,0,0,43131,114.97
1785351740.463,6.6,100.0,68.29,3.0,36.0,0,0,43131,114.87
1785351741.463,5.9,100.0,68.27,4.0,33.0,0,0,43131,114.82
1785351742.463,5.9,100.0,68.28,2.0,34.0,0,0,43131,114.78
1785351743.463,6.4,100.0,68.28,0.0,34.0,0,0,43131,114.73
1785351744.463,5.7,100.0,68.28,4.0,33.0,0,0,43131,114.58
1785351745.463,5.5,100.0,68.29,1.0,26.0,0,0,43131,114.48
1785351746.463,6.0,100.0,68.28,2.0,34.0,0,0,43131,114.51
1785351747.463,4.9,100.0,68.27,4.0,33.0,0,0,43131,114.48
1785351748.463,3.7,100.0,68.22,2.0,29.0,0,0,43131,114.35
1785351749.464,5.2,100.0,68.20,3.0,36.0,0,0,43131,114.21
1785351750.464,6.0,100.0,68.20,2.0,29.0,0,0,43131,114.15
1785351751.464,6.4,100.0,68.20,4.0,19.0,0,0,43131,114.20
1785351752.464,5.3,100.0,68.21,1.0,18.0,0,0,43131,114.25
1785351753.464,6.7,100.0,68.20,4.0,25.0,0,0,43131,114.13
1785351754.464,6.1,100.0,68.22,0.0,27.0,0,0,43131,114.07
1785351755.464,6.7,100.0,68.23,4.0,22.0,0,0,43131,114.03
1785351756.464,5.5,100.0,68.25,1.0,11.0,0,0,43131,113.91
1785351757.464,5.6,100.0,68.25,2.0,14.0,0,0,43131,113.86
1785351758.465,5.4,100.0,68.24,2.0,15.0,0,0,43131,113.81
1785351759.465,4.7,100.0,68.13,4.0,18.0,0,0,43131,113.76
1785351760.465,4.4,100.0,68.44,3.0,18.0,0,0,43131,113.82
1785351761.465,5.6,100.0,68.43,2.0,17.0,0,0,43131,113.72
1785351762.465,5.6,100.0,68.43,3.0,28.0,0,0,43131,113.62
1785351763.465,6.8,100.0,68.45,2.0,50.0,0,0,43131,113.66
1785351764.465,8.5,100.0,68.45,3.0,163.0,0,0,43131,113.66
1785351765.465,5.9,100.0,68.45,2.0,46.0,0,0,43131,113.71
1785351766.465,3.6,100.0,68.46,12.0,25.0,0,0,43131,113.67
1785351767.465,3.5,100.0,68.47,3.0,17.0,0,0,43131,113.53
1785351768.465,6.2,100.0,68.49,2.0,57.0,0,0,43131,113.43
1785351769.466,5.9,100.0,68.51,2.0,46.0,0,0,43131,113.38
1785351770.466,6.1,100.0,68.52,2.0,43.0,0,0,43131,113.42
1785351771.466,5.9,100.0,68.52,1.0,51.0,0,0,43131,113.56
1785351772.466,5.1,100.0,68.53,4.0,59.0,0,0,43131,113.52
1785351773.466,4.4,100.0,68.52,4.0,51.0,0,0,43131,113.33
1785351774.466,7.1,100.0,68.56,1.8,192.3,0,0,43131,113.24
1785351775.466,7.2,100.0,68.14,2.2,29.6,0,0,43131,113.19
1785351776.466,8.0,100.0,68.13,1.0,18.0,0,0,43131,113.23
1785351777.466,7.6,100.0,68.12,3.0,17.0,0,0,43131,113.18
1785351778.466,8.1,100.0,68.14,2.0,26.0,0,0,43131,113.22
1785351779.466,4.5,100.0,68.16,2.0,39.0,0,0,43131,113.32
1785351780.467,4.1,100.0,68.18,3.0,45.0,0,0,43131,113.23
1785351781.467,3.5,100.0,68.19,5.0,57.0,0,0,43131,113.15
1785351782.467,3.9,100.0,68.33,2.0,30.0,0,0,43131,113.06
1785351783.467,4.4,100.0,68.34,4.0,44.0,0,0,43131,113.08
1785351784.467,5.7,100.0,68.36,2.0,28.8,0,0,43131,113.07
1785351785.467,5.5,100.0,68.35,4.0,16.1,0,0,43131,112.98
1785351786.467,5.6,100.0,68.36,2.0,52.0,0,0,43131,112.98
1785351787.467,5.8,100.0,68.36,2.0,59.0,0,0,43131,113.03
1785351788.467,6.7,100.0,68.39,3.0,33.0,0,0,43131,113.13
1785351789.467,6.4,100.0,68.40,3.0,52.0,0,0,43131,113.03
1785351790.468,7.3,100.0,68.42,3.0,41.0,0,0,43131,112.93
1785351791.468,5.7,100.0,68.43,1.0,35.0,0,0,43131,112.97
1785351792.468,3.1,100.0,68.78,5.0,28.0,0,0,43131,112.92
1785351793.468,4.7,100.0,69.56,2.0,73.4,0,0,43131,112.90
1785351794.468,4.1,100.0,70.31,3.0,99.5,0,0,43131,112.91
1785351795.468,6.3,100.0,70.75,4.0,101.0,0,0,43131,112.79
1785351796.468,4.3,100.0,70.78,2.0,100.0,0,0,43131,112.74
1785351797.468,4.5,100.0,70.59,29.0,43.0,86,98,43131,169.60
1785351798.468,5.3,100.0,70.59,38.0,8.0,87,100,43131,261.31
1785351799.468,6.1,100.0,70.58,40.0,9.0,86,99,43131,275.71
1785351800.469,6.7,100.0,70.56,39.0,8.0,86,98,43131,249.09
1785351801.469,6.2,100.0,70.53,35.0,9.0,89,100,43131,275.84
1785351802.469,5.0,100.0,70.46,35.0,10.0,93,100,43131,276.48
1785351803.469,5.1,100.0,70.00,35.0,10.0,87,100,43131,276.40
1785351804.469,5.1,100.0,70.01,31.0,8.0,88,100,43131,275.18
1785351805.469,6.1,100.0,69.99,33.0,6.0,59,67,43131,224.21
1785351806.469,4.1,100.0,69.99,33.0,4.0,89,96,43131,250.18
1785351807.469,3.9,100.0,70.00,33.0,4.0,94,100,43131,245.51
1785351808.469,3.6,100.0,69.99,33.0,5.0,90,100,43131,247.29
1785351809.469,5.2,100.0,69.96,38.0,6.0,89,100,43131,266.49
1785351810.469,6.9,100.0,69.95,32.0,5.0,88,100,43131,261.58
1785351811.470,6.9,100.0,69.94,36.0,6.0,87,99,43131,263.40
1785351812.470,6.8,100.0,69.92,37.0,6.0,88,100,43131,252.96
1785351813.470,5.7,100.0,69.92,43.0,7.0,86,97,43131,275.70
1785351814.470,4.5,100.0,69.90,36.0,7.0,89,100,43131,266.23
1785351815.470,6.2,100.0,69.88,39.0,7.0,88,99,43131,258.98
1785351816.470,3.5,100.0,70.06,40.0,7.0,86,97,43131,262.81
1785351817.470,6.3,100.0,70.05,42.0,8.0,85,96,43131,267.46
1785351818.470,5.3,100.0,70.04,34.0,6.0,89,100,43131,267.10
1785351819.470,6.8,100.0,70.03,38.0,8.0,88,99,43131,264.82
1785351820.470,5.5,100.0,70.00,40.0,6.0,88,100,43131,278.33
1785351821.471,6.3,100.0,70.00,46.0,9.0,87,98,43131,261.11
1785351822.471,5.8,100.0,69.99,47.0,7.0,87,98,43131,267.66
1785351823.471,6.1,100.0,70.01,44.0,6.0,86,97,43131,283.01
1785351824.471,7.0,100.0,70.00,43.0,8.0,84,95,43131,277.74
1785351825.471,6.2,100.0,69.99,37.0,7.0,88,100,43131,266.45
1785351826.471,4.2,100.0,69.96,39.0,6.0,89,100,43131,273.95
1785351827.471,5.3,100.0,69.94,45.0,7.0,96,85,43131,278.61
1785351828.471,5.2,100.0,69.92,40.0,6.0,85,95,43131,275.80
1785351829.471,5.3,100.0,69.89,36.0,6.0,90,100,43131,261.82
1785351830.472,4.9,100.0,69.87,31.0,5.0,89,100,43131,264.63
1785351831.472,3.7,100.0,69.87,41.0,6.0,88,99,43131,270.28
1785351832.472,5.3,100.0,69.85,37.0,6.0,89,96,43131,267.07
1785351833.472,5.7,100.0,69.82,33.0,6.0,86,95,43131,274.40
1785351834.472,5.7,100.0,69.83,38.0,7.0,89,100,43131,269.96
1785351835.472,5.6,100.0,69.81,38.0,7.0,90,86,43131,272.09
1785351836.472,8.4,100.0,69.79,40.2,7.0,88,99,43131,276.81
1785351837.472,8.5,100.0,69.78,43.0,8.0,94,72,43131,274.34
1785351838.472,7.1,100.0,69.78,36.0,8.0,88,100,43131,279.32
1785351839.472,5.9,100.0,69.79,39.0,7.0,85,94,43131,281.48
1785351840.473,3.8,100.0,69.75,37.8,7.0,88,99,43131,272.16
1785351841.473,4.2,100.0,69.74,39.0,6.0,88,99,43131,272.95
1785351842.473,3.6,100.0,69.71,34.0,7.0,88,99,43131,275.63
1785351843.473,5.5,100.0,69.70,36.0,5.0,86,97,43131,268.88
1785351844.473,4.8,100.0,69.66,37.0,7.0,88,99,43131,274.26
1785351845.473,5.7,100.0,69.65,36.0,6.0,89,100,43131,276.65
1785351846.473,5.8,100.0,69.60,37.0,5.0,86,96,43131,254.74
1785351847.473,4.0,100.0,69.58,42.0,8.0,87,99,43131,274.91
1785351848.473,3.5,100.0,69.58,44.0,7.0,87,99,43131,278.55
1785351849.473,4.2,100.0,69.58,43.0,8.0,83,94,43131,266.34
1785351850.474,4.6,100.0,69.56,36.0,6.0,86,95,43131,274.82
1785351851.474,8.6,100.0,69.54,42.0,8.0,88,97,43131,284.57
1785351852.474,5.4,100.0,69.53,37.0,7.0,88,99,43131,273.85
1785351853.474,6.9,100.0,69.53,40.2,7.0,89,100,43131,278.14
1785351854.474,6.4,100.0,69.54,46.0,10.0,93,100,43131,268.59
1785351855.474,6.4,100.0,69.52,31.0,8.0,87,98,43131,280.67
1785351856.474,6.2,100.0,69.50,42.8,7.0,86,99,43131,282.83
1785351857.474,4.8,100.0,69.48,44.0,11.0,87,100,43131,280.33
1785351858.474,3.8,100.0,69.46,37.0,8.0,87,99,43131,277.03
1785351859.474,5.9,100.0,69.47,43.0,6.0,85,89,43131,278.43
1785351860.475,4.5,100.0,69.44,42.0,7.0,92,88,43131,277.72
1785351861.475,6.0,100.0,69.44,38.0,7.0,89,100,43131,268.43
1785351862.475,5.7,100.0,69.41,37.0,8.0,85,96,43131,282.30
1785351863.475,5.2,100.0,69.42,41.0,8.0,87,99,43131,267.83
1785351864.475,5.6,100.0,68.83,43.0,7.0,89,72,43131,274.20
1785351865.475,5.6,100.0,69.12,51.0,8.0,91,67,43131,276.33
1785351866.475,6.6,100.0,69.11,47.0,9.0,81,92,43131,291.32
1785351867.475,6.2,100.0,69.10,38.0,8.0,88,100,43131,260.81
1785351868.475,5.2,100.0,69.08,45.0,10.0,86,99,43131,278.29
1785351869.475,6.1,100.0,69.07,43.0,8.0,87,99,43131,284.64
1785351870.476,4.4,100.0,69.04,41.0,8.0,80,85,43131,282.88
1785351871.476,5.8,100.0,69.04,42.0,8.0,87,99,43131,282.22
1785351872.476,4.8,100.0,69.03,38.0,4.0,87,98,43131,281.38
1785351873.476,3.9,100.0,69.03,32.0,2.0,89,100,43131,262.02
1785351874.476,4.0,100.0,69.04,30.0,2.0,89,100,43131,272.85
1785351875.476,6.0,100.0,69.03,21.0,5.0,92,100,43131,270.89
1785351876.476,2.9,100.0,69.00,28.0,3.0,90,100,43131,271.22
1785351877.476,6.2,100.0,69.61,21.0,3.0,93,100,43131,267.38
1785351878.476,6.5,100.0,69.63,21.0,4.0,95,100,43131,265.58
1785351879.477,5.2,100.0,69.61,25.0,3.0,90,100,43131,263.40
1785351880.477,5.8,100.0,69.62,21.0,4.0,94,100,43131,263.62
1785351881.477,4.0,100.0,69.60,27.0,2.0,90,100,43131,262.30
1785351882.477,5.4,100.0,69.59,18.0,2.0,94,100,43131,264.21
1785351883.477,5.3,100.0,69.56,22.0,1.0,91,100,43131,261.70
1785351884.477,5.9,100.0,69.57,25.0,2.0,91,100,43131,261.43
1785351885.477,5.8,100.0,69.56,22.0,1.0,91,100,43131,258.12
1785351886.477,5.4,100.0,69.54,23.0,2.0,91,100,43131,259.28
1785351887.477,6.1,100.0,69.54,25.0,1.0,91,100,43131,261.14
1785351888.477,5.5,100.0,69.55,23.0,1.0,89,100,43131,263.04
1785351889.478,4.2,100.0,69.00,26.0,2.0,88,100,43131,258.45
1785351890.478,6.3,100.0,69.02,26.0,1.0,91,100,43131,261.70
1785351891.478,5.2,100.0,69.01,22.0,0.0,90,100,43131,262.35
1785351892.478,5.9,100.0,68.99,23.0,2.0,91,100,43131,259.62
1785351893.478,5.7,100.0,68.87,22.0,16.0,0,0,43131,234.46
1785351894.478,4.2,100.0,68.88,4.0,38.0,0,0,43131,134.83
1785351895.478,4.6,100.0,68.87,3.0,7.0,0,0,43131,119.88
1785351896.478,6.2,100.0,67.63,3.0,0.0,0,0,43131,119.51
1785351897.478,8.1,100.0,67.63,2.0,0.0,0,0,43131,118.96
1785351898.479,7.8,100.0,67.82,2.0,0.0,0,0,43131,118.57
1785351899.479,7.6,100.0,67.88,2.0,203.0,0,0,43131,118.14
1785351900.479,3.9,100.0,67.89,3.0,45.0,0,0,43131,117.75
1785351901.479,3.6,100.0,67.93,4.0,39.0,0,0,43131,116.88
1785351902.479,5.1,100.0,68.11,3.0,34.0,0,0,43131,115.88
1785351903.479,4.3,100.0,68.09,3.0,29.0,0,0,43131,115.63
1785351904.479,7.5,100.0,68.08,2.0,32.0,0,0,43131,115.51
1785351905.479,5.8,100.0,68.08,2.0,63.9,0,0,43131,115.27
1785351906.479,5.0,100.0,68.09,3.0,41.0,0,0,43131,115.03
1785351907.479,3.9,100.0,68.11,3.0,48.0,0,0,43131,114.89
1785351908.479,6.2,100.0,68.09,3.0,37.0,0,0,43131,114.59
1785351909.480,5.5,100.0,68.11,1.0,39.0,0,0,43131,114.35
1785351910.480,6.0,100.0,68.06,3.0,52.0,0,0,43131,114.25
1785351911.480,6.4,100.0,68.07,1.0,18.0,0,0,43131,114.11
1785351912.480,6.9,100.0,68.07,5.0,49.0,0,0,43131,113.87
1785351913.480,3.3,100.0,68.09,2.0,52.0,0,0,43131,113.66
1785351914.480,5.6,100.0,68.15,2.0,70.0,0,0,43131,113.71
1785351915.480,5.7,100.0,68.14,2.0,35.1,0,0,43131,113.57
1785351916.480,6.2,100.0,68.14,2.0,33.0,0,0,43131,113.41
1785351917.480,6.0,100.0,68.13,1.0,67.0,0,0,43131,113.23
1785351918.480,5.4,100.0,68.14,4.0,51.0,0,0,43131,112.98
1785351919.480,6.4,100.0,68.14,2.0,51.0,0,0,43131,112.84
1785351920.481,6.0,100.0,68.14,0.0,51.0,0,0,43131,114.28
1785351921.481,5.9,100.0,68.15,3.0,39.0,0,0,43131,115.88
1785351922.481,6.3,100.0,68.14,2.0,34.0,0,0,43131,115.89
1785351923.481,6.9,100.0,68.14,2.0,38.8,0,0,43131,115.79
1785351924.481,5.7,100.0,68.14,2.0,37.0,0,0,43131,115.69
1785351925.481,5.8,100.0,68.14,3.0,32.0,0,0,43131,115.61
1785351926.481,8.5,99.0,68.11,2.0,32.1,0,0,43131,115.46
1785351927.481,7.8,100.0,68.04,2.0,30.9,0,0,43131,115.36
1785351928.481,6.5,100.0,68.07,1.0,33.0,0,0,43131,115.57
1785351929.481,4.6,100.0,68.07,4.0,38.0,0,0,43131,115.47
1785351930.481,4.5,100.0,68.09,3.0,34.0,0,0,43131,115.13
1785351931.481,6.0,100.0,68.11,4.0,33.0,0,0,43131,115.06
1785351932.482,6.6,100.0,68.11,0.0,33.0,0,0,43131,114.91
1785351933.482,7.2,100.0,68.10,3.0,33.0,0,0,43131,114.78
1785351934.482,4.4,100.0,68.10,3.0,35.0,0,0,43131,114.79
1785351935.482,5.9,100.0,68.11,2.0,33.0,0,0,43131,114.78
1785351936.482,6.0,100.0,68.14,3.0,38.0,0,0,43131,114.68
1785351937.482,6.6,100.0,68.13,2.0,42.9,0,0,43131,114.62
1785351938.482,5.1,100.0,68.14,4.0,26.1,0,0,43131,114.52
1785351939.482,5.6,100.0,68.15,2.0,27.9,0,0,43131,114.44
1785351940.482,4.9,100.0,67.78,3.0,27.1,0,0,43131,114.56
1785351941.482,5.5,100.0,67.79,2.0,29.0,0,0,43131,114.51
1785351942.482,5.6,100.0,67.78,3.0,10.0,0,0,43131,114.25
1785351943.483,5.8,100.0,67.80,3.0,34.0,0,0,43131,114.16
1785351944.483,5.7,100.0,67.79,1.0,27.0,0,0,43131,114.11
1785351945.483,4.2,100.0,67.78,4.0,26.0,0,0,43131,114.11
1785351946.483,3.8,100.0,67.77,4.0,26.0,0,0,43131,114.06
1785351947.483,4.0,100.0,67.76,2.0,25.0,0,0,43131,113.98
1785351948.483,5.8,100.0,67.77,2.0,23.0,0,0,43131,114.08
1785351949.483,5.8,100.0,67.75,4.0,16.0,0,0,43131,114.00
1785351950.483,6.8,100.0,67.75,0.0,37.0,0,0,43131,113.86
1785351951.483,6.4,100.0,67.77,3.0,50.0,0,0,43131,113.82
1785351952.483,8.3,100.0,67.78,5.0,196.0,0,0,43131,113.82
1785351953.483,4.0,100.0,67.79,2.0,45.0,0,0,43131,113.81
1785351954.484,4.3,100.0,67.78,3.0,19.0,0,0,43131,113.71
1785351955.484,4.2,100.0,67.78,5.0,36.0,0,0,43131,113.67
1785351956.484,6.0,100.0,67.80,2.0,48.0,0,0,43131,113.62
1785351957.484,8.5,100.0,67.82,5.0,43.0,0,0,43131,113.62
1785351958.484,5.3,100.0,67.80,3.0,39.0,0,0,43131,113.57
1785351959.484,5.5,100.0,67.82,3.0,48.0,0,0,43131,113.47
1785351960.484,5.7,100.0,67.82,4.0,53.0,0,0,43131,113.46
1785351961.484,5.0,100.0,67.81,1.0,48.0,0,0,43131,113.41
1785351962.484,3.7,100.0,67.85,5.0,61.0,0,0,43131,113.61
1785351963.484,5.9,100.0,67.88,3.0,141.0,0,0,43131,113.67
1785351964.484,5.0,100.0,67.89,3.0,14.0,0,0,43131,113.39
1785351965.485,3.6,100.0,67.91,5.0,14.0,0,0,43131,113.38
1785351966.485,5.9,100.0,67.93,3.0,16.0,0,0,43131,113.36
1785351967.485,4.6,100.0,67.93,2.0,22.0,0,0,43131,113.32
1785351968.485,8.0,100.0,67.88,5.0,38.0,0,0,43131,113.36
1785351969.485,4.8,100.0,67.90,3.0,43.0,0,0,43131,113.26
1785351970.485,8.2,99.0,67.90,3.0,42.0,0,0,43131,113.17
1785351971.485,8.5,84.0,68.46,3.0,56.0,0,0,43131,113.22
1785351972.485,8.5,100.0,68.47,1.0,35.0,0,0,43131,113.20
1785351973.485,10.8,100.0,68.70,3.0,26.1,0,0,43131,113.09
1785351974.485,5.3,100.0,68.49,2.0,18.9,0,0,43131,113.07
1785351975.485,7.3,100.0,68.53,3.0,62.0,0,0,43131,113.04
1785351976.486,8.2,100.0,68.56,3.0,45.0,0,0,43131,112.97
1785351977.486,4.9,100.0,68.55,2.0,41.0,0,0,43131,112.96
1785351978.486,9.0,99.0,68.56,3.0,48.0,0,0,43131,112.92
1785351979.486,6.7,100.0,68.55,2.0,40.0,0,0,43131,112.97
1785351980.486,4.2,100.0,68.56,4.0,36.0,0,0,43131,112.98
1785351981.486,3.9,100.0,68.64,3.0,26.0,0,0,43131,112.91
1785351982.486,6.6,100.0,69.42,2.0,75.0,0,0,43131,113.25
1785351983.486,6.4,100.0,69.99,1.0,100.0,0,0,43131,113.28
1785351984.486,5.8,100.0,70.07,4.0,99.9,0,0,43131,112.90
1785351985.486,7.5,100.0,70.26,4.0,100.1,0,0,43131,112.79
1785351986.486,5.5,100.0,70.13,27.0,52.0,88,100,43131,175.08
1785351987.487,6.3,100.0,70.12,37.0,9.0,33,37,43131,221.97
1785351988.487,5.4,100.0,70.10,33.0,2.0,88,94,43131,256.69
1785351989.487,5.5,100.0,70.09,33.0,3.0,89,99,43131,255.79
1785351990.487,4.9,100.0,70.07,33.0,4.0,90,100,43131,251.79
1785351991.487,5.9,100.0,70.08,32.0,3.0,88,91,43131,266.38
1785351992.487,3.4,100.0,70.08,31.0,5.0,91,87,43131,272.92
1785351993.487,5.2,100.0,70.08,45.0,5.0,90,97,43131,271.90
1785351994.487,5.0,100.0,70.08,42.0,6.0,89,100,43131,271.30
1785351995.487,6.4,100.0,70.08,43.0,8.0,83,94,43131,259.88
1785351996.487,6.4,100.0,70.08,38.0,8.0,90,100,43131,264.78
1785351997.488,4.8,100.0,70.06,36.0,5.0,89,100,43131,267.82
1785351998.488,4.1,100.0,70.06,36.0,6.0,88,99,43131,271.06
1785351999.488,4.6,100.0,70.03,37.0,6.0,87,99,43131,263.30
1785352000.488,6.2,100.0,69.89,37.0,7.0,88,99,43131,266.67
1785352001.488,3.5,100.0,69.90,40.0,5.0,87,98,43131,253.60
1785352002.488,5.7,100.0,69.91,33.0,6.0,91,74,43131,260.18
1785352003.488,5.6,100.0,69.90,37.0,7.0,88,99,43131,242.77
1785352004.488,6.4,100.0,69.88,26.0,4.0,96,100,43131,267.15
1785352005.488,5.1,100.0,69.88,21.0,4.0,89,100,43131,256.30
1785352006.488,5.5,100.0,69.83,29.0,4.0,87,98,43131,253.38
1785352007.489,6.5,100.0,69.81,25.0,4.0,95,100,43131,263.41
1785352008.489,6.6,100.0,69.78,24.0,6.0,87,97,43131,265.57
1785352009.489,4.5,100.0,69.78,38.0,5.0,89,100,43131,266.97
1785352010.489,3.9,100.0,69.79,31.0,5.0,88,100,43131,253.87
1785352011.489,4.6,100.0,69.78,40.0,6.0,85,95,43131,248.52
1785352012.489,5.7,100.0,69.78,30.0,7.0,88,100,43131,275.45
1785352013.489,4.0,100.0,69.77,39.0,7.0,88,99,43131,271.68
1785352014.489,3.8,100.0,69.75,43.0,7.0,86,97,43131,276.17
1785352015.489,6.7,100.0,69.75,43.0,10.0,88,98,43131,273.45
1785352016.490,8.1,100.0,69.76,38.0,7.0,88,99,43131,271.61
1785352017.490,9.1,100.0,69.77,40.0,6.0,89,100,43131,261.69
1785352018.490,7.0,100.0,69.77,39.0,4.0,87,96,43131,262.41
1785352019.490,6.2,100.0,69.77,39.0,5.0,88,99,43131,276.08
1785352020.490,5.3,100.0,69.76,35.0,7.0,88,99,43131,267.70
1785352021.490,7.3,100.0,69.76,35.0,6.0,88,100,43131,260.97
1785352022.490,6.5,100.0,69.76,34.0,6.0,89,100,43131,251.62
1785352023.490,7.2,100.0,69.78,39.0,5.0,89,100,43131,258.83
1785352024.490,6.1,100.0,69.78,36.0,6.0,89,97,43131,265.75
1785352025.490,5.8,100.0,69.77,36.0,7.0,88,99,43131,265.77
1785352026.491,4.6,100.0,69.74,40.0,7.0,84,95,43131,279.29
1785352027.491,4.6,100.0,69.75,40.0,5.0,87,98,43131,265.12
1785352028.491,4.3,100.0,69.73,40.0,8.0,88,99,43131,266.15
1785352029.491,5.1,100.0,69.72,44.0,7.0,98,56,43131,287.82
1785352030.491,6.5,100.0,69.74,50.0,9.0,87,100,43131,278.11
1785352031.491,5.3,100.0,69.74,40.0,8.0,87,100,43131,279.15
1785352032.491,6.0,100.0,69.73,37.0,7.0,85,96,43131,274.73
1785352033.491,5.7,100.0,69.71,40.0,7.0,96,67,43131,270.17
1785352034.491,7.5,100.0,69.72,41.0,8.0,87,99,43131,267.15
1785352035.491,5.5,100.0,69.70,40.0,8.0,87,100,43131,268.24
1785352036.492,4.9,100.0,69.67,43.0,9.0,85,94,43131,271.80
1785352037.492,4.4,100.0,69.67,49.0,9.0,91,75,43131,275.24
1785352038.492,3.5,100.0,69.67,44.0,7.0,87,100,43131,271.47
1785352039.492,5.2,100.0,69.18,44.0,10.0,87,100,43131,291.11
1785352040.492,6.0,100.0,69.15,42.0,9.0,87,100,43131,290.88
1785352041.492,5.8,100.0,69.17,43.0,8.0,85,83,43131,293.95
1785352042.492,5.8,100.0,69.14,43.0,8.0,87,100,43131,294.60
1785352043.492,4.0,100.0,69.13,43.0,8.0,85,96,43131,278.74
1785352044.492,4.0,100.0,69.11,42.0,7.0,85,91,43131,264.45
1785352045.493,4.8,100.0,69.10,34.0,7.0,88,100,43131,274.57
1785352046.493,5.8,100.0,69.08,41.0,8.0,88,100,43131,279.08
1785352047.493,5.0,100.0,69.08,34.0,6.0,87,98,43131,276.74
1785352048.493,6.1,100.0,69.07,39.0,7.0,88,100,43131,277.06
1785352049.493,6.5,100.0,69.05,43.0,8.0,85,96,43131,292.68
1785352050.493,6.2,100.0,69.04,39.0,6.0,93,67,43131,276.69
1785352051.493,5.5,100.0,69.03,40.0,6.0,87,99,43131,276.08
1785352052.493,6.6,100.0,69.03,39.0,8.0,87,98,43131,278.20
1785352053.493,5.5,100.0,69.01,32.0,6.0,84,95,43131,281.17
1785352054.493,7.4,100.0,69.02,35.0,6.0,89,100,43131,264.78
1785352055.494,5.1,100.0,69.02,32.0,6.0,89,100,43131,249.80
1785352056.494,4.1,100.0,69.03,29.0,6.0,90,100,43131,265.24
1785352057.494,3.7,100.0,69.01,29.0,4.0,89,100,43131,252.80
1785352058.494,3.3,100.0,69.00,27.0,3.0,89,100,43131,259.13
1785352059.494,3.4,100.0,68.98,27.0,4.0,89,100,43131,258.42
1785352060.494,3.3,100.0,68.65,28.0,2.0,90,100,43131,259.74
1785352061.494,3.3,100.0,69.12,26.0,3.0,90,100,43131,255.33
1785352062.494,5.7,100.0,69.11,27.0,2.0,89,100,43131,256.49
1785352063.494,6.6,100.0,69.10,25.0,1.0,87,99,43131,259.74
1785352064.494,5.9,100.0,69.10,23.0,2.0,91,100,43131,256.90
1785352065.495,6.1,100.0,69.09,25.0,2.0,90,100,43131,258.89
1785352066.495,5.6,100.0,69.09,23.0,2.0,88,100,43131,257.43
1785352067.495,5.0,100.0,69.07,24.0,1.0,91,100,43131,260.21
1785352068.495,5.3,100.0,69.07,24.0,1.0,91,100,43131,260.77
1785352069.495,3.1,100.0,69.05,24.0,1.0,90,100,43131,261.39
1785352070.495,5.0,100.0,69.04,23.0,1.0,91,100,43131,261.19
1785352071.495,6.0,100.0,69.54,23.0,1.0,91,100,43131,258.95
1785352072.495,6.4,100.0,69.56,23.0,0.0,89,100,43131,263.06
1785352073.495,5.8,100.0,69.55,26.0,2.0,91,100,43131,259.45
1785352074.495,6.1,100.0,68.05,10.0,0.0,0,0,43131,173.02
1785352075.496,5.6,100.0,68.04,3.0,0.0,0,0,43131,134.20
1785352076.496,6.8,100.0,68.02,2.0,0.0,0,0,43131,119.38
1785352077.496,9.1,100.0,68.23,3.0,196.8,0,0,43131,119.01
1785352078.496,5.2,100.0,68.27,3.0,44.0,0,0,43131,118.58
1785352079.496,4.9,100.0,68.29,3.0,42.0,0,0,43131,118.24
1785352080.496,6.0,100.0,68.32,2.0,42.0,0,0,43131,117.52
1785352081.496,6.6,100.0,68.32,2.0,34.0,0,0,43131,116.67
1785352082.496,4.8,100.0,67.60,3.0,24.0,0,0,43131,115.96
1785352083.496,3.7,100.0,67.59,4.0,38.0,0,0,43131,115.81
1785352084.496,5.1,100.0,67.60,3.0,61.0,0,0,43131,115.42
1785352085.497,5.9,100.0,67.64,3.0,40.0,0,0,43131,115.22
1785352086.497,5.7,100.0,67.66,1.0,51.0,0,0,43131,114.97
1785352087.497,6.1,100.0,67.66,1.0,39.0,0,0,43131,114.73
1785352088.497,5.1,100.0,67.67,4.0,43.0,0,0,43131,114.55
1785352089.497,4.5,100.0,67.69,3.0,37.0,0,0,43131,114.35
1785352090.497,4.7,100.0,67.66,3.0,16.0,0,0,43131,114.16
1785352091.497,6.5,100.0,67.67,2.0,56.0,0,0,43131,114.00
1785352092.497,5.5,100.0,67.70,3.0,59.0,0,0,43131,113.85
1785352093.497,6.8,100.0,67.72,0.0,56.0,0,0,43131,113.66
1785352094.497,5.9,100.0,67.72,4.0,25.0,0,0,43131,113.47
1785352095.497,4.8,100.0,67.74,3.0,54.0,0,0,43131,113.27
1785352096.498,6.4,100.0,67.74,3.0,52.0,0,0,43131,113.14
1785352097.498,5.2,100.0,67.76,2.0,48.0,0,0,43131,113.01
1785352098.498,4.1,100.0,67.79,4.0,59.0,0,0,43131,112.88
1785352099.498,5.0,100.0,67.77,0.0,39.0,0,0,43131,114.29
1785352100.498,2.8,100.0,67.76,3.0,33.0,0,0,43131,115.82
1785352101.498,4.1,100.0,67.78,3.0,38.0,0,0,43131,115.92
1785352102.498,5.1,100.0,67.79,2.0,36.0,0,0,43131,115.92
1785352103.498,4.9,100.0,67.79,3.0,35.0,0,0,43131,115.86
1785352104.498,3.2,100.0,67.77,2.0,34.0,0,0,43131,115.67
1785352105.498,3.9,100.0,67.76,3.0,33.1,0,0,43131,115.51
1785352106.498,5.4,100.0,67.78,2.0,31.9,0,0,43131,115.46
1785352107.498,6.1,100.0,67.78,2.0,33.0,0,0,43131,115.32
1785352108.499,4.5,100.0,67.76,3.0,35.0,0,0,43131,115.22
1785352109.499,3.5,100.0,67.77,4.0,31.0,0,0,43131,115.23
1785352110.499,4.2,100.0,67.78,4.0,34.0,0,0,43131,115.13
1785352111.499,3.7,100.0,67.78,1.0,32.0,0,0,43131,114.98
1785352112.499,4.7,100.0,67.79,4.0,34.0,0,0,43131,114.89
1785352113.499,6.1,100.0,67.80,3.0,32.0,0,0,43131,114.83
1785352114.499,5.3,100.0,67.81,0.0,41.0,0,0,43131,114.73
1785352115.499,7.2,100.0,68.44,4.0,37.0,0,0,43131,114.55
1785352116.499,8.1,100.0,68.45,2.0,29.0,0,0,43131,114.54
1785352117.499,5.5,100.0,68.45,3.0,27.0,0,0,43131,114.54
1785352118.499,6.0,100.0,68.46,3.0,30.0,0,0,43131,114.49
1785352119.500,6.2,100.0,68.47,0.0,22.0,0,0,43131,114.44
1785352120.500,4.4,100.0,68.46,3.0,25.0,0,0,43131,114.30
1785352121.500,4.9,100.0,68.47,4.0,28.0,0,0,43131,114.16
1785352122.500,5.6,100.0,68.45,1.0,27.0,0,0,43131,114.15
1785352123.500,6.1,100.0,68.45,3.0,27.0,0,0,43131,114.19
1785352124.500,6.3,100.0,68.44,2.0,26.0,0,0,43131,114.08
1785352125.500,5.7,100.0,68.45,3.0,25.0,0,0,43131,114.03
1785352126.500,6.5,100.0,68.44,1.0,17.0,0,0,43131,114.00
1785352127.500,5.7,100.0,68.44,3.0,34.0,0,0,43131,113.95
1785352128.500,6.8,100.0,68.43,3.0,47.0,0,0,43131,114.23
1785352129.500,8.5,100.0,68.44,1.0,198.0,0,0,43131,114.14
1785352130.501,5.3,100.0,68.46,2.0,45.0,0,0,43131,113.65
1785352131.501,4.2,100.0,68.47,5.0,24.0,0,0,43131,113.66
1785352132.501,3.4,100.0,68.51,4.0,30.0,0,0,43131,113.72
1785352133.501,4.3,100.0,68.52,3.0,51.0,0,0,43131,113.69
1785352134.501,3.4,100.0,68.51,3.0,42.0,0,0,43131,113.64
1785352135.501,4.4,100.0,68.48,3.0,34.0,0,0,43131,113.57
1785352136.501,7.0,100.0,67.64,3.0,48.0,0,0,43131,113.53
1785352137.501,8.7,100.0,68.10,3.0,50.0,0,0,43131,113.43
1785352138.501,7.0,100.0,68.11,2.0,56.0,0,0,43131,113.40
1785352139.501,6.7,100.0,68.10,3.0,62.0,0,0,43131,113.40
1785352140.502,6.8,100.0,68.15,3.0,182.9,0,0,43131,113.38
1785352141.502,4.2,100.0,68.14,3.0,14.0,0,0,43131,113.38
1785352142.502,5.4,100.0,68.14,2.0,14.0,0,0,43131,113.37
1785352143.502,5.5,100.0,68.15,2.0,18.0,0,0,43131,113.32
1785352144.502,5.2,100.0,68.16,3.0,24.0,0,0,43131,113.27
1785352145.502,6.4,100.0,68.19,1.0,46.0,0,0,43131,113.27
1785352146.502,6.7,100.0,68.19,4.0,53.0,0,0,43131,113.28
1785352147.502,6.2,100.0,68.20,2.0,51.0,0,0,43131,113.23
1785352148.502,5.4,100.0,68.20,2.0,47.0,0,0,43131,113.18
1785352149.503,6.1,100.0,68.06,1.0,30.0,0,0,43131,113.13
1785352150.503,5.7,100.0,68.06,4.0,14.0,0,0,43131,113.07
1785352151.503,6.1,100.0,68.05,2.0,42.0,0,0,43131,113.07
1785352152.503,5.8,100.0,68.04,1.0,59.0,0,0,43131,112.93
1785352153.503,6.0,100.0,68.02,2.0,42.0,0,0,43131,113.28
1785352154.503,5.8,100.0,68.02,4.0,47.0,0,0,43131,113.37
1785352155.503,6.7,100.0,68.05,2.0,39.0,0,0,43131,112.98
1785352156.503,7.8,100.0,68.05,2.0,53.0,0,0,43131,112.98
1785352157.503,4.4,100.0,68.05,4.0,10.0,0,0,43131,112.89
1785352158.504,6.0,100.0,68.16,1.0,56.0,0,0,43131,112.92
1785352159.504,7.3,100.0,69.34,2.0,100.0,0,0,43131,113.00
1785352160.504,4.9,100.0,69.34,4.0,100.0,0,0,43131,112.92
1785352161.504,7.5,100.0,70.13,2.0,100.0,0,0,43131,112.89
1785352162.504,5.6,100.0,70.03,14.0,94.0,84,88,43131,125.25
1785352163.504,3.3,100.0,70.01,29.0,1.0,91,85,43131,296.68
1785352164.504,6.0,100.0,70.00,39.0,8.0,86,99,43131,283.44
1785352165.504,5.1,100.0,69.99,34.0,9.0,86,99,43131,285.55
1785352166.504,6.4,100.0,69.96,39.9,8.0,86,99,43131,252.39
1785352167.504,5.2,100.0,69.97,36.0,10.0,87,100,43131,248.37
1785352168.505,6.0,100.0,69.98,38.0,8.0,87,100,43131,259.12
1785352169.505,5.5,100.0,69.98,36.0,9.0,86,99,43131,282.72
1785352170.505,5.6,100.0,69.97,38.0,10.0,88,100,43131,277.51
1785352171.505,5.0,100.0,69.90,38.0,8.0,86,99,43131,268.96
1785352172.505,4.3,100.0,69.91,35.0,7.0,0,0,43131,219.21
1785352173.505,4.8,100.0,69.91,32.0,3.0,86,91,43131,236.96
1785352174.505,5.4,100.0,69.88,27.0,1.0,90,100,43131,239.24
1785352175.505,6.0,100.0,69.86,39.0,4.0,94,79,43131,266.57
1785352176.505,6.2,100.0,69.88,36.0,6.0,86,96,43131,253.99
1785352177.506,7.6,100.0,69.90,41.0,6.0,86,95,43131,261.35
1785352178.506,5.1,100.0,69.88,39.0,7.0,86,96,43131,253.89
1785352179.506,6.0,100.0,70.04,45.0,8.0,87,98,43131,263.15
1785352180.506,5.6,100.0,70.02,35.0,6.0,88,100,43131,270.65
1785352181.506,6.3,100.0,70.02,37.0,6.0,85,96,43131,271.33
1785352182.506,5.9,100.0,70.00,35.0,4.0,88,99,43131,248.51
1785352183.506,3.6,100.0,69.95,41.2,6.0,90,86,43131,267.81
1785352184.506,6.7,100.0,69.96,38.8,6.0,85,94,43131,273.59
1785352185.506,5.6,100.0,69.96,46.0,7.0,86,98,43131,282.93
1785352186.506,6.4,100.0,69.93,43.0,7.0,88,98,43131,262.41
1785352187.506,5.0,100.0,69.94,51.0,8.0,87,100,43131,286.89
1785352188.507,4.7,100.0,69.92,41.0,8.0,87,100,43131,293.29
1785352189.507,4.3,100.0,69.65,42.0,9.0,90,87,43131,280.18
1785352190.507,6.2,100.0,69.65,43.0,9.0,84,95,43131,273.13
1785352191.507,5.5,100.0,69.65,42.0,7.0,87,100,43131,277.49
1785352192.507,6.0,100.0,69.64,40.0,8.0,87,100,43131,282.10
1785352193.507,6.2,100.0,69.62,43.0,9.0,88,99,43131,270.29
1785352194.507,5.5,100.0,69.62,52.0,10.0,84,96,43131,283.34
1785352195.507,6.0,100.0,69.61,40.0,9.0,87,100,43131,290.16
1785352196.507,8.1,100.0,69.61,44.0,10.0,86,99,43131,281.47
1785352197.508,8.1,100.0,69.61,39.0,7.0,87,100,43131,264.90
1785352198.508,7.5,100.0,69.61,41.0,8.0,85,96,43131,272.74
1785352199.508,4.3,100.0,69.61,43.0,7.0,87,98,43131,279.57
1785352200.508,4.3,100.0,69.62,41.0,8.0,86,99,43131,283.27
1785352201.508,4.1,100.0,69.62,40.0,6.0,96,74,43131,268.73
1785352202.508,6.4,100.0,69.63,45.0,8.0,86,99,43131,280.58
1785352203.508,6.3,100.0,69.62,42.0,8.0,87,99,43131,260.93
1785352204.508,6.0,100.0,69.58,34.0,7.0,88,99,43131,272.39
1785352205.508,6.4,100.0,69.59,36.0,6.0,89,100,43131,262.30
1785352206.508,5.5,100.0,69.58,37.0,5.0,89,100,43131,261.58
1785352207.509,5.9,100.0,69.56,35.0,6.0,90,87,43131,271.39
1785352208.509,4.4,100.0,69.57,41.0,7.0,88,99,43131,281.04
1785352209.509,4.9,100.0,69.56,42.0,7.0,87,98,43131,278.08
1785352210.509,5.9,100.0,69.39,44.0,7.0,94,62,43131,283.19
1785352211.509,4.2,100.0,69.38,36.0,6.0,87,99,43131,273.19
1785352212.509,4.0,100.0,69.37,40.0,6.0,87,98,43131,276.02
1785352213.509,4.2,100.0,69.36,37.1,5.0,88,100,43131,255.14
1785352214.509,5.7,100.0,69.36,41.8,7.0,92,73,43131,272.45
1785352215.509,4.1,100.0,69.33,37.0,6.0,88,100,43131,273.22
1785352216.509,5.8,100.0,69.33,41.0,7.0,86,89,43131,286.21
1785352217.510,8.0,100.0,69.32,41.0,6.0,86,97,43131,273.49
1785352218.510,5.4,100.0,69.31,38.0,7.0,87,99,43131,285.96
1785352219.510,4.0,100.0,69.30,43.0,10.0,89,86,43131,267.17
1785352220.510,5.1,100.0,69.73,40.0,7.0,93,65,43131,275.10
1785352221.510,6.7,100.0,69.73,41.0,7.0,87,98,43131,276.15
1785352222.510,5.5,100.0,69.74,32.0,5.0,87,98,43131,267.28
1785352223.510,5.3,100.0,69.72,41.0,7.0,87,99,43131,275.82
1785352224.510,5.2,100.0,69.72,34.0,6.0,89,100,43131,280.87
1785352225.510,5.1,100.0,69.71,36.0,6.0,86,95,43131,277.13
1785352226.511,5.4,100.0,69.72,39.0,6.0,85,93,43131,258.90
1785352227.511,6.3,100.0,69.71,34.0,6.0,88,99,43131,275.03
1785352228.511,6.2,100.0,69.69,37.0,6.0,88,100,43131,274.56
1785352229.511,6.0,100.0,69.69,42.0,7.0,88,100,43131,286.12
1785352230.511,6.0,100.0,69.67,37.0,6.0,88,99,43131,274.12
1785352231.511,5.7,100.0,69.66,36.0,7.0,88,100,43131,271.95
1785352232.511,4.2,100.0,69.66,34.0,5.0,90,99,43131,267.06
1785352233.511,5.0,100.0,69.64,36.0,6.0,88,100,43131,247.36
1785352234.512,4.4,100.0,69.62,34.0,5.0,88,99,43131,279.39
1785352235.512,6.2,100.0,69.60,42.0,7.0,92,86,43131,277.85
1785352236.512,3.2,100.0,69.61,35.0,5.0,88,99,43131,255.60
1785352237.512,3.2,100.0,69.58,34.0,5.0,89,100,43131,251.77
1785352238.512,5.9,100.0,69.56,37.0,4.0,88,100,43131,274.48
1785352239.512,3.4,100.0,69.54,36.0,5.0,89,100,43131,284.11
1785352240.512,4.2,100.0,69.55,29.0,5.0,89,100,43131,269.44
1785352241.512,4.6,100.0,69.55,29.0,5.0,90,100,43131,268.94
1785352242.512,4.9,100.0,69.55,29.0,3.0,88,100,43131,273.16
1785352243.512,5.2,100.0,69.42,28.0,4.0,89,100,43131,259.93
1785352244.513,6.5,100.0,69.38,29.0,2.0,87,99,43131,259.23
1785352245.513,5.8,100.0,69.38,27.0,4.0,88,99,43131,259.24
1785352246.513,5.8,100.0,69.38,29.0,2.0,90,100,43131,259.56
1785352247.513,6.3,100.0,69.36,26.0,3.0,88,99,43131,261.65
1785352248.513,3.9,100.0,69.36,29.0,2.0,88,100,43131,259.06
1785352249.513,5.2,100.0,69.35,26.0,2.0,90,100,43131,258.82
1785352250.513,5.9,100.0,69.34,26.0,3.0,91,100,43131,261.62
1785352251.513,5.1,100.0,69.33,25.0,2.0,90,100,43131,262.49
1785352252.513,5.1,100.0,69.03,26.0,3.0,88,99,43131,257.29
1785352253.513,5.5,100.0,69.20,23.0,1.0,91,100,43131,258.77
1785352254.514,5.3,100.0,69.19,25.0,1.0,91,100,43131,257.21
1785352255.514,4.0,100.0,67.69,11.0,0.0,0,0,43131,147.57
1785352256.514,5.5,100.0,67.70,1.0,0.0,0,0,43131,134.82
1785352257.514,8.1,100.0,67.72,4.0,1497.3,0,0,43131,119.46
1785352258.514,9.9,100.0,67.93,2.0,203.0,0,0,43131,119.14
1785352259.514,6.3,100.0,67.96,1.0,40.0,0,0,43131,118.57
1785352260.514,3.3,100.0,67.99,3.0,31.0,0,0,43131,118.28
1785352261.514,5.5,100.0,68.00,4.0,34.0,0,0,43131,117.95
1785352262.514,4.5,100.0,68.02,2.0,38.0,0,0,43131,116.97
1785352263.514,6.5,100.0,67.85,3.0,14.0,0,0,43131,115.95
1785352264.515,6.2,100.0,67.85,1.0,48.0,0,0,43131,115.67
1785352265.515,6.1,100.0,67.89,3.0,43.0,0,0,43131,115.66
1785352266.515,5.7,100.0,67.92,1.0,48.0,0,0,43131,115.37
1785352267.515,6.6,100.0,67.90,2.0,35.0,0,0,43131,115.03
1785352268.515,6.1,100.0,67.92,3.0,42.0,0,0,43131,114.83
1785352269.515,5.8,100.0,67.92,2.0,45.0,0,0,43131,114.63
1785352270.515,5.7,100.0,67.92,2.0,18.0,0,0,43131,114.44
1785352271.515,4.8,100.0,67.94,3.0,54.0,0,0,43131,114.25
1785352272.515,4.3,100.0,67.95,2.0,55.0,0,0,43131,114.04
1785352273.515,6.9,100.0,68.42,3.0,62.0,0,0,43131,113.86
1785352274.516,5.6,100.0,68.45,3.0,23.0,0,0,43131,113.72
1785352275.516,5.5,100.0,68.45,3.0,47.0,0,0,43131,113.62
1785352276.516,6.4,100.0,68.44,1.0,60.0,0,0,43131,113.57
1785352277.516,4.3,100.0,68.43,3.0,48.0,0,0,43131,113.42
1785352278.516,8.1,100.0,68.43,3.0,53.0,0,0,43131,113.09
1785352279.516,6.4,100.0,68.43,2.0,48.0,0,0,43131,112.98
1785352280.516,5.8,100.0,68.44,2.0,35.0,0,0,43131,112.83
1785352281.516,5.6,100.0,68.43,2.0,33.0,0,0,43131,114.30
1785352282.516,6.1,100.0,68.41,3.0,36.0,0,0,43131,116.44
1785352283.516,3.3,100.0,68.41,4.0,35.0,0,0,43131,116.39
1785352284.517,4.5,100.0,67.79,3.0,34.0,0,0,43131,115.80
1785352285.517,5.6,100.0,68.16,2.0,33.0,0,0,43131,115.61
1785352286.517,6.2,100.0,68.19,2.0,31.0,0,0,43131,115.50
1785352287.517,5.9,100.0,68.20,3.0,33.0,0,0,43131,115.49
1785352288.517,6.2,100.0,68.21,2.0,30.0,0,0,43131,115.39
1785352289.517,5.7,100.0,68.23,3.0,31.0,0,0,43131,115.30
1785352290.517,6.2,100.0,68.24,1.0,30.0,0,0,43131,115.22
1785352291.517,6.3,100.0,68.21,5.0,29.0,0,0,43131,115.12
1785352292.517,6.1,100.0,68.19,0.0,27.0,0,0,43131,115.07
1785352293.517,6.3,100.0,68.18,3.0,33.0,0,0,43131,115.01
1785352294.518,5.9,100.0,68.17,3.0,31.0,0,0,43131,114.90
1785352295.518,6.4,100.0,68.18,2.0,28.0,0,0,43131,114.86
1785352296.518,3.7,100.0,68.20,2.0,32.0,0,0,43131,114.78
1785352297.518,4.1,100.0,68.21,3.0,19.1,0,0,43131,114.64
1785352298.518,5.2,100.0,68.23,5.0,17.9,0,0,43131,114.61
1785352299.518,7.3,100.0,68.23,2.0,18.0,0,0,43131,114.61
1785352300.518,6.3,100.0,68.28,2.0,20.0,0,0,43131,114.50
1785352301.518,5.7,100.0,68.28,3.0,17.0,0,0,43131,114.44
1785352302.518,5.5,100.0,68.26,2.0,19.0,0,0,43131,114.48
1785352303.518,6.0,100.0,68.25,2.0,18.0,0,0,43131,114.42
1785352304.519,6.1,100.0,68.26,3.0,17.0,0,0,43131,114.37
1785352305.519,6.5,100.0,68.27,3.0,28.2,0,0,43131,114.14
1785352306.519,5.8,100.0,68.26,1.0,26.9,0,0,43131,114.10
1785352307.519,7.1,100.0,68.26,2.0,26.0,0,0,43131,114.19
1785352308.519,6.3,100.0,68.27,3.0,28.0,0,0,43131,114.05
1785352309.519,7.5,100.0,68.24,3.0,27.0,0,0,43131,114.05
1785352310.519,5.5,100.0,67.65,2.0,15.0,0,0,43131,114.05
1785352311.519,6.2,100.0,67.99,3.0,15.0,0,0,43131,113.96
1785352312.519,7.2,100.0,68.02,3.0,28.0,0,0,43131,113.96
1785352313.519,6.6,100.0,68.02,1.0,42.0,0,0,43131,113.93
1785352314.520,8.2,100.0,68.35,3.0,174.0,0,0,43131,113.87
1785352315.520,7.5,100.0,68.20,2.0,33.9,0,0,43131,113.75
1785352316.520,7.7,100.0,68.19,2.0,41.1,0,0,43131,113.76
1785352317.520,7.6,100.0,68.20,3.0,13.0,0,0,43131,113.89
1785352318.520,7.7,100.0,68.22,1.0,36.0,0,0,43131,113.89
1785352319.520,4.6,100.0,68.25,3.0,47.0,0,0,43131,113.71
1785352320.520,6.0,100.0,68.27,2.0,37.0,0,0,43131,113.51
1785352321.520,6.9,100.0,67.96,2.0,31.0,0,0,43131,113.52
1785352322.520,5.9,100.0,68.29,2.0,35.0,0,0,43131,113.57
1785352323.520,6.0,100.0,68.27,2.0,46.0,0,0,43131,113.62
1785352324.520,5.3,100.0,68.28,2.0,53.0,0,0,43131,113.56
1785352325.521,5.2,100.0,68.29,3.0,35.0,0,0,43131,113.42
1785352326.521,7.2,100.0,68.30,5.0,39.0,0,0,43131,113.50
1785352327.521,7.4,100.0,68.31,2.0,55.0,0,0,43131,113.54
1785352328.521,8.5,100.0,68.33,2.0,145.7,0,0,43131,113.42
1785352329.521,6.6,100.0,68.34,4.0,16.0,0,0,43131,113.50
1785352330.521,6.0,100.0,68.64,3.0,17.0,0,0,43131,113.60
1785352331.521,4.5,100.0,68.68,2.0,14.0,0,0,43131,113.44
1785352332.521,6.2,100.0,68.67,1.0,29.0,0,0,43131,113.33
1785352333.521,9.3,100.0,68.59,3.0,36.0,0,0,43131,113.41
1785352334.521,8.2,100.0,68.59,2.0,42.0,0,0,43131,113.38
1785352335.521,5.8,100.0,68.62,4.0,49.0,0,0,43131,113.28
1785352336.522,5.9,100.0,68.60,2.0,44.0,0,0,43131,113.23
1785352337.522,7.0,100.0,68.61,2.0,30.0,0,0,43131,113.27
1785352338.522,5.3,100.0,68.59,2.0,24.0,0,0,43131,113.32
1785352339.522,8.5,100.0,68.57,3.0,16.0,0,0,43131,113.16
1785352340.522,3.5,100.0,68.57,2.0,18.0,0,0,43131,113.16
1785352341.522,4.4,100.0,68.55,4.0,51.0,0,0,43131,113.18
1785352342.522,5.0,100.0,68.58,3.0,35.0,0,0,43131,113.18
1785352343.522,7.1,100.0,68.27,2.0,33.0,0,0,43131,113.09
1785352344.522,4.9,100.0,68.59,3.0,12.0,0,0,43131,112.94
1785352345.522,5.2,100.0,68.56,1.0,38.2,0,0,43131,112.97
1785352346.523,5.9,100.0,68.56,3.0,36.8,0,0,43131,113.02
1785352347.523,5.3,100.0,68.54,3.0,36.0,0,0,43131,113.03
1785352348.523,6.1,100.0,68.54,2.0,9.0,0,0,43131,112.98
1785352349.523,5.9,100.0,68.85,2.0,65.0,0,0,43131,112.98
1785352350.523,7.9,100.0,69.49,2.0,59.0,0,0,43131,112.80
1785352351.523,6.6,100.0,70.32,1.0,96.0,0,0,43131,112.30
1785352352.523,6.1,100.0,70.76,4.0,100.0,0,0,43131,111.86
1785352353.523,6.7,100.0,70.71,1.0,100.0,0,0,43131,111.87
1785352354.523,6.9,100.0,70.85,30.0,45.0,87,99,43131,152.16
1785352355.523,6.3,100.0,70.85,37.0,10.0,87,99,43131,273.83
1785352356.524,5.2,100.0,70.82,38.0,8.0,87,100,43131,270.40
1785352357.524,4.6,100.0,70.78,37.0,8.0,88,100,43131,270.91
1785352358.524,5.3,100.0,70.74,40.0,9.0,87,100,43131,283.50
1785352359.524,6.0,100.0,70.71,34.0,8.0,87,100,43131,269.06
1785352360.524,7.4,100.0,70.68,36.8,9.0,87,100,43131,273.92
1785352361.524,5.9,100.0,70.84,40.2,9.0,87,100,43131,261.24
1785352362.524,4.3,100.0,70.81,34.0,6.0,83,94,43131,228.52
1785352363.524,6.2,100.0,70.75,42.0,6.0,93,100,43131,265.28
1785352364.524,6.3,100.0,70.66,30.0,5.0,90,87,43131,246.03
1785352365.524,6.4,100.0,70.67,46.0,6.0,88,99,43131,251.14
1785352366.525,6.3,100.0,70.63,42.0,6.0,89,97,43131,264.36
1785352367.525,5.3,100.0,70.62,34.0,7.0,88,97,43131,263.13
1785352368.525,6.2,100.0,70.58,39.0,6.0,87,98,43131,292.51
1785352369.525,6.0,100.0,70.55,39.0,8.0,89,100,43131,263.36
1785352370.525,6.5,100.0,70.54,43.0,8.0,85,81,43131,253.81
1785352371.525,5.9,100.0,70.31,38.0,8.0,88,100,43131,271.33
1785352372.525,6.2,100.0,70.27,38.0,9.0,88,96,43131,270.41
1785352373.525,5.3,100.0,70.22,43.0,8.0,91,88,43131,262.54
1785352374.525,6.3,100.0,70.20,47.0,9.0,87,100,43131,278.71
1785352375.526,9.3,100.0,70.08,49.0,9.0,88,90,43131,267.84
1785352376.526,9.8,100.0,70.11,46.0,12.0,88,99,43131,263.89
1785352377.526,7.5,100.0,70.04,36.0,7.0,87,100,43131,277.56
1785352378.526,8.7,77.0,70.01,37.0,7.0,88,78,43131,289.39
1785352379.526,8.3,100.0,69.97,38.0,9.0,88,100,43131,283.25
1785352380.526,7.2,100.0,69.98,36.0,8.0,86,98,43131,274.11
1785352381.526,3.9,76.2,69.94,36.0,9.0,87,98,43131,278.99
1785352382.526,6.8,76.2,69.48,46.0,7.0,87,98,43131,282.58
1785352383.526,6.5,100.0,69.79,39.0,8.0,88,99,43131,274.55
1785352384.526,7.0,100.0,69.80,40.8,9.0,86,97,43131,285.95
1785352385.527,9.6,100.0,69.80,44.2,8.0,87,99,43131,272.59
1785352386.527,10.0,100.0,69.78,42.0,7.0,89,79,43131,273.16
1785352387.527,7.6,100.0,69.77,43.0,10.0,88,96,43131,280.53
1785352388.527,7.6,100.0,69.77,43.0,8.0,87,99,43131,287.75
1785352389.527,4.9,100.0,69.75,40.0,8.0,86,99,43131,289.23
1785352390.527,5.5,100.0,69.74,37.0,8.0,87,98,43131,283.06
1785352391.527,4.6,100.0,69.74,46.0,7.0,85,96,43131,291.53
1785352392.527,3.9,100.0,69.75,41.0,7.0,87,98,43131,290.61
1785352393.527,3.9,100.0,69.63,47.0,9.0,88,99,43131,289.04
1785352394.527,4.3,100.0,69.64,42.0,9.0,86,99,43131,283.95
1785352395.528,3.7,100.0,69.63,45.0,8.0,96,74,43131,274.45
1785352396.528,5.6,100.0,69.60,42.0,8.0,84,94,43131,275.75
1785352397.528,5.4,100.0,69.56,42.0,10.0,95,77,43131,257.69
1785352398.528,4.8,100.0,69.54,48.0,9.0,85,96,43131,287.10
1785352399.528,6.2,100.0,69.69,48.0,8.0,92,70,43131,276.09
1785352400.528,8.0,100.0,69.69,48.0,10.0,86,97,43131,277.85
1785352401.528,4.0,100.0,69.66,45.0,10.0,85,97,43131,277.12
1785352402.528,6.0,100.0,69.65,46.0,11.0,85,98,43131,290.01
1785352403.528,5.5,100.0,69.62,46.9,9.0,89,100,43131,284.86
1785352404.528,5.6,100.0,69.62,42.1,8.0,85,97,43131,278.27
1785352405.529,3.1,100.0,69.62,45.0,11.0,86,98,43131,280.10
1785352406.529,4.6,100.0,69.78,50.0,9.0,86,99,43131,285.73
1785352407.529,5.1,100.0,69.77,44.9,10.0,87,85,43131,282.69
1785352408.529,5.9,100.0,69.76,44.1,10.0,88,97,43131,291.65
1785352409.529,7.2,100.0,69.75,47.9,10.0,84,96,43131,281.64
1785352410.529,5.8,100.0,69.72,44.1,9.0,86,99,43131,280.74
1785352411.529,6.0,100.0,69.71,43.0,10.0,86,99,43131,289.73
1785352412.529,5.7,100.0,69.85,39.0,8.0,88,100,43131,273.99
1785352413.529,4.2,100.0,69.83,36.0,9.0,87,100,43131,293.07
1785352414.529,4.1,100.0,69.81,37.0,7.0,86,99,43131,280.95
1785352415.530,5.9,100.0,69.79,36.0,7.0,87,98,43131,280.38
1785352416.530,6.3,100.0,69.77,34.0,7.0,85,96,43131,279.10
1785352417.530,5.5,100.0,69.78,33.0,5.0,88,99,43131,263.13
1785352418.530,6.6,100.0,69.77,28.0,4.0,88,100,43131,260.07
1785352419.530,5.2,100.0,69.77,30.0,5.0,89,100,43131,268.09
1785352420.530,5.2,100.0,69.75,28.0,3.0,87,99,43131,263.05
1785352421.530,6.2,100.0,69.75,32.0,4.0,89,100,43131,247.86
1785352422.530,5.5,100.0,69.76,27.0,4.0,88,100,43131,262.87
1785352423.530,5.3,100.0,69.79,28.0,3.0,90,100,43131,257.40
1785352424.531,5.0,100.0,69.79,26.0,3.0,89,100,43131,258.31
1785352425.531,4.9,100.0,69.81,25.0,2.0,89,100,43131,257.00
1785352426.531,4.3,100.0,69.79,26.9,2.0,90,100,43131,256.28
1785352427.531,4.2,100.0,69.76,24.1,1.0,90,100,43131,259.08
1785352428.531,4.6,100.0,69.74,25.0,2.0,87,98,43131,259.13
1785352429.531,4.6,100.0,69.74,25.0,3.0,90,100,43131,254.72
1785352430.531,5.0,100.0,69.74,23.0,1.0,88,100,43131,257.54
1785352431.531,2.8,100.0,69.73,25.0,1.0,86,97,43131,258.21
1785352432.531,3.0,100.0,69.71,28.0,1.0,90,100,43131,258.64
1785352433.532,3.0,100.0,69.69,23.0,1.0,90,100,43131,260.54
1785352434.532,3.4,100.0,69.68,24.0,2.0,88,100,43131,261.04
1785352435.532,4.0,100.0,69.57,25.0,16.0,0,0,43131,235.91
1785352436.532,5.9,100.0,68.17,2.0,0.0,0,0,43131,134.59
1785352437.532,7.2,100.0,68.18,0.0,0.0,0,0,43131,119.48
1785352438.532,4.2,100.0,68.30,4.0,0.0,0,0,43131,119.03
1785352439.532,6.9,100.0,68.41,3.0,206.0,0,0,43131,118.44
1785352440.532,4.3,100.0,68.42,1.0,51.0,0,0,43131,118.19
1785352441.532,5.4,100.0,68.42,4.0,34.0,0,0,43131,117.71
1785352442.532,4.8,100.0,68.41,3.0,35.0,0,0,43131,116.63
1785352443.533,2.4,100.0,68.40,1.0,37.0,0,0,43131,115.89
1785352444.533,2.9,100.0,68.41,3.0,24.0,0,0,43131,115.68
1785352445.533,2.7,100.0,68.43,3.0,76.0,0,0,43131,115.48
1785352446.533,2.3,100.0,68.42,2.0,35.0,0,0,43131,115.25
1785352447.533,4.3,100.0,68.41,3.0,40.0,0,0,43131,114.93
1785352448.533,5.0,100.0,68.44,2.0,41.0,0,0,43131,114.66
1785352449.533,3.6,100.0,68.46,3.0,40.0,0,0,43131,114.54
1785352450.533,5.5,100.0,68.48,2.0,49.0,0,0,43131,114.42
1785352451.533,4.5,100.0,68.48,3.0,20.0,0,0,43131,114.17
1785352452.533,5.6,100.0,68.47,2.0,47.0,0,0,43131,113.88
1785352453.534,5.5,100.0,68.48,2.0,51.0,0,0,43131,113.77
1785352454.534,3.7,100.0,68.50,1.0,68.0,0,0,43131,113.66
1785352455.534,3.4,100.0,68.51,6.0,21.0,0,0,43131,113.50
1785352456.534,3.5,100.0,68.52,2.0,46.1,0,0,43131,113.31
1785352457.534,4.3,100.0,68.51,2.0,61.9,0,0,43131,113.17
1785352458.534,5.5,100.0,68.49,1.0,43.0,0,0,43131,113.14
1785352459.534,3.5,100.0,68.51,4.0,54.0,0,0,43131,114.15
1785352460.534,4.1,100.0,68.52,2.0,51.0,0,0,43131,115.61
1785352461.534,6.3,100.0,68.51,2.0,38.0,0,0,43131,115.96
1785352462.534,4.2,100.0,68.50,5.0,35.0,0,0,43131,115.90
1785352463.535,4.5,100.0,68.51,2.0,38.0,0,0,43131,115.75
1785352464.535,5.0,100.0,68.49,1.0,35.0,0,0,43131,115.67
1785352465.535,4.4,100.0,68.48,4.0,32.0,0,0,43131,115.64
1785352466.535,3.9,100.0,68.49,2.0,20.0,0,0,43131,115.48
1785352467.535,3.0,100.0,68.50,3.0,33.0,0,0,43131,115.40
1785352468.535,3.3,100.0,68.51,4.0,29.0,0,0,43131,115.43
1785352469.535,4.9,100.0,68.51,2.0,28.0,0,0,43131,115.34
1785352470.535,4.6,100.0,68.52,2.0,31.0,0,0,43131,115.19
1785352471.535,5.8,100.0,68.50,3.0,34.0,0,0,43131,115.10
1785352472.535,4.2,100.0,68.49,1.0,34.0,0,0,43131,114.94
1785352473.536,5.3,100.0,68.48,3.0,35.0,0,0,43131,114.84
1785352474.536,4.9,100.0,68.49,2.0,33.0,0,0,43131,114.84
1785352475.536,4.8,100.0,68.48,1.0,40.0,0,0,43131,114.78
1785352476.536,5.5,100.0,68.49,3.0,34.0,0,0,43131,115.17
1785352477.536,4.7,100.0,68.48,2.0,26.0,0,0,43131,115.04
1785352478.536,5.2,81.0,68.47,2.0,28.0,0,0,43131,114.50
1785352479.536,3.2,100.0,68.49,4.0,29.0,0,0,43131,114.46
1785352480.536,2.1,100.0,68.50,3.0,21.0,0,0,43131,114.36
1785352481.536,3.0,100.0,68.50,3.0,27.0,0,0,43131,114.30
1785352482.536,6.8,100.0,68.49,3.0,25.0,0,0,43131,114.25
1785352483.536,6.4,100.0,68.52,2.0,26.0,0,0,43131,114.30
1785352484.537,5.0,100.0,68.52,1.0,30.0,0,0,43131,114.25
1785352485.537,5.5,100.0,68.54,2.0,30.0,0,0,43131,114.21
1785352486.537,6.0,100.0,68.06,2.0,19.0,0,0,43131,114.11
1785352487.537,5.4,100.0,68.09,3.0,18.0,0,0,43131,113.91
1785352488.537,6.5,100.0,68.10,4.0,38.0,0,0,43131,113.91
1785352489.560,7.6,100.0,68.10,3.0,200.5,0,0,43131,113.85
1785352490.560,5.6,100.0,68.12,2.0,39.0,0,0,43131,113.75
1785352491.560,6.6,100.0,68.13,3.0,45.0,0,0,43131,114.20
1785352492.560,3.2,100.0,68.12,3.0,13.0,0,0,43131,114.21
1785352493.560,3.5,100.0,68.14,3.0,23.0,0,0,43131,113.76
1785352494.560,2.6,100.0,68.15,3.0,51.0,0,0,43131,113.70
1785352495.560,5.0,100.0,68.14,3.0,44.9,0,0,43131,113.61
1785352496.560,6.8,100.0,68.12,3.0,44.0,0,0,43131,113.57
1785352497.560,7.8,100.0,68.13,2.0,51.0,0,0,43131,113.53
1785352498.561,7.4,100.0,68.15,2.0,60.0,0,0,43131,113.53
1785352499.561,3.1,100.0,68.16,3.0,49.0,0,0,43131,113.53
1785352500.561,3.7,100.0,68.17,3.0,62.0,0,0,43131,113.43
1785352501.561,4.4,100.0,68.19,3.0,168.0,0,0,43131,113.43
1785352502.561,4.3,100.0,68.21,4.0,15.0,0,0,43131,114.25
1785352503.848,4.9,100.0,68.21,2.4,17.1,0,0,43131,114.25
1785352504.848,6.4,100.0,68.23,3.0,24.0,0,0,43131,113.33
1785352505.848,4.7,100.0,68.26,2.0,40.0,0,0,43131,113.35
1785352506.849,5.8,100.0,68.64,3.0,48.0,0,0,43131,113.25
1785352507.849,6.0,100.0,69.15,2.0,54.0,0,0,43398,113.41
1785352508.849,6.4,100.0,69.22,2.0,49.0,0,0,43398,113.33
1785352509.849,7.3,100.0,68.38,2.0,31.0,0,0,43131,113.32
1785352510.849,5.2,100.0,68.41,5.0,16.0,0,0,43131,113.35
1785352511.849,3.9,100.0,68.46,1.0,39.0,0,0,43131,113.24
1785352512.849,5.4,100.0,68.54,3.0,61.0,0,0,43131,113.17
1785352513.849,3.6,100.0,68.53,2.0,41.0,0,0,43131,113.14
1785352514.849,4.8,100.0,68.51,4.0,52.0,0,0,43131,113.04
1785352515.850,5.0,68.0,68.45,2.0,39.0,0,0,43131,112.99
1785352516.850,5.7,100.0,68.46,2.0,47.0,0,0,43131,112.98
1785352517.850,5.0,100.0,68.46,5.0,9.0,0,0,43131,112.98
1785352518.850,6.9,100.0,68.78,0.0,68.0,0,0,43131,112.99
1785352519.850,6.5,100.0,70.03,4.0,100.0,0,0,43131,112.94
1785352520.850,6.3,100.0,69.96,1.0,100.0,0,0,43131,112.89
1785352521.850,6.2,100.0,70.18,1.0,100.9,0,0,43131,112.89
1785352522.850,6.5,100.0,70.07,19.0,87.4,0,0,43131,120.52
1785352523.850,5.0,100.0,70.06,36.8,9.0,88,100,43131,224.45
1785352524.850,4.4,100.0,70.04,40.0,4.0,88,85,43131,232.77
1785352525.850,6.3,100.0,70.00,34.0,4.0,91,100,43131,255.79
1785352526.851,3.2,100.0,69.96,36.0,3.0,89,100,43131,255.29
1785352527.851,4.6,100.0,69.96,31.0,4.0,89,100,43131,253.97
1785352528.851,4.5,100.0,69.93,49.0,6.0,89,100,43131,265.66
1785352529.851,4.7,100.0,69.90,43.0,9.0,86,97,43131,265.09
1785352530.851,5.6,100.0,69.90,44.0,7.0,82,90,43131,266.97
1785352531.851,5.7,100.0,69.88,38.0,8.0,85,96,43131,260.77
1785352532.851,4.8,100.0,69.87,35.9,6.0,85,96,43131,273.14
1785352533.851,5.1,100.0,69.83,43.0,8.0,85,95,43131,263.28
1785352534.851,3.0,100.0,69.81,41.0,5.0,87,98,43131,282.31
1785352535.851,3.4,100.0,69.80,41.0,7.0,88,99,43131,267.28
1785352536.852,2.7,100.0,69.77,44.0,8.0,87,98,43131,269.57
1785352537.852,2.6,100.0,69.76,35.0,6.0,88,99,43131,265.59
1785352538.852,3.1,100.0,69.77,34.0,5.0,88,99,43131,271.48
1785352539.852,5.3,100.0,69.77,33.0,5.0,88,99,43131,249.83
1785352540.852,5.6,100.0,69.77,44.0,7.0,87,98,43131,259.55
1785352541.852,4.3,100.0,69.76,34.0,5.0,88,90,43131,268.03
1785352542.852,5.6,100.0,69.73,43.0,8.0,87,98,43131,263.60
1785352543.852,5.1,100.0,69.75,41.0,8.0,93,100,43131,268.54
1785352544.852,4.8,100.0,69.75,45.0,8.0,87,98,43131,265.18
1785352545.852,4.5,100.0,69.74,42.0,9.0,87,100,43131,261.71
1785352546.853,4.7,100.0,69.74,42.2,8.0,86,95,43131,273.34
1785352547.853,3.1,100.0,69.76,44.8,8.0,86,98,43131,272.13
1785352548.853,3.7,100.0,69.72,43.0,8.0,84,95,43131,252.90
1785352549.853,4.7,100.0,69.70,43.0,8.0,87,99,43131,266.18
1785352550.853,4.5,100.0,69.67,41.0,7.0,89,95,43131,268.11
1785352551.853,5.3,100.0,69.65,45.0,8.0,91,82,43131,276.28
1785352552.853,4.1,100.0,69.65,40.0,8.0,89,100,43131,259.61
1785352553.853,4.7,100.0,69.63,35.0,7.0,88,99,43131,283.73
1785352554.853,5.2,100.0,69.62,42.0,8.0,86,97,43131,280.34
1785352555.854,6.2,100.0,69.82,48.0,8.0,93,62,43131,280.01
1785352556.854,9.2,100.0,69.80,54.0,9.0,88,100,43131,277.04
1785352557.854,7.3,100.0,69.80,41.0,8.0,86,99,43131,278.74
1785352558.854,6.8,100.0,69.80,41.0,10.0,89,74,43131,292.75
1785352559.854,5.8,100.0,69.80,41.0,8.0,93,78,43131,268.65
1785352560.854,4.6,100.0,69.79,49.0,9.0,84,96,43131,268.35
1785352561.854,4.8,100.0,69.79,51.0,11.0,85,79,43131,283.47
1785352562.854,5.9,100.0,69.79,45.0,11.0,85,96,43131,270.93
1785352563.854,6.9,100.0,69.75,48.0,12.0,87,85,43131,282.92
1785352564.854,4.3,100.0,69.75,46.0,9.0,84,85,43131,276.68
1785352565.855,4.1,100.0,69.72,51.0,10.0,88,76,43131,280.92
1785352566.855,5.5,100.0,69.89,43.0,10.0,88,100,43131,277.62
1785352567.855,6.3,100.0,69.86,43.0,8.0,86,99,43131,269.42
1785352568.855,5.7,100.0,69.87,41.0,8.0,87,100,43131,275.25
1785352569.855,7.1,100.0,69.84,38.0,9.0,86,98,43131,274.08
1785352570.855,5.6,100.0,69.82,43.0,8.0,92,86,43131,276.98
1785352571.855,6.2,100.0,69.81,48.0,9.0,83,93,43131,273.48
1785352572.855,6.9,100.0,69.82,41.0,8.0,88,100,43131,271.52
1785352573.855,7.1,100.0,69.82,41.0,10.0,86,92,43131,288.13
1785352574.855,6.6,100.0,69.82,41.0,10.0,87,100,43131,285.61
1785352575.855,6.2,100.0,69.82,33.0,7.0,87,99,43131,277.00
1785352576.856,5.7,100.0,69.82,34.0,7.0,88,100,43131,274.92
1785352577.856,3.6,100.0,69.79,33.0,5.0,88,99,43131,266.32
1785352578.856,5.8,100.0,69.79,30.0,6.0,90,100,43131,257.48
1785352579.856,5.5,100.0,69.81,32.0,5.0,89,100,43131,269.01
1785352580.856,4.5,100.0,69.80,28.0,4.0,89,100,43131,264.42
1785352581.856,4.6,100.0,69.77,30.0,4.0,88,99,43131,262.59
1785352582.856,5.7,100.0,69.75,26.0,3.0,91,100,43131,254.84
1785352583.856,4.8,100.0,69.73,25.0,2.0,89,100,43131,256.84
1785352584.856,5.6,100.0,69.73,28.0,2.0,90,100,43131,254.78
1785352585.856,6.1,100.0,69.74,26.0,3.0,89,100,43131,255.31
1785352586.857,7.0,100.0,69.75,25.0,2.0,90,100,43131,251.37
1785352587.857,5.1,100.0,69.22,24.0,1.0,87,98,43131,254.41
1785352588.857,3.8,100.0,69.22,24.0,1.0,87,98,43131,254.77
1785352589.857,4.8,100.0,69.20,24.0,2.0,90,100,43131,255.86
1785352590.857,7.1,100.0,69.20,24.0,0.0,90,100,43131,258.20
1785352591.857,5.4,100.0,69.19,23.0,2.0,90,100,43131,258.29
1785352592.857,6.7,100.0,69.17,24.0,1.0,89,100,43131,257.35
1785352593.857,5.8,100.0,69.14,24.0,1.0,91,100,43131,257.23
1785352594.857,4.4,100.0,69.16,25.0,1.0,88,100,43131,257.32
1785352595.857,5.3,100.0,69.02,16.0,49.0,0,0,43131,193.89
1785352596.858,3.5,100.0,67.66,2.0,0.0,0,0,43131,131.83
1785352597.858,5.1,100.0,67.66,4.0,0.0,0,0,43131,117.64
1785352598.858,5.7,100.0,67.82,1.0,0.0,0,0,43131,117.29
1785352599.858,7.8,100.0,68.18,4.0,196.0,0,0,43131,116.75
1785352600.858,6.2,100.0,68.17,2.0,46.0,0,0,43131,116.39
1785352601.858,5.5,100.0,68.17,3.0,40.0,0,0,43131,116.14
1785352602.858,5.8,100.0,68.17,2.0,34.0,0,0,43131,115.85
1785352603.858,7.7,100.0,68.17,2.0,24.0,0,0,43131,115.51
1785352604.858,8.4,100.0,68.19,1.0,40.0,0,0,43131,115.51
1785352605.859,6.3,100.0,68.21,5.0,59.0,0,0,43131,115.32
1785352606.859,6.2,100.0,68.24,2.0,43.0,0,0,43131,114.73
1785352607.859,7.2,100.0,68.24,1.0,44.0,0,0,43131,114.53
1785352608.859,8.2,100.0,68.24,4.0,39.0,0,0,43131,114.37
1785352609.859,7.3,100.0,68.27,2.0,38.0,0,0,43131,114.28
1785352610.859,7.2,100.0,68.31,3.0,49.0,0,0,43131,114.11
1785352611.859,6.4,100.0,68.30,3.0,18.0,0,0,43131,113.76
1785352612.859,6.7,100.0,68.31,4.0,51.1,0,0,43131,113.56
1785352613.859,8.8,100.0,68.31,1.0,51.0,0,0,43131,113.46
1785352614.859,8.7,100.0,68.32,3.0,73.0,0,0,43131,113.61
1785352615.859,7.2,100.0,68.66,2.0,29.0,0,0,43131,113.37
1785352616.859,9.6,100.0,68.47,1.0,38.0,0,0,43131,113.01
1785352617.860,8.2,100.0,68.48,3.0,67.9,0,0,43131,113.00
1785352618.860,6.2,100.0,68.47,3.0,42.0,0,0,43131,112.74
1785352619.860,5.1,100.0,68.47,3.0,58.0,0,0,43131,112.60
1785352620.860,7.3,100.0,68.48,3.0,47.0,0,0,43131,112.60
1785352621.860,5.7,100.0,68.48,2.0,39.0,0,0,43131,112.40
1785352622.860,6.5,100.0,68.47,2.0,33.0,0,0,43131,112.25
1785352623.860,5.4,100.0,68.60,2.0,39.0,0,0,43131,112.12
1785352624.860,7.2,100.0,68.59,2.0,37.0,0,0,43131,112.06
1785352625.860,5.3,100.0,68.57,3.0,35.0,0,0,43131,112.01
1785352626.860,6.2,100.0,68.55,2.0,31.0,0,0,43131,111.87
1785352627.860,8.2,100.0,68.48,3.0,20.0,0,0,43131,111.76
1785352628.861,6.6,100.0,68.48,0.0,30.0,0,0,43131,111.75
1785352629.861,6.8,100.0,68.46,3.0,34.0,0,0,43131,111.70
1785352630.861,7.5,100.0,68.45,4.0,34.0,0,0,43131,111.52
1785352631.861,6.1,100.0,68.45,0.0,32.0,0,0,43131,111.48
1785352632.861,5.9,100.0,68.44,4.0,33.0,0,0,43131,111.43
1785352633.861,7.0,100.0,68.44,4.0,28.0,0,0,43131,111.28
1785352634.861,7.3,100.0,68.67,1.0,34.0,0,0,43131,111.18
1785352635.861,6.2,100.0,68.61,2.0,33.0,0,0,43131,111.18
1785352636.861,6.1,100.0,68.61,3.0,46.0,0,0,43131,111.13
1785352637.861,5.2,100.0,68.59,1.0,28.2,0,0,43131,111.04
1785352638.861,4.8,100.0,68.60,3.0,26.8,0,0,43131,110.95
1785352639.862,6.4,100.0,68.59,3.0,27.0,0,0,43131,110.80
1785352640.862,7.2,100.0,68.27,2.0,32.0,0,0,43131,110.70
1785352641.862,6.0,100.0,68.26,2.0,17.0,0,0,43131,110.64
1785352642.862,6.2,100.0,68.25,2.0,34.0,0,0,43131,110.60
1785352643.862,9.3,100.0,68.63,2.0,27.0,0,0,43131,110.61
1785352644.862,6.2,100.0,68.63,2.0,28.0,0,0,43131,110.60
1785352645.862,6.1,100.0,68.62,3.0,30.0,0,0,43131,110.60
1785352646.862,4.1,100.0,68.60,2.0,31.0,0,0,43131,110.56
1785352647.862,5.1,100.0,68.61,2.0,18.0,0,0,43131,110.50
1785352648.862,5.2,100.0,68.62,3.0,23.0,0,0,43131,110.46
1785352649.862,6.5,100.0,68.60,3.0,38.0,0,0,43131,110.24
1785352650.863,7.8,100.0,68.61,1.0,202.1,0,0,43131,110.19
1785352651.863,7.3,100.0,68.13,3.0,44.0,0,0,43131,110.26
1785352652.863,5.7,100.0,68.14,3.0,40.0,0,0,43131,110.21
1785352653.863,5.2,100.0,68.13,2.0,25.0,0,0,43131,110.16
1785352654.863,6.3,100.0,68.10,4.0,53.0,0,0,43131,110.12
1785352655.863,6.9,100.0,68.10,0.0,47.2,0,0,43131,110.12
1785352656.863,6.5,100.0,68.10,4.0,42.8,0,0,43131,110.11
1785352657.863,5.9,100.0,68.07,1.0,52.0,0,0,43131,110.01
1785352658.863,6.8,100.0,68.42,3.0,57.0,0,0,43131,110.01
1785352659.863,5.2,100.0,68.43,3.0,46.0,0,0,43131,110.01
1785352660.863,6.7,100.0,68.47,2.0,61.9,0,0,43131,109.96
1785352661.864,9.8,100.0,68.51,3.0,192.1,0,0,43131,111.02
1785352662.864,6.6,100.0,68.51,3.0,17.9,0,0,43131,112.38
1785352663.864,8.0,100.0,68.41,2.0,17.0,0,0,43131,112.43
1785352664.864,6.6,100.0,68.47,3.0,17.0,0,0,43131,112.07
1785352665.864,10.3,100.0,68.60,2.0,45.0,0,0,43131,111.99
1785352666.864,7.6,100.0,68.60,0.0,50.0,0,0,43131,112.09
1785352667.864,7.8,100.0,68.60,4.0,58.0,0,0,43131,112.12
1785352668.864,6.9,100.0,68.58,3.0,47.0,0,0,43131,112.03
1785352669.864,7.8,100.0,68.60,4.0,32.0,0,0,43131,111.99
1785352670.864,7.2,100.0,68.61,3.0,20.0,0,0,43131,111.99
1785352671.864,8.3,100.0,68.61,0.0,30.0,0,0,43131,111.94
1785352672.865,7.9,100.0,68.59,3.0,71.0,0,0,43131,111.89
1785352673.865,7.0,100.0,68.73,3.0,45.0,0,0,43131,111.96
1785352674.865,6.8,100.0,68.90,2.0,47.0,0,0,43131,111.92
1785352675.865,6.9,100.0,68.93,1.0,43.0,0,0,43131,111.87
1785352676.865,6.8,100.0,68.91,4.0,52.0,0,0,43131,111.92
1785352677.865,6.7,100.0,68.92,4.0,16.0,0,0,43131,111.92
1785352678.865,5.6,100.0,69.01,3.0,47.1,0,0,43131,111.87
1785352679.865,4.6,100.0,70.28,1.0,99.8,0,0,43131,111.82
1785352680.865,5.1,100.0,70.26,4.0,101.0,0,0,43131,111.78
1785352681.865,6.3,100.0,70.47,3.0,100.0,0,0,43131,111.82
1785352682.866,8.0,100.0,70.18,3.0,100.0,0,0,43131,111.91
1785352683.866,4.9,100.0,70.06,34.0,3.0,100,61,43131,222.44
1785352684.866,6.3,100.0,70.05,37.0,8.0,87,99,43131,278.66
1785352685.866,5.8,100.0,70.02,36.0,9.0,88,100,43131,251.12
1785352686.866,6.1,100.0,70.02,39.0,9.0,88,100,43131,247.57
1785352687.866,6.1,100.0,70.04,35.0,9.0,87,100,43131,249.16
1785352688.866,6.3,100.0,70.39,37.0,8.0,87,100,43131,247.35
1785352689.866,6.3,100.0,70.37,36.0,10.0,86,99,43131,254.36
1785352690.866,4.2,100.0,70.33,36.0,8.0,86,99,43131,281.59
1785352691.866,5.1,100.0,70.32,39.0,9.0,88,100,43131,267.65
1785352692.867,5.5,100.0,70.30,34.0,7.0,0,0,43131,230.68
1785352693.867,6.9,100.0,70.36,32.0,2.0,89,100,43131,251.08
1785352694.867,5.3,100.0,70.34,39.0,5.0,83,92,43131,258.54
1785352695.867,6.2,100.0,70.32,36.0,4.0,87,97,43131,266.15
1785352696.867,4.0,100.0,70.30,47.0,8.0,89,100,43131,260.43
1785352697.867,4.8,100.0,69.90,49.0,7.0,94,68,43131,274.98
1785352698.867,6.2,100.0,69.98,37.0,7.0,92,81,43131,273.31
1785352699.867,6.2,100.0,69.96,39.0,7.0,85,96,43131,266.53
1785352700.867,6.1,100.0,69.93,37.0,6.0,88,99,43131,265.75
1785352701.868,5.7,100.0,69.90,48.0,7.0,90,82,43131,276.74
1785352702.868,6.5,100.0,69.88,45.0,8.0,87,98,43131,261.52
1785352703.868,6.9,100.0,69.85,52.0,9.0,96,75,43131,287.34
1785352704.868,5.8,100.0,69.84,47.0,9.0,86,99,43131,259.96
1785352705.868,5.9,100.0,69.84,46.0,9.0,86,99,43131,270.12
1785352706.868,5.1,100.0,69.83,48.0,10.0,86,98,43131,283.56
1785352707.868,5.1,100.0,69.80,41.0,10.0,86,99,43131,277.22
1785352708.868,4.4,100.0,69.80,48.0,9.0,86,99,43131,272.83
1785352709.868,3.3,100.0,69.80,46.0,11.0,86,98,43131,277.92
1785352710.868,6.1,94.0,69.44,48.0,11.0,86,98,43131,269.27
1785352711.868,5.6,100.0,69.44,46.0,11.0,88,100,43131,280.67
1785352712.869,6.5,100.0,69.40,44.0,9.0,95,69,43131,280.90
1785352713.869,5.6,100.0,69.36,47.0,10.0,84,95,43131,275.92
1785352714.869,5.2,100.0,69.37,47.0,10.0,95,85,43131,279.05
1785352715.869,4.9,100.0,69.33,46.0,8.0,86,99,43131,283.70
1785352716.869,5.5,100.0,69.32,41.0,10.0,86,99,43131,278.10
1785352717.869,6.2,100.0,69.29,43.0,9.0,84,95,43131,258.10
1785352718.869,5.5,100.0,69.29,40.0,9.0,86,99,43131,255.04
1785352719.869,3.7,100.0,69.27,47.0,8.0,86,99,43131,290.35
1785352720.869,4.7,100.0,69.28,47.0,10.0,85,97,43131,279.21
1785352721.870,5.7,100.0,69.25,43.0,8.0,87,100,43131,282.22
1785352722.870,6.1,100.0,69.24,43.0,8.0,92,79,43131,278.35
1785352723.870,6.7,100.0,69.35,42.0,7.0,87,89,43131,259.00
1785352724.870,7.1,100.0,69.35,44.0,9.0,85,98,43131,271.52
1785352725.870,5.1,100.0,69.33,47.0,9.0,89,90,43131,280.79
1785352726.870,5.4,100.0,69.31,41.0,8.0,86,99,43131,277.54
1785352727.870,4.2,100.0,69.31,45.0,8.0,87,100,43131,284.91
1785352728.870,3.9,100.0,69.32,43.0,8.0,96,76,43131,289.40
1785352729.870,6.0,100.0,69.32,40.0,8.0,96,75,43131,281.66
1785352730.870,5.9,100.0,69.29,44.0,8.0,82,89,43131,285.00
1785352731.871,5.9,100.0,69.28,39.9,9.0,87,100,43131,274.44
1785352732.871,5.8,100.0,69.25,43.0,8.0,88,100,43131,289.61
1785352733.871,6.0,100.0,69.22,39.2,8.0,89,87,43131,276.19
1785352734.871,5.4,100.0,69.20,42.0,8.0,86,99,43131,281.21
1785352735.871,6.5,100.0,69.20,46.0,9.0,87,100,43131,276.33
1785352736.871,10.3,100.0,69.19,46.0,10.0,86,99,43131,279.83
1785352737.871,7.4,100.0,69.18,44.0,7.0,84,94,43131,293.38
1785352738.871,6.1,100.0,69.17,41.0,7.0,91,74,43131,285.39
1785352739.871,3.3,100.0,69.18,45.0,8.0,84,95,43131,273.21
1785352740.872,8.0,70.0,69.15,40.0,6.0,86,99,43131,276.82
1785352741.872,7.8,86.0,69.34,44.0,9.0,85,96,43131,284.77
1785352742.872,4.4,100.0,69.36,40.0,7.0,93,68,43131,285.19
1785352743.872,3.4,100.0,69.35,37.0,7.0,87,99,43131,274.00
1785352744.872,4.2,100.0,69.37,32.0,6.0,88,99,43131,277.24
1785352745.872,3.6,100.0,69.35,34.0,6.0,88,99,43131,271.36
1785352746.872,4.3,100.0,69.34,30.0,5.0,86,98,43131,255.38
1785352747.872,7.0,100.0,69.33,33.0,4.0,87,99,43131,259.40
1785352748.872,6.2,100.0,69.33,30.0,4.0,88,100,43131,255.51
1785352749.872,5.1,100.0,69.31,28.0,3.0,90,100,43131,248.65
1785352750.873,5.8,100.0,69.32,28.0,4.0,90,100,43131,258.39
1785352751.873,5.6,100.0,69.31,26.0,3.0,89,100,43131,256.78
1785352752.873,5.7,100.0,69.29,25.0,3.0,88,99,43131,258.47
1785352753.873,3.9,100.0,69.29,28.0,2.0,90,100,43131,256.66
1785352754.873,3.6,100.0,69.28,27.0,3.0,89,100,43131,256.85
1785352755.873,4.7,100.0,69.10,26.0,2.0,90,100,43131,258.20
1785352756.873,7.1,100.0,69.10,26.0,3.0,89,100,43131,257.64
1785352757.873,7.4,100.0,69.10,29.0,3.0,89,100,43131,256.55
1785352758.873,5.2,100.0,69.10,25.0,3.0,90,100,43131,256.34
1785352759.873,5.0,100.0,69.09,26.0,2.0,90,100,43131,257.57
1785352760.873,5.0,100.0,67.52,9.0,0.0,0,0,43131,146.95
1785352761.874,6.2,100.0,67.54,2.0,0.0,0,0,43131,133.79
1785352762.874,6.7,100.0,67.55,1.0,0.0,0,0,43131,118.40
1785352763.874,8.6,100.0,67.74,3.0,188.1,0,0,43131,118.03
1785352764.874,6.1,100.0,67.75,3.0,50.0,0,0,43131,117.35
1785352765.874,7.8,100.0,67.78,3.0,36.0,0,0,43131,117.30
1785352766.874,7.4,100.0,67.98,1.0,35.0,0,0,43131,116.97
1785352767.874,5.9,100.0,68.50,6.0,38.0,0,0,43131,116.49
1785352768.874,6.3,100.0,68.51,2.0,20.0,0,0,43131,116.19
1785352769.874,5.2,100.0,68.54,2.0,71.0,0,0,43131,115.90
1785352770.874,4.0,100.0,68.56,5.0,40.0,0,0,43131,115.67
1785352771.874,4.7,100.0,68.58,2.0,41.0,0,0,43131,115.47
1785352772.875,6.0,100.0,68.60,2.0,45.0,0,0,43131,115.37
1785352773.875,6.0,100.0,68.60,5.0,42.0,0,0,43131,115.12
1785352774.875,5.2,100.0,68.59,2.0,45.0,0,0,43131,114.81
1785352775.875,5.6,100.0,68.59,3.0,27.0,0,0,43131,114.65
1785352776.875,5.3,100.0,68.57,3.0,18.0,0,0,43131,114.47
1785352777.875,6.5,100.0,68.59,2.0,58.0,0,0,43131,114.23
1785352778.875,6.9,100.0,68.62,1.0,59.0,0,0,43131,114.05
1785352779.875,5.2,100.0,68.60,2.0,53.0,0,0,43131,114.00
1785352780.875,6.3,100.0,68.60,4.0,32.0,0,0,43131,113.87
1785352781.875,6.5,75.8,68.63,1.0,43.2,0,0,43131,113.67
1785352782.876,6.5,100.0,68.31,3.0,61.7,0,0,43131,113.26
1785352783.876,8.5,100.0,68.31,2.0,50.3,0,0,43131,113.01
1785352784.876,9.7,100.0,68.30,1.0,44.8,0,0,43131,113.02
1785352785.876,8.1,100.0,68.29,1.0,50.0,0,0,43131,112.87
1785352786.876,7.5,100.0,68.51,2.0,34.1,0,0,43131,112.85
1785352787.876,8.5,100.0,68.31,4.0,35.8,0,0,43131,112.76
1785352788.876,9.4,90.0,68.35,3.0,36.0,0,0,43131,112.55
1785352789.876,5.9,100.0,68.48,2.0,36.1,0,0,43131,112.39
1785352790.876,7.5,100.0,68.35,4.0,35.9,0,0,43131,112.29
1785352791.876,8.6,100.0,68.35,0.0,32.0,0,0,43131,112.13
1785352792.876,9.5,100.0,68.33,3.0,34.0,0,0,43131,111.98
1785352793.877,5.1,100.0,68.34,3.0,35.0,0,0,43131,111.97
1785352794.877,6.4,100.0,68.68,3.0,34.0,0,0,43131,111.85
1785352795.877,6.0,100.0,68.69,2.0,33.0,0,0,43131,111.67
1785352796.877,8.6,100.0,68.66,2.0,34.0,0,0,43131,111.57
1785352797.877,7.8,100.0,68.49,3.0,31.0,0,0,43131,111.44
1785352798.877,6.6,100.0,68.61,4.0,36.9,0,0,43131,111.39
1785352799.877,6.1,100.0,68.62,2.0,34.1,0,0,43131,111.38
1785352800.877,6.3,100.0,68.61,2.0,32.0,0,0,43131,111.38
1785352801.877,4.1,100.0,68.60,2.0,43.0,0,0,43131,111.33
1785352802.877,5.2,100.0,68.61,3.0,28.0,0,0,43131,111.28
1785352803.877,5.2,100.0,68.59,3.0,28.0,0,0,43131,111.14
1785352804.878,6.7,100.0,68.62,2.0,30.0,0,0,43131,111.00
1785352805.878,4.7,100.0,68.60,3.0,31.0,0,0,43131,111.04
1785352806.878,5.5,100.0,68.59,3.0,15.0,0,0,43131,110.99
1785352807.878,5.7,100.0,68.58,2.0,34.0,0,0,43131,111.04
1785352808.878,5.8,100.0,68.57,2.0,28.0,0,0,43131,111.03
1785352809.878,6.9,100.0,68.68,2.0,28.0,0,0,43131,110.75
1785352810.878,5.4,100.0,68.68,2.0,31.0,0,0,43131,110.65
1785352811.878,5.5,100.0,68.66,2.0,29.0,0,0,43131,110.64
1785352812.878,3.7,100.0,68.66,5.0,19.0,0,0,43131,110.55
1785352813.878,6.7,100.0,68.66,2.0,29.0,0,0,43131,110.51
1785352814.878,5.6,100.0,68.65,2.0,52.0,0,0,43131,110.55
1785352815.879,7.1,100.0,68.63,2.0,127.1,0,0,43131,110.47
1785352816.879,5.3,100.0,68.62,3.0,49.0,0,0,43131,110.38
1785352817.879,5.5,100.0,68.62,3.0,18.0,0,0,43131,110.27
1785352818.879,4.0,100.0,68.62,4.0,51.0,0,0,43131,110.19
1785352819.879,3.1,100.0,68.62,4.0,49.0,0,0,43131,110.22
1785352820.879,6.0,100.0,68.24,2.0,49.0,0,0,43131,110.19
1785352821.879,6.4,100.0,68.24,2.0,47.0,0,0,43131,110.10
1785352822.879,6.4,100.0,68.22,2.0,59.0,0,0,43131,110.11
1785352823.879,6.3,100.0,68.21,4.0,48.9,0,0,43131,110.11
1785352824.879,8.2,100.0,68.22,2.0,211.4,0,0,43131,109.96
1785352825.879,5.4,100.0,68.24,3.0,26.9,0,0,43131,109.92
1785352826.880,6.9,100.0,68.24,2.0,18.0,0,0,43131,109.98
1785352827.880,4.1,100.0,68.23,4.0,17.0,0,0,43131,110.61
1785352828.880,4.7,100.0,68.24,3.0,38.0,0,0,43131,111.68
1785352829.880,5.0,100.0,68.25,4.0,52.0,0,0,43131,112.16
1785352830.880,4.5,100.0,68.27,3.0,59.0,0,0,43131,112.12
1785352831.880,6.2,100.0,68.26,2.0,54.0,0,0,43131,112.11
1785352832.880,2.9,73.0,68.25,3.0,35.0,0,0,43131,112.16
1785352833.880,3.1,100.0,68.25,5.0,22.0,0,0,43131,112.04
1785352834.880,5.2,70.3,68.23,2.0,32.0,0,0,43131,112.04
1785352835.880,6.2,100.0,68.23,2.0,64.9,0,0,43131,111.97
1785352836.880,6.3,100.0,68.74,3.0,42.0,0,0,43131,111.96
1785352837.881,6.4,100.0,68.73,2.0,47.0,0,0,43131,111.86
1785352838.881,6.0,100.0,68.75,1.0,43.0,0,0,43131,111.81
1785352839.881,4.9,100.0,68.75,3.0,43.0,0,0,43131,111.81
1785352840.881,4.4,100.0,68.74,3.0,9.0,0,0,43131,111.92
1785352841.881,4.0,100.0,69.18,5.0,72.0,0,0,43131,111.92
1785352842.881,5.0,100.0,70.12,1.0,99.0,0,0,43131,111.84
1785352843.881,6.3,100.0,70.10,5.0,100.0,0,0,43131,111.84
1785352844.881,4.5,100.0,70.34,3.0,101.0,0,0,43131,111.82
1785352845.881,5.0,100.0,70.22,27.0,64.0,87,99,43131,141.66
1785352846.881,5.5,100.0,69.85,38.0,8.0,88,100,43131,262.99
1785352847.882,7.7,100.0,69.83,38.8,9.0,86,99,43131,258.49
1785352848.882,8.6,100.0,69.81,38.2,8.0,86,99,43131,266.84
1785352849.882,7.6,100.0,69.78,37.0,9.0,87,100,43131,266.01
1785352850.882,7.4,100.0,69.80,36.0,8.0,87,100,43131,271.59
1785352851.882,5.8,100.0,69.83,37.0,9.0,86,99,43131,278.38
1785352852.882,7.0,100.0,69.81,38.0,8.0,88,100,43131,250.94
1785352853.882,4.4,100.0,69.82,39.0,8.0,0,0,43131,229.65
1785352854.882,3.2,100.0,69.82,44.0,5.0,87,83,43131,258.59
1785352855.882,3.7,100.0,69.52,39.0,6.0,86,97,43131,266.68
1785352856.882,8.0,100.0,69.52,40.0,6.0,86,97,43131,261.06
1785352857.882,6.9,100.0,69.54,42.0,8.0,86,96,43131,270.36
1785352858.883,5.6,100.0,69.55,42.0,7.0,90,89,43131,278.15
1785352859.883,6.5,100.0,69.53,39.0,7.0,87,97,43131,258.66
1785352860.883,5.6,100.0,69.52,46.0,9.0,91,74,43131,271.25
1785352861.883,6.8,100.0,69.52,38.0,7.0,87,99,43131,254.11
1785352862.883,5.6,100.0,69.50,43.0,9.0,87,100,43131,269.43
1785352863.883,6.3,100.0,69.47,53.0,9.0,82,84,43131,283.17
1785352864.883,5.6,100.0,69.45,51.0,9.0,83,89,43131,267.30
1785352865.883,5.5,100.0,69.46,46.0,11.0,85,97,43131,264.04
1785352866.883,4.2,100.0,69.46,48.0,8.0,95,63,43131,286.30
1785352867.884,6.4,100.0,69.44,52.0,10.0,87,86,43131,277.39
1785352868.884,6.1,100.0,69.95,44.0,10.0,87,100,43131,261.24
1785352869.884,4.3,100.0,69.95,44.7,8.9,86,99,43131,273.25
1785352870.884,6.0,100.0,69.96,46.0,9.0,84,96,43131,281.43
1785352871.884,5.9,100.0,69.98,46.2,11.1,84,95,43131,275.83
1785352872.884,6.0,100.0,69.96,47.0,9.0,85,95,43131,277.55
1785352873.884,7.0,100.0,69.94,45.0,8.0,84,95,43131,280.57
1785352874.884,5.9,100.0,69.93,45.0,9.0,86,99,43131,269.96
1785352875.884,5.4,100.0,69.92,43.0,9.0,87,100,43131,278.95
1785352876.884,6.2,100.0,69.90,41.0,9.0,86,99,43131,285.98
1785352877.884,5.1,99.0,69.89,42.0,8.0,96,65,43131,296.66
1785352878.885,3.5,100.0,69.69,47.0,9.0,86,95,43131,283.38
1785352879.885,6.4,100.0,69.67,45.0,10.0,88,100,43131,274.28
1785352880.885,4.4,100.0,69.67,50.0,10.0,85,98,43131,281.23
1785352881.885,5.0,100.0,69.68,50.0,10.0,88,100,43131,277.72
1785352882.885,6.3,100.0,69.68,50.0,11.0,88,100,43131,275.46
1785352883.885,3.9,100.0,69.66,50.0,9.0,84,96,43131,289.03
1785352884.885,3.8,100.0,69.65,54.0,12.0,85,96,43131,288.43
1785352885.885,6.4,100.0,69.69,44.0,12.0,85,97,43131,283.36
1785352886.885,6.0,100.0,69.70,48.0,10.0,92,77,43131,276.43
1785352887.885,6.6,100.0,69.68,47.0,11.0,86,98,43131,285.11
1785352888.886,8.7,100.0,69.99,50.0,13.0,86,98,43131,283.10
1785352889.886,6.2,100.0,69.99,55.0,11.0,87,99,43131,280.24
1785352890.886,8.1,100.0,69.97,50.0,11.0,89,99,43131,283.29
1785352891.886,7.6,100.0,69.94,52.7,10.9,83,95,43131,292.35
1785352892.886,6.6,100.0,69.94,44.2,11.1,86,98,43131,275.38
1785352893.886,6.6,100.0,69.92,45.2,11.0,83,95,43131,282.64
1785352894.886,4.8,100.0,69.92,38.8,9.0,87,100,43131,277.96
1785352895.886,5.6,100.0,69.91,38.0,10.0,86,99,43131,279.13
1785352896.886,4.8,100.0,69.90,37.0,8.0,87,100,43131,276.76
1785352897.886,6.9,100.0,69.89,36.0,8.0,86,99,43131,278.13
1785352898.887,5.3,100.0,69.88,34.0,7.0,88,99,43131,281.69
1785352899.887,7.3,100.0,69.88,35.0,7.0,88,100,43131,275.68
1785352900.887,7.4,100.0,69.89,34.0,7.0,89,100,43131,275.15
1785352901.887,8.7,100.0,69.90,30.0,5.0,88,99,43131,266.02
1785352902.887,7.2,100.0,69.89,31.0,5.0,90,100,43131,243.74
1785352903.887,7.3,100.0,69.88,25.1,4.0,90,100,43131,242.30
1785352904.887,6.7,100.0,69.88,25.9,3.0,90,100,43131,259.73
1785352905.887,7.4,100.0,69.89,29.0,4.0,89,100,43131,254.39
1785352906.887,5.8,100.0,69.86,27.0,3.0,89,100,43131,254.98
1785352907.887,6.6,100.0,69.84,24.0,4.0,89,100,43131,260.83
1785352908.888,6.8,100.0,69.83,24.0,2.0,87,98,43131,254.73
1785352909.888,8.6,100.0,69.82,25.0,3.0,90,100,43131,254.06
1785352910.888,7.8,100.0,69.84,26.0,1.0,90,100,43131,251.62
1785352911.888,7.1,100.0,69.89,27.0,2.0,89,100,43131,257.01
1785352912.888,6.1,100.0,69.88,23.0,2.0,91,100,43131,254.58
1785352913.888,5.5,100.0,69.86,26.0,3.0,89,100,43131,257.64
1785352914.888,5.1,100.0,69.83,22.0,1.0,90,100,43131,253.52
1785352915.888,5.4,100.0,69.83,25.0,2.0,91,100,43131,255.76
1785352916.888,8.8,100.0,69.81,22.0,2.0,89,100,43131,257.02
1785352917.888,8.0,100.0,69.80,23.0,1.0,90,100,43131,252.91
1785352918.888,6.7,100.0,69.81,23.0,1.0,91,100,43131,260.11
1785352919.889,5.0,100.0,69.79,22.0,3.0,91,100,43131,259.74
1785352920.889,6.5,100.0,68.26,9.0,0.0,0,0,43131,147.82
1785352921.889,6.1,100.0,68.24,3.0,0.0,0,0,43131,132.54
1785352922.889,3.7,100.0,68.25,2.0,0.0,0,0,43131,118.13
1785352923.889,7.1,100.0,68.05,4.0,207.0,0,0,43131,117.84
1785352924.889,5.2,100.0,68.08,1.0,44.0,0,0,43131,117.40
1785352925.889,6.3,100.0,68.09,3.0,38.0,0,0,43131,117.01
1785352926.889,5.3,100.0,68.07,2.0,35.0,0,0,43131,116.67
1785352927.889,5.1,100.0,68.03,2.0,40.0,0,0,43131,116.34
1785352928.890,4.0,100.0,68.03,4.0,18.0,0,0,43131,116.08
1785352929.890,5.1,100.0,68.03,3.0,63.1,0,0,43131,115.79
1785352930.890,5.7,100.0,68.06,3.0,44.9,0,0,43131,115.57
1785352931.890,5.9,100.0,68.06,4.0,38.0,0,0,43131,115.32
1785352932.890,6.9,100.0,68.05,2.0,44.0,0,0,43131,114.98
1785352933.890,6.2,100.0,68.04,3.0,31.0,0,0,43131,114.83
1785352934.890,6.3,100.0,68.05,2.0,48.0,0,0,43131,114.73
1785352935.890,5.2,100.0,68.03,3.0,20.0,0,0,43131,114.53
1785352936.890,4.7,100.0,68.02,2.0,40.0,0,0,43131,114.30
1785352937.890,5.8,100.0,68.02,2.0,53.0,0,0,43131,114.16
1785352938.890,5.9,100.0,68.05,3.0,63.0,0,0,43131,114.11
1785352939.891,4.7,100.0,68.09,2.0,30.0,0,0,43131,113.87
1785352940.891,4.0,100.0,68.09,3.0,34.0,0,0,43131,113.53
1785352941.891,6.1,100.0,68.09,3.0,63.0,0,0,43131,113.18
1785352942.891,6.0,100.0,68.06,2.0,52.0,0,0,43131,113.28
1785352943.891,6.2,100.0,68.07,3.0,47.0,0,0,43131,113.23
1785352944.891,5.7,100.0,68.05,1.0,54.0,0,0,43131,112.84
1785352945.891,6.0,100.0,68.04,5.0,37.0,0,0,43131,112.74
1785352946.891,4.0,100.0,68.02,1.0,35.0,0,0,43131,112.60
1785352947.891,4.1,100.0,68.02,5.0,38.0,0,0,43131,112.57
1785352948.891,7.3,100.0,68.23,2.0,35.0,0,0,43131,112.43
1785352949.891,6.8,100.0,68.21,1.0,31.0,0,0,43131,112.26
1785352950.892,5.5,100.0,68.21,4.0,31.0,0,0,43131,112.20
1785352951.892,4.7,100.0,68.21,3.0,32.0,0,0,43131,112.11
1785352952.892,3.7,100.0,68.20,4.0,33.0,0,0,43131,112.02
1785352953.892,4.0,100.0,68.18,4.0,32.9,0,0,43131,112.02
1785352954.892,5.9,100.0,68.16,2.0,35.2,0,0,43131,111.96
1785352955.892,5.9,100.0,68.15,2.0,33.0,0,0,43131,111.72
1785352956.892,5.9,100.0,68.31,2.0,33.0,0,0,43131,111.69
1785352957.892,5.6,100.0,68.32,2.0,31.0,0,0,43131,111.69
1785352958.892,6.2,100.0,68.32,2.0,35.0,0,0,43131,111.47
1785352959.892,5.2,100.0,68.32,2.0,35.0,0,0,43131,111.32
1785352960.892,6.3,100.0,68.31,2.0,36.0,0,0,43131,111.28
1785352961.893,4.7,100.0,68.30,4.0,39.0,0,0,43131,111.29
1785352962.893,5.1,100.0,68.31,2.0,28.0,0,0,43131,111.29
1785352963.893,7.0,100.0,68.27,3.0,26.9,0,0,43131,111.18
1785352964.893,5.2,100.0,68.27,1.0,28.0,0,0,43131,111.09
1785352965.893,5.6,100.0,68.30,4.0,25.0,0,0,43131,111.00
1785352966.893,6.3,100.0,68.48,9.0,24.0,0,0,43131,111.03
1785352967.893,5.6,100.0,68.48,4.0,28.0,0,0,43131,110.98
1785352968.893,5.8,100.0,68.47,3.0,28.0,0,0,43131,110.89
1785352969.893,4.2,100.0,68.48,1.0,28.0,0,0,43131,110.85
1785352970.893,7.8,100.0,68.46,2.0,30.0,0,0,43131,110.80
1785352971.894,6.8,100.0,68.45,3.0,27.0,0,0,43131,110.65
1785352972.894,5.7,100.0,68.46,1.0,17.0,0,0,43131,110.50
1785352973.894,4.9,100.0,68.45,3.0,36.0,0,0,43131,110.60
1785352974.894,3.1,100.0,68.44,3.0,49.0,0,0,43131,110.59
1785352975.894,6.7,100.0,68.38,3.0,188.0,0,0,43131,110.50
1785352976.894,9.9,100.0,68.41,2.0,48.0,0,0,43131,110.50
1785352977.894,7.1,100.0,68.43,1.0,17.0,0,0,43131,110.50
1785352978.894,7.1,100.0,68.44,2.0,49.0,0,0,43131,110.41
1785352979.894,3.5,100.0,68.44,5.0,42.0,0,0,43131,110.37
1785352980.894,4.2,100.0,68.46,4.0,41.0,0,0,43131,110.32
1785352981.894,5.5,100.0,68.46,2.0,42.0,0,0,43131,111.43
1785352982.895,6.2,100.0,68.48,3.0,54.0,0,0,43131,112.89
1785352983.895,6.5,100.0,68.49,1.0,57.0,0,0,43131,112.83
1785352984.895,6.1,100.0,68.46,2.0,64.0,0,0,43131,112.40
1785352985.895,7.6,100.0,68.47,3.0,191.1,0,0,43131,112.36
1785352986.895,5.6,100.0,68.49,2.0,19.0,0,0,43131,112.45
1785352987.895,5.4,100.0,68.49,2.0,17.0,0,0,43131,112.44
1785352988.895,6.5,100.0,68.48,3.0,26.0,0,0,43131,112.35
1785352989.895,5.8,100.0,68.48,2.0,39.0,0,0,43131,112.44
1785352990.895,6.5,100.0,68.51,2.0,52.0,0,0,43131,112.49
1785352991.895,5.5,100.0,68.52,3.0,52.0,0,0,43131,112.39
1785352992.895,5.7,100.0,68.52,2.0,51.0,0,0,43131,112.35
1785352993.896,7.0,100.0,68.15,2.0,25.0,0,0,43131,112.25
1785352994.896,6.1,100.0,68.41,3.0,17.0,0,0,43131,112.19
1785352995.896,5.0,100.0,68.40,2.0,47.0,0,0,43131,112.14
1785352996.896,6.2,100.0,68.42,3.0,58.0,0,0,43131,112.11
1785352997.896,3.7,100.0,68.43,5.0,42.0,0,0,43131,112.11
1785352998.896,4.9,100.0,68.45,2.0,47.0,0,0,43131,112.07
1785352999.896,3.8,100.0,68.47,5.0,38.0,0,0,43131,112.07
1785353000.896,5.6,100.0,68.48,0.0,33.0,0,0,43131,112.11
1785353001.896,5.4,100.0,68.54,2.0,25.0,0,0,43131,112.16
1785353002.896,6.4,100.0,69.24,3.0,74.0,0,0,43131,112.15
1785353003.896,4.8,100.0,69.81,4.0,100.0,0,0,43131,112.06
1785353004.897,6.4,100.0,69.85,2.0,100.0,0,0,43131,112.06
1785353005.897,6.9,100.0,69.99,2.0,100.0,0,0,43131,112.05
1785353006.897,6.0,100.0,69.89,29.0,56.0,88,100,43131,149.80
1785353007.897,6.1,100.0,69.87,36.0,8.0,29,33,43131,233.28
1785353008.897,5.5,100.0,69.84,39.0,4.0,91,98,43131,252.85
1785353009.897,5.3,100.0,69.83,40.0,5.0,91,90,43131,263.82
1785353010.897,6.1,100.0,69.83,35.0,4.0,86,89,43131,260.26
1785353011.897,6.2,100.0,69.83,52.0,8.0,83,92,43131,254.39
1785353012.897,6.0,100.0,69.83,44.0,7.0,84,94,43131,269.25
1785353013.897,4.1,100.0,69.80,41.0,8.0,87,98,43131,263.86
1785353014.898,4.9,100.0,69.82,43.0,8.0,89,88,43131,261.85
1785353015.898,4.5,100.0,70.11,50.0,7.0,92,86,43131,286.89
1785353016.898,5.0,100.0,70.12,41.0,7.0,91,70,43131,272.89
1785353017.898,6.2,100.0,70.10,41.0,8.0,86,99,43131,285.82
1785353018.898,5.5,100.0,70.09,36.0,8.0,87,99,43131,268.84
1785353019.898,6.2,100.0,70.07,36.0,7.0,94,100,43131,281.04
1785353020.898,5.6,100.0,70.07,42.0,8.0,89,89,43131,274.14
1785353021.898,6.0,100.0,70.08,33.0,7.0,88,97,43131,274.93
1785353022.898,5.7,100.0,70.06,40.0,9.0,91,97,43131,278.48
1785353023.898,6.1,100.0,70.02,43.0,7.0,82,86,43131,273.29
1785353024.899,6.8,100.0,70.04,43.0,9.0,92,100,43131,250.16
1785353025.899,6.1,100.0,70.04,42.0,8.0,96,72,43131,261.99
1785353026.899,4.6,100.0,70.03,44.0,10.0,94,100,43131,266.63
1785353027.899,3.0,100.0,70.01,42.0,11.0,82,92,43131,280.40
1785353028.899,3.8,80.0,69.99,38.0,8.0,87,100,43131,285.98
1785353029.899,4.6,100.0,69.99,46.0,9.0,91,81,43131,285.11
1785353030.899,6.0,100.0,69.99,47.0,10.0,85,96,43131,269.26
1785353031.899,5.0,100.0,70.00,46.0,9.0,87,100,43131,271.53
1785353032.899,6.5,100.0,70.00,51.0,12.0,86,96,43131,280.57
1785353033.899,2.8,100.0,70.00,56.0,9.0,85,88,43131,276.10
1785353034.900,5.5,99.0,69.98,41.0,9.0,86,99,43131,271.72
1785353035.900,4.1,100.0,69.97,46.0,9.0,86,97,43131,279.37
1785353036.900,6.3,79.0,69.98,49.0,10.0,89,99,43131,277.92
1785353037.900,7.5,100.0,69.96,56.0,13.0,82,87,43131,270.58
1785353038.900,6.4,100.0,69.95,46.0,9.0,85,96,43131,286.86
1785353039.900,5.2,100.0,69.94,50.0,14.0,85,96,43131,274.51
1785353040.900,4.9,100.0,69.92,51.0,10.0,85,91,43131,271.76
1785353041.900,4.0,100.0,69.90,46.0,11.0,84,94,43131,282.66
1785353042.900,2.9,100.0,69.90,50.0,11.0,85,96,43131,273.10
1785353043.901,4.4,100.0,69.77,46.0,10.0,85,95,43131,274.92
1785353044.901,5.5,100.0,69.78,46.0,11.0,86,97,43131,270.51
1785353045.901,6.8,100.0,69.79,48.0,8.0,84,93,43131,277.81
1785353046.901,7.2,100.0,69.78,48.0,10.0,84,96,43131,265.83
1785353047.901,4.4,100.0,69.76,43.0,11.0,85,97,43131,267.77
1785353048.901,4.0,100.0,69.75,41.0,10.0,86,98,43131,278.86
1785353049.901,3.6,100.0,69.75,41.0,8.0,86,99,43131,274.62
1785353050.901,4.2,80.0,69.76,38.0,9.0,87,100,43131,275.77
1785353051.901,6.2,100.0,69.32,37.0,8.0,88,99,43131,265.27
1785353052.902,4.3,100.0,69.33,36.0,7.0,87,99,43131,273.29
1785353053.902,6.2,100.0,69.33,37.0,6.0,85,97,43131,280.58
1785353054.902,5.5,100.0,69.32,31.8,6.0,89,100,43131,257.21
1785353055.902,5.7,100.0,69.31,27.1,4.0,92,100,43131,267.53
1785353056.902,6.1,100.0,69.30,29.0,4.0,89,100,43131,261.17
1785353057.902,3.7,100.0,69.29,28.0,2.0,88,99,43131,240.09
1785353058.902,4.1,100.0,69.43,29.0,4.0,87,99,43131,259.93
1785353059.902,4.1,100.0,69.40,27.0,2.0,91,100,43131,254.71
1785353060.902,5.9,100.0,69.40,24.0,3.0,88,99,43131,259.66
1785353061.902,4.5,100.0,69.41,28.0,3.0,90,100,43131,255.92
1785353062.903,6.7,100.0,69.39,23.0,2.0,89,100,43131,257.68
1785353063.903,5.3,100.0,69.38,22.0,2.0,89,100,43131,255.02
1785353064.903,5.8,100.0,69.46,26.0,2.0,88,100,43131,255.97
1785353065.903,3.4,100.0,69.67,25.0,1.0,90,100,43131,257.88
1785353066.903,4.4,100.0,69.66,22.0,1.0,91,100,43131,256.73
1785353067.903,6.2,100.0,69.65,25.0,2.0,90,100,43131,258.64
1785353068.903,5.8,100.0,69.61,23.0,1.0,88,100,43131,259.03
1785353069.903,5.2,100.0,69.62,23.0,1.0,91,100,43131,260.31
1785353070.903,7.9,100.0,68.08,7.0,0.0,0,0,43131,145.76
1785353071.903,4.2,100.0,68.07,2.0,0.0,0,0,43131,132.89
1785353072.904,3.4,100.0,68.25,4.0,0.0,0,0,43131,117.76
1785353073.904,7.1,100.0,68.44,4.0,156.0,0,0,43131,117.37
1785353074.904,5.9,100.0,68.45,2.0,49.0,0,0,43131,116.87
1785353075.904,6.1,100.0,68.47,2.0,40.0,0,0,43131,116.56
1785353076.904,5.2,100.0,68.48,3.0,36.0,0,0,43131,116.27
1785353077.904,4.4,100.0,68.50,4.0,39.0,0,0,43131,115.95
1785353078.904,5.9,100.0,68.50,2.0,16.0,0,0,43131,115.62
1785353079.904,6.2,100.0,68.51,3.0,68.0,0,0,43131,115.32
1785353080.904,5.6,100.0,68.01,3.0,44.0,0,0,43131,115.12
1785353081.904,5.6,100.0,68.00,2.0,40.0,0,0,43131,114.94
1785353082.905,3.3,100.0,67.99,3.0,45.0,0,0,43131,114.78
1785353083.905,6.6,85.7,67.98,1.0,36.0,0,0,43131,114.59
1785353084.905,6.0,100.0,68.09,3.0,49.6,0,0,43131,114.37
1785353085.905,5.1,100.0,68.10,2.0,22.1,0,0,43131,114.17
1785353086.905,4.9,100.0,68.09,6.0,35.9,0,0,43131,113.96
1785353087.905,7.3,100.0,68.11,2.0,56.1,0,0,43131,113.71
1785353088.905,6.8,100.0,68.10,2.0,68.0,0,0,43131,113.66
1785353089.905,7.4,100.0,68.11,1.0,33.0,0,0,43131,113.51
1785353090.905,8.0,100.0,68.11,3.0,31.0,0,0,43131,113.17
1785353091.905,5.2,100.0,68.11,3.0,64.0,0,0,43131,113.03
1785353092.906,6.8,100.0,68.24,3.0,52.0,0,0,43131,112.94
1785353093.906,8.3,100.0,68.30,3.0,48.0,0,0,43131,112.89
1785353094.906,4.7,100.0,68.30,4.0,54.0,0,0,43131,112.78
1785353095.906,5.9,100.0,68.64,0.0,38.0,0,0,43131,112.55
1785353096.906,7.8,100.0,68.64,3.0,35.0,0,0,43131,112.35
1785353097.906,6.7,100.0,68.65,4.0,37.9,0,0,43131,112.30
1785353098.906,6.6,100.0,68.66,1.0,38.0,0,0,43131,112.21
1785353099.906,6.3,100.0,68.67,2.0,33.0,0,0,43131,112.06
1785353100.906,6.1,100.0,68.66,2.0,35.0,0,0,43131,111.96
1785353101.906,5.5,100.0,68.66,3.0,33.0,0,0,43131,111.86
1785353102.906,4.6,100.0,68.67,3.0,33.0,0,0,43131,112.00
1785353103.907,5.0,100.0,68.66,3.0,28.0,0,0,43131,111.91
1785353104.907,6.4,100.0,68.64,2.0,32.0,0,0,43131,111.63
1785353105.907,5.4,100.0,68.19,2.0,32.0,0,0,43131,111.53
1785353106.907,4.8,100.0,68.34,3.0,33.0,0,0,43131,111.39
1785353107.907,7.4,100.0,68.33,2.0,31.0,0,0,43131,111.36
1785353108.907,6.2,100.0,68.33,4.0,34.0,0,0,43131,111.36
1785353109.907,7.3,100.0,68.33,2.0,33.0,0,0,43131,111.32
1785353110.907,7.9,100.0,68.34,3.0,37.0,0,0,43131,111.23
1785353111.907,6.5,100.0,68.31,3.0,39.0,0,0,43131,111.18
1785353112.907,7.1,100.0,68.48,1.0,27.0,0,0,43131,111.18
1785353113.907,7.5,100.0,68.48,2.0,27.0,0,0,43131,111.07
1785353114.908,5.2,100.0,68.49,3.0,28.8,0,0,43131,110.97
1785353115.908,6.1,100.0,68.47,3.0,22.1,0,0,43131,110.93
1785353116.908,6.2,100.0,68.45,2.0,15.0,0,0,43131,110.89
1785353117.908,3.6,100.0,68.45,3.0,24.0,0,0,43131,110.75
1785353118.908,4.2,100.0,68.50,4.0,24.0,0,0,43131,110.69
1785353119.908,5.7,100.0,68.47,3.0,26.0,0,0,43131,110.69
1785353120.908,6.8,100.0,68.45,3.0,20.0,0,0,43131,110.60
1785353121.908,6.0,100.0,68.44,1.0,12.1,0,0,43131,110.64
1785353122.908,5.8,100.0,68.45,0.0,13.0,0,0,43131,110.64
1785353123.908,6.0,100.0,68.45,4.0,51.0,0,0,43131,110.51
1785353124.908,7.9,100.0,68.44,0.0,192.0,0,0,43131,110.41
1785353125.909,5.7,100.0,68.44,3.0,49.0,0,0,43131,111.52
1785353126.909,6.5,100.0,68.44,1.0,29.0,0,0,43131,112.47
1785353127.909,5.7,100.0,68.45,2.0,31.9,0,0,43131,112.38
1785353128.909,5.5,77.8,68.46,1.0,56.0,0,0,43131,112.55
1785353129.909,6.0,100.0,68.43,3.0,45.2,0,0,43131,112.89
1785353130.909,7.0,100.0,68.45,3.0,47.0,0,0,43131,112.85
1785353131.909,8.1,100.0,68.44,1.0,52.0,0,0,43131,112.50
1785353132.909,6.6,100.0,68.43,2.0,56.0,0,0,43131,112.44
1785353133.909,6.3,100.0,68.41,1.0,58.0,0,0,43131,112.44
1785353134.909,7.6,100.0,68.45,1.0,201.0,0,0,43131,112.55
1785353135.909,5.9,100.0,68.43,5.0,18.0,0,0,43131,112.50
1785353136.909,5.8,100.0,68.44,0.0,19.0,0,0,43131,112.40
1785353137.910,4.3,100.0,68.43,2.0,17.0,0,0,43131,112.22
1785353138.910,6.8,98.0,68.44,3.0,42.8,0,0,43131,112.17
1785353139.910,6.9,100.0,67.64,2.0,49.0,0,0,43131,112.15
1785353140.910,8.3,100.0,67.99,2.0,59.0,0,0,43131,112.15
1785353141.910,7.2,100.0,68.02,3.0,53.0,0,0,43131,112.15
1785353142.910,6.9,100.0,68.02,2.0,32.0,0,0,43131,112.10
1785353143.910,8.3,100.0,67.99,2.0,18.1,0,0,43131,112.10
1785353144.910,6.9,100.0,68.35,2.0,34.9,0,0,43131,112.10
1785353145.910,7.2,100.0,68.18,2.0,67.0,0,0,43131,112.05
1785353146.910,8.0,100.0,68.34,2.0,44.2,0,0,43131,112.04
1785353147.910,7.6,72.4,68.13,3.0,42.8,0,0,43131,112.05
1785353148.910,4.5,100.0,68.32,2.0,32.2,0,0,43131,112.01
1785353149.911,6.0,100.0,68.34,2.0,40.0,0,0,43131,111.96
1785353150.911,6.3,100.0,68.36,1.0,10.0,0,0,43131,111.96
1785353151.911,5.3,100.0,68.84,2.0,74.0,0,0,43131,112.02
1785353152.911,6.8,100.0,69.76,2.0,99.0,0,0,43131,111.98
1785353153.911,6.7,100.0,69.72,1.0,101.0,0,0,43131,111.97
1785353154.911,8.6,100.0,69.95,3.0,99.0,0,0,43131,112.01
1785353155.911,6.4,100.0,69.81,27.0,70.0,100,60,43131,154.44
1785353156.911,9.3,100.0,69.79,29.0,3.0,87,100,43131,283.24
1785353157.911,7.9,100.0,69.79,37.0,8.0,87,100,43131,254.61
1785353158.911,5.9,100.0,69.78,35.8,8.0,87,100,43131,267.62
1785353159.911,5.4,100.0,69.79,38.0,10.0,88,100,43131,271.59
1785353160.911,4.1,100.0,70.27,37.2,8.0,85,98,43131,273.55
1785353161.912,4.8,100.0,70.26,37.0,9.0,88,100,43131,260.74
1785353162.912,4.3,100.0,70.23,40.0,8.0,87,100,43131,271.73
1785353163.912,5.3,100.0,70.21,36.0,10.0,87,100,43131,251.88
1785353164.912,4.8,100.0,70.19,37.0,8.0,87,100,43131,280.48
1785353165.912,6.1,100.0,70.16,36.0,6.0,91,89,43131,237.99
1785353166.912,5.7,100.0,70.16,29.0,3.0,90,100,43131,249.80
1785353167.912,6.2,100.0,70.13,45.0,6.0,87,97,43131,263.18
1785353168.912,5.5,100.0,70.11,46.0,7.0,85,92,43131,287.57
1785353169.912,5.6,100.0,70.11,43.0,7.0,87,98,43131,274.78
1785353170.912,3.8,100.0,70.09,38.0,7.0,86,98,43131,271.54
1785353171.912,6.4,100.0,70.07,40.0,6.0,86,96,43131,275.49
1785353172.912,6.1,100.0,70.05,53.0,7.0,83,79,43131,282.64
1785353173.912,6.3,100.0,70.06,49.0,9.0,83,90,43131,266.04
1785353174.913,6.3,100.0,70.06,51.0,7.0,92,76,43131,293.83
1785353175.913,5.4,100.0,70.03,46.8,9.9,86,99,43131,269.62
1785353176.913,4.9,100.0,70.02,51.3,10.0,87,100,43131,280.09
1785353177.913,5.5,100.0,70.01,44.0,11.0,86,98,43131,269.73
1785353178.913,6.1,100.0,70.01,55.0,12.0,84,96,43131,279.26
1785353179.913,5.1,100.0,70.01,47.0,11.0,86,91,43131,276.01
1785353180.913,6.4,100.0,70.00,47.0,11.0,83,95,43131,267.23
1785353181.913,6.7,100.0,69.98,46.0,9.0,84,96,43131,264.03
1785353182.913,5.9,100.0,69.98,46.0,11.0,98,66,43131,273.98
1785353183.913,6.2,100.0,69.98,49.0,10.0,84,96,43131,278.12
1785353184.913,5.5,100.0,69.95,44.0,12.0,86,97,43131,275.86
1785353185.913,6.0,100.0,69.95,47.0,11.0,86,97,43131,277.22
1785353186.914,7.1,100.0,69.94,48.0,10.0,91,85,43131,279.95
1785353187.914,7.9,100.0,68.71,52.0,12.0,82,94,43131,289.47
1785353188.914,8.8,100.0,69.59,47.0,10.0,85,97,43131,284.46
1785353189.914,7.5,100.0,69.50,42.0,10.0,86,97,43131,281.82
1785353190.914,6.9,100.0,69.39,49.0,9.0,82,94,43131,272.00
1785353191.914,8.2,100.0,69.37,49.0,10.0,87,87,43131,286.65
1785353192.914,9.1,100.0,69.37,48.0,10.0,83,85,43131,291.61
1785353193.914,6.9,100.0,69.57,46.0,11.0,84,96,43131,275.86
1785353194.914,5.5,100.0,69.34,45.0,10.0,87,99,43131,281.24
1785353195.914,8.4,100.0,69.34,46.8,10.9,87,94,43131,288.53
1785353196.914,8.1,99.0,69.72,40.2,9.0,86,99,43131,280.00
1785353197.914,6.8,99.0,69.46,45.8,9.9,85,96,43131,285.98
1785353198.915,8.9,100.0,69.45,42.0,9.0,86,99,43131,274.01
1785353199.915,6.2,100.0,69.47,49.0,9.0,88,100,43131,271.62
1785353200.915,5.8,100.0,69.47,46.0,11.0,86,98,43131,272.11
1785353201.915,5.3,100.0,69.49,44.0,9.0,84,96,43131,287.27
1785353202.915,5.9,100.0,69.48,43.0,9.0,91,100,43131,264.30
1785353203.915,6.0,100.0,69.46,45.0,8.0,89,100,43131,275.14
1785353204.915,6.4,100.0,69.62,45.0,9.0,93,74,43131,288.09
1785353205.915,4.4,100.0,69.61,43.0,9.0,89,100,43131,273.55
1785353206.915,5.8,100.0,69.62,36.0,8.0,87,100,43131,287.84
1785353207.915,5.2,100.0,69.60,36.0,7.0,88,99,43131,275.85
1785353208.916,5.9,100.0,69.60,37.0,8.0,88,100,43131,277.99
1785353209.916,5.8,100.0,69.61,32.0,5.0,88,100,43131,276.01
1785353210.916,5.8,100.0,69.59,30.0,6.0,88,100,43131,254.81
1785353211.916,4.9,100.0,69.58,33.0,5.0,88,100,43131,267.52
1785353212.916,7.2,100.0,69.56,27.0,3.0,89,100,43131,255.02
1785353213.916,5.3,100.0,69.54,30.0,4.0,88,100,43131,240.40
1785353214.916,4.8,100.0,69.87,30.0,3.0,85,96,43131,239.77
1785353215.916,8.2,100.0,69.71,26.0,4.0,89,100,43131,239.70
1785353216.916,8.7,100.0,69.72,29.0,3.0,89,100,43131,255.99
1785353217.917,8.2,100.0,69.72,28.0,3.0,89,100,43131,263.08
1785353218.917,6.1,100.0,69.73,27.0,2.0,90,100,43131,256.03
1785353219.917,6.3,100.0,69.73,26.0,3.0,90,100,43131,258.91
1785353220.917,4.8,100.0,69.72,26.0,3.0,91,100,43131,259.37
1785353221.917,6.1,100.0,69.70,27.0,3.0,89,100,43131,257.36
1785353222.917,6.4,100.0,69.66,26.0,2.0,89,100,43131,250.11
1785353223.917,5.8,100.0,69.65,24.0,2.0,88,99,43131,258.71
1785353224.917,5.2,100.0,69.51,26.0,15.0,0,0,43131,230.36
1785353225.917,3.8,100.0,67.93,2.0,0.0,0,0,43131,133.02
1785353226.917,3.0,100.0,68.17,5.0,0.0,0,0,43131,119.20
1785353227.917,5.7,100.0,68.26,1.0,0.0,0,0,43131,118.82
1785353228.918,8.8,100.0,68.30,3.0,198.0,0,0,43131,118.28
1785353229.918,6.2,100.0,68.31,3.0,47.0,0,0,43131,117.99
1785353230.918,4.9,100.0,68.30,2.0,36.0,0,0,43131,117.70
1785353231.918,6.1,100.0,68.30,1.0,32.0,0,0,43131,117.19
1785353232.918,6.2,100.0,68.29,4.0,30.0,0,0,43131,116.80
1785353233.918,6.6,100.0,68.26,2.0,29.0,0,0,43131,116.62
1785353234.918,5.7,100.0,68.29,4.0,65.0,0,0,43131,116.43
1785353235.918,3.4,100.0,68.30,2.0,39.0,0,0,43131,116.35
1785353236.918,5.1,100.0,68.31,3.0,41.0,0,0,43131,116.14
1785353237.919,6.6,100.0,68.31,2.0,40.0,0,0,43131,115.75
1785353238.919,4.5,100.0,68.31,3.0,40.0,0,0,43131,115.61
1785353239.919,5.5,100.0,68.31,2.0,51.0,0,0,43131,115.49
1785353240.919,2.8,100.0,68.31,3.0,19.0,0,0,43131,115.25
1785353241.919,3.1,100.0,68.31,4.0,13.0,0,0,43131,114.41
1785353242.919,5.9,100.0,68.49,3.0,54.0,0,0,43131,113.56
1785353243.919,5.6,100.0,68.63,2.0,49.0,0,0,43131,113.40
1785353244.919,5.6,100.0,68.61,2.0,71.0,0,0,43131,113.38
1785353245.919,4.1,100.0,68.61,4.0,30.0,0,0,43131,113.28
1785353246.919,5.9,100.0,68.59,1.0,29.0,0,0,43131,113.14
1785353247.920,6.1,100.0,68.61,3.0,60.0,0,0,43131,112.99
1785353248.920,6.2,100.0,68.62,2.0,55.0,0,0,43131,112.74
1785353249.920,6.3,100.0,68.63,2.0,47.0,0,0,43131,112.60
1785353250.920,7.1,100.0,68.62,3.0,57.0,0,0,43131,112.55
1785353251.920,6.1,100.0,68.63,1.0,39.0,0,0,43131,112.46
1785353252.920,7.0,100.0,68.65,2.0,34.0,0,0,43131,112.35
1785353253.920,7.5,100.0,68.62,4.0,36.0,0,0,43131,112.25
1785353254.920,7.0,100.0,68.62,1.0,35.0,0,0,43131,112.21
1785353255.920,6.6,100.0,68.54,2.0,36.0,0,0,43131,112.11
1785353256.920,4.1,100.0,68.65,5.0,33.0,0,0,43131,111.97
1785353257.920,4.1,100.0,68.63,3.0,26.0,0,0,43131,111.87
1785353258.921,4.3,100.0,68.63,2.0,30.0,0,0,43131,111.74
1785353259.921,4.0,100.0,68.64,3.0,31.0,0,0,43131,111.71
1785353260.921,3.9,100.0,68.61,5.0,23.0,0,0,43131,111.69
1785353261.921,7.1,100.0,68.61,1.0,37.0,0,0,43131,111.56
1785353262.921,6.3,100.0,68.62,3.0,31.0,0,0,43131,111.41
1785353263.921,5.8,100.0,68.59,2.0,28.0,0,0,43131,111.33
1785353264.921,5.7,100.0,68.60,3.0,35.0,0,0,43131,111.29
1785353265.921,4.2,100.0,68.61,2.0,34.0,0,0,43131,111.24
1785353266.921,3.9,100.0,68.57,2.0,35.0,0,0,43131,111.38
1785353267.921,3.1,100.0,68.58,4.0,43.0,0,0,43131,111.31
1785353268.921,3.3,100.0,67.49,3.0,31.0,0,0,43131,111.07
1785353269.922,4.1,100.0,68.07,5.0,26.0,0,0,43131,110.99
1785353270.922,5.0,100.0,68.06,3.0,26.0,0,0,43131,110.85
1785353271.922,6.8,100.0,68.08,2.0,29.0,0,0,43131,110.80
1785353272.922,5.2,100.0,68.08,1.0,21.0,0,0,43131,110.79
1785353273.922,5.4,100.0,68.08,4.0,29.0,0,0,43131,110.74
1785353274.922,6.2,100.0,68.07,3.0,29.0,0,0,43131,110.65
1785353275.922,6.0,100.0,68.05,2.0,27.0,0,0,43131,111.68
1785353276.922,10.3,100.0,68.08,4.0,32.0,0,0,43131,112.80
1785353277.922,6.5,100.0,68.09,3.0,31.0,0,0,43131,112.79
1785353278.922,6.9,100.0,68.10,2.0,19.0,0,0,43131,112.77
1785353279.922,5.5,100.0,68.11,2.0,20.0,0,0,43131,112.80
1785353280.923,5.5,100.0,68.12,4.0,39.0,0,0,43131,112.78
1785353281.923,7.9,100.0,68.53,1.0,154.9,0,0,43131,112.70
1785353282.923,5.2,100.0,68.56,4.0,39.0,0,0,43131,112.60
1785353283.923,6.9,100.0,68.59,1.0,45.0,0,0,43131,112.54
1785353284.923,5.8,100.0,68.57,3.0,15.0,0,0,43131,112.48
1785353285.923,5.7,100.0,68.58,1.0,49.0,0,0,43131,112.41
1785353286.923,6.3,100.0,68.57,4.0,51.0,0,0,43131,112.58
1785353287.923,4.0,100.0,68.60,3.0,40.0,0,0,43131,112.50
1785353288.923,5.1,100.0,68.58,3.0,46.0,0,0,43131,112.31
1785353289.923,6.3,100.0,68.57,2.0,52.7,0,0,43131,112.31
1785353290.923,5.6,100.0,68.08,4.0,57.3,0,0,43131,112.25
1785353291.924,6.7,100.0,68.08,0.0,63.0,0,0,43131,112.20
1785353292.924,6.8,100.0,68.10,3.0,190.0,0,0,43131,112.25
1785353293.924,7.0,100.0,68.13,3.0,19.0,0,0,43131,112.30
1785353294.924,7.1,100.0,68.12,2.0,20.0,0,0,43131,112.30
1785353295.924,6.3,100.0,68.12,3.0,17.0,0,0,43131,112.25
1785353296.924,7.8,100.0,68.12,3.0,36.0,0,0,43131,112.18
1785353297.924,6.9,100.0,68.13,1.0,49.0,0,0,43131,112.14
1785353298.924,7.5,100.0,68.13,3.0,52.0,0,0,43131,112.05
1785353299.924,6.1,100.0,68.13,3.0,58.1,0,0,43131,112.01
1785353300.924,6.9,100.0,68.29,3.0,40.9,0,0,43131,112.06
1785353301.924,7.9,100.0,68.31,2.0,30.0,0,0,43131,112.10
1785353302.925,6.6,100.0,68.31,4.0,21.0,0,0,43131,112.10
1785353303.925,8.0,100.0,68.34,1.0,63.1,0,0,43131,112.10
1785353304.925,7.0,100.0,68.41,2.0,46.9,0,0,43131,112.05
1785353305.925,7.7,100.0,68.91,3.0,41.0,0,0,43131,111.96
1785353306.925,6.3,100.0,68.90,2.0,47.0,0,0,43131,111.92
1785353307.925,6.3,100.0,68.90,4.0,43.1,0,0,43131,111.96
1785353308.925,4.6,100.0,68.90,0.0,29.9,0,0,43131,112.02
1785353309.925,6.0,100.0,69.17,4.0,42.0,0,0,43131,111.92
1785353310.925,6.6,100.0,70.43,2.0,84.0,0,0,43131,111.78
1785353311.925,5.5,100.0,70.39,3.0,100.0,0,0,43131,111.82
1785353312.926,5.6,100.0,70.57,2.0,100.0,0,0,43131,111.87
1785353313.926,6.4,100.0,70.38,3.0,100.0,0,0,43131,111.76
1785353314.926,7.8,100.0,70.34,31.0,31.0,94,100,43131,214.21
1785353315.926,6.3,100.0,70.28,37.0,9.0,86,99,43131,270.28
1785353316.926,5.1,100.0,70.26,38.0,9.0,86,99,43131,265.56
1785353317.926,5.5,100.0,70.23,34.0,8.0,87,100,43131,265.77
1785353318.926,4.3,100.0,70.23,39.0,9.0,86,99,43131,261.67
1785353319.926,4.4,100.0,70.38,37.0,8.0,87,100,43131,272.84
1785353320.926,5.2,100.0,70.37,38.0,8.0,88,100,43131,265.83
1785353321.926,5.9,100.0,70.37,36.0,10.0,88,100,43131,268.12
1785353322.927,6.6,100.0,70.35,46.0,6.0,91,93,43131,252.60
1785353323.927,5.2,100.0,70.34,37.2,4.0,88,99,43131,248.85
1785353324.927,6.2,100.0,70.33,43.7,7.0,89,100,43131,263.12
1785353325.927,6.1,100.0,70.29,38.0,7.0,88,100,43131,259.66
1785353326.927,5.9,100.0,70.26,44.0,8.0,88,98,43131,273.05
1785353327.927,6.3,100.0,70.24,45.0,9.0,88,100,43131,269.04
1785353328.927,6.6,100.0,70.22,41.0,8.0,87,99,43131,278.84
1785353329.927,4.0,100.0,70.23,45.0,10.0,86,98,43131,270.75
1785353330.927,5.1,100.0,70.23,59.0,10.0,84,81,43131,284.94
1785353331.927,5.1,100.0,70.23,53.0,11.0,88,84,43131,272.23
1785353332.928,3.9,100.0,70.20,48.0,9.0,89,72,43131,289.04
1785353333.928,4.6,100.0,70.21,50.0,8.0,85,97,43131,291.79
1785353334.928,3.9,100.0,70.18,49.0,12.0,85,98,43131,279.51
1785353335.928,5.6,100.0,70.19,50.0,9.0,85,98,43131,272.41
1785353336.928,8.7,100.0,70.18,47.0,11.0,88,86,43131,277.03
1785353337.928,8.8,100.0,70.17,46.0,12.0,93,66,43131,272.26
1785353338.928,6.0,100.0,70.16,52.0,12.0,85,97,43131,283.31
1785353339.928,5.4,100.0,70.15,51.0,11.0,92,80,43131,282.48
1785353340.928,4.8,100.0,70.15,48.0,11.0,84,96,43131,276.58
1785353341.928,2.9,100.0,70.13,46.0,9.0,85,97,43131,285.19
1785353342.929,4.8,100.0,70.10,45.0,10.0,86,99,43131,265.40
1785353343.929,5.4,100.0,70.06,53.0,12.0,85,95,43131,288.79
1785353344.929,4.8,100.0,70.04,45.0,10.0,88,100,43131,287.57
1785353345.929,3.9,100.0,70.01,50.8,10.0,88,100,43131,265.07
1785353346.929,3.6,100.0,70.01,57.3,11.1,93,62,43131,283.76
1785353347.929,5.9,100.0,70.01,50.0,8.0,82,93,43131,273.85
1785353348.929,7.2,100.0,70.01,51.0,6.0,84,96,43131,284.50
1785353349.929,6.5,100.0,70.01,52.0,6.0,82,94,43131,285.73
1785353350.929,6.8,100.0,69.99,51.0,5.0,83,95,43131,264.53
1785353351.929,7.9,100.0,69.97,57.0,6.0,86,98,43131,284.69
1785353352.929,6.0,100.0,69.95,56.0,5.0,83,94,43131,298.35
1785353353.930,8.0,100.0,69.94,56.0,7.0,95,75,43131,289.37
1785353354.930,7.0,100.0,69.90,48.0,6.0,84,96,43131,282.93
1785353355.930,7.5,100.0,69.90,52.0,7.0,87,99,43131,290.99
1785353356.930,6.5,100.0,69.36,46.0,12.0,84,96,43131,279.96
1785353357.930,6.1,100.0,69.35,42.0,11.0,90,100,43131,282.02
1785353358.930,6.4,100.0,69.33,40.0,10.0,86,98,43131,282.48
1785353359.930,6.4,100.0,69.32,39.0,9.0,85,98,43131,280.55
1785353360.930,5.8,100.0,69.34,40.0,10.0,86,99,43131,280.07
1785353361.930,5.7,100.0,69.31,36.0,8.0,87,100,43131,275.48
1785353362.930,5.8,100.0,69.30,36.0,7.0,88,100,43131,268.14
1785353363.931,5.2,100.0,69.29,36.0,7.0,88,99,43131,280.17
1785353364.931,3.9,100.0,69.27,33.0,6.0,89,100,43131,270.30
1785353365.931,5.1,100.0,69.27,30.0,4.0,89,100,43131,248.07
1785353366.931,4.8,100.0,69.26,29.0,4.0,90,100,43131,258.57
1785353367.931,5.1,100.0,69.90,29.0,5.0,87,98,43131,270.75
1785353368.931,4.8,100.0,69.90,28.0,2.0,88,99,43131,267.14
1785353369.931,3.6,100.0,69.89,27.0,4.0,90,100,43131,251.60
1785353370.931,5.9,100.0,69.86,27.0,2.0,91,100,43131,260.27
1785353371.931,5.2,100.0,69.86,26.0,3.0,88,100,43131,259.67
1785353372.931,5.1,100.0,69.82,26.0,4.0,88,99,43131,258.58
1785353373.932,3.3,100.0,69.80,26.0,2.0,90,100,43131,255.39
1785353374.932,4.2,100.0,69.80,25.0,2.0,88,100,43131,254.07
1785353375.932,6.5,91.0,69.77,26.0,1.0,91,100,43131,255.05
1785353376.932,6.2,100.0,69.03,24.0,3.0,88,100,43131,259.76
1785353377.932,4.4,100.0,69.01,24.0,1.0,90,100,43131,253.59
1785353378.932,4.1,100.0,69.01,26.0,2.0,88,100,43131,256.92
1785353379.932,4.7,100.0,69.00,26.0,2.0,90,100,43131,253.97
1785353380.932,5.5,100.0,68.98,23.0,1.0,91,100,43131,258.49
1785353381.932,5.6,100.0,68.98,24.0,1.0,91,100,43131,260.98
1785353382.932,4.6,100.0,68.97,23.0,2.0,90,100,43131,261.01
1785353383.933,3.8,100.0,68.94,24.9,1.0,91,100,43131,262.02
1785353384.933,4.3,100.0,68.94,22.1,1.0,91,100,43131,259.97
1785353385.933,4.2,100.0,68.92,18.0,1.0,93,100,43131,265.25
1785353386.933,5.5,100.0,69.16,21.0,1.0,93,100,43131,261.64
1785353387.933,6.3,100.0,69.16,22.0,3.0,87,98,43131,264.29
1785353388.933,6.0,100.0,67.63,2.0,0.0,0,0,43131,133.53
1785353389.933,4.5,100.0,67.64,2.0,0.0,0,0,43131,119.29
1785353390.933,5.1,100.0,67.75,3.0,0.0,0,0,43131,118.92
1785353391.933,6.5,100.0,67.85,2.0,139.2,0,0,43131,118.37
1785353392.933,6.8,100.0,67.87,4.0,51.0,0,0,43131,117.92
1785353393.934,5.6,100.0,67.90,1.0,35.0,0,0,43131,117.54
1785353394.934,3.4,100.0,67.90,4.0,31.0,0,0,43131,117.27
1785353395.934,4.3,100.0,67.88,3.0,33.9,0,0,43131,116.98
1785353396.934,8.2,100.0,67.89,3.0,20.0,0,0,43131,116.67
1785353397.934,8.0,100.0,68.19,3.0,75.1,0,0,43131,116.47
1785353398.934,8.0,100.0,68.21,2.0,39.0,0,0,43131,116.30
1785353399.934,4.8,100.0,68.22,4.0,39.0,0,0,43131,116.05
1785353400.934,8.1,100.0,68.24,1.0,46.0,0,0,43131,115.75
1785353401.934,5.7,100.0,68.33,3.0,39.0,0,0,43131,115.30
1785353404.152,7.2,100.0,68.35,2.3,32.9,0,0,43131,115.30
1785353405.152,6.7,100.0,68.37,1.0,41.9,0,0,43131,115.15
1785353406.152,6.4,100.0,68.37,3.0,54.1,0,0,43131,114.39
1785353407.152,8.6,100.0,68.60,2.0,65.0,0,0,43131,113.67
1785353408.152,6.0,100.0,69.06,3.0,32.0,0,0,43398,113.52
1785353409.152,6.4,100.0,69.85,3.0,31.0,0,0,43398,113.35
1785353410.152,7.3,100.0,69.07,1.0,67.0,0,0,43131,113.33
1785353411.153,7.0,100.0,69.15,4.0,43.0,0,0,43131,113.15
1785353412.153,6.2,100.0,69.22,1.0,56.0,0,0,43131,112.88
1785353413.153,7.2,100.0,69.26,3.0,50.0,0,0,43131,112.67
1785353414.153,9.4,100.0,69.09,2.0,36.0,0,0,43131,112.54
1785353415.153,6.5,100.0,69.08,2.0,36.0,0,0,43131,112.49
1785353416.153,7.2,100.0,69.03,3.0,35.0,0,0,43131,112.44
1785353417.153,5.2,100.0,69.03,3.0,34.0,0,0,43131,112.35
1785353418.153,5.6,100.0,69.00,3.0,35.0,0,0,43131,112.19
1785353419.153,6.4,100.0,68.98,3.0,35.0,0,0,43131,112.03
1785353420.153,7.2,100.0,68.42,3.0,34.0,0,0,43131,111.99
1785353421.154,6.1,100.0,68.37,1.0,38.0,0,0,43131,111.91
1785353422.154,6.4,100.0,68.37,3.0,35.0,0,0,43131,111.81
1785353423.154,7.5,100.0,68.36,2.0,35.0,0,0,43131,111.70
1785353424.154,7.4,100.0,68.36,3.0,35.0,0,0,43131,111.54
1785353425.154,6.8,100.0,68.35,3.0,32.0,0,0,43131,111.50
1785353426.154,7.9,100.0,68.33,1.0,32.0,0,0,43131,111.41
1785353427.154,4.5,100.0,68.34,3.0,35.0,0,0,43131,111.50
1785353428.154,5.9,100.0,68.32,3.0,33.0,0,0,43131,111.57
1785353429.154,6.2,100.0,68.53,2.0,48.0,0,0,43131,111.32
1785353430.154,8.0,100.0,68.53,3.0,27.0,0,0,43131,111.23
1785353431.154,7.2,100.0,68.53,2.0,27.9,0,0,43131,111.13
1785353432.155,7.4,100.0,68.52,3.0,28.0,0,0,43131,111.02
1785353433.155,8.1,100.0,68.48,3.0,30.0,0,0,43131,111.00
1785353434.155,6.1,100.0,68.47,3.0,19.0,0,0,43131,110.97
1785353435.155,7.7,100.0,68.45,4.0,30.1,0,0,43131,110.89
1785353436.155,6.6,100.0,68.44,3.0,28.0,0,0,43131,110.74
1785353437.155,8.0,100.0,68.73,2.0,28.0,0,0,43131,110.70
1785353438.155,7.6,100.0,68.88,3.0,30.0,0,0,43131,110.67
1785353439.155,4.8,100.0,68.86,3.0,32.0,0,0,43131,110.57
1785353440.155,6.4,100.0,68.87,4.0,17.0,0,0,43131,111.77
1785353441.155,5.4,100.0,68.86,1.0,19.0,0,0,43131,112.79
1785353442.155,6.4,100.0,68.86,4.0,39.0,0,0,43131,112.64
1785353443.160,9.1,100.0,68.84,3.0,207.1,0,0,43131,112.74
1785353444.160,6.2,100.0,68.85,1.0,33.0,0,0,43131,112.77
1785353445.160,6.3,100.0,68.84,4.0,44.0,0,0,43131,112.67
1785353446.160,6.2,100.0,68.81,1.0,15.0,0,0,43131,112.55
1785353447.160,5.3,100.0,68.83,4.0,60.0,0,0,43131,112.55
1785353448.160,6.2,100.0,68.82,3.0,48.0,0,0,43131,112.79
1785353449.160,6.3,100.0,68.82,3.0,42.8,0,0,43131,112.69
1785353450.160,5.5,100.0,68.30,0.0,51.2,0,0,43131,112.35
1785353451.160,7.1,100.0,68.29,3.0,58.0,0,0,43131,112.30
1785353452.160,6.3,100.0,68.30,2.0,53.0,0,0,43131,112.40
1785353453.161,7.1,100.0,68.32,4.0,189.5,0,0,43131,112.49
1785353454.161,6.6,100.0,68.33,1.0,27.1,0,0,43131,112.54
1785353455.161,5.8,100.0,68.32,3.0,17.0,0,0,43131,112.44
1785353456.161,5.8,100.0,68.31,3.0,19.0,0,0,43131,112.36
1785353457.161,8.5,100.0,68.29,2.0,34.0,0,0,43131,112.36
1785353458.161,9.3,100.0,68.28,1.0,49.0,0,0,43131,112.30
1785353459.161,7.1,100.0,68.29,3.0,50.0,0,0,43131,112.25
1785353460.161,6.4,100.0,68.29,3.0,59.0,0,0,43131,112.16
1785353461.161,3.8,100.0,68.28,3.0,36.0,0,0,43131,112.11
1785353462.161,4.8,100.0,68.88,2.0,26.0,0,0,43131,112.16
1785353463.161,5.4,100.0,68.87,2.0,21.0,0,0,43131,112.16
1785353464.162,6.2,100.0,68.86,2.0,65.0,0,0,43131,112.05
1785353465.162,6.3,100.0,68.87,2.0,46.0,0,0,43131,112.01
1785353466.162,6.4,100.0,68.87,2.0,43.0,0,0,43131,111.96
1785353467.162,5.3,100.0,68.86,4.0,46.0,0,0,43131,112.05
1785353468.162,6.7,100.0,68.85,3.0,41.0,0,0,43131,112.11
1785353469.162,6.2,100.0,68.87,0.0,30.0,0,0,43131,112.06
1785353470.162,4.8,100.0,68.96,4.0,43.0,0,0,43131,112.05
1785353471.162,3.9,100.0,70.20,2.0,79.0,0,0,43131,111.93
1785353472.162,4.6,100.0,69.68,3.0,100.0,0,0,43131,111.89
1785353473.162,6.0,100.0,69.92,4.0,100.0,0,0,43131,111.90
1785353474.162,7.0,100.0,69.79,1.0,100.0,0,0,43131,111.94
1785353475.163,6.4,100.0,69.77,45.0,20.0,85,97,43131,215.04
1785353476.163,5.0,100.0,69.76,42.0,6.0,100,64,43131,228.07
1785353477.163,5.0,100.0,69.72,46.0,6.0,89,71,43131,257.55
1785353478.163,6.0,100.0,69.72,33.0,4.0,90,100,43131,245.25
1785353479.163,6.7,100.0,69.70,57.0,7.0,83,79,43131,263.56
1785353480.163,6.4,100.0,69.68,51.0,9.0,91,87,43131,264.12
1785353481.163,6.8,100.0,69.70,40.0,7.0,86,96,43131,260.05
1785353482.163,5.8,100.0,69.68,48.0,9.0,85,96,43131,268.25
1785353483.163,5.9,100.0,69.68,44.0,8.0,86,99,43131,263.73
1785353484.163,6.4,100.0,69.81,46.0,8.0,91,75,43131,285.73
1785353485.163,5.8,100.0,69.81,38.0,9.0,86,99,43131,272.61
1785353486.164,6.6,100.0,69.80,44.0,7.0,87,96,43131,273.73
1785353487.164,4.7,100.0,69.82,45.0,9.0,86,99,43131,285.39
1785353488.164,3.9,100.0,69.84,49.0,8.0,86,99,43131,280.51
1785353489.164,3.9,100.0,69.82,49.0,9.0,86,98,43131,254.24
1785353490.164,3.6,100.0,69.82,50.0,10.0,85,98,43131,276.19
1785353491.164,5.7,100.0,69.79,51.0,12.0,84,96,43131,278.18
1785353492.164,6.1,100.0,69.93,50.0,10.0,85,97,43131,274.99
1785353493.164,5.9,100.0,69.92,46.0,11.0,86,97,43131,275.48
1785353494.164,5.8,100.0,69.92,49.0,10.0,86,99,43131,272.70
1785353495.164,7.2,100.0,69.91,49.9,10.0,84,95,43131,278.91
1785353496.165,6.8,100.0,69.92,50.0,9.0,83,93,43131,272.48
1785353497.165,7.0,100.0,69.91,59.0,11.0,87,85,43131,280.20
1785353498.165,7.3,100.0,69.91,47.0,11.0,86,98,43131,274.37
1785353499.165,3.6,100.0,69.89,51.0,12.0,83,93,43131,278.91
1785353500.165,4.3,100.0,69.88,55.0,10.0,84,95,43131,280.12
1785353501.165,3.5,100.0,69.86,50.0,11.0,100,63,43131,287.92
1785353502.165,3.8,100.0,69.87,52.0,14.0,83,94,43131,288.57
1785353503.165,6.2,100.0,69.85,51.0,11.0,84,80,43131,289.95
1785353504.165,6.3,100.0,69.44,50.0,11.0,87,85,43131,283.58
1785353505.165,6.6,100.0,69.74,54.0,13.0,81,92,43131,280.71
1785353506.166,6.5,100.0,69.72,47.0,12.0,84,95,43131,277.62
1785353507.166,5.1,100.0,69.71,49.0,12.0,89,100,43131,275.73
1785353508.166,6.4,100.0,69.70,51.0,10.0,85,96,43131,270.60
1785353509.166,5.5,100.0,69.71,46.0,12.0,83,94,43131,272.50
1785353510.166,4.8,100.0,69.73,43.0,12.0,85,96,43131,278.19
1785353511.166,5.2,100.0,69.73,41.0,10.0,89,100,43131,278.20
1785353512.166,6.5,100.0,69.91,40.0,7.0,85,96,43131,275.90
1785353513.166,3.9,100.0,69.91,39.0,2.0,85,98,43131,276.08
1785353514.166,4.3,100.0,69.91,42.0,4.0,85,98,43131,273.59
1785353515.166,4.0,100.0,69.88,37.0,3.0,87,98,43131,265.81
1785353516.167,5.4,100.0,69.85,34.0,2.0,89,100,43131,279.44
1785353517.167,10.4,100.0,69.84,26.0,6.0,96,100,43131,275.76
1785353518.167,6.6,100.0,69.84,24.0,7.0,88,100,43131,257.54
1785353519.167,5.5,100.0,69.85,27.0,4.0,89,100,43131,241.23
1785353520.167,5.9,100.0,69.28,29.0,3.0,89,100,43131,238.76
1785353521.167,9.3,100.0,69.28,20.0,4.0,92,100,43131,262.93
1785353522.167,6.7,100.0,69.24,22.0,2.0,88,100,43131,265.64
1785353523.167,4.9,100.0,69.25,26.0,4.0,89,100,43131,256.56
1785353524.167,5.6,100.0,69.59,29.0,2.0,88,100,43131,255.40
1785353525.167,3.9,100.0,69.41,26.0,3.0,88,99,43131,256.10
1785353526.168,3.8,100.0,69.42,25.0,2.0,88,100,43131,253.01
1785353527.168,3.6,100.0,69.43,25.0,2.0,90,100,43131,252.27
1785353528.168,5.2,100.0,69.42,19.0,2.0,96,100,43131,263.23
1785353529.168,6.5,100.0,69.41,13.0,2.0,95,100,43131,265.19
1785353530.168,5.8,100.0,69.38,16.0,2.0,93,100,43131,266.41
1785353531.168,5.8,100.0,69.37,16.0,0.0,90,100,43131,265.89
1785353532.168,5.6,100.0,69.22,15.0,39.0,0,0,43131,199.66
1785353533.168,5.8,100.0,67.83,1.0,0.0,0,0,43131,134.17
1785353534.168,5.4,100.0,68.24,4.0,0.0,0,0,43131,118.69
1785353535.168,5.1,100.0,68.45,2.7,0.0,0,0,43131,118.39
1785353536.169,4.5,100.0,68.46,2.2,47.2,0,0,43131,117.81
1785353537.169,5.3,100.0,68.44,3.0,44.0,0,0,43131,117.27
1785353538.169,4.0,100.0,68.44,6.0,39.0,0,0,43131,116.93
1785353539.169,3.8,100.0,68.43,1.0,38.0,0,0,43131,116.68
1785353540.169,5.8,100.0,68.41,3.0,21.0,0,0,43131,116.48
1785353541.169,5.6,100.0,68.41,3.0,44.0,0,0,43131,116.24
1785353542.169,7.0,100.0,68.43,2.0,56.0,0,0,43131,115.94
1785353543.169,6.6,100.0,68.45,2.0,43.0,0,0,43131,115.73
1785353544.169,5.7,100.0,68.43,3.0,45.0,0,0,43131,115.61
1785353545.169,6.5,100.0,68.44,2.0,40.0,0,0,43131,115.37
1785353546.169,6.3,100.0,68.40,2.0,41.0,0,0,43131,115.18
1785353547.170,5.2,100.0,68.39,2.0,37.0,0,0,43131,114.45
1785353548.170,4.1,100.0,68.39,3.0,21.0,0,0,43131,113.67
1785353549.170,3.8,100.0,68.41,4.0,56.0,0,0,43131,113.48
1785353550.170,6.6,100.0,68.43,2.0,62.0,0,0,43131,113.32
1785353551.170,4.3,100.0,67.32,4.0,48.0,0,0,43131,113.18
1785353552.170,4.0,100.0,67.85,4.0,31.0,0,0,43131,113.05
1785353553.170,8.5,100.0,67.91,2.0,49.2,0,0,43131,112.92
1785353554.170,5.9,100.0,67.80,4.0,58.7,0,0,43131,112.78
1785353555.170,6.8,100.0,67.82,2.0,53.0,0,0,43131,112.68
1785353556.170,5.4,100.0,67.82,5.0,49.0,0,0,43131,112.59
1785353557.171,6.0,100.0,67.84,3.0,50.0,0,0,43131,112.49
1785353558.171,5.5,100.0,67.86,3.0,34.0,0,0,43131,112.34
1785353559.171,7.4,100.0,67.88,2.0,26.0,0,0,43131,112.16
1785353560.171,6.2,100.0,67.88,4.0,27.0,0,0,43131,112.07
1785353561.171,6.3,100.0,67.89,1.0,36.0,0,0,43131,111.97
1785353562.171,4.6,100.0,67.95,4.0,35.0,0,0,43131,111.90
1785353563.171,4.3,100.0,67.96,1.0,33.0,0,0,43131,111.81
1785353564.171,5.5,100.0,68.16,3.0,27.0,0,0,43131,111.73
1785353565.171,6.4,100.0,68.14,2.0,26.0,0,0,43131,111.61
1785353566.172,4.0,100.0,68.14,5.0,32.0,0,0,43131,111.52
1785353567.172,3.8,100.0,68.13,11.0,32.0,0,0,43131,111.53
1785353568.172,4.3,100.0,68.14,3.0,33.0,0,0,43131,111.45
1785353569.172,3.7,100.0,68.14,3.0,33.0,0,0,43131,111.26
1785353570.172,4.3,100.0,68.14,2.0,36.0,0,0,43131,111.21
1785353571.172,4.7,100.0,68.15,3.0,33.0,0,0,43131,111.16
1785353572.172,3.5,100.0,68.16,3.0,41.0,0,0,43131,111.03
1785353573.172,5.3,100.0,68.14,3.0,31.1,0,0,43131,110.97
1785353574.172,6.1,100.0,68.14,2.0,26.9,0,0,43131,110.94
1785353575.172,6.0,100.0,68.13,3.0,27.0,0,0,43131,110.94
1785353576.173,4.9,100.0,68.11,2.0,30.0,0,0,43131,110.85
1785353577.173,9.1,100.0,68.12,2.0,18.0,0,0,43131,110.75
1785353578.173,6.3,100.0,68.12,4.0,15.0,0,0,43131,110.67
1785353579.173,6.7,100.0,68.10,2.0,28.0,0,0,43131,110.57
1785353580.173,4.3,58.6,68.04,2.0,23.0,0,0,43131,111.71
1785353581.173,4.1,100.0,68.43,4.0,28.0,0,0,43131,112.83
1785353582.173,5.6,100.0,68.39,3.0,29.0,0,0,43131,112.75
1785353583.173,3.8,100.0,68.39,3.0,24.0,0,0,43131,112.70
1785353584.173,3.6,100.0,68.39,5.0,18.0,0,0,43131,112.65
1785353585.173,4.9,100.0,68.40,3.0,39.0,0,0,43131,112.62
1785353586.174,5.8,100.0,68.42,1.0,49.0,0,0,43131,112.62
1785353587.174,8.2,100.0,68.44,3.0,194.9,0,0,43131,112.57
1785353588.174,5.8,100.0,68.46,3.0,42.0,0,0,43131,112.47
1785353589.174,6.0,100.0,68.48,3.0,23.0,0,0,43131,112.44
1785353590.174,5.5,100.0,68.50,4.0,37.0,0,0,43131,112.48
1785353591.174,4.5,100.0,68.51,2.0,53.0,0,0,43131,112.40
1785353592.174,4.9,100.0,68.50,4.0,49.0,0,0,43131,112.41
1785353593.174,6.5,79.0,68.22,3.0,40.0,0,0,43131,112.44
1785353594.174,5.2,100.0,68.43,2.0,51.0,0,0,43131,112.35
1785353595.175,7.6,100.0,68.45,3.0,62.0,0,0,43131,112.30
1785353596.175,9.0,100.0,68.43,3.0,64.0,0,0,43131,112.33
1785353597.175,9.8,100.0,68.62,4.0,187.8,0,0,43131,112.29
1785353598.175,7.1,100.0,68.49,2.0,17.9,0,0,43131,112.25
1785353599.175,8.8,100.0,68.83,4.0,19.0,0,0,43131,112.25
1785353600.175,7.1,75.2,68.70,2.0,25.0,0,0,43131,112.11
1785353601.175,7.5,100.0,68.85,4.0,41.0,0,0,43131,112.07
1785353602.175,5.4,88.9,68.72,3.0,53.0,0,0,43131,112.16
1785353603.175,8.5,81.8,68.77,2.0,52.0,0,0,43131,112.12
1785353604.175,8.3,100.0,68.90,4.0,51.1,0,0,43131,112.00
1785353605.175,3.8,100.0,68.79,4.0,32.9,0,0,43131,111.98
1785353606.176,4.6,100.0,68.82,3.0,18.0,0,0,43131,112.11
1785353607.176,5.0,100.0,68.83,3.0,54.5,0,0,43131,112.12
1785353608.176,5.9,100.0,68.85,2.0,53.6,0,0,43131,111.97
1785353609.176,6.5,100.0,68.87,3.0,42.1,0,0,43131,111.97
1785353610.176,6.0,100.0,68.88,3.0,50.1,0,0,43131,111.97
1785353611.176,5.2,100.0,68.90,2.0,44.0,0,0,43131,111.92
1785353612.176,4.5,100.0,68.90,4.0,31.0,0,0,43131,111.92
1785353613.176,5.9,100.0,68.95,2.0,36.0,0,0,43131,111.87
1785353614.176,6.0,100.0,69.91,2.0,73.0,0,0,43131,111.87
1785353615.177,5.2,100.0,70.31,4.0,100.0,0,0,43131,111.82
1785353616.177,4.8,100.0,70.39,2.0,100.0,0,0,43131,111.78
1785353617.177,4.2,100.0,70.50,4.0,100.0,0,0,43131,111.73
1785353618.177,4.6,100.0,70.39,30.0,53.0,100,61,43131,164.27
1785353619.177,6.7,100.0,70.38,30.0,6.0,86,98,43131,275.25
1785353620.177,5.5,100.0,70.39,36.0,8.0,87,100,43131,269.81
1785353621.177,4.3,100.0,70.38,38.0,7.0,86,99,43131,270.25
1785353622.177,4.5,100.0,70.36,40.0,11.0,87,100,43131,255.99
1785353623.177,4.6,100.0,70.28,40.0,9.0,87,100,43131,281.10
1785353624.177,7.2,100.0,70.28,34.0,8.0,87,100,43131,283.88
1785353625.178,5.7,100.0,70.29,34.0,7.0,88,100,43131,283.30
1785353626.178,5.6,100.0,70.25,37.0,10.0,88,100,43131,283.39
1785353627.178,4.6,100.0,70.24,36.0,7.0,87,100,43131,279.02
1785353628.178,5.2,100.0,70.21,38.0,5.0,91,90,43131,245.13
1785353629.178,5.5,100.0,70.18,38.0,4.0,94,80,43131,259.71
1785353630.178,3.5,100.0,70.17,49.0,7.0,88,94,43131,267.51
1785353631.178,4.2,100.0,70.14,49.0,7.0,88,85,43131,271.59
1785353632.178,5.9,100.0,70.13,43.0,8.0,86,97,43131,266.05
1785353633.178,6.5,100.0,70.14,46.0,7.0,85,90,43131,287.04
1785353634.179,5.5,100.0,70.12,48.0,7.0,86,88,43131,286.02
1785353635.179,4.5,100.0,70.07,56.0,9.0,82,83,43131,277.51
1785353636.179,4.5,100.0,70.06,49.0,10.0,83,79,43131,263.17
1785353637.179,11.2,100.0,70.05,53.0,10.0,85,97,43131,284.87
1785353638.179,6.6,100.0,70.03,51.0,11.0,80,91,43131,276.65
1785353639.179,4.4,100.0,70.04,55.0,13.0,85,97,43131,284.98
1785353640.179,3.9,100.0,70.01,50.7,11.9,84,96,43131,280.88
1785353641.179,4.9,100.0,70.00,51.3,10.1,84,95,43131,280.81
1785353642.179,5.1,100.0,70.01,54.0,10.0,91,74,43131,270.42
1785353643.179,5.8,100.0,70.01,52.0,11.0,81,92,43131,277.18
1785353644.179,5.4,100.0,69.99,50.0,12.0,80,89,43131,284.72
1785353645.180,6.9,100.0,69.99,53.0,13.0,87,80,43131,276.76
1785353646.180,5.7,100.0,69.99,52.0,11.0,87,98,43131,290.41
1785353647.180,5.7,100.0,69.98,50.0,12.0,84,96,43131,279.65
1785353648.180,6.1,100.0,70.09,51.0,11.0,84,96,43131,279.45
1785353649.180,6.5,100.0,70.10,53.0,12.0,84,96,43131,291.21
1785353650.180,5.7,100.0,70.10,53.0,12.0,84,95,43131,292.02
1785353651.180,6.7,100.0,70.08,49.0,11.0,91,69,43131,299.75
1785353652.180,5.9,100.0,70.09,54.0,13.0,84,95,43131,281.88
1785353653.180,5.8,100.0,70.09,49.0,12.0,92,66,43131,285.00
1785353654.181,4.5,100.0,70.07,51.0,12.0,82,94,43131,287.50
1785353655.181,4.5,100.0,70.08,47.0,11.0,87,91,43131,271.57
1785353656.181,6.0,100.0,70.03,51.0,12.0,96,79,43131,277.04
1785353657.181,6.5,100.0,70.01,49.0,13.0,87,100,43131,277.08
1785353658.181,6.5,100.0,70.03,49.0,10.0,84,95,43131,293.99
1785353659.181,5.8,100.0,70.01,51.0,10.0,92,64,43131,293.54
1785353660.181,7.0,100.0,70.00,46.0,11.0,85,96,43131,278.43
1785353661.181,5.7,100.0,70.01,45.0,11.0,86,98,43131,291.74
1785353662.181,5.5,100.0,69.99,44.0,11.0,89,100,43131,280.04
1785353663.181,5.9,100.0,69.99,38.0,9.0,87,100,43131,280.94
1785353664.182,5.4,100.0,69.98,38.0,9.0,86,99,43131,276.02
1785353665.182,3.6,100.0,69.95,38.0,8.0,86,98,43131,290.96
1785353666.182,5.8,100.0,69.93,34.0,7.0,87,99,43131,275.83
1785353667.182,6.4,100.0,69.95,34.0,5.0,88,99,43131,278.79
1785353668.182,6.1,100.0,69.94,29.0,6.0,89,100,43131,260.30
1785353669.182,3.8,100.0,69.91,31.0,5.0,88,100,43131,268.67
1785353670.182,4.5,100.0,69.89,31.0,4.0,88,99,43131,262.47
1785353671.182,6.5,100.0,69.88,29.0,4.0,89,100,43131,254.85
1785353672.182,5.4,100.0,69.87,29.0,5.0,89,100,43131,271.67
1785353673.183,6.2,100.0,69.82,26.0,3.0,89,100,43131,272.64
1785353674.183,4.9,100.0,69.80,29.0,4.0,89,100,43131,255.97
1785353675.183,4.5,100.0,69.80,27.0,3.0,88,99,43131,264.52
1785353676.183,5.7,100.0,69.83,27.0,3.0,90,100,43131,254.69
1785353677.183,5.3,100.0,69.82,25.0,3.0,90,100,43131,259.35
1785353678.183,6.0,100.0,69.82,27.0,2.0,89,100,43131,260.11
1785353679.183,6.0,100.0,69.34,26.0,3.0,89,100,43131,256.45
1785353680.183,5.8,100.0,69.32,24.0,2.0,91,100,43131,257.06
1785353681.183,7.8,100.0,69.30,27.0,2.0,90,100,43131,255.84
1785353682.183,5.2,100.0,69.30,24.0,1.0,88,100,43131,257.88
1785353683.184,3.8,100.0,69.28,24.0,2.0,88,99,43131,260.72
1785353684.184,5.3,100.0,69.26,23.0,1.0,91,100,43131,258.64
1785353685.184,4.8,100.0,69.14,19.0,39.0,0,0,43131,208.21
1785353686.184,4.8,100.0,67.76,4.0,0.0,0,0,43131,120.81
1785353687.184,3.1,100.0,67.75,2.0,0.0,0,0,43131,118.99
1785353688.184,6.0,100.0,67.93,4.0,0.0,0,0,43131,118.57
1785353689.184,8.1,100.0,67.93,2.0,198.0,0,0,43131,118.04
1785353690.184,5.3,100.0,67.95,3.0,49.0,0,0,43131,117.71
1785353691.184,4.5,100.0,67.95,2.0,40.0,0,0,43131,117.42
1785353692.184,5.0,100.0,67.92,2.0,35.0,0,0,43131,117.12
1785353693.184,5.3,100.0,67.91,4.0,28.0,0,0,43131,116.78
1785353694.185,6.2,100.0,67.91,1.0,35.0,0,0,43131,116.44
1785353695.185,6.6,100.0,68.33,5.0,64.0,0,0,43131,116.20
1785353696.185,4.2,100.0,68.34,3.0,37.0,0,0,43131,116.10
1785353697.185,7.8,100.0,68.50,3.0,34.9,0,0,43131,115.91
1785353698.185,7.6,100.0,68.50,5.0,37.0,0,0,43131,115.50
1785353699.185,6.9,100.0,68.52,4.0,39.2,0,0,43131,115.41
1785353700.185,5.9,100.0,68.52,2.0,50.0,0,0,43131,115.13
1785353701.185,5.5,100.0,68.53,4.0,21.0,0,0,43131,114.38
1785353702.185,5.6,100.0,68.54,3.0,36.0,0,0,43131,113.60
1785353703.185,5.1,100.0,68.54,4.0,53.0,0,0,43131,113.52
1785353704.185,6.6,100.0,68.54,2.0,63.9,0,0,43131,113.42
1785353705.186,7.1,100.0,68.54,3.0,41.0,0,0,43131,113.32
1785353706.186,6.2,100.0,68.54,4.0,26.0,0,0,43131,113.13
1785353707.186,6.3,100.0,67.93,2.0,59.0,0,0,43131,112.91
1785353708.186,6.3,100.0,68.08,3.0,57.9,0,0,43131,112.76
1785353709.186,6.2,100.0,68.10,4.0,47.2,0,0,43131,112.64
1785353710.186,6.5,100.0,68.09,2.0,58.3,0,0,43131,112.50
1785353711.186,4.8,100.0,68.07,2.0,35.8,0,0,43131,112.36
1785353712.186,3.7,100.0,68.08,4.0,34.0,0,0,43131,112.31
1785353713.186,3.8,100.0,68.10,3.0,33.0,0,0,43131,112.26
1785353714.186,4.4,100.0,68.13,3.0,36.0,0,0,43131,112.11
1785353715.186,4.6,100.0,68.14,3.0,34.0,0,0,43131,111.97
1785353716.187,5.6,100.0,68.14,2.0,36.0,0,0,43131,111.87
1785353717.187,4.9,100.0,68.23,2.0,32.0,0,0,43131,111.83
1785353718.187,8.7,100.0,68.31,4.0,33.0,0,0,43131,111.79
1785353719.187,7.3,100.0,68.30,2.0,36.0,0,0,43131,111.67
1785353720.187,7.0,100.0,68.29,2.0,31.0,0,0,43131,111.53
1785353721.187,6.3,100.0,68.30,4.0,35.0,0,0,43131,111.43
1785353722.187,4.8,100.0,68.32,3.0,26.9,0,0,43131,111.42
1785353723.187,6.3,100.0,68.30,3.0,28.1,0,0,43131,111.36
1785353724.187,6.7,100.0,68.30,4.0,23.0,0,0,43131,111.32
1785353725.187,6.6,100.0,68.45,2.0,35.0,0,0,43131,111.32
1785353726.187,5.5,100.0,68.44,4.0,22.0,0,0,43131,111.23
1785353727.188,3.6,100.0,68.45,3.0,24.0,0,0,43131,111.07
1785353728.188,4.8,100.0,68.64,4.0,37.0,0,0,43131,111.03
1785353729.188,6.5,100.0,68.63,1.0,28.0,0,0,43131,111.01
1785353730.188,5.7,100.0,68.63,3.0,28.0,0,0,43131,110.94
1785353731.188,5.4,100.0,68.65,3.0,30.0,0,0,43131,110.85
1785353732.188,3.2,100.0,68.65,2.0,25.0,0,0,43131,112.20
1785353733.188,4.2,100.0,68.66,3.0,14.0,0,0,43131,113.27
1785353734.188,4.0,100.0,68.63,4.0,29.0,0,0,43131,112.89
1785353735.188,4.4,100.0,68.61,3.0,25.0,0,0,43131,112.89
1785353736.188,6.3,100.0,68.60,3.0,29.0,0,0,43131,112.84
1785353737.188,4.2,100.0,68.59,3.0,27.0,0,0,43131,112.75
1785353738.189,6.8,100.0,68.70,2.0,33.0,0,0,43131,112.80
1785353739.189,5.3,100.0,68.71,2.0,17.0,0,0,43131,112.80
1785353740.189,4.9,100.0,68.70,2.0,19.0,0,0,43131,112.69
1785353741.189,8.1,100.0,68.71,3.0,37.0,0,0,43131,112.64
1785353742.189,8.3,100.0,68.73,2.0,158.0,0,0,43131,112.50
1785353743.189,4.7,100.0,68.75,3.0,44.0,0,0,43131,112.50
1785353744.189,4.7,100.0,68.76,4.0,38.0,0,0,43131,112.65
1785353745.189,3.5,100.0,68.77,3.0,13.0,0,0,43131,112.55
1785353746.189,5.8,100.0,68.75,3.0,35.0,0,0,43131,112.50
1785353747.189,5.8,100.0,68.75,1.0,49.0,0,0,43131,112.49
1785353748.190,4.5,100.0,68.77,4.0,41.0,0,0,43131,112.35
1785353749.190,6.2,100.0,68.76,3.0,43.8,0,0,43131,112.28
1785353750.190,5.3,100.0,68.77,4.0,52.2,0,0,43131,112.32
1785353751.190,6.9,100.0,68.77,2.0,60.0,0,0,43131,112.35
1785353752.190,7.0,100.0,68.79,2.0,56.0,0,0,43131,112.25
1785353753.190,5.7,100.0,68.83,4.0,202.9,0,0,43131,112.16
1785353754.190,6.9,100.0,68.84,1.0,24.0,0,0,43131,112.11
1785353755.190,3.8,100.0,68.85,3.0,17.0,0,0,43131,112.11
1785353756.190,6.1,100.0,68.93,3.0,19.0,0,0,43131,112.36
1785353757.190,9.6,100.0,68.93,2.0,29.0,0,0,43131,112.40
1785353758.191,8.1,100.0,68.95,2.0,48.0,0,0,43131,112.10
1785353759.191,6.6,100.0,68.97,3.0,52.0,0,0,43131,112.06
1785353760.191,3.9,100.0,68.97,2.0,50.0,0,0,43131,112.07
1785353761.191,4.4,100.0,69.00,4.0,44.0,0,0,43131,111.97
1785353762.191,3.5,100.0,68.98,3.0,29.0,0,0,43131,111.97
1785353763.191,4.1,100.0,68.97,3.0,17.0,0,0,43131,112.02
1785353764.191,3.1,100.0,68.99,3.0,35.0,0,0,43131,112.02
1785353765.191,6.3,100.0,69.21,3.0,66.0,0,0,43131,111.97
1785353766.191,7.1,100.0,69.21,3.0,44.0,0,0,43131,111.96
1785353767.191,6.3,100.0,69.21,2.0,46.0,0,0,43131,111.91
1785353768.192,6.3,100.0,69.21,5.0,43.0,0,0,43131,111.91
1785353769.192,6.0,100.0,69.21,2.0,44.0,0,0,43131,111.87
1785353770.192,6.9,100.0,69.23,2.0,9.0,0,0,43131,111.82
1785353771.192,5.3,100.0,69.47,1.0,62.2,0,0,43131,111.86
1785353772.192,5.8,100.0,70.63,2.0,99.0,0,0,43131,111.77
1785353773.192,6.4,100.0,70.64,4.0,101.0,0,0,43131,111.73
1785353774.192,8.2,100.0,70.89,1.0,100.0,0,0,43131,111.77
1785353775.192,7.4,100.0,70.77,22.0,78.7,83,80,43131,138.33
1785353776.192,6.5,100.0,70.31,39.0,7.0,85,97,43131,278.02
1785353777.192,5.9,100.0,70.31,38.0,10.0,88,100,43131,264.09
1785353778.192,4.8,100.0,70.27,39.0,8.0,88,100,43131,264.44
1785353779.193,7.1,100.0,70.26,37.0,8.0,88,100,43131,270.26
1785353780.193,5.8,100.0,70.24,36.0,8.0,87,100,43131,258.30
1785353781.193,7.0,100.0,70.23,38.0,9.0,87,100,43131,265.78
1785353782.193,6.7,100.0,70.23,38.0,8.0,88,100,43131,266.77
1785353783.193,6.4,100.0,70.40,40.0,10.0,87,99,43131,279.23
1785353784.193,4.5,100.0,70.40,46.0,4.0,90,83,43131,254.88
1785353785.193,5.7,100.0,70.37,44.0,8.0,86,97,43131,269.39
1785353786.193,6.9,100.0,70.37,46.0,9.0,92,63,43131,262.68
1785353787.193,6.0,100.0,70.37,47.0,8.0,83,92,43131,251.05
1785353788.194,7.2,100.0,70.37,39.0,10.0,94,100,43131,285.38
1785353789.194,4.9,100.0,70.37,50.0,10.0,87,94,43131,290.15
1785353790.194,7.3,100.0,70.46,42.0,11.0,93,100,43131,296.82
1785353791.194,6.6,100.0,70.46,37.0,12.0,98,73,43131,293.90
1785353792.194,5.8,100.0,70.44,46.0,10.0,88,86,43131,289.42
1785353793.194,4.9,100.0,70.42,50.0,10.0,93,64,43131,279.64
1785353794.194,6.5,100.0,70.44,46.0,13.0,91,98,43131,279.16
1785353795.194,6.8,100.0,70.43,43.0,14.0,91,100,43131,292.92
1785353796.194,5.9,100.0,70.41,48.0,13.0,79,90,43131,294.94
1785353797.194,5.8,100.0,70.40,44.0,14.0,93,100,43131,293.73
1785353798.195,5.1,100.0,70.38,45.0,11.0,100,62,43131,303.22
1785353799.195,4.8,100.0,70.37,45.0,15.0,93,100,43131,284.35
1785353800.195,5.5,100.0,70.36,41.0,12.0,93,100,43131,287.55
1785353801.195,5.2,100.0,70.36,41.0,14.0,97,83,43131,287.10
1785353802.195,5.2,100.0,70.35,54.0,12.0,82,93,43131,298.56
1785353803.195,5.6,100.0,70.35,57.0,16.0,83,91,43131,275.50
1785353804.195,6.1,100.0,70.35,39.0,12.0,97,68,43131,300.03
1785353805.195,5.9,100.0,70.32,45.0,17.0,91,100,43131,296.90
1785353806.195,4.7,100.0,70.33,47.0,13.0,81,77,43131,282.70
1785353807.195,5.4,100.0,70.34,48.0,14.0,96,73,43131,282.60
1785353808.196,6.2,100.0,70.32,54.0,15.0,88,98,43131,285.55
1785353809.196,4.2,100.0,70.29,48.0,17.0,83,94,43131,283.39
1785353810.196,4.4,100.0,70.29,42.0,14.0,93,100,43131,290.72
1785353811.196,5.1,100.0,70.27,41.0,14.0,93,100,43131,294.64
1785353812.196,4.1,100.0,70.28,39.0,13.0,89,100,43131,289.52
1785353813.196,3.0,100.0,70.26,42.0,11.0,85,97,43131,290.32
1785353814.196,3.6,100.0,70.28,38.0,12.0,91,100,43131,284.93
1785353815.196,2.5,100.0,70.28,40.0,9.0,90,100,43131,286.91
1785353816.196,5.2,100.0,70.27,32.0,10.0,92,100,43131,293.58
1785353817.196,7.6,100.0,70.28,38.0,8.0,87,100,43131,277.87
1785353818.196,5.5,100.0,70.28,37.0,6.0,86,97,43131,266.51
1785353819.197,5.1,100.0,70.28,30.0,7.0,95,100,43131,281.77
1785353820.197,4.6,100.0,70.27,19.0,5.0,96,100,43131,275.97
1785353821.197,5.1,100.0,70.26,21.0,4.0,89,100,43131,264.01
1785353822.197,3.2,100.0,70.29,29.0,5.0,89,100,43131,263.98
1785353823.197,6.0,100.0,70.29,20.0,4.0,95,100,43131,267.62
1785353824.197,4.0,100.0,70.30,16.0,2.0,91,100,43131,266.27
1785353825.197,4.2,100.0,70.28,23.0,3.0,94,100,43131,263.30
1785353826.197,6.4,100.0,70.23,17.0,3.0,96,100,43131,266.74
1785353827.197,5.0,100.0,70.23,25.0,2.0,90,100,43131,256.25
1785353828.197,3.3,100.0,70.21,27.0,2.0,90,100,43131,258.31
1785353829.198,2.5,100.0,70.21,26.0,2.0,91,100,43131,256.68
1785353830.198,2.5,100.0,70.20,24.0,2.0,90,100,43131,258.69
1785353831.198,5.4,100.0,70.18,15.0,2.0,95,100,43131,265.72
1785353832.198,4.0,100.0,70.18,16.0,2.0,96,100,43131,263.93
1785353833.198,4.8,100.0,69.63,17.0,1.0,94,100,43131,261.60
1785353834.198,7.4,100.0,69.63,22.0,1.0,91,100,43131,264.45
1785353835.198,6.4,100.0,69.63,21.0,1.0,91,100,43131,260.16
1785353836.198,6.5,100.0,69.60,26.0,0.0,90,100,43131,260.14
1785353837.198,6.0,100.0,69.58,24.0,1.0,90,100,43131,258.73
1785353838.198,5.0,100.0,69.71,25.0,2.0,90,100,43131,259.27
1785353839.199,6.3,100.0,69.69,23.0,1.0,92,100,43131,260.37
1785353840.199,4.5,100.0,69.70,23.0,1.0,90,100,43131,260.41
1785353841.199,4.1,100.0,69.69,23.0,0.0,90,100,43131,259.20
1785353842.199,6.5,100.0,69.65,24.0,1.0,90,100,43131,261.25
1785353843.199,4.3,100.0,69.64,22.0,2.0,91,100,43131,258.58
1785353844.199,5.4,100.0,69.63,26.0,1.0,91,100,43131,259.50
1785353845.199,5.8,100.0,69.62,22.0,1.0,91,100,43131,260.54
1785353846.199,6.6,100.0,69.72,25.0,5.0,65,73,43131,252.76
1785353847.199,6.8,100.0,68.23,2.0,0.0,0,0,43131,136.10
1785353848.199,6.3,100.0,68.22,3.0,0.0,0,0,43131,119.19
1785353849.199,7.0,100.0,68.35,3.0,0.0,0,0,43131,118.82
1785353850.200,8.8,100.0,68.43,2.0,186.0,0,0,43131,118.28
1785353851.200,8.7,100.0,68.45,1.0,29.0,0,0,43131,117.84
1785353852.200,5.6,100.0,68.42,3.0,40.0,0,0,43131,117.45
1785353853.200,6.9,100.0,68.43,3.0,39.0,0,0,43131,117.26
1785353854.200,6.0,100.0,68.41,1.0,19.0,0,0,43131,117.02
1785353855.200,5.7,100.0,68.70,4.0,47.0,0,0,43131,116.69
1785353856.200,5.9,100.0,68.67,3.0,55.0,0,0,43131,116.44
1785353857.200,4.8,100.0,68.70,3.0,42.0,0,0,43131,116.10
1785353858.200,5.2,100.0,68.70,2.0,48.0,0,0,43131,115.91
1785353859.200,5.8,100.0,68.72,3.0,37.0,0,0,43131,115.81
1785353860.200,5.6,100.0,68.74,3.0,44.0,0,0,43131,115.56
1785353861.201,5.4,100.0,68.78,3.0,42.0,0,0,43131,115.38
1785353862.201,7.2,63.0,68.98,3.0,17.0,0,0,43131,114.94
1785353863.201,8.5,100.0,68.49,3.0,60.0,0,0,43131,113.67
1785353864.201,7.7,100.0,68.52,4.0,59.0,0,0,43131,113.17
1785353865.201,7.4,100.0,68.62,1.0,60.0,0,0,43131,113.46
1785353866.201,4.9,100.0,68.61,4.0,30.1,0,0,43131,113.37
1785353867.201,7.2,100.0,68.65,1.0,47.9,0,0,43131,113.18
1785353868.201,7.1,100.0,68.64,3.0,61.0,0,0,43131,113.37
1785353869.201,6.2,100.0,68.69,3.0,45.0,0,0,43131,113.27
1785353870.201,6.4,100.0,68.73,2.0,55.0,0,0,43131,112.77
1785353871.201,6.1,100.0,68.75,4.0,49.0,0,0,43131,112.68
1785353872.202,4.2,100.0,68.77,4.0,36.0,0,0,43131,112.55
1785353873.202,4.6,100.0,68.79,2.0,36.0,0,0,43131,112.41
1785353874.202,4.6,99.0,68.77,3.0,37.0,0,0,43131,112.35
1785353875.202,4.9,100.0,68.95,4.0,37.0,0,0,43131,112.29
1785353876.202,5.7,100.0,68.71,3.0,30.9,0,0,43131,112.14
1785353877.202,10.1,100.0,68.72,2.0,37.0,0,0,43131,112.01
1785353878.202,8.4,100.0,68.72,3.0,33.0,0,0,43131,111.96
1785353879.202,7.9,100.0,68.75,1.0,32.0,0,0,43131,111.91
1785353880.202,6.7,100.0,68.75,3.0,37.0,0,0,43131,111.72
1785353881.202,5.6,100.0,68.77,4.0,33.0,0,0,43131,111.60
1785353882.202,7.5,100.0,68.85,1.0,34.0,0,0,43131,111.64
1785353883.203,6.8,100.0,68.88,4.0,33.0,0,0,43131,111.57
1785353884.203,7.9,100.0,68.88,2.0,33.0,0,0,43131,111.43
1785353885.203,4.6,100.0,68.89,3.0,35.0,0,0,43131,111.39
1785353886.203,6.2,100.0,68.89,3.0,35.0,0,0,43131,111.28
1785353887.203,5.4,100.0,68.88,2.0,35.0,0,0,43131,111.18
1785353888.203,6.2,100.0,68.88,4.0,42.1,0,0,43131,111.05
1785353889.203,5.5,100.0,69.02,3.0,29.9,0,0,43131,110.96
1785353890.203,5.2,100.0,69.03,1.0,28.0,0,0,43131,110.94
1785353891.203,7.0,100.0,69.07,3.0,33.0,0,0,43131,110.89
1785353892.203,6.1,100.0,69.08,5.0,29.0,0,0,43131,110.89
1785353893.203,6.9,100.0,69.08,0.0,16.0,0,0,43131,111.96
1785353894.203,7.0,100.0,69.08,3.0,30.0,0,0,43131,112.84
1785353895.204,5.5,100.0,68.75,4.0,29.0,0,0,43131,112.75
1785353896.204,5.0,100.0,68.76,1.0,28.0,0,0,43131,112.89
1785353897.204,3.9,100.0,68.74,5.0,30.0,0,0,43131,112.89
1785353898.204,4.7,100.0,68.72,3.0,27.0,0,0,43131,112.80
1785353899.204,4.4,100.0,68.74,2.0,17.0,0,0,43131,112.80
1785353900.204,4.9,100.0,68.73,4.0,32.0,0,0,43131,112.80
1785353901.204,6.1,100.0,68.74,4.0,52.0,0,0,43131,112.70
1785353902.204,7.9,99.0,68.89,2.0,188.8,0,0,43131,112.65
1785353903.204,6.3,100.0,68.92,2.0,46.0,0,0,43131,112.63
1785353904.204,6.0,100.0,68.94,4.0,31.0,0,0,43131,112.57
1785353905.204,7.0,100.0,68.93,1.0,32.0,0,0,43131,112.59
1785353906.205,5.6,100.0,68.92,4.0,51.0,0,0,43131,112.49
1785353907.205,5.7,100.0,68.92,4.0,50.0,0,0,43131,112.39
1785353908.205,6.5,100.0,69.04,3.0,44.0,0,0,43131,112.39
1785353909.205,5.3,100.0,69.03,2.0,50.9,0,0,43131,112.35
1785353910.205,7.3,100.0,69.06,2.0,60.0,0,0,43131,112.35
1785353911.205,7.2,100.0,69.07,3.0,53.0,0,0,43131,112.35
1785353912.205,7.5,100.0,69.10,3.0,202.0,0,0,43131,112.30
1785353913.205,6.4,100.0,69.13,5.0,25.0,0,0,43131,112.30
1785353914.205,6.5,100.0,69.24,2.0,17.0,0,0,43131,112.25
1785353915.205,8.1,100.0,69.29,3.0,19.0,0,0,43131,112.15
1785353916.205,7.8,100.0,69.29,0.0,33.0,0,0,43131,112.16
1785353917.206,7.1,100.0,69.31,4.0,50.1,0,0,43131,112.16
1785353918.206,5.8,100.0,69.33,2.0,47.0,0,0,43131,112.16
1785353919.206,7.0,100.0,69.36,3.0,63.0,0,0,43131,112.11
1785353920.206,6.4,100.0,69.39,1.0,37.2,0,0,43131,112.01
1785353921.206,5.9,100.0,69.38,2.0,28.0,0,0,43131,111.96
1785353922.206,6.1,100.0,69.38,2.0,21.0,0,0,43131,111.97
1785353923.206,6.9,100.0,69.40,3.0,66.0,0,0,43131,112.02
1785353924.206,7.8,100.0,69.38,2.0,37.8,0,0,43131,112.01
1785353925.206,7.4,100.0,68.77,2.0,47.3,0,0,43131,111.92
1785353926.206,7.3,100.0,68.76,1.0,44.0,0,0,43131,111.82
1785353927.206,7.8,100.0,68.75,0.0,48.0,0,0,43131,111.82
1785353928.206,6.4,100.0,68.78,3.0,19.0,0,0,43131,111.85
1785353929.206,6.6,100.0,68.87,3.0,46.0,0,0,43131,111.89
1785353930.207,7.6,100.0,70.09,0.0,100.0,0,0,43131,111.86
1785353931.207,7.9,100.0,70.10,3.0,99.3,0,0,43131,111.83
1785353932.207,5.9,100.0,70.50,2.0,99.6,0,0,43131,111.74
1785353933.207,5.5,100.0,70.39,3.0,101.0,0,0,43131,111.73
1785353934.207,6.8,100.0,70.38,45.0,16.0,86,98,43131,233.45
1785353935.207,4.8,100.0,70.40,41.0,6.0,93,79,43131,240.24
1785353936.207,5.8,100.0,70.38,39.8,6.0,89,100,43131,251.16
1785353937.207,7.3,100.0,70.39,55.2,8.0,89,84,43131,265.93
1785353938.207,6.6,100.0,70.40,50.8,9.0,82,91,43131,275.61
1785353939.207,5.8,100.0,70.41,45.0,9.0,92,73,43131,290.23
1785353940.207,4.5,100.0,70.42,48.0,8.0,85,96,43131,285.39
1785353941.207,4.7,100.0,70.41,46.9,9.0,85,98,43131,250.75
1785353942.208,3.3,56.6,70.40,45.0,10.0,86,98,43131,265.97
1785353943.208,4.5,100.0,70.39,50.0,9.0,86,99,43131,281.46
1785353944.208,3.8,100.0,70.40,53.0,12.0,86,97,43131,264.24
1785353945.208,4.2,100.0,70.38,56.0,10.0,87,93,43131,281.70
1785353946.208,5.7,100.0,70.40,51.0,12.0,84,96,43131,278.78
1785353947.208,7.1,100.0,70.44,53.0,13.0,84,95,43131,272.21
1785353948.208,7.2,87.9,70.64,53.0,11.0,83,94,43131,270.07
1785353949.208,9.0,100.0,70.72,62.0,15.0,78,87,43131,278.01
1785353950.208,7.3,100.0,70.91,57.0,12.0,87,98,43131,270.39
1785353951.208,6.5,100.0,70.88,64.0,14.0,90,87,43131,306.28
1785353952.209,6.2,100.0,70.90,52.0,14.0,82,93,43131,274.14
1785353953.209,5.7,100.0,70.89,61.0,13.0,86,83,43131,279.20
1785353954.209,5.1,100.0,70.99,56.0,12.0,93,92,43131,281.10
1785353955.209,3.6,100.0,70.99,52.0,12.0,91,66,43131,274.62
1785353956.209,7.4,100.0,70.98,61.0,13.0,92,69,43131,283.98
1785353957.209,5.8,100.0,71.07,53.0,15.0,85,94,43131,276.14
1785353958.209,8.0,100.0,71.20,56.0,16.0,82,90,43131,277.65
1785353959.209,9.2,99.0,71.08,54.0,12.0,85,95,43131,292.39
1785353960.209,6.0,100.0,71.17,55.0,15.0,87,97,43131,290.95
1785353961.209,4.3,100.0,71.28,48.0,15.0,89,100,43131,282.69
1785353962.210,6.1,100.0,71.30,46.0,13.0,89,100,43131,284.45
1785353963.210,4.2,100.0,71.35,45.0,11.0,88,99,43131,282.72
1785353964.210,4.3,100.0,71.36,45.0,11.0,88,100,43131,281.22
1785353965.210,4.7,100.0,71.36,39.0,11.0,86,97,43131,276.33
1785353966.210,6.2,100.0,71.37,41.0,10.0,84,97,43131,274.08
1785353967.210,6.2,100.0,71.35,39.0,8.0,86,99,43131,278.06
1785353968.210,5.9,100.0,71.34,35.0,7.0,87,99,43131,271.99
1785353969.210,7.4,100.0,71.35,36.0,7.0,88,100,43131,272.71
1785353970.210,6.9,100.0,71.52,31.0,7.0,90,100,43131,265.37
1785353971.210,5.0,100.0,71.51,31.0,4.0,88,100,43131,259.85
1785353972.211,5.4,100.0,71.50,31.0,4.0,89,100,43131,256.80
1785353973.211,4.3,100.0,71.50,28.0,4.0,88,100,43131,267.72
1785353974.211,6.1,100.0,71.48,28.0,4.0,89,100,43131,262.20
1785353975.211,6.3,100.0,71.47,29.0,4.0,89,100,43131,257.99
1785353976.211,7.0,100.0,71.47,26.0,4.0,90,100,43131,261.13
1785353977.211,7.0,99.0,71.46,25.0,4.0,90,100,43131,252.90
1785353978.211,5.4,100.0,71.48,27.0,1.0,90,100,43131,253.61
1785353979.211,7.7,100.0,71.67,26.0,3.0,88,99,43131,252.22
1785353980.211,6.5,100.0,71.68,27.0,2.0,90,100,43131,251.38
1785353981.211,5.6,100.0,71.69,23.0,2.0,91,100,43131,254.45
1785353982.211,7.0,100.0,71.68,24.0,2.0,91,100,43131,256.73
1785353983.212,5.9,100.0,71.68,23.0,1.0,91,100,43131,255.36
1785353984.212,7.1,100.0,71.65,25.0,2.0,91,100,43131,256.07
1785353985.212,6.8,100.0,71.65,23.0,1.0,88,100,43131,256.85
1785353986.212,9.2,100.0,70.11,7.0,0.0,0,0,43131,134.26
1785353987.212,6.3,100.0,70.13,3.0,0.0,0,0,43131,118.08
1785353988.212,6.1,100.0,70.18,3.0,0.0,0,0,43131,117.78
1785353989.212,6.6,100.0,70.33,3.0,179.1,0,0,43131,117.32
1785353990.212,6.5,100.0,70.36,5.0,51.0,0,0,43131,116.88
1785353991.212,6.9,100.0,70.36,1.0,33.0,0,0,43131,116.59
1785353992.212,4.8,100.0,70.36,4.0,32.0,0,0,43131,116.35
1785353993.213,6.1,100.0,70.35,3.0,40.0,0,0,43131,116.10
1785353994.213,7.1,100.0,70.38,3.0,22.9,0,0,43131,115.81
1785353995.213,8.0,100.0,70.43,0.0,72.2,0,0,43131,115.57
1785353996.213,7.2,100.0,70.38,5.0,42.0,0,0,43131,114.79
1785353997.213,10.9,100.0,70.41,2.0,31.0,0,0,43131,114.30
1785353998.213,11.4,100.0,70.64,2.0,37.1,0,0,43131,114.16
1785353999.213,5.2,100.0,70.42,4.0,42.9,0,0,43131,113.68
1785354000.213,9.0,100.0,70.43,2.0,47.0,0,0,43131,113.48
1785354001.213,8.9,100.0,70.43,1.0,28.0,0,0,43131,113.28
1785354002.213,6.7,100.0,70.62,4.0,30.1,0,0,43131,113.17
1785354003.213,5.4,91.1,70.45,2.0,56.9,0,0,43131,113.07
1785354004.214,7.2,80.0,70.38,5.0,54.9,0,0,43131,112.98
1785354005.214,6.8,100.0,70.40,3.0,56.0,0,0,43131,112.80
1785354006.214,8.0,100.0,70.48,2.0,33.0,0,0,43131,112.63
1785354007.214,8.5,100.0,70.40,3.0,45.0,0,0,43131,112.57
1785354008.214,11.0,100.0,70.42,3.0,62.0,0,0,43131,112.39
1785354009.214,9.4,100.0,70.62,1.0,51.0,0,0,43131,112.23
1785354010.214,10.0,100.0,70.47,2.0,53.2,0,0,43131,112.12
1785354011.214,7.8,99.0,70.53,3.0,50.7,0,0,43131,112.06
1785354012.214,6.6,100.0,70.55,3.0,35.2,0,0,43131,112.07
1785354013.214,7.8,100.0,70.55,2.0,37.0,0,0,43131,111.97
1785354014.214,7.3,100.0,70.51,3.0,34.8,0,0,43131,111.77
1785354015.215,6.5,100.0,70.54,1.0,36.0,0,0,43131,111.62
1785354016.215,7.2,100.0,70.53,3.0,34.0,0,0,43131,111.52
1785354017.215,6.2,100.0,70.54,1.0,35.0,0,0,43131,111.53
1785354018.215,6.5,100.0,70.54,2.0,34.0,0,0,43131,111.43
1785354019.215,6.1,100.0,70.66,2.0,40.0,0,0,43131,111.33
1785354020.215,7.4,100.0,70.73,3.0,31.2,0,0,43131,111.57
1785354021.215,5.7,100.0,70.79,4.0,33.8,0,0,43131,111.48
1785354022.215,8.0,100.0,71.04,1.0,28.2,0,0,43131,111.14
1785354023.215,5.9,100.0,71.17,1.0,33.0,0,0,43131,111.04
1785354024.215,5.7,100.0,71.14,2.0,37.0,0,0,43131,110.94
1785354025.215,8.3,100.0,71.31,4.0,37.0,0,0,43131,112.04
1785354026.215,8.0,100.0,71.32,1.0,46.0,0,0,43131,113.01
1785354027.216,7.6,100.0,71.41,2.0,29.9,0,0,43131,112.98
1785354028.216,7.4,100.0,71.45,1.0,29.0,0,0,43131,113.08
1785354029.216,7.4,100.0,71.55,2.0,30.0,0,0,43131,113.11
1785354030.216,4.4,100.0,71.57,3.0,29.0,0,0,43131,113.07
1785354031.216,4.0,100.0,71.68,4.0,18.0,0,0,43131,112.99
1785354032.216,7.2,100.0,71.65,2.0,33.0,0,0,43131,112.99
1785354033.216,6.4,100.0,71.64,3.0,27.0,0,0,43131,112.89
1785354034.216,3.7,100.0,71.65,4.0,29.0,0,0,43131,112.76
1785354035.216,4.4,100.0,71.66,4.0,31.0,0,0,43131,112.76
1785354036.216,3.7,73.8,71.68,3.0,23.0,0,0,43131,112.81
1785354037.216,4.9,89.0,71.67,3.0,17.0,0,0,43131,112.69
1785354038.217,2.9,100.0,71.63,3.0,19.0,0,0,43131,112.53
1785354039.217,5.5,100.0,71.61,0.0,41.0,0,0,43131,112.50
1785354040.217,7.2,100.0,71.60,5.0,203.8,0,0,43131,112.53
1785354041.217,5.3,100.0,71.61,1.0,44.1,0,0,43131,112.48
1785354042.217,5.8,99.0,71.59,2.0,46.9,0,0,43131,112.40
1785354043.217,16.2,91.0,72.32,3.0,14.9,0,0,43131,112.37
1785354044.217,12.3,100.0,73.02,2.0,49.0,0,0,43131,112.37
1785354045.217,10.3,81.0,71.45,3.0,45.1,0,0,43131,112.39
1785354046.217,13.1,100.0,71.51,3.0,39.0,0,0,43131,112.33
1785354047.217,13.3,100.0,71.47,4.0,41.9,0,0,43131,112.26
1785354048.217,11.3,99.0,71.44,2.0,49.0,0,0,43131,112.24
1785354049.218,13.2,100.0,71.48,3.0,53.1,0,0,43131,112.18
1785354050.218,8.1,100.0,71.45,3.0,40.0,0,0,43131,112.18
1785354051.218,9.7,83.8,71.55,2.0,41.0,0,0,43131,112.33
1785354052.218,9.5,94.1,71.54,5.0,61.0,0,0,43131,112.33
1785354053.218,14.4,99.0,71.57,3.0,179.9,0,0,43131,112.13
1785354054.218,13.4,100.0,71.58,3.0,14.0,0,0,43131,112.02
1785354055.218,12.4,100.0,71.54,3.0,14.0,0,0,43131,112.02
1785354056.218,11.8,100.0,71.54,3.0,14.0,0,0,43131,112.02
1785354057.218,11.8,100.0,71.64,3.0,17.0,0,0,43131,112.02
1785354058.218,13.8,100.0,71.60,2.0,23.0,0,0,43131,112.02
1785354059.218,9.1,100.0,71.58,4.0,40.0,0,0,43131,112.02
1785354060.219,14.1,100.0,71.66,3.0,49.0,0,0,43131,111.96
1785354061.219,13.3,100.0,71.66,1.0,54.0,0,0,43131,111.87
1785354062.219,12.2,100.0,71.62,3.0,53.0,0,0,43131,111.87
1785354063.219,14.1,100.0,71.64,4.0,30.0,0,0,43131,111.87
1785354064.219,7.9,100.0,71.62,2.0,17.0,0,0,43131,111.87
1785354065.219,13.1,78.0,71.59,3.0,47.0,0,0,43131,111.86
1785354066.219,12.1,100.0,71.53,2.0,63.0,0,0,43131,111.83
1785354067.219,14.7,100.0,71.55,5.0,43.0,0,0,43131,111.83
1785354068.219,9.0,100.0,71.90,3.0,46.0,0,0,43131,111.82
1785354069.219,12.8,100.0,71.71,4.0,37.0,0,0,43131,111.82
1785354070.219,14.1,100.0,71.74,1.0,37.1,0,0,43131,111.71
1785354071.220,16.6,100.0,71.75,3.0,30.8,0,0,43131,111.65
1785354072.220,12.4,100.0,72.14,2.0,41.3,0,0,43131,111.65
1785354073.220,10.2,100.0,73.05,4.0,74.6,0,0,43131,111.70
1785354074.220,13.6,100.0,73.51,2.0,100.1,0,0,43131,111.70
1785354075.220,12.5,100.0,73.66,1.0,100.0,0,0,43131,111.64
1785354076.220,16.8,100.0,73.76,2.0,100.0,0,0,43131,111.68
1785354077.220,12.5,100.0,73.64,30.0,51.0,100,61,43131,161.27
1785354078.220,13.9,100.0,73.58,35.0,5.0,85,98,43131,284.71
1785354079.220,10.5,100.0,73.52,38.0,8.0,86,99,43131,260.55
1785354080.220,15.5,100.0,73.54,42.0,9.0,87,100,43131,254.94
1785354081.220,13.7,100.0,73.50,40.2,8.0,86,99,43131,271.26
1785354082.221,14.8,100.0,73.47,38.8,10.0,88,100,43131,254.72
1785354083.221,14.2,100.0,73.45,39.0,11.0,87,100,43131,274.31
1785354084.221,9.6,100.0,73.71,39.0,9.0,86,99,43131,267.43
1785354085.221,10.5,100.0,73.96,38.0,9.0,85,98,43131,265.71
1785354086.221,15.2,100.0,74.64,42.0,10.0,86,99,43131,267.42
1785354087.221,16.1,100.0,75.24,43.1,7.0,88,99,43131,240.10
1785354088.221,12.7,100.0,73.42,54.0,7.0,83,91,43131,266.13
1785354089.221,15.0,100.0,73.40,53.0,8.0,90,100,43131,269.78
1785354090.221,13.2,100.0,73.38,41.0,7.0,86,97,43131,253.80
1785354091.221,15.6,99.0,73.36,46.0,8.0,100,56,43131,280.41
1785354092.221,15.2,100.0,73.36,58.0,11.0,100,57,43131,300.77
1785354093.222,15.0,100.0,73.32,57.0,9.0,81,89,43131,288.36
1785354094.222,13.2,100.0,73.29,49.0,12.0,82,88,43131,287.95
1785354095.222,14.1,100.0,72.95,61.0,15.0,82,93,43131,293.83
1785354096.222,13.9,100.0,72.92,54.0,14.0,83,95,43131,280.17
1785354097.222,13.9,100.0,72.90,57.0,11.0,83,95,43131,287.38
1785354098.222,14.4,100.0,72.87,56.0,14.0,85,63,43131,271.78
1785354099.222,14.8,100.0,72.85,52.0,15.0,86,84,43131,276.17
1785354100.222,14.3,100.0,72.82,55.2,12.0,83,91,43131,288.94
1785354101.222,13.3,100.0,72.80,54.7,12.9,100,60,43131,279.05
1785354102.222,11.4,100.0,72.79,54.2,12.0,83,94,43131,287.74
1785354103.223,7.3,100.0,72.97,59.0,13.0,92,75,43131,292.85
1785354104.223,13.4,100.0,73.75,52.2,13.1,85,91,43131,287.16
1785354105.223,12.8,100.0,73.63,54.8,14.9,93,92,43131,282.36
1785354106.223,8.4,100.0,73.77,54.0,13.0,82,92,43131,291.70
1785354107.223,6.5,100.0,73.78,57.0,16.0,87,97,43131,287.42
1785354108.223,6.8,100.0,73.83,62.0,13.0,89,71,43131,297.58
1785354109.223,6.5,100.0,73.83,53.0,13.0,84,82,43131,304.84
1785354110.223,7.9,100.0,73.85,54.0,14.0,85,95,43131,288.67
1785354111.223,6.3,100.0,73.88,55.0,13.0,84,88,43131,290.99
1785354112.223,7.6,100.0,73.99,53.0,14.0,87,96,43131,294.79
1785354113.224,4.3,100.0,74.03,52.0,16.0,83,95,43131,277.95
1785354114.224,4.6,100.0,74.01,46.0,13.0,86,99,43131,285.10
1785354115.224,4.5,100.0,74.01,46.0,12.0,88,100,43131,284.16
1785354116.224,7.6,100.0,73.97,44.0,11.0,86,98,43131,282.39
1785354117.224,9.7,100.0,73.98,43.0,11.0,86,98,43131,278.90
1785354118.224,7.7,100.0,73.97,35.0,9.0,88,100,43131,291.76
1785354119.224,7.5,100.0,73.97,38.0,8.0,87,98,43131,289.06
1785354120.224,6.5,100.0,73.95,36.0,7.0,87,99,43131,275.25
1785354121.224,5.4,100.0,73.92,35.0,7.0,87,98,43131,273.61
1785354122.224,6.9,100.0,73.92,33.0,8.0,87,99,43131,271.86
1785354123.225,5.6,100.0,73.99,31.0,7.0,89,100,43131,260.36
1785354124.225,7.4,100.0,73.97,28.0,5.0,88,100,43131,263.07
1785354125.225,4.4,100.0,73.93,32.0,6.0,89,100,43131,245.61
1785354126.225,4.4,100.0,73.94,27.0,4.0,90,100,43131,267.57
1785354127.225,4.9,100.0,73.93,27.0,4.0,90,100,43131,264.48
1785354128.225,7.4,100.0,73.89,29.0,4.0,90,100,43131,247.44
1785354129.225,6.8,100.0,73.90,26.0,4.0,90,100,43131,260.41
1785354130.225,6.1,100.0,73.90,24.0,3.0,89,100,43131,262.01
1785354131.225,6.6,100.0,73.91,25.0,4.0,88,99,43131,259.83
1785354132.225,7.6,100.0,73.90,27.0,3.0,91,100,43131,254.88
1785354133.226,7.2,100.0,73.68,25.1,2.0,91,100,43131,255.34
1785354134.226,6.5,100.0,73.72,23.9,1.0,91,100,43131,257.27
1785354135.226,6.7,100.0,73.77,25.1,1.0,88,99,43131,255.38
1785354136.226,7.2,100.0,73.79,24.9,2.0,87,99,43131,258.23
1785354137.226,4.5,100.0,73.80,23.0,1.0,92,100,43131,259.53
1785354138.226,6.0,100.0,73.78,23.0,1.0,92,100,43131,260.24
1785354139.226,6.4,100.0,73.79,23.0,2.0,89,100,43131,260.23
1785354140.226,6.6,100.0,73.77,23.0,0.0,89,100,43131,258.66
1785354141.226,6.4,100.0,73.76,23.0,2.0,91,100,43131,260.33
1785354142.227,6.0,100.0,73.75,23.0,1.0,92,100,43131,262.80
1785354143.227,6.1,100.0,73.90,23.0,1.0,92,100,43131,262.84
1785354144.227,6.5,100.0,73.76,16.0,44.0,0,0,43131,198.98
1785354145.227,4.5,100.0,72.38,3.0,0.0,0,0,43131,135.62
1785354146.227,4.8,100.0,72.38,2.0,0.0,0,0,43131,118.82
1785354147.227,7.3,99.0,72.56,4.0,0.0,0,0,43131,118.46
1785354148.227,8.2,100.0,72.59,2.0,200.9,0,0,43131,117.96
1785354149.227,6.9,100.0,72.58,1.0,45.0,0,0,43131,117.87
1785354150.227,4.8,100.0,72.60,4.0,39.0,0,0,43131,117.55
1785354151.227,5.8,100.0,72.64,1.0,36.0,0,0,43131,116.97
1785354152.228,4.8,100.0,72.63,3.0,22.0,0,0,43131,116.87
1785354153.228,7.2,100.0,72.62,5.0,43.0,0,0,43131,116.63
1785354154.228,7.7,100.0,72.64,1.0,52.0,0,0,43131,116.22
1785354155.228,5.8,100.0,72.64,3.0,41.0,0,0,43131,115.97
1785354156.228,6.6,100.0,72.24,2.0,47.0,0,0,43131,115.85
1785354157.228,7.5,100.0,72.55,1.0,36.0,0,0,43131,115.03
1785354158.228,5.4,100.0,72.55,3.0,43.0,0,0,43131,114.19
1785354159.228,5.1,100.0,72.56,4.0,45.0,0,0,43131,114.05
1785354160.228,4.9,100.0,72.54,1.0,17.0,0,0,43131,113.81
1785354161.228,5.3,100.0,72.56,3.0,49.0,0,0,43131,113.61
1785354162.229,7.9,100.0,72.58,2.0,58.0,0,0,43131,113.51
1785354163.229,5.2,100.0,72.59,2.0,66.0,0,0,43131,113.38
1785354164.229,7.8,100.0,72.78,3.0,28.0,0,0,43131,113.23
1785354165.229,5.5,100.0,72.83,3.0,34.0,0,0,43131,113.03
1785354166.229,6.4,100.0,72.84,2.0,63.0,0,0,43131,112.84
1785354167.229,6.7,100.0,72.84,6.0,49.0,0,0,43131,112.74
1785354168.229,8.7,100.0,72.86,2.0,49.0,0,0,43131,112.64
1785354169.229,7.4,100.0,72.87,3.0,52.0,0,0,43131,112.54
1785354170.229,6.9,100.0,72.89,2.0,36.0,0,0,43131,112.44
1785354171.230,7.1,100.0,72.91,2.0,34.0,0,0,43131,112.25
1785354172.230,6.7,100.0,72.90,3.0,35.2,0,0,43131,112.11
1785354173.230,6.2,100.0,72.89,2.0,29.9,0,0,43131,111.97
1785354174.230,6.6,100.0,72.91,2.0,32.1,0,0,43131,111.92
1785354175.230,6.9,100.0,72.93,1.0,33.8,0,0,43131,111.94
1785354176.230,6.4,100.0,72.95,2.0,33.0,0,0,43131,111.79
1785354177.230,10.1,100.0,72.96,3.0,29.0,0,0,43131,111.76
1785354178.230,7.2,100.0,73.00,3.0,22.0,0,0,43131,111.71
1785354179.230,4.6,100.0,72.96,3.0,22.0,0,0,43131,111.57
1785354180.230,5.1,100.0,72.98,5.0,25.0,0,0,43131,111.48
1785354181.230,5.9,100.0,72.96,2.0,27.0,0,0,43131,111.38
1785354182.231,7.0,100.0,72.95,2.0,26.0,0,0,43131,111.28
1785354183.231,5.6,100.0,72.96,3.0,31.0,0,0,43131,111.18
1785354184.231,7.0,100.0,72.94,3.0,25.0,0,0,43131,111.13
1785354185.231,6.3,100.0,72.96,4.0,31.0,0,0,43131,111.08
1785354186.231,4.8,100.0,72.95,2.0,28.0,0,0,43131,112.10
1785354187.231,7.5,100.0,72.94,3.0,40.0,0,0,43131,113.17
1785354188.231,7.0,100.0,72.95,2.0,26.0,0,0,43131,113.17
1785354189.231,7.2,100.0,72.93,0.0,25.1,0,0,43131,113.12
1785354190.231,7.1,100.0,72.91,3.0,23.9,0,0,43131,113.06
1785354191.231,6.8,100.0,72.92,1.0,26.0,0,0,43131,113.01
1785354192.231,6.7,100.0,72.92,3.0,17.0,0,0,43131,112.98
1785354193.232,9.6,100.0,72.93,3.0,30.0,0,0,43131,112.98
1785354194.232,5.6,100.0,72.93,4.0,26.0,0,0,43131,112.88
1785354195.232,6.9,100.0,72.94,2.0,27.0,0,0,43131,112.87
1785354196.232,6.2,100.0,72.92,0.0,26.0,0,0,43131,112.82
1785354197.232,7.2,100.0,72.95,4.0,29.0,0,0,43131,112.72
1785354198.232,5.4,100.0,72.97,2.0,20.0,0,0,43131,112.72
1785354199.232,6.4,100.0,72.98,3.0,17.0,0,0,43131,112.69
1785354200.232,6.7,100.0,72.96,2.0,32.0,0,0,43131,112.74
1785354201.232,7.1,100.0,72.93,2.0,49.0,0,0,43131,112.64
1785354202.232,8.8,100.0,72.96,2.0,191.0,0,0,43131,112.55
1785354203.233,6.0,100.0,72.97,2.0,45.0,0,0,43131,112.85
1785354204.233,7.8,100.0,72.76,2.0,27.0,0,0,43131,112.80
1785354205.233,5.7,100.0,72.81,5.0,26.0,0,0,43131,112.45
1785354206.233,5.3,100.0,72.84,2.0,53.0,0,0,43131,112.35
1785354207.233,4.9,100.0,72.85,2.0,46.0,0,0,43131,112.26
1785354208.233,7.3,100.0,72.86,4.0,39.0,0,0,43131,112.24
1785354209.233,6.9,100.0,72.86,0.0,49.0,0,0,43131,112.32
1785354210.233,7.3,100.0,72.87,3.0,55.0,0,0,43131,112.32
1785354211.233,5.3,100.0,72.86,4.0,44.0,0,0,43131,112.24
1785354212.233,7.4,100.0,72.86,2.0,92.1,0,0,43131,112.24
1785354213.233,7.8,100.0,72.90,2.0,143.7,0,0,43131,112.41
1785354214.234,6.9,100.0,72.90,3.0,17.0,0,0,43131,112.38
1785354215.234,7.4,100.0,72.45,1.0,17.0,0,0,43131,112.11
1785354216.234,6.3,100.0,72.48,4.0,22.0,0,0,43131,112.11
1785354217.234,6.1,100.0,72.53,2.0,36.0,0,0,43131,112.10
1785354218.234,7.2,100.0,72.50,2.0,48.0,0,0,43131,112.01
1785354219.234,6.7,100.0,72.52,3.0,54.0,0,0,43131,111.96
1785354220.234,7.5,100.0,72.58,1.0,54.0,0,0,43131,111.96
1785354221.234,7.4,100.0,72.58,4.0,27.0,0,0,43131,111.94
1785354222.234,7.1,100.0,72.57,2.0,24.0,0,0,43131,111.89
1785354223.235,5.0,100.0,72.56,2.0,19.0,0,0,43131,111.92
1785354224.235,6.7,100.0,72.60,4.0,57.0,0,0,43131,111.92
1785354225.235,7.0,100.0,72.62,1.0,47.0,0,0,43131,111.89
1785354226.235,7.2,100.0,72.61,1.0,39.0,0,0,43131,111.94
1785354227.235,6.8,100.0,72.61,4.0,49.0,0,0,43131,111.96
1785354228.235,6.5,100.0,72.59,1.0,38.9,0,0,43131,111.91
1785354229.235,7.8,100.0,72.57,3.0,36.0,0,0,43131,111.91
1785354230.235,4.9,100.0,72.62,5.0,17.0,0,0,43131,112.10
1785354231.235,7.7,100.0,73.28,0.0,74.0,0,0,43131,112.05
1785354232.235,7.1,100.0,73.99,1.0,97.3,0,0,43131,111.80
1785354233.236,7.7,100.0,73.99,4.0,100.7,0,0,43131,111.75
1785354234.236,7.1,100.0,74.19,2.0,99.3,0,0,43131,111.76
1785354235.236,6.9,100.0,74.05,21.0,67.8,85,65,43131,132.04
1785354236.236,6.0,100.0,74.07,38.0,8.0,88,100,43131,264.89
1785354237.236,10.3,100.0,74.10,38.0,9.0,86,99,43131,276.15
1785354238.236,9.2,100.0,74.57,39.1,9.0,86,98,43131,247.10
1785354239.236,8.0,100.0,74.60,39.0,7.0,88,100,43131,262.31
1785354240.236,5.9,100.0,74.59,37.0,9.0,87,100,43131,262.82
1785354241.236,6.7,100.0,74.56,37.0,9.0,87,100,43131,269.80
1785354242.236,7.6,100.0,74.55,35.8,8.0,88,100,43131,260.08
1785354243.236,7.6,100.0,74.55,38.8,26.8,36,42,43131,245.89
1785354244.237,8.9,100.0,74.57,100.6,11.1,100,60,43131,266.90
1785354245.237,7.5,100.0,74.58,23.0,2.0,100,63,43131,303.38
1785354246.237,8.1,100.0,74.72,18.1,2.0,90,58,43131,296.55
1785354247.237,6.5,100.0,74.73,28.0,3.0,100,64,43131,302.40
1785354248.237,7.4,100.0,74.73,24.0,3.0,100,65,43131,306.38
1785354249.237,7.5,100.0,74.90,25.9,4.0,100,67,43131,281.60
1785354250.237,7.1,100.0,74.90,32.0,7.0,100,63,43131,276.77
1785354251.237,5.2,100.0,74.96,77.0,26.0,79,87,43131,260.28
1785354252.237,6.1,100.0,74.75,67.0,24.0,76,85,43131,276.06
1785354253.237,8.4,100.0,74.75,71.0,26.0,84,94,43131,287.89
1785354254.238,9.4,100.0,74.76,63.3,22.1,78,88,43131,286.28
1785354255.238,6.7,100.0,74.78,64.0,22.0,83,93,43131,283.23
1785354256.238,7.0,100.0,74.78,62.6,21.9,77,86,43131,284.88
1785354257.238,7.3,100.0,74.57,61.0,23.0,86,96,43131,282.21
1785354258.238,7.4,100.0,74.54,60.0,18.0,84,93,43131,283.39
1785354259.238,7.4,100.0,74.49,55.0,18.0,80,89,43131,279.72
1785354260.238,5.7,100.0,74.48,52.0,16.0,81,90,43131,284.15
1785354261.238,6.8,100.0,74.44,50.0,15.0,82,93,43131,283.45
1785354262.238,6.3,100.0,72.58,44.0,14.0,87,99,43131,281.97
1785354263.238,9.2,100.0,71.71,48.0,13.0,88,100,43131,285.74
1785354264.238,7.8,100.0,71.38,43.2,12.1,86,98,43131,282.92
1785354265.239,7.1,100.0,70.43,41.6,10.9,86,99,43131,276.03
1785354266.239,6.8,100.0,70.15,38.2,10.0,87,100,43131,283.44
1785354267.239,7.3,100.0,70.48,37.0,8.0,88,100,43131,271.15
1785354268.239,6.2,100.0,70.48,37.9,8.0,86,97,43131,283.60
1785354269.239,5.1,100.0,70.46,37.1,7.0,86,97,43131,280.29
1785354270.239,5.2,100.0,70.75,36.0,6.0,87,99,43131,281.46
1785354271.239,6.4,100.0,70.65,31.0,5.0,90,100,43131,268.79
1785354272.239,5.9,100.0,70.61,29.0,6.0,89,100,43131,261.35
1785354273.239,7.2,100.0,70.62,30.0,5.0,90,100,43131,251.47
1785354274.239,6.4,100.0,70.62,28.0,4.0,90,100,43131,271.57
1785354275.240,6.1,100.0,70.59,30.0,5.0,90,100,43131,269.93
1785354276.240,5.9,100.0,70.57,26.0,4.0,90,100,43131,269.71
1785354277.240,4.8,100.0,70.55,27.0,3.0,90,100,43131,270.30
1785354278.240,4.7,100.0,70.24,28.0,3.0,91,100,43131,253.84
1785354279.240,5.4,100.0,70.23,22.0,3.0,90,100,43131,255.25
1785354280.240,6.0,100.0,70.23,22.0,1.0,92,100,43131,257.06
1785354281.240,4.8,100.0,70.22,22.0,1.0,91,100,43131,258.54
1785354282.240,7.2,100.0,70.19,25.0,2.0,88,100,43131,258.59
1785354283.240,7.2,100.0,70.17,22.0,1.0,92,100,43131,259.75
1785354284.240,8.0,100.0,70.14,25.0,2.0,91,100,43131,259.82
1785354285.241,7.7,100.0,70.09,21.0,1.0,91,100,43131,256.46
1785354286.241,7.5,100.0,70.41,21.0,1.0,94,100,43131,260.41
1785354287.241,6.5,100.0,70.22,23.0,1.0,90,100,43131,256.25
1785354288.241,5.0,100.0,70.22,24.0,2.0,91,100,43131,257.80
1785354289.241,4.9,100.0,70.19,20.0,1.0,91,100,43131,258.63
1785354290.241,6.1,100.0,70.25,25.0,0.0,91,100,43131,260.25
1785354291.241,6.2,100.0,70.08,23.0,2.0,90,100,43131,257.36
1785354292.241,6.3,100.0,70.07,25.0,1.0,91,100,43131,258.19
1785354293.241,6.2,100.0,70.04,23.0,1.0,90,100,43131,261.21
1785354294.242,5.2,100.0,70.06,23.0,1.0,90,100,43131,258.01
1785354295.242,4.3,100.0,70.06,24.0,1.0,90,100,43131,256.61
1785354296.242,6.3,100.0,70.04,20.0,1.0,91,100,43131,261.00
1785354297.242,6.9,100.0,70.05,25.0,2.0,90,100,43131,258.79
1785354298.242,6.9,100.0,70.06,24.0,1.0,91,100,43131,258.81
1785354299.242,5.7,100.0,70.06,23.0,1.0,89,100,43131,259.39
1785354300.242,5.7,100.0,70.04,25.0,2.0,90,100,43131,259.24
1785354301.242,6.5,100.0,70.02,23.0,1.0,90,100,43131,256.77
1785354302.242,6.3,100.0,70.07,24.0,1.0,91,100,43131,257.71
1785354304.733,5.7,100.0,70.01,24.5,0.8,91,100,43131,257.71
1785354305.733,5.7,100.0,68.51,14.0,0.0,0,0,43131,184.12
1785354306.734,5.8,100.0,68.45,3.0,0.0,0,0,43131,132.58
1785354307.734,8.7,100.0,69.03,2.0,0.0,0,0,43131,118.40
1785354308.760,9.3,100.0,69.65,3.9,205.7,0,0,43398,117.96
1785354309.760,5.6,100.0,69.89,2.0,44.0,0,0,43398,117.42
1785354310.760,6.6,100.0,68.95,4.0,41.0,0,0,43131,117.21
1785354311.760,6.6,100.0,69.00,2.0,36.1,0,0,43131,116.97
1785354312.760,5.9,100.0,69.05,3.0,39.9,0,0,43131,116.51
1785354313.760,5.4,100.0,69.08,4.0,15.0,0,0,43131,116.29
1785354314.760,5.3,100.0,69.07,4.0,54.0,0,0,43131,116.01
1785354315.760,6.4,100.0,68.78,2.0,48.0,0,0,43131,115.76
1785354316.760,6.7,100.0,68.77,3.0,43.0,0,0,43131,114.98
1785354317.760,5.8,100.0,68.76,2.0,45.0,0,0,43131,113.76
1785354318.761,5.7,100.0,68.75,3.0,40.0,0,0,43131,113.56
1785354319.761,5.6,100.0,68.74,1.0,38.0,0,0,43131,113.95
1785354320.761,6.2,100.0,68.72,3.0,41.0,0,0,43131,113.76
1785354321.761,5.1,100.0,68.69,3.0,17.0,0,0,43131,113.48
1785354322.761,6.4,100.0,68.69,2.0,52.0,0,0,43131,113.33
1785354323.761,5.3,100.0,68.68,2.0,54.0,0,0,43131,113.18
1785354324.761,6.3,100.0,68.73,2.0,65.0,0,0,43131,112.94
1785354325.761,6.5,100.0,68.96,3.0,27.0,0,0,43131,112.85
1785354326.761,7.3,100.0,68.96,1.0,39.9,0,0,43131,112.79
1785354327.761,5.3,100.0,68.97,4.0,68.1,0,0,43131,112.64
1785354328.761,6.4,100.0,68.98,2.0,41.0,0,0,43131,112.54
1785354329.762,7.1,100.0,68.97,4.0,55.0,0,0,43131,112.44
1785354330.762,7.3,100.0,68.97,1.0,49.0,0,0,43131,112.30
1785354331.762,8.0,100.0,68.98,3.0,37.0,0,0,43131,112.15
1785354332.762,6.8,100.0,69.00,2.0,34.0,0,0,43131,112.04
1785354333.762,6.8,100.0,68.98,3.0,35.0,0,0,43131,111.94
1785354334.762,6.8,100.0,68.98,1.0,35.0,0,0,43131,111.86
1785354335.762,7.0,100.0,68.71,3.0,32.0,0,0,43131,111.81
1785354336.762,7.6,100.0,68.72,1.0,33.0,0,0,43131,111.71
1785354337.762,5.6,100.0,68.72,5.0,33.0,0,0,43131,111.57
1785354338.762,5.0,100.0,68.72,2.0,31.0,0,0,43131,111.76
1785354339.763,6.3,100.0,68.72,3.0,31.0,0,0,43131,111.67
1785354340.763,7.3,100.0,68.73,2.0,33.0,0,0,43131,111.28
1785354341.763,6.4,100.0,68.72,3.0,31.0,0,0,43131,111.32
1785354342.763,6.6,100.0,68.71,1.0,32.0,0,0,43131,111.32
1785354343.763,7.3,100.0,68.69,3.0,28.1,0,0,43131,111.18
1785354344.763,6.1,100.0,68.68,4.0,14.0,0,0,43131,112.16
1785354345.763,5.4,100.0,68.46,3.0,12.0,0,0,43131,113.04
1785354346.763,7.9,100.0,68.56,2.0,31.0,0,0,43131,113.08
1785354347.763,6.9,100.0,68.56,2.0,46.0,0,0,43131,113.21
1785354348.763,7.0,100.0,68.56,3.0,27.0,0,0,43131,113.39
1785354349.764,8.3,100.0,68.71,2.0,24.9,0,0,43131,113.30
1785354350.764,6.7,100.0,68.72,1.0,27.0,0,0,43131,112.96
1785354351.764,7.2,100.0,68.70,3.0,29.0,0,0,43131,112.92
1785354352.764,5.5,100.0,68.72,3.0,19.0,0,0,43131,112.82
1785354353.764,6.1,100.0,68.70,3.0,28.0,0,0,43131,112.73
1785354354.764,3.6,100.0,68.70,4.0,26.0,0,0,43131,112.70
1785354355.764,3.9,100.0,68.72,2.0,26.0,0,0,43131,112.72
1785354356.764,7.2,100.0,68.73,3.0,28.0,0,0,43131,112.77
1785354357.764,7.0,100.0,68.74,0.0,29.0,0,0,43131,112.75
1785354358.764,6.1,100.0,68.74,4.0,23.0,0,0,43131,112.70
1785354359.765,4.2,100.0,68.75,0.0,18.0,0,0,43131,112.65
1785354360.765,5.7,100.0,68.72,3.0,33.0,0,0,43131,112.50
1785354361.765,5.9,100.0,68.73,2.0,50.0,0,0,43131,112.41
1785354362.765,7.2,100.0,68.73,3.0,166.9,0,0,43131,112.41
1785354363.765,9.5,98.0,68.65,5.0,31.0,0,0,43131,112.39
1785354364.765,8.1,100.0,68.66,2.0,33.0,0,0,43131,112.38
1785354365.765,4.6,100.0,68.68,4.0,22.0,0,0,43131,112.30
1785354366.765,5.4,100.0,68.69,3.0,16.0,0,0,43131,112.26
1785354367.765,2.7,100.0,68.71,3.0,58.0,0,0,43131,112.33
1785354368.765,4.4,100.0,68.71,5.0,44.0,0,0,43131,112.29
1785354369.766,4.5,100.0,68.71,2.0,42.0,0,0,43131,112.17
1785354370.766,5.5,100.0,68.70,2.0,49.0,0,0,43131,112.12
1785354371.766,4.2,100.0,68.71,1.0,56.0,0,0,43131,112.16
1785354372.766,5.7,100.0,68.73,3.0,48.0,0,0,43131,112.16
1785354373.766,8.3,100.0,68.73,2.0,210.0,0,0,43131,112.07
1785354374.766,4.5,100.0,68.73,1.0,22.0,0,0,43131,112.07
1785354375.766,5.7,100.0,68.74,4.0,17.0,0,0,43131,112.07
1785354376.766,6.1,100.0,68.74,2.0,17.0,0,0,43131,112.02
1785354377.766,5.5,100.0,68.71,2.0,31.0,0,0,43131,111.97
1785354378.766,5.7,100.0,68.73,1.0,47.0,0,0,43131,111.94
1785354379.766,3.0,100.0,68.72,5.0,50.0,0,0,43131,111.97
1785354380.767,3.7,100.0,68.72,1.0,59.0,0,0,43131,112.00
1785354381.767,6.2,100.0,68.72,4.0,42.0,0,0,43131,111.91
1785354382.767,3.7,100.0,68.70,2.0,26.0,0,0,43131,111.77
1785354383.767,5.1,100.0,68.71,3.0,20.0,0,0,43131,111.77
1785354384.767,4.6,100.0,68.72,2.0,64.0,0,0,43131,111.78
1785354385.767,5.0,100.0,68.75,4.0,41.0,0,0,43131,111.78
1785354386.767,2.7,100.0,68.74,2.0,41.0,0,0,43131,111.79
1785354387.767,6.7,100.0,68.73,3.0,47.0,0,0,43131,111.74
1785354388.767,6.0,100.0,68.71,3.0,41.0,0,0,43131,111.73
1785354389.767,5.8,100.0,68.70,1.0,30.0,0,0,43131,111.72
1785354390.767,5.9,100.0,68.82,2.0,43.0,0,0,43131,111.67
1785354391.768,6.6,100.0,70.07,3.0,79.0,0,0,43131,111.73
1785354392.768,7.7,100.0,69.63,3.0,99.0,0,0,43131,111.71
1785354393.768,6.8,100.0,70.13,1.0,100.0,0,0,43131,111.56
1785354394.768,8.2,100.0,70.34,3.0,100.0,0,0,43131,111.57
1785354395.768,7.4,100.0,70.33,47.0,17.0,87,99,43131,210.66
1785354396.768,7.2,100.0,70.31,104.9,35.0,100,60,43131,247.79
1785354397.768,5.4,100.0,70.31,33.0,1.0,90,59,43131,305.55
1785354398.768,5.5,100.0,70.30,23.0,2.0,100,63,43131,297.84
1785354399.768,6.5,100.0,70.31,28.0,4.0,100,65,43131,293.47
1785354400.769,7.2,100.0,70.29,24.0,4.0,100,65,43131,309.20
1785354401.769,6.7,100.0,70.28,33.0,5.0,93,63,43131,302.89
1785354402.769,7.9,100.0,70.27,51.0,14.0,80,89,43131,270.30
1785354403.769,6.9,100.0,68.73,72.3,24.1,82,90,43131,271.57
1785354404.769,5.3,100.0,68.73,64.7,22.9,83,94,43131,288.45
1785354405.769,6.2,84.0,68.73,67.0,24.0,75,85,43131,284.07
1785354406.769,5.9,53.8,68.59,68.0,25.0,85,96,43131,275.01
1785354407.769,5.0,100.0,68.74,60.0,20.0,86,96,43131,281.14
1785354408.769,3.3,100.0,68.82,58.0,19.0,81,90,43131,279.60
1785354409.769,3.8,100.0,68.84,56.0,18.0,86,95,43131,283.33
1785354410.770,5.3,100.0,68.78,51.0,16.0,81,90,43131,280.75
1785354411.770,6.6,100.0,68.77,53.0,15.0,81,91,43131,282.63
1785354412.770,7.4,100.0,68.81,54.0,14.0,86,97,43131,281.16
1785354413.770,9.4,100.0,68.84,47.0,13.0,85,97,43131,275.55
1785354414.770,5.7,100.0,68.84,31.0,8.0,86,98,43131,277.09
1785354415.770,4.4,96.0,68.84,41.0,11.0,85,97,43131,274.70
1785354416.770,7.3,100.0,68.83,40.0,9.0,82,93,43131,277.44
1785354417.770,7.4,100.0,68.82,39.0,10.0,86,99,43131,273.67
1785354418.770,6.1,100.0,68.81,37.0,9.0,87,99,43131,279.76
1785354419.770,4.8,100.0,68.80,33.0,7.0,88,100,43131,271.99
1785354420.770,5.0,100.0,68.81,34.0,6.0,88,99,43131,272.77
1785354421.771,3.1,100.0,68.79,33.0,5.0,89,100,43131,272.44
1785354422.771,3.8,100.0,68.77,30.0,5.0,89,100,43131,249.11
1785354423.771,3.7,64.4,68.76,26.0,3.0,89,100,43131,242.69
1785354424.771,5.9,100.0,68.75,28.0,4.0,90,100,43131,248.28
1785354425.771,4.3,100.0,68.73,26.0,2.0,89,100,43131,258.19
1785354426.771,5.4,100.0,68.71,25.0,4.0,91,100,43131,255.96
1785354427.771,5.2,100.0,68.71,26.0,2.0,91,100,43131,255.57
1785354428.771,4.3,100.0,68.71,26.0,4.0,91,100,43131,250.18
1785354429.771,6.0,100.0,68.70,28.0,2.0,90,100,43131,258.27
1785354430.771,4.1,100.0,68.69,26.0,2.0,90,100,43131,250.48
1785354431.771,4.5,100.0,68.69,23.0,2.0,92,100,43131,254.17
1785354432.772,5.2,100.0,68.71,24.0,2.0,92,100,43131,253.85
1785354433.772,5.1,100.0,68.70,22.0,1.0,92,100,43131,256.35
1785354434.772,3.9,100.0,68.69,25.0,3.0,90,100,43131,253.93
1785354435.772,4.4,100.0,68.66,23.0,1.0,91,100,43131,251.27
1785354436.772,6.0,100.0,68.63,22.0,2.0,88,99,43131,253.50
1785354437.772,7.7,100.0,68.66,24.0,1.0,92,100,43131,256.91
1785354438.772,5.2,100.0,68.50,23.0,0.0,91,100,43131,258.57
1785354439.772,5.0,100.0,68.51,22.0,2.0,89,100,43131,257.58
1785354440.772,5.6,99.0,66.98,8.0,0.0,0,0,43131,133.84
1785354441.772,4.7,100.0,66.53,2.0,0.0,0,0,43131,133.84
1785354442.773,5.7,100.0,66.92,1.0,0.0,0,0,43131,117.44
1785354443.773,5.9,100.0,67.11,4.0,208.0,0,0,43131,117.02
1785354444.773,5.8,99.0,67.12,4.0,50.0,0,0,43131,116.54
1785354445.773,3.6,100.0,67.14,2.0,39.0,0,0,43131,116.26
1785354446.773,4.0,100.0,67.13,4.0,34.0,0,0,43131,115.95
1785354447.773,5.4,100.0,67.11,3.0,41.0,0,0,43131,115.93
1785354448.773,6.1,100.0,67.11,1.0,21.0,0,0,43131,115.16
1785354449.773,5.2,100.0,67.11,2.0,57.0,0,0,43131,114.01
1785354450.773,5.2,100.0,67.12,5.0,46.9,0,0,43131,113.78
1785354451.773,6.0,99.0,67.58,0.0,45.1,0,0,43131,113.67
1785354452.773,6.2,100.0,67.60,4.0,43.0,0,0,43131,113.50
1785354453.774,7.7,100.0,67.62,1.0,40.0,0,0,43131,113.35
1785354454.774,5.1,100.0,67.64,2.0,42.0,0,0,43131,113.15
1785354455.774,7.0,100.0,67.95,3.0,35.0,0,0,43131,113.00
1785354456.774,5.0,100.0,67.98,2.0,18.0,0,0,43131,112.86
1785354457.774,7.4,100.0,68.00,3.0,58.0,0,0,43131,112.78
1785354458.774,5.8,100.0,68.03,1.0,63.9,0,0,43131,112.66
1785354459.774,7.0,100.0,68.06,2.0,37.2,0,0,43131,112.46
1785354460.774,5.6,100.0,68.07,3.0,28.9,0,0,43131,112.32
1785354461.774,6.2,100.0,68.09,1.0,56.0,0,0,43131,112.44
1785354462.774,6.0,100.0,68.08,2.0,54.0,0,0,43131,112.44
1785354463.775,6.5,100.0,68.06,3.0,47.9,0,0,43131,112.26
1785354464.775,6.5,100.0,68.07,3.0,52.1,0,0,43131,111.93
1785354465.775,6.4,100.0,68.03,1.0,42.0,0,0,43131,111.86
1785354466.775,4.6,100.0,68.02,4.0,32.0,0,0,43131,111.78
1785354467.775,5.6,100.0,68.04,0.0,33.0,0,0,43131,111.66
1785354468.775,5.0,100.0,68.04,3.0,35.0,0,0,43131,111.50
1785354469.775,5.5,100.0,68.01,2.0,33.0,0,0,43131,111.40
1785354470.775,5.5,100.0,68.02,3.0,31.0,0,0,43131,111.33
1785354471.775,6.6,100.0,67.28,3.0,33.0,0,0,43131,111.22
1785354472.775,6.9,100.0,67.28,1.0,32.0,0,0,43131,111.20
1785354473.775,6.9,100.0,67.84,2.0,31.0,0,0,43131,111.21
1785354474.776,5.4,100.0,67.81,3.0,34.0,0,0,43131,112.28
1785354475.776,5.9,100.0,67.82,1.0,34.0,0,0,43131,113.34
1785354476.776,7.8,100.0,67.82,3.0,33.0,0,0,43131,113.40
1785354477.776,8.8,100.0,67.83,3.0,29.9,0,0,43131,113.31
1785354478.776,8.2,99.0,67.84,2.0,29.1,0,0,43131,113.54
1785354479.776,7.1,100.0,67.84,3.0,34.0,0,0,43131,113.54
1785354480.776,7.9,100.0,67.86,2.0,33.0,0,0,43131,113.44
1785354481.776,7.4,100.0,67.86,3.0,31.0,0,0,43131,113.05
1785354482.776,7.4,100.0,67.79,3.0,43.0,0,0,43131,112.95
1785354483.777,6.0,100.0,67.21,2.0,25.0,0,0,43131,112.82
1785354484.777,6.6,100.0,67.55,1.0,25.0,0,0,43131,112.82
1785354485.777,5.6,100.0,67.53,4.0,27.0,0,0,43131,112.72
1785354486.777,5.4,100.0,67.50,1.0,27.0,0,0,43131,112.67
1785354487.777,5.4,100.0,67.54,2.0,20.0,0,0,43131,112.72
1785354488.777,5.4,100.0,67.53,2.0,22.0,0,0,43131,112.62
1785354489.777,4.7,100.0,67.54,2.0,25.0,0,0,43131,112.57
1785354490.777,5.4,100.0,67.66,2.0,24.0,0,0,43131,112.57
1785354491.777,6.2,100.0,67.84,2.0,26.0,0,0,43131,112.53
1785354492.777,5.1,100.0,67.87,2.0,28.0,0,0,43131,112.50
1785354493.777,7.4,100.0,67.88,1.0,22.0,0,0,43131,112.41
1785354494.778,3.1,100.0,67.86,4.0,17.0,0,0,43131,112.35
1785354495.778,4.8,100.0,67.95,4.0,19.0,0,0,43131,112.38
1785354496.778,4.8,100.0,67.95,2.0,38.0,0,0,43131,112.38
1785354497.778,8.9,100.0,67.97,3.0,204.0,0,0,43131,112.37
1785354498.778,8.1,100.0,68.04,2.0,44.0,0,0,43131,112.22
1785354499.778,7.1,100.0,68.12,1.0,46.0,0,0,43131,112.18
1785354500.778,5.1,100.0,68.57,2.0,12.0,0,0,43131,112.15
1785354501.778,6.4,100.0,68.66,4.0,52.0,0,0,43131,112.24
1785354502.778,5.8,100.0,68.85,2.0,49.0,0,0,43131,112.24
1785354503.779,7.2,100.0,69.01,2.0,42.0,0,0,43131,112.16
1785354504.779,5.6,100.0,69.00,2.0,47.0,0,0,43131,112.16
1785354505.779,6.5,100.0,69.01,3.0,49.0,0,0,43131,112.09
1785354506.779,5.4,100.0,69.03,1.0,59.0,0,0,43131,112.09
1785354507.779,6.8,100.0,69.03,2.0,60.7,0,0,43131,112.09
1785354508.779,6.7,100.0,69.07,4.0,144.7,0,0,43131,112.11
1785354509.779,5.9,100.0,69.08,3.0,17.0,0,0,43131,112.08
1785354510.779,5.7,100.0,69.11,1.0,15.0,0,0,43131,112.00
1785354511.779,5.3,100.0,69.10,4.0,17.0,0,0,43131,111.93
1785354512.779,5.7,100.0,69.08,2.0,33.0,0,0,43131,111.88
1785354513.779,5.4,100.0,69.07,2.0,45.0,0,0,43131,111.93
1785354514.780,3.6,100.0,69.07,4.0,46.0,0,0,43131,111.89
1785354515.780,4.7,100.0,69.06,3.0,55.0,0,0,43131,111.85
1785354516.780,6.0,100.0,69.07,2.0,43.0,0,0,43131,111.90
1785354517.780,5.7,100.0,69.09,3.0,30.0,0,0,43131,111.84
1785354518.780,5.0,100.0,69.08,1.0,14.0,0,0,43131,111.80
1785354519.780,5.7,100.0,68.56,4.0,40.0,0,0,43131,111.80
1785354520.780,3.8,100.0,68.98,2.0,66.1,0,0,43131,111.75
1785354521.780,4.5,100.0,69.00,3.0,40.9,0,0,43131,111.75
1785354522.780,5.2,100.0,69.03,3.0,42.0,0,0,43131,111.70
1785354523.780,6.2,100.0,68.71,2.0,39.2,0,0,43131,111.75
1785354524.780,6.1,100.0,68.73,2.0,40.8,0,0,43131,111.79
1785354525.781,5.6,100.0,68.75,1.0,22.0,0,0,43131,111.64
1785354526.781,4.4,100.0,68.84,4.0,42.0,0,0,43131,111.59
1785354527.781,4.3,100.0,70.12,3.0,100.0,0,0,43131,111.55
1785354528.781,3.6,100.0,70.13,3.0,100.0,0,0,43131,111.56
1785354529.781,6.0,100.0,70.33,3.0,99.0,0,0,43131,111.56
1785354530.781,6.6,100.0,70.44,13.0,95.0,0,0,43131,111.55
1785354531.781,4.9,100.0,70.43,25.0,1.0,100,61,43131,203.53
1785354532.781,5.2,100.0,70.67,38.0,8.0,85,97,43131,273.49
1785354533.781,6.2,100.0,70.66,40.0,8.0,86,99,43131,261.79
1785354534.781,4.6,100.0,70.64,37.0,9.0,90,100,43131,249.08
1785354535.782,5.5,100.0,70.63,26.0,9.0,95,100,43131,277.83
1785354536.782,8.8,100.0,70.66,28.0,10.0,95,100,43131,280.21
1785354537.782,8.4,100.0,70.63,32.0,9.0,86,100,43131,271.31
1785354538.782,7.2,100.0,70.66,36.0,8.0,86,99,43131,266.67
1785354539.782,5.9,100.0,70.66,39.0,8.0,86,99,43131,263.17
1785354540.782,7.3,100.0,70.64,97.0,20.0,100,58,43131,255.37
1785354541.782,5.2,100.0,70.67,24.0,1.0,100,61,43131,294.84
1785354542.782,5.7,100.0,70.67,24.0,2.0,90,59,43131,301.72
1785354543.782,4.8,100.0,70.67,25.0,3.0,100,63,43131,296.35
1785354544.783,6.6,100.0,70.65,24.0,4.0,93,62,43131,303.72
1785354545.783,3.9,100.0,70.66,26.0,5.0,87,58,43131,289.44
1785354546.783,4.2,100.0,70.64,25.0,4.0,100,66,43131,302.68
1785354547.783,5.2,100.0,70.64,26.0,6.0,100,66,43131,306.78
1785354548.783,6.7,100.0,70.51,72.0,22.0,81,90,43131,258.88
1785354549.783,6.5,100.0,70.51,65.0,27.0,82,92,43131,263.50
1785354550.783,6.5,100.0,70.39,73.0,24.0,83,93,43131,286.63
1785354551.783,4.1,100.0,70.40,64.0,22.0,79,89,43131,284.00
1785354552.783,5.4,100.0,70.38,60.0,22.0,81,90,43131,284.73
1785354553.783,6.9,100.0,70.39,58.0,18.0,85,94,43131,281.56
1785354554.784,5.3,100.0,70.41,56.0,18.0,83,92,43131,286.71
1785354555.784,6.8,100.0,70.42,53.0,18.0,82,91,43131,281.49
1785354556.784,6.2,100.0,70.39,50.0,15.0,88,97,43131,277.77
1785354557.784,7.7,100.0,70.40,50.0,15.0,89,100,43131,277.94
1785354558.784,7.2,100.0,70.38,48.0,14.0,84,95,43131,281.01
1785354559.784,9.4,100.0,70.39,45.0,13.0,84,96,43131,282.28
1785354560.784,7.3,100.0,70.39,44.0,13.0,84,96,43131,278.30
1785354561.784,7.8,100.0,70.36,47.0,13.0,85,97,43131,281.48
1785354562.784,6.9,100.0,70.36,42.0,10.0,85,97,43131,277.99
1785354563.785,6.5,100.0,70.80,41.0,11.0,85,97,43131,282.26
1785354564.785,5.7,100.0,70.78,41.0,10.0,85,98,43131,274.09
1785354565.785,4.8,100.0,71.05,38.0,8.0,87,100,43131,278.81
1785354566.785,5.1,100.0,71.11,36.0,6.0,87,99,43131,272.46
1785354567.785,5.9,100.0,71.15,31.0,7.0,87,99,43131,275.30
1785354568.785,4.3,100.0,71.18,33.0,5.0,88,99,43131,265.60
1785354569.785,6.4,100.0,71.33,29.0,6.0,90,100,43131,257.88
1785354570.785,6.2,100.0,71.35,26.0,4.0,90,100,43131,268.48
1785354571.785,5.4,100.0,71.43,25.0,4.0,90,100,43131,267.19
1785354572.785,5.2,100.0,71.41,28.0,4.0,90,100,43131,267.90
1785354573.786,6.3,100.0,71.53,27.0,4.0,90,100,43131,269.11
1785354574.786,5.6,100.0,71.52,26.0,4.0,91,100,43131,252.48
1785354575.786,4.4,100.0,71.59,28.0,2.0,90,100,43131,256.29
1785354576.786,4.0,100.0,71.55,25.0,3.0,90,100,43131,252.57
1785354577.786,4.6,100.0,71.53,25.0,1.0,90,100,43131,254.19
1785354578.786,5.5,100.0,71.48,26.0,1.0,91,100,43131,252.72
1785354579.786,3.5,100.0,71.44,24.0,2.0,90,100,43131,254.61
1785354580.786,2.6,100.0,71.42,26.0,1.0,90,100,43131,254.72
1785354581.786,3.0,100.0,71.38,24.0,1.0,90,100,43131,255.83
1785354582.786,3.3,100.0,71.34,26.0,0.0,90,100,43131,258.27
1785354583.787,5.7,100.0,71.31,21.0,2.0,93,100,43131,260.24
1785354584.787,7.6,100.0,71.32,25.0,1.0,90,100,43131,256.12
1785354585.787,5.7,100.0,71.23,23.0,1.0,91,100,43131,260.61
1785354586.787,8.7,100.0,71.37,24.0,2.0,92,100,43131,260.40
1785354587.787,14.7,87.1,72.19,26.0,1.0,90,100,43131,258.19
1785354588.787,14.8,99.0,72.81,29.0,1.0,88,100,43131,255.72
1785354589.787,14.1,100.0,71.01,22.0,1.0,88,100,43131,256.24
1785354590.787,13.4,100.0,70.90,26.0,1.0,89,100,43131,254.65
1785354591.787,11.7,98.0,70.90,25.0,2.0,90,100,43131,257.83
1785354592.787,10.7,100.0,70.84,25.0,1.0,90,100,43131,257.98
1785354593.787,8.4,100.0,70.88,27.0,1.0,90,100,43131,257.85
1785354594.788,12.4,100.0,71.19,22.0,0.0,90,100,43131,258.50
1785354595.788,14.1,100.0,71.19,25.0,1.0,90,100,43131,257.37
1785354596.788,15.1,100.0,70.90,22.0,30.1,0,0,43131,220.99
1785354597.788,12.2,100.0,69.52,4.0,0.0,0,0,43131,133.11
1785354598.788,10.6,100.0,69.51,1.0,0.0,0,0,43131,118.19
1785354599.788,11.8,100.0,69.66,4.0,0.0,0,0,43131,117.92
1785354600.788,14.1,89.0,69.72,2.0,158.1,0,0,43131,117.24
1785354601.788,15.4,100.0,69.74,5.0,43.0,0,0,43131,117.14
1785354602.788,13.2,100.0,69.73,2.0,33.0,0,0,43131,116.80
1785354603.788,13.5,100.0,69.74,3.0,29.0,0,0,43131,116.51
1785354604.789,14.3,100.0,69.75,4.0,37.0,0,0,43131,116.31
1785354605.789,11.4,100.0,69.76,2.0,24.0,0,0,43131,116.17
1785354606.789,13.3,100.0,69.74,4.0,15.0,0,0,43131,115.89
1785354607.789,13.1,78.0,69.74,3.0,20.1,0,0,43131,114.86
1785354608.789,8.0,100.0,69.84,2.0,56.8,0,0,43131,114.09
1785354609.789,10.2,100.0,69.93,4.0,46.0,0,0,43131,113.93
1785354610.789,15.5,70.7,69.94,2.0,34.0,0,0,43131,113.84
1785354611.789,13.1,100.0,69.84,1.0,28.0,0,0,43131,113.65
1785354612.789,15.4,100.0,69.85,4.0,40.0,0,0,43131,113.45
1785354613.790,12.2,100.0,69.89,3.0,30.0,0,0,43131,113.35
1785354614.790,10.5,100.0,69.87,2.0,39.0,0,0,43131,113.16
1785354615.790,13.2,99.0,69.87,2.0,38.0,0,0,43131,113.00
1785354616.790,13.6,80.0,69.86,2.0,18.0,0,0,43131,112.91
1785354617.790,12.5,100.0,69.87,2.0,48.0,0,0,43131,112.77
1785354618.790,11.1,100.0,69.87,4.0,55.0,0,0,43131,112.58
1785354619.790,14.0,100.0,69.89,2.0,66.0,0,0,43131,112.52
1785354620.790,15.2,100.0,69.88,2.0,26.0,0,0,43131,112.47
1785354621.790,12.9,100.0,69.65,2.0,27.0,0,0,43131,112.30
1785354622.790,10.8,100.0,69.64,2.0,62.0,0,0,43131,112.20
1785354623.791,11.2,100.0,70.13,3.0,48.9,0,0,43131,112.04
1785354624.791,14.8,86.1,70.98,2.0,47.9,0,0,43131,111.90
1785354625.791,14.3,100.0,71.57,3.0,49.1,0,0,43131,111.89
1785354626.791,14.1,100.0,69.84,2.0,51.0,0,0,43131,111.79
1785354627.791,12.7,100.0,70.10,3.0,27.0,0,0,43131,111.65
1785354628.791,11.1,100.0,70.09,2.0,23.0,0,0,43131,111.60
1785354629.791,13.0,100.0,70.10,2.0,29.0,0,0,43131,111.55
1785354630.791,11.4,100.0,70.15,3.0,27.1,0,0,43131,111.46
1785354631.791,11.9,100.0,70.13,3.0,23.9,0,0,43131,111.50
1785354632.791,11.9,100.0,70.13,2.0,28.0,0,0,43131,111.45
1785354633.791,10.4,99.0,70.15,3.0,25.0,0,0,43131,111.26
1785354634.792,13.8,100.0,70.14,3.0,28.1,0,0,43131,112.67
1785354635.792,14.5,100.0,70.16,2.0,20.0,0,0,43131,113.74
1785354636.792,14.3,100.0,70.16,2.0,25.0,0,0,43131,113.30
1785354637.792,14.5,100.0,70.16,5.0,24.0,0,0,43131,113.20
1785354638.792,13.2,100.0,69.96,2.0,24.0,0,0,43131,113.10
1785354639.792,6.4,100.0,70.14,3.0,28.0,0,0,43131,113.10
1785354640.792,6.4,100.0,70.26,3.0,24.9,0,0,43131,113.10
1785354641.792,13.4,100.0,71.39,2.0,27.1,0,0,43131,113.00
1785354642.792,9.3,100.0,71.48,3.0,29.0,0,0,43131,112.89
1785354643.792,6.8,100.0,71.57,3.0,31.2,0,0,43131,112.84
1785354644.792,6.1,100.0,71.59,3.0,25.9,0,0,43131,112.86
1785354645.793,5.7,100.0,71.41,2.0,28.0,0,0,43131,112.81
1785354646.793,5.9,100.0,71.43,3.0,47.0,0,0,43131,112.71
1785354647.793,5.3,100.0,71.45,2.0,27.0,0,0,43131,112.66
1785354648.793,3.4,100.0,71.46,4.0,21.0,0,0,43131,112.67
1785354649.793,3.7,100.0,71.44,3.0,22.0,0,0,43131,112.58
1785354650.793,3.5,100.0,71.43,3.0,22.0,0,0,43131,112.47
1785354651.793,5.0,100.0,71.43,3.0,29.0,0,0,43131,112.61
1785354652.793,4.5,100.0,71.42,2.0,13.0,0,0,43131,112.57
1785354653.793,6.9,100.0,71.68,2.0,34.0,0,0,43131,112.42
1785354654.794,5.8,100.0,71.70,3.0,23.0,0,0,43131,112.42
1785354655.794,5.7,100.0,71.69,3.0,24.0,0,0,43131,112.32
1785354656.794,7.3,100.0,71.66,3.0,23.0,0,0,43131,112.33
1785354657.794,6.9,100.0,71.66,3.0,25.0,0,0,43131,112.38
1785354658.794,3.8,100.0,71.61,4.0,27.0,0,0,43131,112.32
1785354659.794,3.9,100.0,71.60,3.0,14.0,0,0,43131,112.23
1785354660.794,5.4,100.0,71.57,2.0,23.0,0,0,43131,112.23
1785354661.794,5.8,100.0,71.55,1.0,42.0,0,0,43131,112.18
1785354662.794,5.4,100.0,71.51,4.0,154.0,0,0,43131,112.05
1785354663.794,4.5,100.0,71.54,3.0,40.2,0,0,43131,112.01
1785354664.794,6.6,100.0,71.59,2.0,47.8,0,0,43131,112.09
1785354665.795,5.6,100.0,71.57,2.0,15.0,0,0,43131,112.03
1785354666.795,7.5,100.0,69.76,3.0,46.0,0,0,43131,111.91
1785354667.795,6.3,100.0,69.79,1.0,43.0,0,0,43131,112.00
1785354668.795,6.8,100.0,70.27,3.0,44.0,0,0,43131,111.98
1785354669.795,6.5,100.0,70.28,3.0,52.0,0,0,43131,111.93
1785354670.795,7.4,100.0,70.49,3.0,57.2,0,0,43131,111.98
1785354671.795,7.7,100.0,70.51,4.0,52.9,0,0,43131,111.98
1785354672.795,7.2,100.0,70.53,3.0,71.0,0,0,43131,111.93
1785354673.795,10.6,100.0,70.63,3.0,164.3,0,0,43131,111.89
1785354674.795,6.0,100.0,70.65,4.0,17.1,0,0,43131,111.84
1785354675.796,6.8,100.0,70.68,2.0,19.0,0,0,43131,111.84
1785354676.796,5.8,100.0,70.66,3.0,28.0,0,0,43131,111.79
1785354677.796,5.5,100.0,70.70,6.0,48.0,0,0,43131,111.71
1785354678.796,6.3,100.0,70.71,2.0,53.0,0,0,43131,111.71
1785354679.796,5.2,100.0,70.74,3.0,58.0,0,0,43131,111.65
1785354680.796,7.5,100.0,70.76,3.0,42.0,0,0,43131,111.64
1785354681.796,8.5,100.0,70.74,3.0,28.0,0,0,43131,111.74
1785354682.796,7.0,100.0,70.75,3.0,20.0,0,0,43131,111.89
1785354683.796,6.7,100.0,70.77,2.0,61.0,0,0,43131,111.79
1785354684.796,7.4,100.0,70.79,4.0,47.0,0,0,43131,111.60
1785354685.797,6.4,100.0,70.80,1.0,42.0,0,0,43131,111.55
1785354686.797,6.7,100.0,70.30,2.0,49.0,0,0,43131,111.54
1785354687.797,6.9,100.0,70.83,2.0,41.0,0,0,43131,111.79
1785354688.797,4.3,100.0,70.85,2.0,35.0,0,0,43131,111.79
1785354689.797,5.2,100.0,70.87,3.0,22.0,0,0,43131,111.54
1785354690.797,6.2,100.0,70.98,2.0,74.0,0,0,43131,111.50
1785354691.797,5.8,100.0,70.96,33.0,43.0,92,57,43131,204.68
1785354692.797,5.1,100.0,70.94,31.0,5.0,88,100,43131,275.14
1785354693.797,5.5,100.0,70.92,37.0,7.0,88,100,43131,271.57
1785354694.797,5.0,100.0,70.92,36.0,9.0,88,100,43131,273.88
1785354695.797,3.7,100.0,70.90,38.0,8.0,87,100,43131,275.17
1785354696.798,4.9,100.0,70.90,32.0,8.0,6,7,43131,242.13
1785354697.798,4.3,100.0,70.91,18.0,0.0,92,100,43131,183.41
1785354698.798,5.9,100.0,70.90,30.0,1.0,90,95,43131,253.38
1785354699.798,5.0,100.0,70.87,34.0,4.0,90,100,43131,252.13
1785354700.798,5.0,99.0,70.84,29.0,4.0,90,100,43131,241.32
1785354701.798,5.9,100.0,70.82,32.0,5.0,91,93,43131,258.24
1785354702.798,8.2,94.0,70.79,30.0,5.0,90,100,43131,253.83
1785354703.798,6.0,100.0,70.84,28.0,3.0,91,100,43131,247.02
1785354704.798,5.3,100.0,70.84,24.0,3.0,91,100,43131,249.81
1785354705.798,6.3,100.0,70.87,29.0,2.0,90,100,43131,252.09
1785354706.799,6.6,100.0,70.88,26.0,3.0,91,100,43131,254.86
1785354707.799,6.9,100.0,70.89,31.0,3.0,90,91,43131,255.84
1785354708.799,5.1,100.0,70.91,33.0,4.0,88,99,43131,258.60
1785354709.799,5.5,100.0,70.91,27.0,2.0,91,100,43131,247.17
1785354710.799,5.2,100.0,70.90,29.0,3.0,89,100,43131,245.11
1785354711.799,5.8,100.0,70.89,25.0,2.0,90,100,43131,244.38
1785354712.799,6.0,100.0,70.90,25.0,2.0,90,100,43131,248.46
1785354713.799,5.4,100.0,70.88,31.0,2.0,87,85,43131,238.94
1785354714.799,2.9,100.0,70.89,27.0,1.0,90,100,43131,242.96
1785354715.799,4.7,100.0,70.89,27.0,1.0,90,100,43131,242.12
1785354716.799,10.0,100.0,70.89,28.0,2.0,89,100,43131,244.79
1785354717.800,8.1,100.0,70.92,28.0,3.0,86,98,43131,248.15
1785354718.800,7.1,100.0,70.93,26.0,1.0,90,100,43131,245.90
1785354719.800,5.7,100.0,70.93,34.0,3.0,89,100,43131,251.82
1785354720.800,4.4,100.0,70.92,26.0,2.0,87,98,43131,251.48
1785354721.800,4.7,100.0,70.90,30.0,3.0,87,94,43131,255.82
1785354722.800,4.4,100.0,70.88,28.0,3.0,90,100,43131,249.42
1785354723.800,6.2,100.0,71.04,29.0,3.0,89,100,43131,252.82
1785354724.800,6.9,100.0,71.07,25.0,2.0,90,100,43131,251.43
1785354725.800,6.4,100.0,71.08,28.0,2.0,91,98,43131,261.12
1785354726.800,3.7,100.0,71.10,28.0,2.0,91,100,43131,253.16
1785354727.800,3.6,100.0,71.08,28.0,2.0,89,96,43131,259.77
1785354728.801,3.0,100.0,71.10,27.0,2.0,88,100,43131,250.32
1785354729.801,4.7,100.0,71.10,29.0,3.0,90,100,43131,244.98
1785354730.801,5.8,100.0,71.11,26.0,2.0,89,100,43131,250.27
1785354731.801,5.3,100.0,71.10,27.0,3.0,89,100,43131,257.42
1785354732.801,3.5,100.0,71.12,29.0,1.0,89,100,43131,249.54
1785354733.801,5.2,100.0,71.11,25.0,2.0,90,100,43131,250.05
1785354734.801,6.4,100.0,71.28,26.0,2.0,89,100,43131,252.78
1785354735.801,5.1,100.0,71.47,24.0,2.0,87,99,43131,252.39
1785354736.801,3.4,100.0,71.51,16.0,1.0,0,0,43131,204.18
1785354737.801,2.8,100.0,71.48,23.0,1.0,91,100,43131,237.38
1785354738.801,3.0,100.0,71.46,30.0,1.0,91,100,43131,257.93
1785354739.802,3.3,100.0,71.57,24.0,3.0,90,100,43131,247.69
1785354740.802,3.3,100.0,71.57,33.0,2.0,88,100,43131,247.69
1785354741.802,6.5,100.0,71.61,29.0,3.0,90,100,43131,249.02
1785354742.802,7.4,100.0,71.69,28.0,3.0,90,100,43131,255.12
1785354743.802,6.1,100.0,71.76,29.0,3.0,90,100,43131,261.60
1785354744.802,6.1,100.0,71.80,31.0,4.0,90,100,43131,265.14
1785354745.802,5.7,100.0,71.86,32.0,3.0,90,100,43131,257.27
1785354746.802,4.2,79.0,71.85,33.0,4.0,90,100,43131,255.73
1785354747.802,7.0,56.4,71.20,32.0,6.0,86,83,43131,258.18
1785354748.802,3.5,100.0,71.76,33.0,3.0,89,100,43131,251.82
1785354749.803,5.7,100.0,71.74,26.9,4.0,88,100,43131,249.90
1785354750.803,6.4,100.0,71.74,33.1,5.0,91,89,43131,266.84
1785354751.803,5.4,100.0,71.73,27.0,3.0,91,100,43131,254.00
1785354752.803,5.8,100.0,71.72,31.0,3.0,90,100,43131,254.03
1785354753.803,5.8,90.0,71.71,29.0,3.0,90,100,43131,256.02
1785354754.803,3.5,100.0,71.73,28.0,3.0,90,100,43131,254.43
1785354755.803,5.4,100.0,71.73,28.0,2.0,91,100,43131,262.74
1785354756.803,4.7,100.0,71.75,25.0,4.0,91,100,43131,255.65
1785354757.803,3.9,100.0,71.76,23.0,1.0,90,100,43131,255.04
1785354758.803,5.6,100.0,71.77,30.0,2.0,88,99,43131,257.61
1785354759.804,5.5,100.0,71.78,25.0,1.0,92,100,43131,252.83
1785354760.804,4.9,100.0,71.77,25.0,3.0,91,100,43131,254.04
1785354761.804,5.6,100.0,71.78,29.0,2.0,91,93,43131,266.70
1785354762.804,4.1,100.0,71.81,26.0,2.0,90,100,43131,254.43
1785354763.804,6.5,100.0,71.78,26.0,3.0,90,100,43131,260.71
1785354764.804,5.7,100.0,71.80,27.0,2.0,91,100,43131,271.19
1785354765.804,5.1,100.0,71.81,26.0,4.0,90,100,43131,258.13
1785354766.804,4.3,100.0,71.78,34.0,1.0,89,87,43131,253.59
1785354767.804,3.6,100.0,71.77,27.0,2.0,91,100,43131,257.14
1785354768.804,5.2,100.0,71.78,26.0,3.0,88,100,43131,252.42
1785354769.804,5.5,100.0,71.77,26.0,2.0,91,100,43131,252.12
1785354770.805,3.8,100.0,71.78,25.0,3.0,91,100,43131,250.33
1785354771.805,6.1,100.0,71.77,23.0,2.0,87,98,43131,255.81
1785354772.805,4.8,100.0,71.78,28.0,1.0,90,100,43131,256.49
1785354773.805,4.5,100.0,71.77,28.0,2.0,90,100,43131,251.50
1785354774.805,7.9,100.0,71.74,30.1,2.0,88,100,43131,245.90
1785354775.805,8.0,100.0,71.76,26.9,4.0,89,100,43131,269.64
1785354776.805,10.2,100.0,71.21,29.0,2.0,87,99,43131,257.91
1785354777.805,7.6,100.0,72.20,28.9,3.0,89,100,43131,260.45
1785354778.805,6.0,100.0,72.03,28.1,2.0,90,100,43131,254.44
1785354779.805,2.7,100.0,72.04,26.0,2.0,90,100,43131,253.62
1785354780.805,6.4,100.0,72.07,25.0,1.0,86,98,43131,254.89
1785354781.806,4.1,79.8,72.11,25.0,3.0,90,100,43131,260.41
1785354782.806,4.2,88.9,72.11,27.0,1.0,86,97,43131,262.58
1785354783.806,5.2,100.0,72.10,28.0,2.0,88,91,43131,267.80
1785354784.806,5.2,100.0,72.10,27.0,2.0,89,100,43131,253.92
1785354785.806,5.6,100.0,72.10,24.0,3.0,89,100,43131,255.63
1785354786.806,6.8,100.0,72.33,27.0,2.0,90,100,43131,252.98
1785354787.806,5.1,100.0,72.34,28.0,2.0,91,100,43131,251.31
1785354788.806,5.3,100.0,72.34,25.0,3.0,91,100,43131,251.53
1785354789.806,4.8,100.0,72.05,31.0,3.0,88,100,43131,249.12
1785354790.807,4.9,100.0,72.04,26.0,2.0,91,100,43131,257.75
1785354791.807,5.4,100.0,72.04,28.0,4.0,89,100,43131,252.67
1785354792.807,4.8,100.0,72.06,30.0,3.0,90,100,43131,262.17
1785354793.807,4.3,100.0,72.07,30.0,3.0,91,91,43131,269.95
1785354794.807,3.4,100.0,72.06,29.0,2.0,87,99,43131,262.56
1785354795.807,4.1,100.0,72.05,27.0,3.0,89,100,43131,256.49
1785354796.807,5.7,100.0,72.06,28.0,3.0,90,89,43131,254.42
1785354797.807,5.7,100.0,72.04,29.9,3.0,90,100,43131,250.56
1785354798.807,6.1,100.0,72.05,22.1,1.0,90,100,43131,255.83
1785354799.807,5.6,100.0,72.06,28.0,2.0,91,100,43131,250.78
1785354800.808,4.9,100.0,72.05,28.0,3.0,90,100,43131,259.59
1785354801.808,5.1,100.0,72.08,22.0,2.0,90,100,43131,255.70
1785354802.808,3.1,100.0,72.05,26.1,1.0,91,100,43131,254.10
1785354803.808,5.6,100.0,72.06,27.9,3.0,91,100,43131,253.50
1785354804.808,4.9,100.0,71.41,29.0,2.0,88,100,43131,248.18
1785354805.808,3.4,100.0,71.72,23.0,3.0,89,100,43131,251.34
1785354806.808,3.5,100.0,71.83,24.0,1.0,88,100,43131,253.77
1785354807.808,3.7,100.0,71.92,23.0,1.0,89,100,43131,255.70
1785354808.808,4.1,100.0,71.91,17.0,1.0,0,0,43131,207.02
1785354809.808,6.1,100.0,71.89,2.0,0.0,0,0,43131,133.44
1785354810.808,4.8,100.0,71.89,17.0,1.0,91,100,43131,169.69
1785354811.809,5.3,100.0,71.63,23.0,2.0,92,100,43131,250.17
1785354812.809,5.3,100.0,71.13,26.0,2.0,90,100,43131,255.93
1785354813.809,5.9,100.0,69.86,26.0,2.0,90,100,43131,262.87
1785354814.809,4.9,100.0,70.45,30.0,3.0,87,90,43131,264.94
1785354815.809,3.3,100.0,70.46,26.0,2.0,87,99,43131,271.63
1785354816.809,5.3,100.0,70.47,27.0,2.0,90,100,43131,256.71
1785354817.809,4.5,100.0,70.42,27.0,3.0,91,89,43131,254.01
1785354818.809,4.8,100.0,70.40,26.0,2.0,89,100,43131,252.93
1785354819.809,3.4,100.0,70.39,23.0,2.0,91,100,43131,252.26
1785354820.809,4.7,100.0,70.39,26.0,1.0,87,98,43131,255.84
1785354821.810,3.4,100.0,70.38,36.0,4.0,90,84,43131,255.88
1785354822.810,2.9,100.0,70.37,30.0,3.0,90,100,43131,270.06
1785354823.810,6.4,100.0,70.22,29.0,3.0,90,100,43131,253.98
1785354824.810,5.2,100.0,70.23,32.0,4.0,89,100,43131,258.49
1785354825.810,4.7,100.0,70.21,31.0,4.0,93,93,43131,253.31
1785354826.810,4.6,100.0,70.21,25.0,2.0,88,99,43131,257.73
1785354827.810,4.7,100.0,70.21,29.0,3.0,87,85,43131,247.89
1785354828.810,4.5,100.0,70.20,28.0,3.0,90,100,43131,257.54
1785354829.810,3.8,100.0,70.22,28.0,3.0,90,100,43131,260.65
1785354830.811,2.5,100.0,70.22,26.0,2.0,90,100,43131,254.37
1785354831.811,3.7,100.0,70.22,24.0,3.0,90,100,43131,254.02
1785354832.811,4.8,100.0,70.23,27.0,1.0,91,100,43131,255.14
1785354833.811,3.1,100.0,70.21,27.0,2.0,87,99,43131,254.93
1785354834.811,3.3,100.0,70.20,26.0,2.0,90,100,43131,251.31
1785354835.811,5.5,99.0,70.21,29.0,3.0,90,100,43131,252.18
1785354836.811,8.6,99.0,69.88,27.0,3.0,85,96,43131,256.78
1785354837.811,7.6,100.0,69.89,27.0,2.0,90,100,43131,263.74
1785354838.811,7.0,100.0,69.93,27.0,3.0,90,100,43131,254.89
1785354839.811,5.7,100.0,69.92,28.0,2.0,90,100,43131,252.67
1785354840.812,5.7,100.0,69.90,29.0,2.0,89,100,43131,253.51
1785354841.812,4.7,100.0,69.89,31.0,3.0,88,86,43131,258.05
1785354842.812,3.1,100.0,69.91,39.0,5.0,89,100,43131,268.11
1785354843.812,3.8,100.0,69.89,32.0,3.0,90,92,43131,269.89
1785354844.812,3.9,100.0,69.88,36.0,5.0,88,81,43131,268.23
1785354845.812,4.6,100.0,69.88,31.0,4.0,89,100,43131,237.10
1785354846.812,4.2,100.0,69.88,29.0,4.0,90,100,43131,257.46
1785354847.812,4.7,100.0,69.90,26.0,2.0,89,100,43131,256.31
1785354848.812,4.9,99.0,69.89,30.0,2.0,89,100,43131,254.80
1785354849.812,4.5,76.5,70.15,30.0,2.0,91,100,43131,269.82
1785354850.813,5.7,100.0,70.14,27.0,3.0,90,100,43131,252.66
1785354851.813,4.2,100.0,70.13,28.0,3.0,89,100,43131,267.40
1785354852.813,5.6,100.0,70.12,28.0,4.0,91,100,43131,268.42
1785354853.813,3.2,100.0,70.11,24.0,2.0,89,100,43131,259.08
1785354854.813,4.5,100.0,70.10,27.0,2.0,90,100,43131,252.71
1785354855.813,6.2,100.0,70.10,28.0,3.0,90,100,43131,257.60
1785354856.813,4.5,100.0,70.10,23.0,0.0,91,100,43131,258.54
1785354857.813,5.5,99.0,70.11,27.0,3.0,91,100,43131,264.77
1785354858.813,4.3,100.0,70.47,27.0,2.0,90,100,43131,246.29
1785354859.814,4.1,100.0,70.44,30.0,3.0,87,99,43131,253.61
1785354860.814,5.0,100.0,70.43,26.0,2.0,90,100,43131,254.33
1785354861.814,5.4,100.0,70.42,33.0,4.0,89,100,43131,262.34
1785354862.814,4.7,100.0,70.42,29.0,3.0,90,100,43131,262.24
1785354863.814,5.9,91.0,70.43,29.0,4.0,89,100,43131,252.56
1785354864.814,4.4,100.0,70.42,31.0,3.0,89,100,43131,269.98
1785354865.814,3.5,58.0,70.41,29.0,3.0,89,100,43131,258.83
1785354866.814,3.6,81.2,70.42,27.0,3.0,90,100,43131,254.66
1785354867.814,4.0,48.5,70.44,27.0,2.0,86,97,43131,258.60
1785354868.814,3.6,69.3,69.88,14.0,0.0,0,0,43131,220.86
1785354869.815,3.5,100.0,69.88,28.0,2.0,91,100,43131,218.69
1785354870.815,2.8,100.0,69.91,27.0,2.0,91,100,43131,268.43
1785354871.815,4.2,100.0,69.92,27.0,2.0,90,100,43131,255.23
1785354872.815,4.6,100.0,69.92,29.0,3.0,90,100,43131,260.76
1785354873.815,5.2,100.0,69.92,29.0,2.0,90,88,43131,250.83
1785354874.815,4.6,100.0,69.92,33.0,5.0,90,100,43131,263.49
1785354875.815,3.5,100.0,69.91,30.0,3.0,88,99,43131,261.11
1785354876.815,4.3,100.0,69.92,30.0,3.0,88,100,43131,257.37
1785354877.815,3.3,100.0,69.89,32.0,3.0,89,100,43131,264.50
1785354878.815,4.5,100.0,69.88,28.0,4.0,90,100,43131,258.66
1785354879.816,5.5,100.0,69.87,28.0,3.0,87,99,43131,254.23
1785354880.816,4.6,100.0,69.87,29.0,4.0,90,100,43131,255.41
1785354881.816,4.5,100.0,69.86,28.0,2.0,89,100,43131,259.55
1785354882.816,4.8,100.0,69.85,25.0,2.0,90,100,43131,256.01
1785354883.816,3.9,100.0,69.84,28.0,3.0,90,100,43131,257.60
1785354884.816,3.5,100.0,69.87,31.0,2.0,89,100,43131,262.86
1785354885.816,2.9,100.0,69.88,28.0,2.0,93,94,43131,252.81
1785354886.816,4.3,100.0,69.89,25.0,2.0,88,99,43131,254.45
1785354887.816,2.1,100.0,69.87,30.0,3.0,89,100,43131,255.81
1785354888.816,4.9,87.9,69.89,28.0,2.0,89,100,43131,257.87
1785354889.817,5.3,67.0,69.94,28.0,1.0,90,100,43131,250.68
1785354890.817,6.0,100.0,69.93,25.0,2.0,92,100,43131,256.14
1785354891.817,4.2,100.0,69.91,24.0,2.0,92,100,43131,258.40
1785354892.817,3.4,100.0,69.90,30.0,2.0,86,97,43131,272.68
1785354893.817,4.0,100.0,69.88,31.0,2.0,90,100,43131,252.44
1785354894.817,5.6,100.0,69.90,24.0,2.0,90,100,43131,257.54
1785354895.817,5.1,99.0,69.92,26.0,3.0,89,100,43131,255.04
1785354896.817,5.3,38.0,70.05,30.0,3.0,90,100,43131,258.14
1785354897.817,7.6,100.0,70.04,25.0,2.0,90,100,43131,253.21
1785354898.817,5.3,100.0,70.05,22.0,1.0,91,100,43131,260.62
1785354899.818,7.0,100.0,70.06,22.0,1.0,91,100,43131,260.47
1785354900.818,5.2,100.0,70.07,22.0,19.0,0,0,43131,235.16
1785354901.818,3.2,100.0,69.32,4.0,0.0,0,0,43131,134.19
1785354902.818,3.5,100.0,69.33,3.0,0.0,0,0,43131,119.35
1785354903.818,5.0,100.0,69.32,3.0,0.0,0,0,43131,119.29
1785354904.818,5.0,100.0,69.42,4.0,19.0,0,0,43131,118.76
1785354905.818,4.7,100.0,69.41,2.0,7.0,0,0,43131,118.03
1785354906.818,3.5,100.0,69.44,2.0,19.0,0,0,43131,117.64
1785354907.818,3.3,100.0,69.46,3.0,48.0,0,0,43131,117.30
1785354908.819,4.6,100.0,69.49,6.0,183.9,0,0,43131,117.00
1785354909.819,4.6,95.0,69.53,3.0,29.0,0,0,43131,116.73
1785354910.819,3.3,100.0,69.52,3.0,23.0,0,0,43131,116.55
1785354911.819,5.3,99.0,69.54,3.0,33.0,0,0,43131,116.41
1785354912.819,4.6,100.0,69.55,3.0,20.0,0,0,43131,116.18
1785354913.819,4.9,100.0,69.53,4.0,28.0,0,0,43131,115.87
1785354914.819,3.7,57.0,69.53,5.0,18.0,0,0,43131,115.62
1785354915.819,5.1,100.0,69.45,2.0,16.0,0,0,43131,114.90
1785354916.819,4.0,100.0,69.45,2.0,6.0,0,0,43131,114.02
1785354917.819,2.2,100.0,69.43,4.0,5.0,0,0,43131,113.83
1785354918.820,3.2,100.0,69.44,4.0,5.0,0,0,43131,113.73
1785354919.820,2.3,65.0,69.47,4.0,39.0,0,0,43131,113.54
1785354920.820,3.5,100.0,69.47,3.0,37.0,0,0,43131,113.37
1785354921.820,3.0,100.0,69.49,4.0,25.0,0,0,43131,113.18
1785354922.820,4.8,100.0,69.52,3.0,34.2,0,0,43131,113.07
1785354923.820,4.7,100.0,69.52,2.0,24.9,0,0,43131,113.05
1785354924.820,5.0,100.0,69.54,2.0,32.0,0,0,43131,112.91
1785354925.820,5.8,100.0,69.56,4.0,16.0,0,0,43131,112.72
1785354926.820,6.1,100.0,69.54,1.0,45.0,0,0,43131,112.61
1785354927.820,5.9,100.0,69.54,2.0,24.0,0,0,43131,112.52
1785354928.821,4.5,100.0,69.55,2.0,22.0,0,0,43131,112.37
1785354929.821,6.0,100.0,69.06,3.0,48.0,0,0,43131,112.23
1785354930.821,3.8,100.0,69.11,2.0,44.2,0,0,43131,112.14
1785354931.821,4.3,100.0,69.12,4.0,60.8,0,0,43131,112.08
1785354932.821,4.9,100.0,69.12,0.0,27.0,0,0,43131,112.08
1785354933.821,5.1,100.0,69.85,2.0,21.0,0,0,43131,111.94
1785354934.821,4.7,89.0,69.84,4.0,35.0,0,0,43131,111.75
1785354935.821,5.1,100.0,69.86,3.0,48.0,0,0,43131,111.65
1785354936.821,5.2,100.0,69.85,2.0,42.0,0,0,43131,111.60
1785354937.821,3.8,100.0,69.86,3.0,44.0,0,0,43131,111.53
1785354938.821,5.1,100.0,69.85,2.0,38.9,0,0,43131,111.39
1785354939.822,4.5,100.0,69.86,2.0,42.1,0,0,43131,111.31
1785354940.822,4.4,100.0,69.86,3.0,33.0,0,0,43131,111.22
1785354941.822,3.6,100.0,69.86,3.0,32.0,0,0,43131,111.17
1785354942.822,4.9,100.0,69.86,2.0,33.0,0,0,43131,111.11
1785354943.822,5.8,100.0,69.87,2.0,34.0,0,0,43131,112.13
1785354944.822,5.5,100.0,69.89,3.0,30.0,0,0,43131,113.25
1785354945.822,2.6,100.0,69.88,2.0,31.0,0,0,43131,113.16
1785354946.822,4.8,100.0,69.85,2.0,30.0,0,0,43131,113.16
1785354947.822,5.3,100.0,69.85,3.0,32.0,0,0,43131,113.20
1785354948.822,5.8,100.0,69.85,0.0,36.0,0,0,43131,113.05
1785354949.823,4.6,100.0,69.92,4.0,31.0,0,0,43131,112.96
1785354950.823,4.3,100.0,69.93,3.0,31.0,0,0,43131,112.92
1785354951.823,2.6,100.0,69.94,3.0,27.0,0,0,43131,112.82
1785354952.823,2.6,100.0,69.93,2.0,24.0,0,0,43131,112.82
1785354953.823,3.2,100.0,69.91,3.0,29.0,0,0,43131,112.82
1785354954.823,5.5,57.4,69.93,4.0,30.0,0,0,43131,112.72
1785354955.823,4.8,100.0,69.91,2.0,30.0,0,0,43131,112.66
1785354956.823,7.2,100.0,69.89,3.0,26.0,0,0,43131,112.66
1785354957.823,5.7,100.0,69.89,3.0,34.0,0,0,43131,112.57
1785354958.823,3.2,100.0,69.88,2.0,25.0,0,0,43131,112.53
1785354959.824,4.5,100.0,69.89,3.0,16.0,0,0,43131,112.58
1785354960.824,5.7,100.0,69.87,5.0,15.0,0,0,43131,112.50
1785354961.824,5.8,100.0,69.88,0.0,15.0,0,0,43131,112.64
1785354962.824,4.6,100.0,69.88,4.0,17.0,0,0,43131,112.62
1785354963.824,3.9,100.0,69.85,3.0,18.0,0,0,43131,112.37
1785354964.824,5.2,100.0,69.86,3.0,18.0,0,0,43131,112.37
1785354965.824,5.5,100.0,69.84,3.0,19.0,0,0,43131,112.42
1785354966.824,5.1,100.0,69.87,3.0,13.0,0,0,43131,112.37
1785354967.824,6.0,100.0,70.13,1.0,26.0,0,0,43131,112.32
1785354968.824,4.9,100.0,70.10,3.0,27.0,0,0,43131,112.18
1785354969.824,2.9,100.0,70.10,4.0,26.0,0,0,43131,112.00
1785354970.825,4.6,100.0,70.09,3.0,29.0,0,0,43131,112.04
1785354971.825,6.1,100.0,70.06,0.0,28.0,0,0,43131,112.08
1785354972.825,3.5,100.0,70.05,4.0,17.0,0,0,43131,112.10
1785354973.825,3.1,100.0,70.06,2.0,15.0,0,0,43131,112.06
1785354974.825,5.2,100.0,70.05,5.0,28.0,0,0,43131,111.99
1785354975.825,4.4,100.0,70.02,2.0,33.0,0,0,43131,111.94
1785354976.825,6.5,100.0,70.04,4.0,160.8,0,0,43131,111.94
1785354977.825,4.4,100.0,70.04,3.0,36.0,0,0,43131,111.98
1785354978.825,5.1,100.0,70.05,3.0,35.0,0,0,43131,111.93
1785354979.825,5.4,100.0,69.86,3.0,23.0,0,0,43131,111.88
1785354980.826,5.3,99.0,69.85,3.0,22.9,0,0,43131,111.83
1785354981.826,4.9,99.0,69.88,2.0,27.0,0,0,43131,111.79
1785354982.826,4.9,100.0,70.25,4.0,44.0,0,0,43131,111.80
1785354983.826,3.6,100.0,70.24,1.0,38.1,0,0,43131,111.75
1785354984.826,2.3,100.0,70.23,5.0,27.0,0,0,43131,111.69
1785354985.826,2.9,100.0,70.20,3.0,31.9,0,0,43131,111.65
1785354986.826,3.7,100.0,70.21,3.0,41.2,0,0,43131,111.65
1785354987.826,4.4,100.0,70.20,4.0,46.0,0,0,43131,111.70
1785354988.826,3.1,100.0,70.20,3.0,41.0,0,0,43131,111.70
1785354989.826,3.4,100.0,70.21,4.0,40.0,0,0,43131,111.65
1785354990.827,3.9,49.0,70.22,1.0,50.2,0,0,43131,111.65
1785354991.827,6.5,94.9,69.75,3.0,158.2,0,0,43131,111.60
1785354992.827,5.2,100.0,69.77,3.0,13.0,0,0,43131,111.50
1785354993.827,4.2,100.0,69.78,2.0,16.0,0,0,43131,111.54
1785354994.827,6.0,100.0,69.79,2.0,18.0,0,0,43131,111.57
1785354995.827,2.7,100.0,69.79,3.0,24.0,0,0,43131,111.57
1785354996.827,3.3,100.0,69.80,5.0,35.0,0,0,43131,111.60
1785354997.827,5.3,100.0,69.76,1.0,39.0,0,0,43131,111.54
1785354998.827,2.9,100.0,69.76,3.0,35.0,0,0,43131,111.50
1785354999.828,2.1,35.0,69.75,4.0,42.0,0,0,43131,111.47
1785355000.828,2.1,50.5,69.76,4.0,41.0,0,0,43131,111.44
1785355001.828,1.8,33.0,69.72,4.0,20.0,0,0,43131,111.49
1785355002.828,2.0,32.0,69.71,5.0,17.0,0,0,43131,111.44
1785355003.828,2.9,40.0,69.72,2.0,19.1,0,0,43131,111.44
1785355004.828,3.4,83.8,69.70,4.0,14.9,0,0,43131,111.48
1785355005.828,5.3,100.0,69.70,4.0,17.0,0,0,43131,111.41
1785355006.828,4.0,99.0,69.69,3.0,14.0,0,0,43131,111.36
1785355007.828,4.6,100.0,69.69,1.0,23.0,0,0,43131,111.36
1785355008.829,3.7,95.0,69.70,2.0,33.9,0,0,43131,111.38
1785355009.829,1.4,52.0,69.71,3.0,52.0,0,0,43131,111.35
1785355010.829,4.4,75.0,69.72,3.0,28.0,0,0,43131,111.38
1785355011.829,3.2,88.9,69.72,4.0,19.0,0,0,43131,111.41
1785355012.829,1.7,54.0,69.70,3.0,19.0,0,0,43131,111.34
1785355013.829,4.6,100.0,69.68,2.0,20.0,0,0,43131,111.25
1785355014.829,4.1,100.0,69.67,2.0,29.0,0,0,43131,111.22
1785355015.829,2.1,79.0,69.68,3.0,30.0,0,0,43131,111.22
1785355016.830,5.4,27.0,69.72,4.0,23.0,0,0,43131,111.28
1785355017.830,6.0,86.9,69.72,3.0,25.0,0,0,43131,111.28
1785355018.830,4.8,99.0,69.89,4.0,19.0,0,0,43131,111.20
1785355019.830,5.0,100.0,69.91,3.0,29.0,0,0,43131,111.17
1785355020.830,2.5,100.0,70.00,4.0,43.0,0,0,43131,111.18
1785355021.830,6.0,100.0,70.01,4.0,72.0,0,0,43131,111.28
1785355022.830,4.9,100.0,69.99,36.0,49.0,98,62,43131,131.16
1785355023.830,3.3,100.0,69.99,24.0,2.0,87,100,43131,286.50
1785355024.831,3.4,100.0,70.00,38.0,9.0,86,99,43131,274.03
1785355025.831,2.6,100.0,69.99,39.0,10.0,86,99,43131,277.40
1785355026.831,4.2,100.0,69.99,39.0,8.0,86,99,43131,273.21
1785355027.831,4.9,91.0,69.99,38.0,9.0,88,100,43131,268.67
1785355028.831,4.8,100.0,69.98,21.0,3.0,94,93,43131,162.11
1785355029.831,4.8,100.0,69.96,26.0,2.0,90,100,43131,237.60
1785355030.831,4.1,100.0,69.98,27.0,2.0,90,100,43131,249.51
1785355031.831,5.4,100.0,70.26,31.0,4.0,90,100,43131,240.25
1785355032.831,5.5,100.0,70.27,29.0,3.0,91,89,43131,241.51
1785355033.831,4.3,100.0,70.26,31.0,4.0,89,100,43131,249.13
1785355034.832,2.9,100.0,70.28,29.0,2.0,89,100,43131,244.81
1785355035.832,3.3,100.0,70.28,30.0,4.0,90,100,43131,254.31
1785355036.832,3.5,100.0,70.26,31.0,3.0,89,92,43131,265.00
1785355037.832,3.4,100.0,70.25,27.0,4.0,88,99,43131,244.48
1785355038.832,2.5,100.0,70.27,30.0,3.0,90,100,43131,251.10
1785355039.832,5.0,100.0,70.27,25.1,3.0,91,100,43131,247.40
1785355040.832,5.0,99.0,70.36,25.9,2.0,90,99,43131,257.51
1785355041.832,3.6,78.2,70.07,27.0,2.0,90,100,43131,243.46
1785355042.832,4.5,100.0,70.10,26.0,2.0,90,100,43131,245.78
1785355043.832,5.5,100.0,70.12,26.0,2.0,93,92,43131,239.04
1785355044.832,4.8,100.0,70.15,31.0,3.0,90,100,43131,241.05
1785355045.833,7.3,100.0,70.16,29.0,3.0,92,92,43131,245.15
1785355046.833,5.7,100.0,70.19,32.0,4.0,90,89,43131,255.38
1785355047.833,5.9,100.0,70.18,34.0,7.0,88,87,43131,271.57
1785355048.833,6.5,100.0,70.19,33.0,6.0,89,95,43131,271.70
1785355049.833,5.1,100.0,70.20,26.0,4.0,88,99,43131,254.44
1785355050.833,5.1,100.0,70.21,30.0,3.0,90,100,43131,252.52
1785355051.833,4.1,68.3,70.22,30.0,4.0,89,99,43131,260.44
1785355052.833,3.5,46.0,69.68,30.0,3.0,89,100,43131,246.75
1785355053.833,4.3,100.0,70.39,29.0,3.0,91,100,43131,249.26
1785355054.833,4.6,100.0,70.39,28.0,3.0,90,100,43131,250.81
1785355055.834,4.0,100.0,70.39,27.0,2.0,89,100,43131,256.56
1785355056.834,6.1,100.0,70.43,28.0,2.0,89,100,43131,247.40
1785355057.834,4.5,100.0,70.42,22.0,2.0,89,100,43131,251.92
1785355058.834,3.9,100.0,70.40,26.0,2.0,91,100,43131,250.16
1785355059.834,4.5,100.0,70.41,23.0,2.0,90,100,43131,253.37
1785355060.834,5.3,100.0,70.43,25.0,1.0,91,100,43131,262.50
1785355061.834,4.1,100.0,70.42,24.0,1.0,88,100,43131,250.82
1785355062.834,5.7,99.0,70.42,24.0,3.0,92,100,43131,251.22
1785355063.834,4.5,100.0,70.42,24.1,1.0,93,92,43131,248.57
1785355064.834,4.0,100.0,70.43,27.9,2.0,90,100,43131,260.93
1785355065.835,2.1,43.4,70.44,30.0,3.0,89,100,43131,257.22
1785355066.835,4.5,60.6,70.28,30.0,3.0,90,100,43131,253.50
1785355067.835,4.6,100.0,70.30,25.0,3.0,88,100,43131,254.18
1785355068.835,3.7,100.0,69.95,27.0,2.0,88,99,43131,259.04
1785355069.835,2.2,100.0,69.96,29.0,3.0,90,100,43131,252.01
1785355070.835,3.3,100.0,69.94,23.0,1.0,87,98,43131,252.43
1785355071.835,5.9,100.0,69.92,26.0,2.0,91,100,43131,251.89
1785355072.835,7.2,100.0,70.20,24.0,1.0,88,99,43131,260.29
1785355073.835,7.7,100.0,70.30,29.0,3.0,89,100,43131,271.00
1785355074.836,6.4,100.0,70.31,26.0,2.0,91,100,43131,262.20
1785355075.836,4.9,100.0,70.32,23.0,3.0,90,100,43131,252.75
1785355076.836,7.1,100.0,70.33,31.0,3.0,90,100,43131,271.27
1785355077.836,8.7,100.0,70.46,31.9,4.0,88,99,43131,256.33
1785355078.836,5.6,100.0,70.46,26.0,2.0,90,100,43131,253.41
1785355079.836,3.7,100.0,70.45,24.0,2.0,90,100,43131,255.43
1785355080.836,4.7,100.0,70.46,29.0,2.0,90,100,43131,255.25
1785355081.836,5.0,100.0,70.49,13.0,2.0,0,0,43131,185.76
1785355082.836,7.2,100.0,70.51,0.0,0.0,0,0,43131,131.35
1785355083.836,7.0,100.0,70.51,22.0,1.0,91,100,43131,212.97
1785355084.837,6.6,100.0,70.53,25.0,1.0,91,100,43131,257.75
1785355085.837,5.4,100.0,70.81,20.0,1.0,88,100,43131,256.69
1785355086.837,6.6,100.0,70.83,21.0,1.0,91,100,43131,255.79
1785355087.837,3.8,100.0,70.84,27.0,1.0,90,100,43131,257.50
1785355088.837,6.5,100.0,70.81,23.0,1.0,91,100,43131,255.94
1785355089.837,5.0,100.0,70.84,27.0,2.0,91,100,43131,257.05
1785355090.837,4.6,100.0,70.86,29.0,2.0,90,100,43131,250.91
1785355091.837,4.0,100.0,70.84,28.0,2.0,91,91,43131,261.88
1785355092.837,5.7,100.0,70.84,29.0,2.0,89,100,43131,261.59
1785355093.837,6.3,70.0,70.82,36.0,4.0,86,76,43131,254.96
1785355094.838,4.7,66.0,70.98,29.0,2.0,90,100,43131,248.56
1785355095.838,7.2,100.0,71.45,28.0,1.0,90,100,43131,254.70
1785355096.838,6.7,100.0,71.39,28.0,1.0,90,100,43131,251.21
1785355097.838,4.7,100.0,71.36,21.0,1.0,91,100,43131,253.71
1785355098.838,4.5,100.0,71.35,16.0,1.0,91,100,43131,199.75
1785355099.838,4.5,100.0,71.33,28.0,0.0,87,99,43131,258.00
1785355100.838,3.5,100.0,71.31,31.0,1.0,88,86,43131,245.80
1785355101.838,3.4,100.0,71.31,28.0,1.0,90,100,43131,254.84
1785355102.838,1.8,31.0,71.31,28.0,2.0,90,100,43131,256.96
1785355103.838,5.1,91.1,70.84,26.0,2.0,90,100,43131,261.11
1785355104.839,4.2,100.0,70.85,28.0,1.0,90,100,43131,262.98
1785355105.839,4.2,100.0,70.85,29.0,2.0,90,100,43131,265.74
1785355106.839,2.7,100.0,70.81,22.0,0.0,94,100,43131,256.06
1785355107.839,4.2,100.0,70.79,26.0,1.0,93,100,43131,265.65
1785355108.839,5.7,100.0,70.77,28.9,2.0,89,91,43131,259.36
1785355109.839,8.0,100.0,70.76,22.1,1.0,91,100,43131,253.52
1785355110.839,3.9,100.0,70.74,26.0,3.0,89,100,43131,262.77
1785355111.839,3.1,100.0,70.74,29.0,3.0,93,100,43131,268.39
1785355112.839,5.3,100.0,70.79,27.0,4.0,90,100,43131,258.89
1785355113.839,5.9,100.0,71.07,26.0,3.0,91,100,43131,254.17
1785355114.839,7.3,100.0,71.09,24.0,3.0,89,100,43131,261.74
1785355115.840,5.1,100.0,71.08,20.0,2.0,93,100,43131,257.43
1785355116.840,5.6,100.0,71.07,19.0,1.0,95,100,43131,261.23
1785355117.840,5.1,100.0,71.07,24.0,2.0,90,100,43131,232.13
1785355118.840,5.2,100.0,71.06,22.0,2.0,92,100,43131,259.04
1785355119.840,4.6,100.0,71.04,22.0,2.0,90,100,43131,258.84
1785355120.840,5.7,96.0,71.03,26.0,3.0,91,100,43131,257.34
1785355121.840,4.3,100.0,70.72,25.0,4.0,95,94,43131,248.89
1785355122.840,5.6,100.0,70.78,26.0,3.0,89,100,43131,257.20
1785355123.840,4.2,100.0,70.76,24.0,2.0,90,100,43131,254.65
1785355124.840,5.7,100.0,70.77,28.0,2.0,90,100,43131,271.49
1785355125.841,5.2,100.0,70.75,23.0,4.0,93,100,43131,259.73
1785355126.841,6.2,100.0,70.75,23.0,1.0,90,100,43131,257.44
1785355127.841,5.4,100.0,70.75,19.0,2.0,91,100,43131,256.40
1785355128.841,4.5,100.0,70.77,23.0,2.0,94,94,43131,262.12
1785355129.841,3.7,100.0,70.75,24.0,2.0,95,100,43131,257.73
1785355130.841,4.7,100.0,70.76,23.0,1.0,91,100,43131,255.58
1785355131.841,5.3,100.0,70.73,23.0,3.0,91,100,43131,266.51
1785355132.841,4.9,99.0,70.89,20.0,2.0,93,100,43131,258.49
1785355133.841,5.4,100.0,70.87,21.0,2.0,94,100,43131,258.43
1785355134.841,3.7,100.0,70.87,22.0,2.0,92,100,43131,263.96
1785355135.842,3.9,100.0,70.88,29.0,3.0,90,100,43131,264.04
1785355136.842,7.6,100.0,70.88,24.0,1.0,90,100,43131,255.27
1785355137.842,8.6,100.0,70.89,24.1,3.0,90,100,43131,256.71
1785355138.842,6.1,100.0,70.86,24.9,2.0,90,100,43131,250.35
1785355139.842,5.2,100.0,70.88,28.0,2.0,90,100,43131,260.95
1785355140.842,4.3,100.0,70.86,28.0,2.0,90,100,43131,259.57
1785355141.842,4.9,100.0,70.87,26.0,3.0,91,100,43131,258.02
1785355142.842,5.2,100.0,70.86,24.0,2.0,91,100,43131,254.83
1785355143.842,6.5,60.0,70.87,30.0,3.0,89,100,43131,250.70
1785355144.842,6.7,100.0,71.07,27.0,2.0,88,86,43131,252.59
1785355145.843,5.7,100.0,71.05,28.0,3.0,90,100,43131,252.85
1785355146.843,5.4,100.0,71.03,25.0,1.0,90,100,43131,253.70
1785355147.843,5.0,100.0,71.15,26.0,4.0,90,100,43131,254.74
1785355148.843,6.8,100.0,71.38,28.0,2.0,88,100,43131,253.92
1785355149.843,4.8,100.0,71.43,26.0,3.0,91,100,43131,262.29
1785355150.843,5.9,100.0,71.46,28.0,2.0,91,100,43131,255.09
1785355151.843,4.5,100.0,71.47,26.0,3.0,91,100,43131,272.30
1785355152.843,6.0,100.0,71.55,26.0,3.0,87,98,43131,261.72
1785355153.843,5.7,100.0,71.52,34.0,4.0,90,100,43131,259.09
1785355154.843,4.9,99.0,71.54,31.0,3.0,88,100,43131,264.57
1785355155.844,5.8,100.0,71.53,31.0,5.0,91,100,43131,268.26
1785355156.844,5.5,100.0,71.63,37.0,5.0,88,99,43131,252.18
1785355157.844,5.2,100.0,71.69,31.0,5.0,88,100,43131,263.77
1785355158.844,5.3,100.0,71.72,31.0,4.0,90,100,43131,259.52
1785355159.844,4.9,100.0,71.78,28.0,4.0,90,100,43131,252.47
1785355160.844,4.6,100.0,71.84,27.0,3.0,91,100,43131,259.01
1785355161.844,6.8,100.0,71.87,29.9,3.0,86,97,43131,255.10
1785355162.844,6.1,100.0,71.87,25.0,2.0,91,100,43131,253.21
1785355163.844,5.5,100.0,71.88,23.0,1.0,91,100,43131,260.48
1785355164.845,4.6,100.0,71.90,22.0,0.0,89,100,43131,260.36
1785355165.845,5.3,100.0,71.91,4.0,1.0,0,0,43131,148.45
1785355166.845,5.1,96.0,71.92,26.0,2.0,90,100,43131,225.29
1785355167.845,4.1,55.0,71.93,30.0,2.0,89,87,43131,250.78
1785355168.845,5.9,97.0,71.99,27.0,2.0,90,100,43131,257.07
1785355169.845,3.8,100.0,71.99,25.0,3.0,90,100,43131,257.29
1785355170.845,6.4,100.0,72.02,31.0,1.0,90,100,43131,271.14
1785355171.845,5.5,100.0,72.02,25.0,1.0,91,100,43131,257.14
1785355172.845,3.4,100.0,72.02,26.0,1.0,90,100,43131,249.98
1785355173.846,4.4,100.0,72.01,26.0,2.0,91,100,43131,254.65
1785355174.846,5.6,100.0,72.00,24.0,0.0,90,100,43131,255.96
1785355175.846,5.6,100.0,72.00,30.0,2.0,91,100,43131,259.28
1785355176.846,6.3,100.0,72.03,29.0,1.0,89,98,43131,258.59
1785355177.846,5.2,100.0,72.04,29.0,2.0,91,100,43131,263.00
1785355178.846,5.9,100.0,72.05,33.0,5.0,92,93,43131,266.78
1785355179.846,5.1,100.0,72.04,31.0,5.0,89,100,43131,262.82
1785355180.846,5.9,100.0,71.99,32.0,4.0,87,92,43131,263.72
1785355181.846,5.3,100.0,71.99,27.0,2.0,90,100,43131,253.11
1785355182.846,4.8,81.0,72.01,28.0,3.0,91,100,43131,260.46
1785355183.847,5.6,100.0,71.98,28.0,2.0,91,100,43131,260.60
1785355184.847,5.2,100.0,71.99,26.0,3.0,91,100,43131,251.94
1785355185.847,6.7,100.0,71.97,29.0,1.0,91,100,43131,244.53
1785355186.847,5.1,100.0,71.96,26.0,3.0,91,100,43131,252.84
1785355187.847,5.0,100.0,71.97,24.0,2.0,91,100,43131,260.55
1785355188.847,5.2,100.0,71.96,25.0,2.0,91,100,43131,255.35
1785355189.847,5.1,100.0,71.94,23.0,2.0,91,100,43131,258.49
1785355190.847,5.2,100.0,71.96,29.0,2.0,89,100,43131,264.92
1785355191.847,5.8,100.0,71.96,26.0,2.0,91,100,43131,260.70
1785355192.847,3.8,100.0,71.95,25.0,2.0,90,100,43131,255.55
1785355193.847,6.7,99.0,71.51,33.0,4.0,90,100,43131,260.89
1785355194.848,8.5,100.0,71.51,30.0,3.0,87,97,43131,254.62
1785355195.848,5.8,100.0,71.52,28.0,3.0,89,100,43131,257.23
1785355196.848,7.3,100.0,71.53,29.0,3.0,89,100,43131,262.89
1785355197.848,9.6,100.0,71.56,25.0,3.0,89,100,43131,255.81
1785355198.848,5.5,100.0,71.58,27.0,2.0,91,100,43131,262.60
1785355199.848,5.4,99.0,71.59,27.0,2.0,89,99,43131,264.99
1785355200.848,5.4,66.7,71.76,27.0,3.0,90,100,43131,262.80
1785355201.848,7.3,100.0,71.85,25.0,1.0,91,100,43131,256.70
1785355202.848,7.2,100.0,71.97,23.0,2.0,91,100,43131,260.51
1785355204.629,7.0,100.0,71.93,25.9,1.7,91,100,43131,262.17
1785355205.629,7.1,100.0,71.92,25.9,2.0,88,99,43131,255.78
1785355206.629,6.3,85.9,71.90,25.0,2.0,90,100,43131,254.43
1785355207.629,7.3,100.0,72.16,26.0,1.0,90,100,43131,265.25
1785355208.629,7.5,100.0,72.49,27.0,2.0,89,97,43398,257.76
1785355209.630,6.4,100.0,72.95,25.0,3.0,90,100,43398,249.00
1785355210.630,7.7,100.0,72.58,27.0,2.0,91,100,43131,257.76
1785355211.630,7.8,100.0,71.94,24.0,1.0,91,100,43131,257.77
1785355212.630,6.5,100.0,71.99,30.0,3.0,88,97,43131,254.48
1785355213.630,7.1,100.0,72.02,23.0,1.0,91,100,43131,254.26
1785355214.630,5.4,100.0,72.05,32.0,3.0,90,100,43131,259.65
1785355215.630,3.6,88.0,72.08,28.0,2.0,90,100,43131,258.42
1785355216.630,5.1,99.0,72.07,24.0,2.0,91,100,43131,260.50
1785355217.630,6.3,100.0,72.01,29.0,3.0,87,99,43131,253.26
1785355218.630,4.0,100.0,72.02,27.0,3.0,91,100,43131,262.14
1785355219.631,3.1,100.0,72.02,30.0,2.0,90,100,43131,268.40
1785355220.631,4.3,100.0,72.12,30.0,4.0,87,98,43131,267.18
1785355221.631,6.2,100.0,72.14,25.0,2.0,90,100,43131,257.03
1785355222.631,6.0,100.0,72.18,27.0,2.0,91,100,43131,257.97
1785355223.631,8.1,100.0,72.41,26.0,2.0,90,100,43131,263.19
1785355224.631,4.6,100.0,72.54,27.0,2.0,91,100,43131,255.23
1785355225.631,5.1,100.0,72.54,23.0,2.0,91,100,43131,254.18
1785355226.631,6.5,100.0,72.69,28.0,2.0,88,99,43131,254.38
1785355227.631,5.4,100.0,72.67,24.0,2.0,92,100,43131,252.18
1785355228.632,3.4,100.0,72.73,28.0,2.0,90,100,43131,264.87
1785355229.632,5.7,100.0,72.78,23.0,1.0,89,100,43131,255.77
1785355230.632,4.6,100.0,72.87,25.0,3.0,90,100,43131,256.36
1785355231.632,6.8,100.0,72.90,23.0,1.0,90,100,43131,259.11
1785355232.632,5.5,100.0,72.97,17.0,30.0,0,0,43131,183.99
1785355233.632,6.0,100.0,73.17,4.0,17.0,0,0,43131,134.51
1785355234.632,5.0,100.0,73.18,3.0,5.0,0,0,43131,119.28
1785355235.632,6.8,100.0,73.17,2.0,10.1,0,0,43131,118.99
1785355236.632,7.0,100.0,72.42,1.0,0.0,0,0,43131,118.50
1785355237.632,6.0,100.0,72.43,3.0,0.0,0,0,43131,118.01
1785355238.633,6.4,100.0,72.47,4.0,0.0,0,0,43131,117.67
1785355239.633,6.1,100.0,72.60,2.0,14.0,0,0,43131,117.38
1785355240.633,7.5,100.0,72.82,1.0,13.0,0,0,43131,117.09
1785355241.633,6.5,100.0,72.82,3.0,47.0,0,0,43131,116.81
1785355242.633,8.4,100.0,72.84,2.0,185.0,0,0,43131,116.71
1785355243.633,10.6,100.0,73.24,3.0,28.0,0,0,43131,116.51
1785355244.633,14.9,100.0,73.85,4.0,25.9,0,0,43131,116.26
1785355245.633,14.1,100.0,74.49,2.0,39.1,0,0,43131,116.07
1785355246.633,13.3,100.0,72.60,1.0,19.1,0,0,43131,115.05
1785355247.633,14.0,100.0,72.62,2.0,25.9,0,0,43131,114.22
1785355248.633,12.9,100.0,72.58,3.0,27.0,0,0,43131,114.08
1785355249.633,12.8,100.0,72.57,2.0,19.0,0,0,43131,113.93
1785355250.634,7.1,100.0,72.71,4.0,20.0,0,0,43131,113.79
1785355251.634,12.3,100.0,72.69,2.0,62.0,0,0,43131,113.64
1785355252.634,10.1,100.0,72.69,3.0,41.0,0,0,43131,113.49
1785355253.634,11.6,100.0,72.69,2.0,28.0,0,0,43131,113.88
1785355254.634,11.2,100.0,72.67,4.0,27.0,0,0,43131,113.49
1785355255.634,10.9,100.0,72.64,3.0,34.1,0,0,43131,113.06
1785355256.634,11.4,88.9,72.65,3.0,19.9,0,0,43131,113.27
1785355257.634,16.4,99.0,72.11,3.0,24.0,0,0,43131,113.13
1785355258.634,12.6,100.0,72.38,4.0,26.9,0,0,43131,112.62
1785355259.635,14.7,100.0,72.34,3.0,12.0,0,0,43131,112.56
1785355260.635,15.1,100.0,72.31,4.0,19.0,0,0,43131,112.49
1785355261.635,14.4,100.0,72.32,3.0,38.0,0,0,43131,112.32
1785355262.635,12.7,100.0,72.34,4.0,21.0,0,0,43131,112.22
1785355263.635,12.2,100.0,72.34,3.0,20.0,0,0,43131,112.13
1785355264.635,14.6,100.0,72.35,3.0,20.1,0,0,43131,112.03
1785355265.635,15.5,100.0,72.37,2.0,36.9,0,0,43131,111.93
1785355266.635,12.8,100.0,72.44,3.0,43.0,0,0,43131,111.89
1785355267.635,10.2,100.0,72.40,4.0,41.0,0,0,43131,111.84
1785355268.635,8.0,100.0,72.40,4.0,58.0,0,0,43131,111.69
1785355269.636,15.3,100.0,72.40,2.0,24.0,0,0,43131,111.50
1785355270.636,15.7,100.0,72.40,1.0,17.0,0,0,43131,111.40
1785355271.636,8.3,100.0,72.53,5.0,18.0,0,0,43131,111.76
1785355272.636,9.7,95.0,72.65,2.0,42.1,0,0,43131,111.71
1785355273.636,12.0,100.0,72.86,3.0,45.1,0,0,43131,112.61
1785355274.636,10.7,99.0,72.90,3.0,24.0,0,0,43131,113.64
1785355275.636,10.9,88.8,72.74,4.0,27.9,0,0,43131,113.35
1785355276.636,12.6,100.0,73.62,2.0,37.0,0,0,43131,113.30
1785355277.636,15.3,100.0,74.36,2.0,26.0,0,0,43131,113.34
1785355278.636,14.3,100.0,74.90,4.0,38.1,0,0,43131,113.25
1785355279.636,11.0,100.0,73.02,2.0,29.0,0,0,43131,113.07
1785355280.637,13.7,100.0,73.00,1.0,35.0,0,0,43131,113.30
1785355281.637,14.1,100.0,72.95,4.0,37.0,0,0,43131,113.27
1785355282.637,13.6,100.0,72.92,2.0,32.0,0,0,43131,112.98
1785355283.637,13.9,100.0,72.87,2.0,32.0,0,0,43131,112.91
1785355284.637,11.5,98.0,72.83,3.0,26.0,0,0,43131,112.86
1785355285.637,13.3,84.8,72.79,2.0,25.1,0,0,43131,112.87
1785355286.637,12.6,99.0,72.40,2.0,22.9,0,0,43131,112.82
1785355287.637,12.5,100.0,72.77,3.0,35.0,0,0,43131,112.76
1785355288.637,12.6,63.6,72.76,3.0,19.1,0,0,43131,112.76
1785355289.637,13.6,100.0,72.75,2.0,20.9,0,0,43131,112.66
1785355290.637,13.9,100.0,72.73,2.0,22.0,0,0,43131,112.61
1785355291.638,12.4,100.0,72.73,3.0,29.0,0,0,43131,112.62
1785355292.638,7.0,100.0,72.71,4.0,23.0,0,0,43131,112.57
1785355293.638,10.6,100.0,73.35,2.0,27.1,0,0,43131,112.57
1785355294.638,12.1,100.0,73.23,2.0,27.9,0,0,43131,112.77
1785355295.638,8.1,100.0,73.68,1.0,30.0,0,0,43131,112.67
1785355296.638,6.1,100.0,73.76,5.0,34.0,0,0,43131,112.42
1785355297.638,6.8,83.8,73.77,2.0,33.0,0,0,43131,112.42
1785355298.638,3.7,60.2,73.70,2.0,14.0,0,0,43131,112.33
1785355299.638,3.9,100.0,73.71,4.0,15.0,0,0,43131,112.18
1785355300.638,4.7,100.0,73.70,3.0,14.0,0,0,43131,112.22
1785355301.639,6.3,100.0,73.68,2.0,19.0,0,0,43131,112.22
1785355302.639,4.8,100.0,73.69,3.0,19.0,0,0,43131,112.27
1785355303.639,5.1,100.0,73.63,3.0,19.1,0,0,43131,112.22
1785355304.639,5.8,100.0,73.62,1.0,17.0,0,0,43131,112.03
1785355305.639,3.5,100.0,73.63,3.0,19.0,0,0,43131,111.99
1785355306.639,4.3,100.0,73.62,3.0,17.0,0,0,43131,111.99
1785355307.639,5.7,100.0,73.59,1.0,31.0,0,0,43131,112.08
1785355308.639,4.4,99.0,73.55,5.0,18.0,0,0,43131,112.13
1785355309.639,5.3,100.0,73.79,1.0,29.0,0,0,43131,112.08
1785355310.639,6.1,100.0,73.77,2.0,29.0,0,0,43131,112.03
1785355311.640,6.3,100.0,73.76,2.0,30.0,0,0,43131,111.98
1785355312.640,5.4,100.0,73.75,2.0,21.0,0,0,43131,111.97
1785355313.640,5.9,100.0,73.73,3.0,18.0,0,0,43131,112.02
1785355314.640,7.4,100.0,73.75,3.0,18.1,0,0,43131,111.98
1785355315.640,6.5,100.0,73.74,2.0,27.9,0,0,43131,111.89
1785355316.640,9.0,100.0,73.92,3.0,37.9,0,0,43131,111.93
1785355317.640,7.8,100.0,73.91,2.0,192.2,0,0,43131,111.94
1785355318.640,5.7,98.0,73.90,3.0,23.0,0,0,43131,111.75
1785355319.640,4.4,66.7,74.18,2.0,39.0,0,0,43131,111.66
1785355320.640,6.1,100.0,74.20,3.0,17.0,0,0,43131,111.75
1785355321.641,5.9,100.0,74.20,3.0,34.0,0,0,43131,111.70
1785355322.641,6.0,100.0,74.21,2.0,42.0,0,0,43131,111.70
1785355323.641,6.4,100.0,74.18,3.0,40.0,0,0,43131,111.69
1785355324.641,7.7,100.0,74.19,1.0,33.1,0,0,43131,111.64
1785355325.641,5.9,100.0,74.18,3.0,33.9,0,0,43131,111.64
1785355326.641,8.0,100.0,74.20,2.0,43.0,0,0,43131,111.59
1785355327.641,8.2,100.0,74.23,2.0,50.0,0,0,43131,111.59
1785355328.641,7.1,99.0,74.25,2.0,40.0,0,0,43131,111.59
1785355329.641,6.9,100.0,74.30,2.0,57.0,0,0,43131,111.74
1785355330.641,6.4,100.0,74.08,4.0,179.6,0,0,43131,111.74
1785355331.641,5.0,100.0,74.42,3.0,27.0,0,0,43131,111.54
1785355332.642,4.5,100.0,73.92,2.0,15.0,0,0,43131,111.50
1785355333.642,5.6,100.0,73.94,1.0,17.9,0,0,43131,111.50
1785355334.642,5.1,100.0,73.94,2.0,19.0,0,0,43131,111.45
1785355335.642,4.7,100.0,73.92,2.0,25.0,0,0,43131,111.45
1785355336.642,6.1,100.0,73.92,3.0,37.0,0,0,43131,111.54
1785355337.642,7.6,100.0,73.94,2.0,42.0,0,0,43131,111.54
1785355338.642,5.1,100.0,73.96,3.0,35.0,0,0,43131,111.50
1785355339.642,6.1,100.0,74.05,2.0,50.0,0,0,43131,111.50
1785355340.642,3.4,100.0,74.03,3.0,40.0,0,0,43131,111.47
1785355341.642,5.0,100.0,74.23,2.0,23.0,0,0,43131,111.47
1785355342.642,13.5,90.0,74.88,0.0,22.1,0,0,43131,111.45
1785355343.643,9.3,99.0,73.98,3.0,16.9,0,0,43131,111.40
1785355344.643,4.9,100.0,73.98,3.0,38.0,0,0,43131,111.36
1785355345.643,5.6,100.0,73.99,1.0,47.0,0,0,43131,111.36
1785355346.643,5.0,100.0,74.00,4.0,21.0,0,0,43131,111.45
1785355347.643,4.9,100.0,74.00,4.0,24.0,0,0,43131,111.45
1785355348.643,5.0,99.0,73.94,1.0,23.0,0,0,43131,111.40
1785355349.643,6.3,100.0,73.94,3.0,42.0,0,0,43131,111.40
1785355350.643,5.8,100.0,73.93,2.0,30.0,0,0,43131,111.50
1785355351.643,6.6,100.0,73.91,3.0,36.0,0,0,43131,111.50
1785355352.643,3.9,100.0,73.91,3.0,20.0,0,0,43131,111.35
1785355353.643,5.7,100.0,74.02,3.0,48.0,0,0,43131,111.35
1785355354.644,5.4,100.0,74.03,5.0,88.0,0,0,43131,111.40
1785355355.644,4.7,100.0,74.03,38.0,4.0,100,61,43131,194.82
1785355356.644,4.5,100.0,74.03,34.0,6.0,85,98,43131,276.50
1785355357.644,6.2,100.0,74.18,37.0,8.0,88,100,43131,271.60
1785355358.644,5.5,100.0,74.14,36.0,8.0,88,100,43131,280.93
1785355359.644,4.9,100.0,74.09,35.0,9.0,88,100,43131,278.63
1785355360.644,5.1,100.0,74.06,27.0,5.0,0,0,43131,216.60
1785355361.644,5.8,100.0,74.04,17.0,1.0,88,100,43131,172.00
1785355362.644,4.8,100.0,74.03,27.0,1.0,91,90,43131,248.24
1785355363.644,4.1,100.0,73.99,28.0,2.0,91,100,43131,251.34
1785355364.645,6.2,100.0,74.06,24.0,1.0,91,100,43131,240.56
1785355365.645,3.6,100.0,74.04,26.0,4.0,89,100,43131,245.46
1785355366.645,2.9,100.0,74.02,28.0,2.0,90,100,43131,250.13
1785355367.645,2.8,100.0,73.98,34.0,1.0,90,100,43131,243.23
1785355368.645,5.2,100.0,73.97,31.0,2.0,90,99,43131,252.68
1785355369.645,4.5,100.0,73.95,30.0,4.0,90,100,43131,257.27
1785355370.645,6.4,100.0,73.93,35.9,3.0,86,97,43131,257.77
1785355371.645,4.9,100.0,73.93,37.2,3.0,90,91,43131,248.29
1785355372.645,5.3,100.0,73.92,34.0,5.0,90,100,43131,255.87
1785355373.645,3.8,100.0,73.91,29.0,4.0,87,93,43131,262.59
1785355374.646,3.9,100.0,73.90,34.0,3.0,90,94,43131,254.59
1785355375.646,5.3,100.0,73.88,32.0,3.0,89,100,43131,257.23
1785355376.646,7.8,100.0,73.85,27.0,4.0,90,100,43131,246.42
1785355377.646,7.5,100.0,73.84,32.0,4.0,87,85,43131,251.07
1785355378.646,5.9,100.0,73.84,33.0,4.0,90,89,43131,248.10
1785355379.646,2.3,42.6,73.83,30.0,3.0,89,100,43131,248.45
1785355380.646,2.6,52.5,73.80,35.0,4.0,90,100,43131,254.72
1785355381.646,4.6,100.0,73.79,28.0,3.0,88,100,43131,271.41
1785355382.646,2.9,99.0,73.76,29.0,3.0,88,99,43131,249.70
1785355383.647,4.7,100.0,73.78,27.0,2.0,91,100,43131,246.05
1785355384.647,3.4,78.2,73.78,26.0,3.0,90,100,43131,256.11
1785355385.647,2.0,80.8,73.77,30.0,2.0,87,98,43131,247.81
1785355386.647,3.0,77.0,73.74,22.1,2.0,92,100,43131,251.78
1785355387.647,5.9,100.0,73.70,23.9,1.0,91,100,43131,253.30
1785355388.647,3.9,67.7,73.70,27.0,1.0,90,100,43131,255.95
1785355389.647,3.6,88.0,73.70,28.0,2.0,91,100,43131,246.71
1785355390.647,3.6,100.0,73.69,24.0,2.0,91,100,43131,247.52
1785355391.647,3.4,63.6,73.67,28.0,2.0,87,85,43131,247.21
1785355392.648,3.9,100.0,73.91,28.0,2.0,91,100,43131,246.52
1785355393.648,5.6,100.0,73.93,26.0,1.0,88,86,43131,246.43
1785355394.648,6.0,100.0,73.95,33.0,3.0,88,99,43131,244.57
1785355395.648,4.7,100.0,73.94,30.0,4.0,90,100,43131,244.49
1785355396.648,6.2,100.0,73.92,30.0,2.0,87,85,43131,254.64
1785355397.648,5.1,100.0,73.91,31.0,4.0,90,100,43131,244.96
1785355398.648,6.2,100.0,73.93,32.0,5.0,90,100,43131,248.74
1785355399.648,5.2,100.0,74.28,31.0,3.0,89,100,43131,248.32
1785355400.649,6.0,100.0,74.29,29.0,5.0,89,100,43131,253.30
1785355401.649,5.1,100.0,74.25,27.0,2.0,87,98,43131,256.01
1785355402.649,5.6,100.0,74.24,28.0,4.0,90,100,43131,249.06
1785355403.649,5.1,100.0,74.22,32.0,3.0,90,100,43131,256.19
1785355404.649,4.9,100.0,74.21,29.0,4.0,90,100,43131,255.50
1785355405.649,3.1,40.0,74.20,35.0,3.0,89,100,43131,282.03
1785355406.649,3.6,59.4,73.93,32.0,5.0,89,100,43131,261.98
1785355407.649,4.4,100.0,73.94,31.0,3.0,89,100,43131,250.61
1785355408.649,3.8,100.0,73.93,28.0,3.0,90,100,43131,252.80
1785355409.649,2.4,100.0,73.91,27.0,2.0,90,100,43131,258.37
1785355410.649,5.4,100.0,73.91,30.0,3.0,90,100,43131,260.13
1785355411.650,4.7,100.0,73.91,28.0,3.0,90,100,43131,250.36
1785355412.650,5.4,99.0,73.92,28.0,2.0,89,100,43131,260.49
1785355413.650,4.8,100.0,73.91,32.0,3.0,90,100,43131,260.11
1785355414.650,7.0,100.0,73.92,28.0,2.0,90,100,43131,274.57
1785355415.650,6.7,99.0,73.92,35.0,3.0,88,100,43131,283.95
1785355416.650,4.4,100.0,74.29,26.0,4.0,91,100,43131,255.06
1785355417.650,5.3,100.0,74.34,24.0,3.0,91,100,43131,257.78
1785355418.650,5.1,100.0,74.36,27.0,2.0,91,100,43131,256.51
1785355419.650,4.6,100.0,74.35,28.0,3.0,89,100,43131,258.85
1785355420.650,2.9,100.0,74.34,27.0,2.0,87,99,43131,250.18
1785355421.650,5.9,100.0,74.35,25.0,1.0,85,96,43131,259.62
1785355422.651,4.8,100.0,74.34,27.0,3.0,90,100,43131,260.01
1785355423.651,5.3,100.0,74.30,27.0,2.0,90,100,43131,251.05
1785355424.651,3.0,100.0,74.29,27.0,2.0,89,100,43131,262.26
1785355425.651,3.9,100.0,74.29,39.0,5.0,92,94,43131,253.16
1785355426.651,3.1,100.0,74.26,33.0,4.0,87,91,43131,263.37
1785355427.651,4.8,100.0,74.24,29.0,4.0,90,100,43131,261.09
1785355428.651,3.5,73.0,74.25,30.0,4.0,89,100,43131,268.46
1785355429.651,4.3,100.0,74.25,28.0,3.0,90,100,43131,248.91
1785355430.651,3.1,100.0,74.23,28.0,2.0,90,100,43131,265.08
1785355431.652,3.7,100.0,74.24,26.0,2.0,91,100,43131,261.39
1785355432.652,3.4,99.0,74.23,25.0,1.0,91,100,43131,254.38
1785355433.652,3.8,100.0,74.20,31.0,2.0,87,94,43131,269.25
1785355434.652,4.3,100.0,74.19,24.0,3.0,91,100,43131,259.05
1785355435.652,5.0,100.0,74.07,27.0,1.0,89,100,43131,256.74
1785355436.652,7.9,100.0,74.06,26.0,2.0,91,100,43131,252.71
1785355437.652,5.8,100.0,74.07,26.0,2.0,90,100,43131,252.82
1785355438.652,5.3,100.0,74.04,24.0,2.0,91,100,43131,248.87
1785355439.652,5.5,100.0,74.05,26.0,1.0,89,96,43131,258.81
1785355440.652,4.8,100.0,74.06,26.0,3.0,90,100,43131,267.94
1785355441.653,2.2,100.0,74.05,25.0,1.0,90,100,43131,253.24
1785355442.653,3.7,100.0,74.06,28.0,2.0,90,100,43131,252.49
1785355443.653,3.8,100.0,74.07,26.0,2.0,91,100,43131,253.39
1785355444.653,4.9,100.0,74.07,26.0,3.0,91,100,43131,250.79
1785355445.653,4.8,100.0,74.02,26.0,2.0,90,100,43131,255.42
1785355446.653,4.7,100.0,74.00,24.0,2.0,91,100,43131,255.21
1785355447.653,4.2,100.0,73.98,26.0,1.0,91,100,43131,249.41
1785355448.653,6.2,100.0,73.97,25.0,2.0,90,100,43131,255.01
1785355449.653,5.0,100.0,73.98,30.0,2.0,91,100,43131,254.71
1785355450.653,4.7,100.0,73.96,31.0,3.0,90,100,43131,254.63
1785355451.654,4.3,99.0,73.96,28.0,2.0,89,92,43131,262.28
1785355452.654,4.1,80.2,73.96,28.0,3.0,89,100,43131,252.51
1785355453.654,3.9,100.0,74.11,30.0,3.0,89,100,43131,255.78
1785355454.654,3.6,100.0,74.13,28.0,2.0,91,100,43131,257.04
1785355455.654,4.9,100.0,74.14,23.0,1.0,91,100,43131,255.20
1785355456.654,4.7,100.0,74.15,23.0,1.0,90,100,43131,260.56
1785355457.654,4.8,100.0,74.16,27.0,1.0,91,100,43131,254.09
1785355458.654,3.9,100.0,74.17,25.0,2.0,90,100,43131,258.51
1785355459.654,2.7,100.0,74.17,30.0,3.0,90,100,43131,250.65
1785355460.654,2.8,100.0,74.16,30.0,2.0,89,100,43131,252.18
1785355461.655,4.7,100.0,74.16,26.0,2.0,90,100,43131,256.18
1785355462.655,4.2,100.0,74.15,26.0,2.0,88,100,43131,253.51
1785355463.655,5.2,100.0,74.14,28.0,2.0,88,100,43131,253.03
1785355464.655,4.2,100.0,74.11,27.0,2.0,91,100,43131,253.88
1785355465.655,4.2,99.0,74.10,27.0,1.0,87,85,43131,248.10
1785355466.655,3.6,100.0,74.10,35.0,3.0,88,98,43131,252.50
1785355467.655,4.2,100.0,74.08,29.0,2.0,89,100,43131,255.28
1785355468.655,4.7,100.0,74.08,28.0,3.0,90,100,43131,257.46
1785355469.655,6.9,99.0,74.02,30.0,3.0,88,100,43131,251.18
1785355470.656,4.6,100.0,74.24,34.0,3.0,90,100,43131,256.98
1785355471.656,5.9,100.0,74.38,34.0,3.0,90,100,43131,264.49
1785355472.656,5.1,99.0,74.41,28.0,3.0,90,100,43131,266.77
1785355473.656,6.0,100.0,74.45,29.0,4.0,88,91,43131,267.69
1785355474.656,5.8,100.0,74.45,28.0,2.0,87,93,43131,272.66
1785355475.656,6.4,100.0,74.47,29.0,3.0,91,100,43131,260.74
1785355476.656,7.8,100.0,74.44,25.0,3.0,91,100,43131,261.23
1785355477.656,5.0,100.0,74.48,24.0,2.0,90,100,43131,256.30
1785355478.656,5.2,100.0,74.51,28.0,2.0,91,100,43131,255.02
1785355479.656,5.5,100.0,74.50,30.0,2.0,91,90,43131,273.32
1785355480.657,5.5,100.0,74.47,28.0,2.0,91,100,43131,259.84
1785355481.657,6.3,100.0,74.46,25.0,3.0,90,100,43131,256.99
1785355482.657,6.2,100.0,74.46,27.0,2.0,89,100,43131,258.00
1785355483.657,5.8,100.0,74.39,29.0,3.0,87,99,43131,259.80
1785355484.657,7.0,100.0,74.35,26.0,2.0,89,100,43131,261.29
1785355485.657,7.0,100.0,74.32,24.0,1.0,91,100,43131,253.12
1785355486.657,6.4,100.0,74.31,30.0,3.0,87,99,43131,271.39
1785355487.657,5.0,100.0,74.31,27.0,2.0,93,93,43131,254.52
1785355488.657,4.4,100.0,74.29,26.0,1.0,87,98,43131,255.41
1785355489.657,4.1,100.0,74.28,27.0,3.0,90,100,43131,254.93
1785355490.657,6.0,100.0,74.28,30.0,2.0,91,100,43131,272.01
1785355491.658,4.4,100.0,74.28,27.0,1.0,90,100,43131,256.32
1785355492.658,4.7,100.0,74.29,24.0,2.0,88,99,43131,261.88
1785355493.658,4.0,99.0,74.30,27.0,3.0,90,100,43131,253.93
1785355494.658,4.9,100.0,74.64,31.0,3.0,90,100,43131,253.87
1785355495.658,5.4,100.0,74.64,24.0,2.0,88,99,43131,258.39
1785355496.658,6.5,100.0,74.62,28.1,2.0,90,100,43131,256.51
1785355497.658,7.0,100.0,74.63,25.9,3.0,91,93,43131,269.17
1785355498.658,7.2,100.0,74.67,27.0,1.0,87,99,43131,266.48
1785355499.658,6.9,100.0,74.68,28.0,2.0,87,98,43131,251.71
1785355500.658,6.6,100.0,74.67,24.0,3.0,90,100,43131,253.94
1785355501.659,6.2,100.0,74.67,27.0,2.0,90,100,43131,264.48
1785355502.659,6.1,99.0,74.66,25.0,2.0,90,100,43131,260.39
1785355503.659,3.5,94.0,74.66,27.0,3.0,88,100,43131,256.46
1785355504.659,4.9,99.0,74.68,28.0,3.0,87,99,43131,253.23
1785355505.659,4.9,100.0,74.11,23.0,1.0,90,100,43131,255.80
1785355506.659,5.6,100.0,74.13,23.0,2.0,92,100,43131,255.36
1785355507.659,4.6,100.0,74.11,21.0,2.0,91,100,43131,255.49
1785355508.659,4.7,100.0,74.10,28.0,1.0,87,99,43131,253.20
1785355509.659,6.8,100.0,74.06,21.0,2.0,90,100,43131,255.04
1785355510.660,4.6,100.0,74.06,24.0,2.0,91,100,43131,256.34
1785355511.660,5.0,100.0,74.08,24.0,1.0,91,100,43131,260.19
1785355512.660,4.5,100.0,74.09,28.0,2.0,91,93,43131,261.93
1785355513.660,5.4,100.0,74.09,28.0,1.0,90,100,43131,263.87
1785355514.660,5.5,100.0,74.10,24.0,3.0,90,100,43131,255.37
1785355515.660,6.1,100.0,74.09,27.0,2.0,89,100,43131,263.73
1785355516.660,4.4,100.0,74.10,26.0,3.0,90,100,43131,255.45
1785355517.660,5.3,100.0,74.09,22.0,1.0,91,100,43131,257.47
1785355518.660,3.8,100.0,74.10,25.0,2.0,91,100,43131,262.64
1785355519.660,4.9,100.0,74.09,26.0,1.0,92,100,43131,264.82
1785355520.661,4.4,100.0,74.07,26.0,2.0,93,92,43131,249.37
1785355521.661,3.3,100.0,74.06,27.0,2.0,87,98,43131,255.26
1785355522.661,3.2,85.0,74.05,27.0,2.0,90,100,43131,265.63
1785355523.661,4.0,100.0,74.07,27.0,3.0,90,100,43131,255.57
1785355524.661,4.3,100.0,74.07,29.0,2.0,88,86,43131,252.49
1785355525.661,4.9,100.0,74.07,28.0,2.0,88,100,43131,258.67
1785355526.661,5.2,100.0,73.84,26.0,3.0,91,100,43131,254.22
1785355527.661,4.8,100.0,73.83,25.0,2.0,91,100,43131,251.13
1785355528.661,5.3,100.0,73.83,26.0,3.0,90,100,43131,256.43
1785355529.661,5.5,100.0,73.83,33.0,2.0,90,100,43131,256.50
1785355530.662,7.3,100.0,74.54,27.0,3.0,88,99,43131,249.25
1785355531.662,5.9,100.0,74.54,30.0,3.0,91,100,43131,267.93
1785355532.662,5.9,99.0,74.53,26.0,3.0,90,100,43131,260.79
1785355533.662,4.7,100.0,74.51,28.0,3.0,90,100,43131,252.33
1785355534.662,6.2,100.0,74.51,26.0,2.0,90,100,43131,262.62
1785355535.662,7.0,100.0,74.52,29.0,4.0,90,94,43131,259.89
1785355536.662,6.7,100.0,74.53,24.0,2.0,89,100,43131,255.51
1785355537.662,6.4,100.0,74.89,29.0,2.0,90,100,43131,252.68
1785355538.662,5.3,100.0,74.73,23.0,2.0,91,100,43131,256.16
1785355539.662,4.6,100.0,74.74,27.0,2.0,90,100,43131,262.91
1785355540.663,4.0,100.0,74.72,23.0,1.0,90,100,43131,257.29
1785355541.663,3.7,100.0,74.71,28.0,2.0,90,100,43131,262.94
1785355542.663,3.5,79.8,74.70,25.0,3.0,90,100,43131,256.86
1785355543.663,4.7,100.0,74.69,24.0,2.0,90,100,43131,254.57
1785355544.663,5.7,100.0,74.70,28.0,2.0,90,100,43131,264.13
1785355545.663,5.8,100.0,74.71,25.0,2.0,91,100,43131,258.36
1785355546.663,5.0,100.0,74.69,24.0,1.0,91,100,43131,255.61
1785355547.663,4.6,100.0,74.69,30.0,3.0,91,100,43131,260.53
1785355548.663,4.5,100.0,74.69,22.0,2.0,91,100,43131,260.17
1785355549.663,4.1,100.0,74.68,29.0,4.0,90,100,43131,271.86
1785355550.664,3.2,62.6,74.66,32.0,4.0,91,100,43131,251.73
1785355551.664,4.6,100.0,74.37,25.0,2.0,91,100,43131,258.57
1785355552.664,3.4,100.0,74.51,26.0,3.0,90,100,43131,258.12
1785355553.664,4.0,100.0,74.49,25.0,2.0,91,100,43131,255.79
1785355554.664,5.3,100.0,74.49,25.0,2.0,91,100,43131,255.73
1785355555.664,4.5,100.0,74.50,23.0,2.0,88,99,43131,253.15
1785355556.664,6.8,100.0,74.49,31.0,2.0,88,86,43131,261.18
1785355557.664,6.4,100.0,74.48,29.0,3.0,91,100,43131,263.86
1785355558.664,6.2,100.0,74.48,25.0,3.0,92,100,43131,259.08
1785355559.664,3.1,100.0,74.45,27.0,2.0,87,98,43131,258.83
1785355560.664,3.7,100.0,74.44,30.0,3.0,88,96,43131,264.03
1785355561.665,5.1,100.0,74.45,24.0,3.0,91,100,43131,259.19
1785355562.665,5.3,100.0,74.47,21.0,2.0,92,100,43131,258.40
1785355563.665,4.0,100.0,74.47,23.0,1.0,92,100,43131,255.43
1785355564.665,4.7,100.0,74.45,19.0,28.0,0,0,43131,232.49
1785355565.665,2.5,60.0,74.46,3.0,26.0,0,0,43131,145.14
1785355566.665,4.9,99.0,74.31,2.0,6.0,0,0,43131,119.29
1785355567.665,6.1,100.0,73.80,4.0,0.0,0,0,43131,119.04
1785355568.665,4.8,100.0,73.76,1.0,0.0,0,0,43131,118.65
1785355569.665,3.5,100.0,73.78,2.0,0.0,0,0,43131,118.16
1785355570.665,7.8,100.0,73.88,2.0,29.0,0,0,43131,117.77
1785355571.665,6.7,100.0,73.93,2.0,12.0,0,0,43131,117.43
1785355572.666,5.6,100.0,73.96,3.0,41.0,0,0,43131,117.19
1785355573.666,9.0,100.0,73.98,3.0,193.9,0,0,43131,116.94
1785355574.666,6.9,100.0,74.01,3.0,37.0,0,0,43131,116.65
1785355575.666,7.9,100.0,74.00,0.0,43.0,0,0,43131,115.82
1785355576.666,6.6,100.0,74.02,3.0,27.0,0,0,43131,115.00
1785355577.666,6.6,100.0,74.04,3.0,33.0,0,0,43131,114.80
1785355578.666,5.9,100.0,74.06,2.0,35.0,0,0,43131,114.56
1785355579.666,4.7,100.0,74.06,2.0,20.0,0,0,43131,114.32
1785355580.666,5.3,100.0,74.07,3.0,40.0,0,0,43131,114.13
1785355581.666,3.7,100.0,74.07,2.0,62.0,0,0,43131,114.01
1785355582.666,4.6,100.0,73.57,2.0,21.0,0,0,43131,113.93
1785355583.667,3.9,100.0,73.99,4.0,35.0,0,0,43131,113.76
1785355584.667,3.6,100.0,74.00,1.0,38.0,0,0,43131,113.55
1785355585.667,3.4,100.0,74.02,4.0,32.0,0,0,43131,113.40
1785355586.667,4.2,100.0,74.02,3.0,36.0,0,0,43131,113.30
1785355587.667,6.1,100.0,74.04,3.0,16.0,0,0,43131,113.16
1785355588.667,4.5,100.0,74.05,1.0,47.0,0,0,43131,112.96
1785355589.667,7.4,100.0,74.06,3.0,23.0,0,0,43131,112.81
1785355590.667,5.1,100.0,74.07,3.0,19.0,0,0,43131,112.72
1785355591.667,5.4,83.0,74.08,2.0,48.0,0,0,43131,112.58
1785355592.667,6.8,100.0,74.09,4.0,43.0,0,0,43131,112.38
1785355593.667,5.5,72.0,74.10,2.0,56.0,0,0,43131,112.28
1785355594.668,4.6,99.0,74.12,2.0,38.0,0,0,43131,112.21
1785355595.668,4.8,68.0,73.52,3.0,17.0,0,0,43131,112.12
1785355596.668,2.4,100.0,73.87,3.0,18.0,0,0,43131,112.07
1785355597.668,5.1,100.0,73.85,3.0,15.1,0,0,43131,111.94
1785355598.668,4.9,100.0,73.86,4.0,15.0,0,0,43131,111.75
1785355599.668,5.2,100.0,73.88,2.0,55.0,0,0,43131,111.66
1785355600.668,6.0,100.0,73.89,2.0,45.0,0,0,43131,112.86
1785355601.668,4.9,100.0,73.88,3.0,34.0,0,0,43131,114.12
1785355602.668,5.1,100.0,73.87,4.0,45.0,0,0,43131,114.17
1785355603.668,6.5,100.0,73.90,3.0,45.0,0,0,43131,114.03
1785355604.669,7.2,100.0,73.91,3.0,23.0,0,0,43131,113.89
1785355605.669,6.0,99.0,73.89,2.0,22.0,0,0,43131,113.79
1785355606.669,4.7,100.0,73.90,3.0,19.0,0,0,43131,113.75
1785355607.669,5.6,84.0,73.90,2.0,21.0,0,0,43131,113.75
1785355608.669,4.0,74.0,73.91,3.0,27.0,0,0,43131,113.70
1785355609.669,4.0,62.4,73.93,5.0,24.0,0,0,43131,113.57
1785355610.669,4.8,60.0,73.94,3.0,24.0,0,0,43131,113.51
1785355611.669,4.7,84.8,73.91,3.0,20.0,0,0,43131,113.50
1785355612.669,4.1,74.7,73.93,3.0,21.0,0,0,43131,113.43
1785355613.670,4.4,39.6,73.95,3.0,22.0,0,0,43131,113.37
1785355614.670,5.9,100.0,73.95,3.0,19.0,0,0,43131,113.30
1785355615.670,5.4,79.8,74.30,3.0,22.0,0,0,43131,113.25
1785355616.670,9.1,100.0,74.31,2.0,21.0,0,0,43131,113.20
1785355617.670,8.5,100.0,74.30,4.0,20.0,0,0,43131,113.10
1785355618.670,7.7,100.0,74.31,3.0,20.0,0,0,43131,113.10
1785355619.670,8.0,100.0,74.30,1.0,22.0,0,0,43131,113.05
1785355620.670,6.9,100.0,74.30,4.0,28.0,0,0,43131,112.96
1785355621.670,7.0,100.0,74.35,2.0,34.0,0,0,43131,112.95
1785355622.671,5.7,100.0,74.35,2.0,28.0,0,0,43131,112.96
1785355623.671,6.8,89.1,74.33,2.0,26.0,0,0,43131,112.91
1785355624.671,6.1,100.0,74.35,3.0,24.0,0,0,43131,112.86
1785355625.671,6.7,100.0,74.34,2.0,32.0,0,0,43131,113.10
1785355626.671,8.8,100.0,74.35,3.0,31.0,0,0,43131,113.10
1785355627.671,5.5,100.0,74.36,2.0,24.0,0,0,43131,112.76
1785355628.671,7.9,99.0,73.94,2.0,25.0,0,0,43131,112.71
1785355629.671,7.4,100.0,74.22,2.0,38.0,0,0,43131,112.71
1785355630.671,7.1,100.0,74.14,2.0,19.0,0,0,43131,112.61
1785355631.671,7.1,100.0,74.11,4.0,19.0,0,0,43131,112.47
1785355632.672,7.5,100.0,74.11,4.0,18.0,0,0,43131,112.42
1785355633.672,7.6,100.0,74.11,2.0,19.0,0,0,43131,112.47
1785355634.672,7.3,100.0,74.12,4.0,15.0,0,0,43131,112.47
1785355635.672,8.7,100.0,74.11,3.0,21.0,0,0,43131,112.42
1785355636.672,6.8,100.0,74.10,1.0,22.0,0,0,43131,112.37
1785355637.672,6.8,100.0,74.10,3.0,12.0,0,0,43131,112.37
1785355638.672,6.7,100.0,74.08,1.0,31.0,0,0,43131,112.32
1785355639.672,6.0,100.0,74.08,3.0,27.0,0,0,43131,112.27
1785355640.672,6.4,99.0,74.06,3.0,25.0,0,0,43131,112.27
1785355641.672,7.2,100.0,73.50,3.0,22.0,0,0,43131,112.22
1785355642.672,5.2,100.0,74.15,2.0,26.0,0,0,43131,112.18
1785355643.673,7.6,100.0,74.12,2.0,27.0,0,0,43131,112.22
1785355644.673,6.4,100.0,74.13,1.0,18.0,0,0,43131,112.18
1785355645.673,6.7,100.0,74.11,3.0,20.0,0,0,43131,112.09
1785355646.673,6.1,100.0,74.11,3.0,29.0,0,0,43131,112.08
1785355647.673,8.1,100.0,74.12,2.0,42.0,0,0,43131,112.13
1785355648.673,7.2,100.0,74.12,1.0,133.0,0,0,43131,112.08
1785355649.673,6.0,100.0,74.13,4.0,22.0,0,0,43131,111.98
1785355650.673,5.7,100.0,74.12,3.0,36.0,0,0,43131,112.03
1785355651.673,7.6,100.0,74.12,1.0,12.0,0,0,43131,112.03
1785355652.673,6.4,100.0,74.12,3.0,33.0,0,0,43131,111.98
1785355653.674,5.9,99.0,74.13,2.0,47.0,0,0,43131,111.98
1785355654.674,7.2,100.0,74.11,2.0,38.0,0,0,43131,111.93
1785355655.674,7.1,100.0,74.08,3.0,34.0,0,0,43131,111.93
1785355656.674,6.6,100.0,74.08,2.0,35.0,0,0,43131,111.93
1785355657.674,6.8,100.0,74.06,1.0,43.0,0,0,43131,111.88
1785355658.674,6.4,100.0,74.07,3.0,53.0,0,0,43131,111.79
1785355659.674,6.3,100.0,74.06,2.0,42.0,0,0,43131,111.79
1785355660.674,4.2,100.0,74.07,3.0,54.0,0,0,43131,111.88
1785355661.674,7.1,100.0,74.04,4.0,182.0,0,0,43131,111.89
1785355662.674,4.0,100.0,74.03,2.0,24.0,0,0,43131,111.83
1785355663.674,4.8,100.0,74.03,3.0,15.1,0,0,43131,111.79
1785355664.675,5.2,100.0,74.04,4.0,15.9,0,0,43131,111.79
1785355665.675,4.5,86.1,74.02,3.0,23.0,0,0,43131,111.85
1785355666.675,7.4,91.0,73.96,4.0,35.9,0,0,43131,111.80
1785355667.675,6.7,100.0,73.96,4.0,33.2,0,0,43131,111.70
1785355668.675,5.5,100.0,73.93,2.0,36.0,0,0,43131,111.69
1785355669.675,5.3,100.0,73.94,2.0,43.0,0,0,43131,111.69
1785355670.675,6.6,100.0,73.96,3.0,48.0,0,0,43131,111.93
1785355671.675,5.0,89.0,73.95,1.0,26.0,0,0,43131,111.94
1785355672.675,6.8,100.0,73.93,2.0,20.0,0,0,43131,111.70
1785355673.675,4.9,100.0,73.92,3.0,19.0,0,0,43131,111.65
1785355674.675,5.6,100.0,73.90,6.0,64.0,0,0,43131,111.65
1785355675.676,4.2,100.0,73.90,2.0,26.0,0,0,43131,111.65
1785355676.676,7.9,100.0,73.90,3.0,27.0,0,0,43131,111.65
1785355677.676,8.6,99.0,73.90,4.0,31.0,0,0,43131,111.69
1785355678.676,8.7,100.0,73.92,2.0,45.0,0,0,43131,111.69
1785355679.676,5.7,100.0,73.95,2.0,29.0,0,0,43131,111.59
1785355680.676,5.5,85.1,73.96,2.0,34.0,0,0,43131,111.59
1785355681.676,6.3,100.0,73.31,3.0,25.0,0,0,43131,111.59
1785355682.676,6.3,100.0,74.04,3.0,46.0,0,0,43131,111.54
1785355683.676,8.0,100.0,74.08,2.0,78.0,0,0,43131,111.59
1785355684.676,6.0,100.0,74.07,38.0,4.0,92,57,43131,215.43
1785355685.677,5.9,100.0,74.08,35.0,6.0,88,100,43131,278.28
1785355686.677,6.8,100.0,74.07,37.0,8.0,85,98,43131,271.58
1785355687.677,8.2,100.0,74.05,36.0,9.0,87,100,43131,273.55
1785355688.677,7.0,100.0,74.03,36.0,8.0,88,100,43131,279.55
1785355689.677,8.1,100.0,74.05,33.0,6.0,89,100,43131,213.32
1785355690.677,5.2,100.0,74.03,39.0,2.0,91,86,43131,257.73
1785355691.677,5.8,100.0,74.04,32.0,4.0,87,95,43131,249.05
1785355692.677,7.9,100.0,74.04,35.0,6.0,89,85,43131,257.60
1785355693.677,10.4,100.0,74.02,33.0,4.0,87,99,43131,258.53
1785355694.677,6.7,100.0,74.02,35.0,6.0,89,92,43131,260.43
1785355695.677,8.4,100.0,74.26,37.1,5.0,89,100,43131,255.37
1785355696.678,6.2,100.0,74.17,29.9,5.0,89,100,43131,244.55
1785355697.678,6.5,100.0,74.14,28.0,4.0,88,99,43131,261.67
1785355698.678,6.4,100.0,74.16,34.0,3.0,88,100,43131,258.68
1785355699.678,7.8,100.0,74.18,28.0,4.0,87,86,43131,242.10
1785355700.678,5.6,100.0,74.19,36.0,3.0,90,100,43131,250.57
1785355701.678,7.1,100.0,74.19,30.0,3.0,89,100,43131,250.62
1785355702.678,6.3,100.0,74.19,32.0,4.0,89,100,43131,258.93
1785355703.678,6.6,100.0,74.17,28.0,4.0,89,100,43131,249.42
1785355704.678,6.4,100.0,74.16,32.0,4.0,90,100,43131,260.68
1785355705.678,5.6,100.0,74.16,32.0,5.0,90,100,43131,258.08
1785355706.679,6.2,100.0,74.15,31.0,3.0,88,99,43131,258.30
1785355707.679,6.5,100.0,74.15,29.0,4.0,90,100,43131,251.95
1785355708.679,6.7,100.0,74.15,26.0,2.0,90,100,43131,249.53
1785355709.679,6.2,100.0,74.12,28.0,4.0,91,92,43131,256.53
1785355710.679,6.1,100.0,74.10,31.0,2.0,91,100,43131,253.69
1785355711.679,4.8,100.0,74.11,30.0,3.0,86,94,43131,253.25
1785355712.679,8.4,100.0,74.11,28.0,4.0,88,100,43131,250.68
1785355713.679,5.3,100.0,74.13,40.0,6.0,87,98,43131,257.77
1785355714.679,4.1,86.0,74.13,38.0,5.0,89,92,43131,250.44
1785355715.679,5.9,83.0,74.03,37.9,6.0,87,98,43131,244.88
1785355716.680,7.4,100.0,73.99,37.1,6.0,89,100,43131,265.05
1785355717.680,5.0,100.0,73.96,39.0,7.0,88,99,43131,261.19
1785355718.680,6.2,100.0,73.97,35.0,5.0,87,93,43131,259.83
1785355719.680,7.1,100.0,73.96,28.0,5.0,89,100,43131,262.23
1785355720.680,9.8,100.0,74.16,33.0,4.0,87,84,43131,253.22
1785355721.680,6.4,100.0,74.14,29.0,4.0,88,100,43131,247.85
1785355722.680,6.1,100.0,74.14,31.0,3.0,90,100,43131,261.47
1785355723.680,7.6,100.0,74.11,30.0,4.0,88,99,43131,260.73
1785355724.680,6.9,100.0,74.13,30.0,4.0,88,96,43131,263.13
1785355725.680,5.1,100.0,74.14,30.0,4.0,89,100,43131,249.46
1785355726.681,4.6,79.0,74.14,30.0,4.0,89,100,43131,256.21
1785355727.681,6.3,100.0,74.34,31.0,3.0,89,87,43131,267.74
1785355728.681,6.5,100.0,74.34,33.0,5.0,92,92,43131,258.72
1785355729.681,5.8,100.0,74.32,30.0,3.0,90,100,43131,259.36
1785355730.681,6.7,100.0,74.33,31.0,3.0,91,100,43131,253.75
1785355731.681,7.2,100.0,74.31,27.0,3.0,91,100,43131,256.81
1785355732.681,8.7,100.0,74.30,28.0,2.0,91,100,43131,254.56
1785355733.681,8.2,100.0,74.30,29.0,4.0,90,100,43131,250.30
1785355734.681,8.8,100.0,74.66,29.0,3.0,90,100,43131,253.70
1785355735.682,9.4,100.0,74.65,31.0,4.0,88,97,43131,260.70
1785355736.682,9.0,100.0,74.68,28.0,4.0,90,100,43131,255.57
1785355737.682,9.9,99.0,74.81,33.0,3.0,89,100,43131,258.01
1785355738.682,8.8,100.0,74.80,32.0,5.0,90,100,43131,259.31
1785355739.682,7.1,100.0,74.78,32.0,4.0,90,100,43131,259.22
1785355740.682,6.7,100.0,74.78,31.0,5.0,89,100,43131,254.23
1785355741.682,6.1,100.0,74.77,31.0,3.0,90,100,43131,260.39
1785355742.682,4.9,100.0,74.74,30.0,4.0,90,100,43131,261.79
1785355743.682,4.6,100.0,74.72,31.0,3.0,88,99,43131,259.47
1785355744.682,5.6,100.0,75.13,28.0,3.0,89,100,43131,251.65
1785355745.682,6.0,100.0,75.13,27.0,3.0,90,100,43131,256.39
1785355746.683,7.8,100.0,75.12,30.0,3.0,93,95,43131,247.21
1785355747.683,6.4,100.0,75.11,26.0,2.0,90,100,43131,250.51
1785355748.683,6.4,100.0,75.09,29.0,2.0,91,100,43131,265.40
1785355749.683,6.5,100.0,75.05,28.0,3.0,91,100,43131,251.26
1785355750.683,5.7,100.0,75.03,30.0,4.0,90,100,43131,257.61
1785355751.683,6.4,100.0,75.01,29.0,3.0,90,100,43131,257.30
1785355752.683,6.4,100.0,75.01,41.0,5.0,88,99,43131,278.26
1785355753.683,7.7,100.0,74.98,30.0,4.0,89,100,43131,253.85
1785355754.683,7.7,100.0,74.96,31.0,5.0,89,100,43131,257.64
1785355755.683,8.5,100.0,74.94,36.0,6.0,88,99,43131,270.67
1785355756.684,5.6,100.0,74.92,28.0,3.0,90,100,43131,251.89
1785355757.684,6.3,89.0,74.11,34.0,5.0,86,98,43131,257.19
1785355758.684,5.5,100.0,74.81,30.0,3.0,88,94,43131,263.73
1785355759.684,6.0,100.0,74.79,34.0,5.0,90,100,43131,258.80
1785355760.684,7.3,100.0,74.79,28.0,3.0,90,100,43131,254.26
1785355761.684,7.6,100.0,74.79,28.0,4.0,89,100,43131,250.69
1785355762.684,5.1,76.0,74.79,43.0,5.0,89,100,43131,256.49
1785355763.684,6.8,100.0,74.78,38.0,5.0,90,100,43131,270.06
1785355764.684,6.7,100.0,74.79,29.0,5.0,90,100,43131,257.43
1785355765.684,7.0,100.0,74.80,35.0,6.0,90,84,43131,257.43
1785355766.685,4.7,100.0,74.78,37.0,6.0,90,90,43131,266.15
1785355767.685,7.1,100.0,74.79,29.0,4.0,90,100,43131,246.96
1785355768.685,5.9,99.0,74.24,27.0,3.0,90,100,43131,257.17
1785355769.685,6.8,100.0,74.60,31.0,4.0,90,100,43131,257.95
1785355770.685,6.8,100.0,74.60,35.0,4.0,89,100,43131,270.39
1785355771.685,5.8,100.0,74.81,31.0,3.0,89,100,43131,253.98
1785355772.685,6.9,100.0,74.77,34.0,5.0,87,93,43131,263.11
1785355773.685,5.5,100.0,74.75,34.0,4.0,88,99,43131,259.13
1785355774.685,4.9,100.0,74.73,30.0,5.0,88,99,43131,271.10
1785355775.685,5.1,100.0,74.75,34.0,3.0,87,92,43131,266.82
1785355776.686,5.9,100.0,74.71,32.0,5.0,90,93,43131,266.86
1785355777.686,6.0,100.0,74.69,30.0,3.0,90,100,43131,267.67
1785355778.686,7.5,100.0,74.68,36.0,5.0,89,100,43131,271.59
1785355779.686,4.5,100.0,74.67,35.0,4.0,86,95,43131,272.87
1785355780.686,8.0,90.0,74.67,34.0,6.0,88,99,43131,262.48
1785355781.686,7.5,77.2,74.49,35.0,4.0,89,100,43131,249.31
1785355782.686,6.1,100.0,74.65,30.0,6.0,89,100,43131,255.57
1785355783.686,7.8,100.0,74.63,33.1,4.0,89,100,43131,274.99
1785355784.686,8.1,100.0,74.65,29.9,4.0,91,89,43131,257.32
1785355785.686,5.8,100.0,74.67,29.0,3.0,90,100,43131,260.98
1785355786.686,6.1,100.0,74.64,26.0,3.0,87,98,43131,264.10
1785355787.687,4.5,100.0,74.65,34.0,3.0,90,100,43131,259.27
1785355788.687,4.8,100.0,74.65,29.0,4.0,88,100,43131,265.98
1785355789.687,5.2,100.0,74.65,28.0,2.0,88,99,43131,255.63
1785355790.687,5.1,97.0,74.64,27.0,4.0,88,99,43131,254.93
1785355791.687,5.3,100.0,74.64,25.0,2.0,91,100,43131,256.48
1785355792.687,6.9,94.9,74.62,23.0,1.0,91,100,43131,258.87
1785355793.687,5.0,77.2,74.63,20.0,26.0,0,0,43131,209.28
1785355794.687,7.4,100.0,74.38,2.0,23.0,0,0,43131,132.71
1785355795.687,6.6,99.0,74.37,3.0,6.0,0,0,43131,118.98
1785355796.687,9.6,100.0,73.62,2.0,0.0,0,0,43131,118.65
1785355797.688,7.7,100.0,73.62,1.0,0.0,0,0,43131,118.21
1785355798.688,6.4,100.0,73.79,3.0,0.0,0,0,43131,117.82
1785355799.688,6.2,100.0,73.84,4.0,196.0,0,0,43131,117.48
1785355800.688,6.6,100.0,73.86,2.0,33.0,0,0,43131,117.09
1785355801.688,5.0,100.0,73.86,3.0,34.0,0,0,43131,116.80
1785355802.688,5.0,100.0,73.84,3.0,19.0,0,0,43131,116.66
1785355803.688,5.1,100.0,73.84,2.0,30.0,0,0,43131,116.46
1785355804.688,5.7,100.0,73.87,4.0,32.0,0,0,43131,115.63
1785355805.688,6.9,100.0,73.88,3.0,22.0,0,0,43131,114.80
1785355806.688,8.1,100.0,74.29,1.0,35.0,0,0,43131,114.61
1785355807.688,6.7,100.0,74.32,2.0,59.0,0,0,43131,114.42
1785355808.689,5.7,100.0,74.35,3.0,40.0,0,0,43131,114.27
1785355809.689,6.8,100.0,74.35,1.0,35.0,0,0,43131,114.07
1785355810.689,5.5,100.0,74.35,3.0,33.0,0,0,43131,113.78
1785355811.689,4.6,100.0,74.37,3.0,30.0,0,0,43131,113.59
1785355812.689,5.2,100.0,74.40,3.0,27.0,0,0,43131,113.44
1785355813.689,6.0,100.0,74.35,4.0,39.0,0,0,43131,113.29
1785355814.689,7.8,100.0,74.36,3.0,20.0,0,0,43131,113.25
1785355815.689,8.7,100.0,74.63,2.0,31.0,0,0,43131,113.20
1785355816.689,7.4,100.0,74.65,3.0,50.0,0,0,43131,113.00
1785355817.689,7.4,100.0,74.62,1.0,58.0,0,0,43131,112.81
1785355818.689,6.1,100.0,75.20,1.0,32.0,0,0,43131,112.68
1785355819.690,4.5,100.0,75.50,4.0,19.0,0,0,43131,112.59
1785355820.690,5.8,100.0,75.82,2.0,40.0,0,0,43131,112.57
1785355821.690,4.7,100.0,75.46,4.0,53.0,0,0,43131,112.47
1785355822.690,6.4,100.0,75.42,2.0,40.0,0,0,43131,112.28
1785355823.690,5.3,100.0,75.39,4.0,43.0,0,0,43131,112.33
1785355824.690,5.5,100.0,75.38,3.0,41.0,0,0,43131,112.28
1785355825.690,6.7,100.0,75.34,0.0,41.0,0,0,43131,111.98
1785355826.690,6.0,100.0,75.30,3.0,38.0,0,0,43131,111.84
1785355827.690,5.9,100.0,75.29,3.0,33.0,0,0,43131,111.74
1785355828.690,7.2,100.0,75.19,2.0,33.0,0,0,43131,112.86
1785355829.691,7.8,100.0,75.17,2.0,36.0,0,0,43131,114.07
1785355830.691,6.7,100.0,75.16,4.0,31.0,0,0,43131,114.12
1785355831.691,4.2,100.0,75.17,2.0,29.0,0,0,43131,114.05
1785355832.691,4.5,100.0,74.89,4.0,29.0,0,0,43131,114.00
1785355833.691,4.1,100.0,74.85,2.0,33.0,0,0,43131,113.93
1785355834.691,5.7,100.0,74.82,3.0,31.0,0,0,43131,113.79
1785355835.691,5.5,100.0,74.79,5.0,25.0,0,0,43131,114.04
1785355836.691,5.3,100.0,74.79,2.0,21.0,0,0,43131,113.84
1785355837.691,6.7,100.0,74.77,3.0,22.0,0,0,43131,113.59
1785355838.691,6.6,100.0,74.42,4.0,25.0,0,0,43131,113.49
1785355839.691,6.1,100.0,74.40,4.0,25.0,0,0,43131,113.49
1785355840.692,6.8,100.0,74.37,3.0,34.0,0,0,43131,113.44
1785355841.692,6.9,93.0,74.38,3.0,29.0,0,0,43131,113.34
1785355842.692,8.4,100.0,74.38,4.0,26.0,0,0,43131,113.34
1785355843.692,6.9,100.0,74.37,3.0,38.2,0,0,43131,113.34
1785355844.692,6.7,100.0,74.34,3.0,25.9,0,0,43131,113.30
1785355845.692,4.8,94.0,74.33,2.0,26.0,0,0,43131,113.15
1785355846.692,4.0,100.0,74.42,4.0,28.0,0,0,43131,113.12
1785355847.692,3.8,100.0,75.18,3.0,28.0,0,0,43131,113.13
1785355848.692,2.5,100.0,75.16,2.0,29.0,0,0,43131,113.08
1785355849.692,4.1,100.0,75.15,3.0,20.0,0,0,43131,113.03
1785355850.692,4.2,100.0,75.14,2.0,30.0,0,0,43131,112.96
1785355851.693,5.4,100.0,75.13,4.0,29.0,0,0,43131,112.96
1785355852.693,3.7,100.0,75.11,2.0,29.0,0,0,43131,112.93
1785355853.693,6.8,100.0,75.10,1.0,28.0,0,0,43131,112.88
1785355854.693,7.3,100.0,75.11,5.0,31.0,0,0,43131,112.86
1785355855.693,6.6,100.0,75.10,0.0,27.0,0,0,43131,112.91
1785355856.693,9.1,100.0,75.09,2.0,18.0,0,0,43131,112.81
1785355857.693,7.7,100.0,75.10,4.0,32.0,0,0,43131,112.62
1785355858.693,6.1,100.0,75.11,2.0,50.0,0,0,43131,112.58
1785355859.693,7.3,100.0,75.13,3.0,190.9,0,0,43131,112.57
1785355860.693,6.7,100.0,75.16,1.0,45.0,0,0,43131,112.57
1785355861.693,6.0,100.0,75.16,3.0,20.0,0,0,43131,112.52
1785355862.694,5.6,100.0,75.16,3.0,36.0,0,0,43131,112.47
1785355863.694,4.1,100.0,75.17,3.0,51.0,0,0,43131,112.61
1785355864.694,7.2,100.0,75.14,2.0,42.0,0,0,43131,112.61
1785355865.694,7.3,100.0,74.64,3.0,43.0,0,0,43131,112.47
1785355866.694,8.0,100.0,75.15,2.0,51.0,0,0,43131,112.42
1785355867.694,6.7,100.0,75.17,2.0,61.0,0,0,43131,112.42
1785355868.694,7.4,100.0,74.91,3.0,55.0,0,0,43131,112.66
1785355869.694,6.1,100.0,74.93,2.8,170.0,0,0,43131,112.57
1785355870.694,5.3,100.0,74.92,3.2,23.5,0,0,43131,112.33
1785355871.694,5.0,100.0,74.90,2.0,17.0,0,0,43131,112.27
1785355872.694,5.4,100.0,74.87,3.0,19.0,0,0,43131,112.22
1785355873.695,6.4,100.0,74.89,2.0,20.0,0,0,43131,112.32
1785355874.695,5.4,100.0,74.88,2.0,44.0,0,0,43131,112.27
1785355875.695,7.3,100.0,74.85,3.0,47.0,0,0,43131,112.18
1785355876.695,9.2,100.0,74.65,3.0,58.0,0,0,43131,112.13
1785355877.695,6.8,100.0,74.79,2.0,49.0,0,0,43131,112.13
1785355878.695,6.1,100.0,74.81,1.0,33.0,0,0,43131,112.47
1785355879.695,6.5,100.0,74.79,3.0,21.0,0,0,43131,112.42
1785355880.695,6.1,100.0,74.79,3.0,35.0,0,0,43131,112.08
1785355881.695,6.9,100.0,74.79,2.0,68.0,0,0,43131,112.08
1785355882.695,6.2,100.0,74.79,3.0,41.0,0,0,43131,112.08
1785355883.695,6.5,100.0,74.82,3.0,47.0,0,0,43131,112.08
1785355884.696,5.1,100.0,74.80,3.0,43.0,0,0,43131,112.03
1785355885.696,3.8,100.0,74.78,3.0,41.0,0,0,43131,111.98
1785355886.696,4.5,100.0,74.79,2.0,22.0,0,0,43131,111.93
1785355887.696,6.3,100.0,75.07,3.0,45.0,0,0,43131,111.88
1785355888.696,7.1,100.0,75.34,16.0,89.0,0,0,43131,126.26
1785355889.696,6.7,100.0,75.29,29.0,1.0,100,61,43131,251.10
1785355890.696,6.6,100.0,75.30,39.0,9.0,87,100,43131,285.36
1785355891.696,6.9,100.0,75.32,38.0,9.0,89,100,43131,258.72
1785355892.696,6.2,100.0,75.30,36.2,10.1,87,100,43131,251.25
1785355893.696,5.6,100.0,74.80,39.8,8.9,87,100,43131,251.35
1785355894.697,4.9,100.0,75.00,28.0,5.0,91,94,43131,211.99
1785355895.697,6.8,100.0,74.96,31.0,3.0,91,91,43131,254.25
1785355896.697,5.4,100.0,74.92,34.0,3.0,92,93,43131,249.44
1785355897.697,5.0,100.0,74.91,34.0,4.0,88,99,43131,262.45
1785355898.697,4.9,100.0,74.91,37.0,5.0,88,92,43131,268.95
1785355899.697,5.0,100.0,74.70,34.0,7.0,88,99,43131,250.59
1785355900.697,5.8,100.0,74.69,32.0,3.0,89,99,43131,252.71
1785355901.697,7.7,100.0,74.69,28.0,5.0,89,100,43131,245.18
1785355902.697,6.6,100.0,74.69,41.9,4.0,88,99,43131,259.02
1785355903.697,10.1,100.0,74.65,40.1,6.0,89,87,43131,252.44
1785355904.698,5.7,100.0,74.65,37.0,5.0,87,90,43131,258.57
1785355905.698,4.9,100.0,74.64,36.0,6.0,88,99,43131,259.80
1785355906.698,4.1,100.0,74.62,37.0,6.0,88,99,43131,265.65
1785355907.698,5.0,100.0,74.63,36.0,7.0,90,87,43131,266.09
1785355908.698,6.8,100.0,74.63,33.0,4.0,90,100,43131,257.38
1785355909.698,4.8,100.0,74.63,29.0,3.0,90,100,43131,244.08
1785355910.698,4.6,100.0,74.63,33.0,4.0,87,85,43131,261.42
1785355911.698,5.2,100.0,74.61,26.0,2.0,91,100,43131,247.26
1785355912.698,6.7,100.0,75.05,32.0,3.0,91,90,43131,255.49
1785355913.698,5.6,100.0,75.04,30.0,1.0,91,100,43131,255.66
1785355914.698,7.1,100.0,75.03,30.0,3.0,89,94,43131,259.32
1785355915.699,6.5,100.0,75.02,27.0,2.0,90,100,43131,250.59
1785355916.699,8.2,100.0,75.05,31.0,2.0,90,100,43131,256.57
1785355917.699,8.0,100.0,75.05,31.0,2.0,88,99,43131,254.74
1785355918.699,5.5,100.0,75.06,35.0,5.0,85,89,43131,256.45
1785355919.699,4.5,100.0,75.07,33.0,4.0,87,98,43131,237.69
1785355920.699,5.5,100.0,75.07,27.0,3.0,89,100,43131,237.97
1785355921.699,4.9,100.0,75.08,32.0,4.0,90,89,43131,251.67
1785355922.699,5.0,100.0,75.06,26.0,2.0,91,100,43131,252.96
1785355923.699,4.5,100.0,75.07,27.0,1.0,91,90,43131,262.46
1785355924.699,5.8,100.0,75.04,27.0,2.0,93,93,43131,246.40
1785355925.700,6.7,100.0,75.05,26.0,2.0,91,100,43131,246.81
1785355926.700,6.5,100.0,75.06,34.0,4.0,87,93,43131,276.17
1785355927.700,7.0,100.0,75.07,31.0,3.0,89,100,43131,247.46
1785355928.700,5.7,100.0,75.07,29.0,4.0,87,98,43131,254.89
1785355929.700,6.6,100.0,75.08,30.0,4.0,90,88,43131,244.41
1785355930.700,3.8,100.0,75.06,36.0,4.0,89,100,43131,263.91
1785355931.700,6.9,100.0,75.06,29.0,3.0,91,100,43131,262.29
1785355932.700,5.7,100.0,75.06,33.0,5.0,89,100,43131,252.94
1785355933.700,5.3,100.0,75.06,33.0,4.0,89,100,43131,248.64
1785355934.700,4.7,100.0,75.03,36.0,3.0,89,100,43131,243.81
1785355935.701,5.3,100.0,75.03,34.0,5.0,85,96,43131,237.73
1785355936.701,5.8,100.0,75.02,40.0,6.0,87,98,43131,257.50
1785355937.701,6.5,100.0,75.03,30.0,4.0,89,100,43131,262.16
1785355938.701,6.1,100.0,75.04,29.0,5.0,91,100,43131,258.23
1785355939.701,6.9,100.0,74.57,32.0,4.0,90,100,43131,266.79
1785355940.701,6.0,100.0,75.00,34.0,5.0,90,88,43131,265.24
1785355941.701,3.7,100.0,75.01,32.0,3.0,89,100,43131,254.78
1785355942.701,5.2,100.0,75.01,33.0,5.0,89,100,43131,269.04
1785355943.701,6.3,100.0,75.00,31.0,4.0,90,100,43131,270.49
1785355944.701,7.6,99.0,75.00,31.0,4.0,89,100,43131,258.65
1785355945.702,4.4,100.0,75.01,29.0,3.0,89,91,43131,259.18
1785355946.702,4.6,100.0,75.13,31.0,4.0,90,100,43131,255.02
1785355947.702,3.7,100.0,75.13,30.0,3.0,90,100,43131,257.12
1785355948.702,4.2,100.0,75.13,29.0,3.0,90,100,43131,250.98
1785355949.702,6.4,100.0,75.14,28.0,3.0,90,100,43131,258.67
1785355950.702,5.9,83.0,75.15,33.0,4.0,89,100,43131,278.50
1785355951.702,7.0,100.0,75.15,31.0,4.0,86,94,43131,254.44
1785355952.702,6.9,100.0,75.16,32.9,3.0,89,100,43131,251.32
1785355953.702,6.2,100.0,74.99,27.1,3.0,89,100,43131,261.92
1785355954.702,6.8,100.0,74.98,36.0,3.0,91,90,43131,274.40
1785355955.703,7.3,100.0,74.99,30.0,4.0,90,100,43131,270.99
1785355956.703,7.3,100.0,75.01,32.0,4.0,87,98,43131,250.12
1785355957.703,6.5,100.0,75.15,41.0,6.0,88,100,43131,271.96
1785355958.703,5.9,100.0,74.83,43.0,7.0,86,96,43131,260.24
1785355959.703,6.5,100.0,74.83,37.0,6.0,88,100,43131,274.01
1785355960.703,4.9,100.0,74.84,34.0,6.0,85,81,43131,266.50
1785355961.703,6.6,100.0,74.85,32.0,5.0,89,100,43131,258.36
1785355962.703,4.8,100.0,74.87,29.0,4.0,89,100,43131,258.26
1785355963.703,5.6,100.0,74.84,33.0,3.0,89,100,43131,266.88
1785355964.703,5.9,100.0,74.82,29.0,4.0,89,100,43131,248.57
1785355965.703,6.0,100.0,74.81,33.0,3.0,88,100,43131,264.60
1785355966.704,6.9,100.0,75.08,32.1,4.0,89,100,43131,245.23
1785355967.704,8.5,100.0,75.09,42.9,5.0,84,79,43131,258.99
1785355968.704,6.4,100.0,75.09,39.0,5.0,96,81,43131,250.91
1785355969.704,5.0,100.0,75.09,40.0,6.0,88,99,43131,274.96
1785355970.704,5.0,100.0,75.10,34.0,6.0,86,97,43131,265.95
1785355971.704,6.9,100.0,75.08,34.0,5.0,87,97,43131,238.43
1785355972.704,7.6,100.0,74.83,36.0,6.0,87,90,43131,273.14
1785355973.704,4.7,100.0,75.04,33.0,5.0,89,100,43131,258.81
1785355974.704,4.8,100.0,75.04,29.0,4.0,90,100,43131,261.70
1785355975.704,4.0,100.0,75.05,31.0,4.0,87,98,43131,264.87
1785355976.705,8.9,100.0,75.03,36.0,4.0,87,84,43131,253.38
1785355977.705,7.8,100.0,75.04,35.0,5.0,89,100,43131,258.81
1785355978.705,8.9,100.0,75.04,29.0,5.0,89,100,43131,256.20
1785355979.705,5.9,100.0,75.03,34.0,5.0,89,100,43131,250.19
1785355980.705,8.1,100.0,74.40,33.0,4.0,90,100,43131,263.53
1785355981.705,6.3,100.0,74.63,27.0,3.0,89,100,43131,255.21
1785355982.705,6.6,100.0,74.65,33.0,4.0,90,100,43131,258.63
1785355983.705,7.0,100.0,74.64,28.0,3.0,90,98,43131,275.43
1785355984.705,6.4,100.0,74.66,29.0,3.0,87,92,43131,262.39
1785355985.705,7.1,100.0,74.65,31.0,3.0,89,100,43131,257.22
1785355986.705,5.6,100.0,74.65,31.0,3.0,89,100,43131,250.97
1785355987.706,6.7,100.0,74.62,31.0,4.0,90,100,43131,258.98
1785355988.706,6.1,100.0,74.89,30.0,4.0,90,100,43131,267.01
1785355989.706,7.2,100.0,74.90,36.0,4.0,90,90,43131,272.98
1785355990.706,6.8,100.0,74.93,30.0,4.0,89,100,43131,280.17
1785355991.706,7.5,100.0,75.26,29.0,4.0,90,100,43131,264.23
1785355992.706,6.0,100.0,75.27,28.0,3.0,89,100,43131,257.29
1785355993.706,7.2,100.0,75.26,28.0,4.0,89,100,43131,266.48
1785355994.706,6.0,100.0,75.27,27.0,3.0,92,100,43131,257.90
1785355995.706,7.4,100.0,75.23,24.0,3.0,91,100,43131,256.09
1785355996.706,6.3,100.0,75.23,24.0,1.0,92,100,43131,256.51
1785355997.706,7.8,100.0,75.24,19.0,2.0,94,100,43131,261.23
1785355998.707,5.8,100.0,74.48,10.0,0.0,0,0,43131,187.36
1785355999.707,6.1,100.0,74.27,1.0,0.0,0,0,43131,134.43
1785356000.707,6.3,100.0,74.11,4.0,0.0,0,0,43131,119.18
1785356001.707,9.8,100.0,74.28,3.0,208.2,0,0,43131,118.80
1785356002.707,5.4,100.0,74.29,3.0,45.0,0,0,43131,118.31
1785356003.707,6.0,100.0,74.31,2.0,45.0,0,0,43131,117.92
1785356004.707,7.8,100.0,74.33,2.0,39.2,0,0,43131,117.53
1785356005.707,6.4,100.0,74.35,3.0,40.8,0,0,43131,117.19
1785356006.707,7.4,100.0,74.34,0.0,20.0,0,0,43131,116.94
1785356007.707,7.2,100.0,74.70,4.0,51.0,0,0,43131,116.70
1785356008.707,6.9,100.0,74.74,2.0,51.0,0,0,43131,115.78
1785356009.708,6.2,100.0,74.75,2.0,43.0,0,0,43131,114.96
1785356010.708,6.9,100.0,74.78,4.0,43.0,0,0,43131,114.81
1785356011.708,6.0,100.0,74.79,1.0,37.0,0,0,43131,114.56
1785356012.708,7.4,100.0,74.79,2.0,43.9,0,0,43131,114.42
1785356013.708,6.4,100.0,74.79,4.0,42.1,0,0,43131,114.27
1785356014.708,4.6,100.0,74.92,5.0,14.0,0,0,43131,114.03
1785356015.708,5.9,100.0,74.47,1.0,50.0,0,0,43131,113.84
1785356016.708,5.1,100.0,74.46,3.0,48.0,0,0,43131,113.69
1785356017.708,6.7,100.0,74.80,2.0,67.0,0,0,43131,113.54
1785356018.708,8.0,100.0,74.80,2.0,38.0,0,0,43131,113.34
1785356019.708,7.3,100.0,74.80,3.0,30.0,0,0,43131,113.20
1785356020.709,6.1,100.0,74.81,3.0,63.0,0,0,43131,113.10
1785356021.709,7.6,100.0,74.83,2.0,57.0,0,0,43131,113.00
1785356022.709,6.9,100.0,74.83,2.0,47.0,0,0,43131,112.91
1785356023.709,8.3,100.0,74.81,2.0,57.0,0,0,43131,112.76
1785356024.709,5.0,100.0,74.80,2.0,39.2,0,0,43131,112.76
1785356025.709,8.2,100.0,74.79,1.0,29.8,0,0,43131,112.61
1785356026.709,5.8,100.0,74.79,4.0,38.0,0,0,43131,112.37
1785356027.709,4.2,100.0,74.80,2.0,38.0,0,0,43131,112.27
1785356028.709,5.0,100.0,74.78,3.0,34.0,0,0,43131,112.08
1785356029.710,6.6,90.9,74.79,3.0,37.0,0,0,43131,111.93
1785356030.710,5.0,100.0,74.79,2.0,33.0,0,0,43131,111.89
1785356031.710,4.4,100.0,74.79,3.0,33.0,0,0,43131,111.89
1785356032.710,7.1,100.0,74.76,1.0,34.0,0,0,43131,111.79
1785356033.710,8.1,100.0,74.15,4.0,36.0,0,0,43131,113.00
1785356034.710,8.0,100.0,74.15,2.0,28.0,0,0,43131,114.22
1785356035.710,6.8,100.0,74.16,3.0,34.0,0,0,43131,114.41
1785356036.710,9.2,84.0,74.17,2.0,35.0,0,0,43131,114.42
1785356037.710,9.0,100.0,74.69,2.0,35.0,0,0,43131,114.07
1785356038.710,7.3,100.0,74.68,2.0,35.0,0,0,43131,114.07
1785356039.710,7.2,100.0,74.79,3.0,41.0,0,0,43131,114.03
1785356040.711,6.0,100.0,74.77,2.0,35.0,0,0,43131,113.88
1785356041.711,5.2,100.0,74.78,3.0,27.0,0,0,43131,113.73
1785356042.711,6.1,100.0,74.76,1.0,27.0,0,0,43131,113.64
1785356043.711,6.5,100.0,74.76,2.0,30.0,0,0,43131,113.93
1785356044.711,7.0,100.0,74.76,3.0,22.0,0,0,43131,113.88
1785356045.711,6.5,100.0,74.77,1.0,28.0,0,0,43131,113.49
1785356046.711,7.3,100.0,74.78,4.0,28.0,0,0,43131,113.44
1785356047.711,6.3,100.0,74.79,1.0,26.0,0,0,43131,113.34
1785356048.711,7.2,100.0,74.15,3.0,29.0,0,0,43131,113.29
1785356049.711,6.1,100.0,74.76,3.0,31.0,0,0,43131,113.29
1785356050.711,7.7,100.0,74.76,2.0,20.0,0,0,43131,113.20
1785356051.711,6.0,100.0,74.75,2.0,17.0,0,0,43131,113.20
1785356052.712,5.7,100.0,74.77,2.0,39.0,0,0,43131,113.20
1785356053.760,7.5,100.0,74.58,2.9,195.5,0,0,43131,113.15
1785356054.760,6.2,100.0,74.75,4.0,41.8,0,0,43131,113.10
1785356055.760,6.2,100.0,74.77,1.0,48.0,0,0,43131,113.00
1785356056.760,5.8,100.0,74.76,4.0,10.0,0,0,43131,112.90
1785356057.760,5.9,100.0,74.77,1.0,47.0,0,0,43131,112.86
1785356058.760,9.6,100.0,74.78,4.0,48.9,0,0,43131,112.86
1785356059.760,6.9,100.0,74.79,1.0,45.1,0,0,43131,112.81
1785356060.760,6.9,100.0,74.80,3.0,48.0,0,0,43131,112.86
1785356061.760,6.6,100.0,74.81,3.0,48.0,0,0,43131,113.15
1785356062.760,7.1,100.0,74.82,1.0,58.0,0,0,43131,113.10
1785356063.761,7.5,100.0,74.84,3.0,63.0,0,0,43131,112.66
1785356064.761,9.0,99.0,74.91,2.0,186.8,0,0,43131,112.52
1785356065.761,6.1,100.0,74.89,3.0,15.0,0,0,43131,112.66
1785356066.761,5.9,100.0,74.90,1.0,16.0,0,0,43131,112.66
1785356067.761,6.5,100.0,74.91,3.0,17.0,0,0,43131,112.57
1785356068.761,7.1,100.0,74.88,5.0,34.0,0,0,43131,112.52
1785356069.761,8.5,100.0,74.63,1.0,50.0,0,0,43131,112.42
1785356070.761,5.4,100.0,74.74,3.0,46.0,0,0,43131,112.37
1785356071.761,5.7,100.0,74.75,5.0,57.0,0,0,43131,112.37
1785356072.761,4.2,100.0,74.75,1.0,42.0,0,0,43131,112.42
1785356073.762,5.3,100.0,74.75,3.0,26.0,0,0,43131,112.42
1785356074.762,5.9,100.0,74.73,4.0,19.0,0,0,43131,112.37
1785356075.762,7.2,100.0,74.74,1.0,48.0,0,0,43131,112.37
1785356076.762,7.2,100.0,74.76,2.0,62.0,0,0,43131,112.32
1785356077.762,6.8,100.0,74.78,4.0,38.0,0,0,43131,112.27
1785356078.762,6.7,100.0,74.83,1.0,51.0,0,0,43131,112.22
1785356079.762,6.7,100.0,74.93,3.0,40.0,0,0,43131,112.22
1785356080.762,7.8,100.0,74.93,1.0,43.0,0,0,43131,112.22
1785356081.762,6.7,100.0,74.92,4.0,7.0,0,0,43131,112.18
1785356082.762,7.1,100.0,75.03,2.0,66.1,0,0,43131,112.13
1785356083.763,6.3,100.0,75.02,22.0,66.0,100,61,43131,156.62
1785356084.763,5.0,100.0,75.02,26.0,2.0,85,98,43131,293.11
1785356085.763,6.6,100.0,74.99,42.0,8.0,87,100,43131,279.33
1785356086.763,9.8,100.0,74.96,39.0,12.0,86,99,43131,274.19
1785356087.763,7.1,100.0,74.97,37.0,11.0,86,99,43131,263.82
1785356088.763,6.9,100.0,75.07,39.0,13.0,87,100,43131,253.39
1785356089.763,5.0,100.0,75.11,16.0,1.0,90,100,43131,197.02
1785356090.763,6.3,100.0,75.29,32.0,2.0,90,100,43131,245.70
1785356091.763,7.2,100.0,75.26,29.0,3.0,88,86,43131,245.87
1785356092.763,6.5,100.0,75.28,27.0,2.0,91,100,43131,245.35
1785356093.763,7.8,100.0,75.24,38.0,6.0,87,93,43131,261.40
1785356094.764,6.3,100.0,75.23,33.0,5.0,89,100,43131,246.40
1785356095.764,6.5,100.0,75.04,34.0,4.0,88,100,43131,264.80
1785356096.764,8.3,100.0,75.04,39.0,6.0,87,98,43131,261.75
1785356097.764,6.7,100.0,75.03,38.0,7.0,88,99,43131,245.40
1785356098.764,6.2,100.0,75.00,36.0,6.0,88,99,43131,236.68
1785356099.764,4.3,100.0,74.98,37.0,5.0,87,99,43131,238.86
1785356100.764,7.1,100.0,75.24,33.0,5.0,88,100,43131,236.53
1785356101.764,5.8,100.0,75.25,32.0,3.0,88,100,43131,240.99
1785356102.764,5.8,100.0,75.29,24.0,3.0,89,91,43131,257.59
1785356104.639,6.8,100.0,75.24,27.7,2.7,90,100,43131,257.58
1785356105.639,6.8,100.0,75.26,31.0,3.0,88,99,43131,247.99
1785356106.639,6.6,100.0,75.24,33.0,3.0,88,99,43131,247.07
1785356107.639,8.0,79.8,75.49,37.0,5.0,88,98,43131,252.93
1785356108.639,5.2,100.0,75.81,36.0,4.0,88,99,43398,245.45
1785356109.639,6.2,100.0,76.30,31.0,5.0,89,100,43398,240.46
1785356110.640,7.9,100.0,76.01,40.0,6.0,90,100,43131,262.60
1785356111.640,6.8,100.0,75.33,38.0,6.0,88,99,43131,264.54
1785356112.640,5.5,73.3,75.48,37.0,7.0,88,99,43131,257.57
1785356113.640,6.0,100.0,75.54,31.1,5.0,88,99,43131,246.94
1785356114.640,6.9,100.0,75.57,36.8,6.0,85,82,43131,265.73
1785356115.640,6.4,100.0,75.60,33.0,4.0,92,93,43131,258.94
1785356116.640,5.4,100.0,75.56,37.0,6.0,86,81,43131,254.40
1785356117.640,6.5,82.0,75.01,31.0,4.0,89,100,43131,256.12
1785356118.640,8.2,100.0,75.37,35.0,5.0,87,98,43131,262.99
1785356119.640,7.9,100.0,75.33,34.0,4.0,88,99,43131,240.38
1785356120.641,7.1,100.0,75.31,32.0,4.0,88,92,43131,262.60
1785356121.641,6.0,100.0,75.27,39.0,6.0,90,84,43131,287.91
1785356122.641,7.4,100.0,75.24,35.0,6.0,89,100,43131,256.03
1785356123.641,6.7,100.0,75.23,30.0,4.0,90,100,43131,247.36
1785356124.641,5.6,81.8,75.23,31.0,6.0,90,100,43131,258.67
1785356125.641,4.4,100.0,75.20,33.0,5.0,89,100,43131,259.27
1785356126.641,5.6,100.0,75.20,28.0,4.0,89,100,43131,250.77
1785356127.641,5.6,100.0,75.18,29.0,2.0,90,100,43131,256.59
1785356128.641,6.4,100.0,75.15,31.0,4.0,87,97,43131,250.61
1785356129.641,8.8,100.0,75.13,29.9,4.0,89,100,43131,253.03
1785356130.642,6.7,100.0,75.15,30.1,2.0,90,100,43131,252.95
1785356131.642,6.1,100.0,75.13,30.0,4.0,87,98,43131,249.43
1785356132.642,4.1,100.0,75.15,28.0,2.0,89,100,43131,263.68
1785356133.642,4.6,100.0,75.14,33.0,4.0,91,100,43131,257.96
1785356134.642,6.1,100.0,75.39,34.0,4.0,86,84,43131,279.67
1785356135.642,7.0,100.0,75.41,28.0,4.0,87,98,43131,257.92
1785356136.642,7.6,100.0,74.72,29.0,4.0,89,100,43131,251.55
1785356137.642,8.6,100.0,75.08,29.0,3.0,89,100,43131,256.71
1785356138.642,4.2,100.0,75.07,30.0,3.0,89,100,43131,252.54
1785356139.642,4.5,100.0,75.08,30.0,3.0,90,100,43131,245.61
1785356140.643,5.4,100.0,75.06,30.0,3.0,90,100,43131,254.96
1785356141.643,5.4,100.0,75.21,31.0,3.0,86,83,43131,253.14
1785356142.643,6.6,100.0,75.21,35.0,5.0,89,100,43131,258.36
1785356143.643,7.9,100.0,75.20,31.0,4.0,89,100,43131,256.73
1785356144.643,8.0,100.0,75.18,39.0,5.0,89,100,43131,269.89
1785356145.643,6.1,100.0,75.18,32.0,5.0,88,100,43131,268.13
1785356146.643,6.1,100.0,75.17,35.0,5.0,88,99,43131,252.76
1785356147.643,7.3,100.0,75.18,29.0,5.0,91,100,43131,251.61
1785356148.643,8.6,100.0,75.18,38.0,5.0,88,99,43131,274.02
1785356149.643,6.9,100.0,75.16,28.0,3.0,91,100,43131,267.84
1785356150.643,7.5,100.0,75.17,29.0,4.0,90,100,43131,278.31
1785356151.644,5.3,100.0,75.16,34.0,4.0,88,100,43131,259.34
1785356152.644,5.2,100.0,75.14,36.0,4.0,87,98,43131,260.90
1785356153.644,5.7,100.0,75.11,29.0,4.0,89,100,43131,252.39
1785356154.644,7.6,100.0,75.21,31.0,4.0,89,100,43131,261.12
1785356155.644,6.6,100.0,75.23,30.0,4.0,94,100,43131,274.15
1785356156.644,9.4,100.0,75.22,29.0,5.0,91,100,43131,286.43
1785356157.644,8.5,100.0,75.20,31.0,4.0,90,100,43131,260.84
1785356158.644,5.5,100.0,75.21,32.0,3.0,90,90,43131,258.81
1785356159.644,4.8,100.0,75.21,35.0,5.0,86,83,43131,249.58
1785356160.644,6.5,100.0,75.22,28.0,4.0,89,100,43131,251.88
1785356161.644,5.7,86.0,75.20,32.0,3.0,89,100,43131,281.90
1785356162.645,4.9,100.0,75.18,33.0,5.0,88,99,43131,269.99
1785356163.645,5.9,100.0,75.17,30.0,3.0,89,100,43131,249.91
1785356164.645,6.5,100.0,75.16,27.0,4.0,90,100,43131,257.67
1785356165.645,6.3,100.0,75.17,34.1,3.0,89,100,43131,262.67
1785356166.645,4.7,100.0,75.18,27.9,2.0,90,100,43131,244.99
1785356167.645,4.6,86.0,75.19,27.0,3.0,91,100,43131,257.77
1785356168.645,7.3,100.0,75.16,32.0,4.0,85,92,43131,263.96
1785356169.645,6.6,100.0,75.16,30.0,3.0,88,100,43131,249.02
1785356170.645,6.9,100.0,75.14,29.0,3.0,89,100,43131,258.32
1785356171.645,6.6,100.0,75.16,32.0,3.0,90,100,43131,262.62
1785356172.646,7.1,100.0,75.17,29.0,4.0,90,100,43131,249.38
1785356173.646,6.9,100.0,75.34,34.0,4.0,88,91,43131,251.64
1785356174.646,6.5,100.0,75.33,33.0,5.0,89,100,43131,267.27
1785356175.646,5.9,100.0,75.33,32.0,4.0,88,91,43131,272.48
1785356176.646,4.5,100.0,75.33,32.0,5.0,89,92,43131,265.60
1785356177.646,5.2,100.0,75.30,30.0,4.0,88,100,43131,240.50
1785356178.646,4.8,100.0,75.28,29.0,2.0,89,100,43131,254.95
1785356179.646,6.3,100.0,75.42,33.0,4.0,90,100,43131,261.07
1785356180.646,7.7,100.0,75.42,27.0,3.0,90,100,43131,256.69
1785356181.646,8.1,100.0,75.22,29.0,3.0,89,100,43131,264.29
1785356182.646,6.0,100.0,75.25,32.0,3.0,90,100,43131,255.79
1785356183.647,7.5,100.0,75.25,34.0,5.0,88,99,43131,261.14
1785356184.647,7.4,100.0,74.50,29.0,3.0,89,100,43131,272.56
1785356185.647,7.2,100.0,75.14,29.0,4.0,89,100,43131,254.09
1785356186.647,5.7,100.0,75.13,33.0,4.0,90,100,43131,260.83
1785356187.647,7.2,100.0,75.10,34.0,4.0,92,94,43131,261.93
1785356188.647,7.3,95.0,75.10,31.0,3.0,86,91,43131,263.25
1785356189.647,4.5,100.0,75.09,29.0,4.0,88,100,43131,250.83
1785356190.647,4.7,88.1,75.07,29.0,4.0,89,100,43131,254.76
1785356191.647,7.0,100.0,75.08,27.0,2.0,90,100,43131,253.25
1785356192.647,4.6,100.0,75.06,23.0,2.0,87,98,43131,255.22
1785356193.647,6.6,100.0,74.55,11.0,0.0,0,0,43131,169.88
1785356194.648,6.2,100.0,74.55,2.0,0.0,0,0,43131,133.90
1785356195.648,6.9,100.0,74.56,2.0,0.0,0,0,43131,119.07
1785356196.648,8.1,100.0,74.71,3.0,206.1,0,0,43131,118.70
1785356197.648,7.0,100.0,74.70,2.0,51.0,0,0,43131,118.21
1785356198.648,8.9,100.0,74.76,2.0,40.0,0,0,43131,117.87
1785356199.648,7.0,100.0,74.73,3.0,38.0,0,0,43131,117.53
1785356200.648,6.9,100.0,74.71,3.0,40.0,0,0,43131,117.24
1785356201.648,6.2,100.0,74.69,2.0,20.0,0,0,43131,116.89
1785356202.648,4.8,100.0,74.69,3.0,59.0,0,0,43131,116.02
1785356203.648,5.6,100.0,74.19,3.0,46.0,0,0,43131,115.24
1785356204.649,5.2,100.0,74.49,3.0,37.0,0,0,43131,114.95
1785356205.649,5.2,100.0,74.50,4.0,47.0,0,0,43131,114.95
1785356206.649,5.2,100.0,74.52,3.0,41.0,0,0,43131,114.75
1785356207.649,4.3,100.0,74.52,3.0,51.0,0,0,43131,114.32
1785356208.649,7.0,100.0,74.53,4.0,22.0,0,0,43131,114.18
1785356209.649,7.5,100.0,74.52,2.0,41.0,0,0,43131,113.98
1785356210.649,7.2,100.0,74.52,2.0,55.0,0,0,43131,113.83
1785356211.649,7.5,100.0,74.54,4.0,68.0,0,0,43131,113.73
1785356212.649,6.7,100.0,74.52,0.0,34.0,0,0,43131,113.54
1785356213.649,7.7,100.0,74.53,4.0,32.0,0,0,43131,113.54
1785356214.649,7.4,100.0,74.55,2.0,66.0,0,0,43131,113.39
1785356215.650,6.1,100.0,74.13,3.0,53.0,0,0,43131,113.05
1785356216.650,9.8,100.0,74.44,2.0,47.0,0,0,43131,112.86
1785356217.650,8.1,100.0,74.44,3.0,53.0,0,0,43131,112.76
1785356218.650,6.6,100.0,74.48,2.0,41.0,0,0,43131,112.82
1785356219.650,4.0,100.0,74.49,3.0,35.0,0,0,43131,112.67
1785356220.650,7.0,100.0,74.47,3.0,38.0,0,0,43131,112.42
1785356221.650,6.1,100.0,74.48,1.0,36.0,0,0,43131,112.37
1785356222.650,5.4,100.0,74.49,5.0,33.0,0,0,43131,112.28
1785356223.650,7.6,100.0,74.78,3.0,34.0,0,0,43131,112.19
1785356224.650,6.5,100.0,75.02,1.0,35.0,0,0,43131,112.08
1785356225.650,6.7,100.0,75.02,2.0,34.0,0,0,43131,113.25
1785356226.651,6.3,100.0,75.03,3.0,40.0,0,0,43131,114.46
1785356227.651,5.5,100.0,75.02,2.0,33.0,0,0,43131,114.36
1785356228.651,4.9,100.0,75.01,3.0,32.0,0,0,43131,114.27
1785356229.651,6.9,100.0,75.03,3.0,33.0,0,0,43131,114.17
1785356230.651,8.5,100.0,75.04,1.0,30.0,0,0,43131,114.03
1785356231.651,6.3,100.0,74.87,3.0,34.0,0,0,43131,114.03
1785356232.651,6.4,100.0,74.88,2.0,31.0,0,0,43131,114.07
1785356233.651,8.1,100.0,74.88,1.0,24.0,0,0,43131,113.98
1785356234.651,5.2,100.0,74.89,3.0,43.0,0,0,43131,113.84
1785356235.651,5.2,100.0,74.87,4.0,24.0,0,0,43131,113.74
1785356236.651,5.7,100.0,74.88,2.0,29.0,0,0,43131,113.68
1785356237.652,6.6,100.0,74.86,3.0,28.0,0,0,43131,113.63
1785356238.652,6.6,100.0,74.71,3.0,27.9,0,0,43131,113.88
1785356239.652,6.3,100.0,74.72,1.0,15.0,0,0,43131,113.83
1785356240.652,5.6,100.0,74.73,2.0,29.0,0,0,43131,113.45
1785356241.652,4.7,100.0,74.72,3.0,24.0,0,0,43131,113.35
1785356242.652,7.1,100.0,74.71,5.0,27.0,0,0,43131,113.34
1785356243.652,6.1,100.0,74.70,0.0,26.0,0,0,43131,113.25
1785356244.652,6.9,100.0,74.68,3.0,29.0,0,0,43131,113.54
1785356245.652,6.9,100.0,74.68,1.0,26.0,0,0,43131,113.54
1785356246.652,7.2,100.0,74.72,3.0,18.0,0,0,43131,113.20
1785356247.652,6.9,100.0,74.73,2.0,34.0,0,0,43131,113.15
1785356248.653,6.0,100.0,74.74,3.0,50.0,0,0,43131,113.05
1785356249.653,7.5,100.0,74.45,1.0,121.0,0,0,43131,113.05
1785356250.653,6.7,100.0,74.48,4.0,45.9,0,0,43131,113.05
1785356251.653,5.9,100.0,74.49,2.0,18.0,0,0,43131,113.00
1785356252.653,4.1,100.0,74.51,4.0,34.0,0,0,43131,112.96
1785356253.653,6.5,100.0,74.47,2.0,54.0,0,0,43131,112.91
1785356254.653,7.3,100.0,74.50,1.0,47.0,0,0,43131,112.81
1785356255.653,7.6,100.0,74.97,4.0,44.0,0,0,43131,112.76
1785356256.653,4.6,100.0,74.97,2.0,50.0,0,0,43131,112.71
1785356257.653,7.4,100.0,74.98,3.0,54.8,0,0,43131,112.66
1785356258.654,4.5,100.0,74.99,3.0,52.1,0,0,43131,112.66
1785356259.660,6.3,100.0,75.01,2.0,207.0,0,0,43131,112.66
1785356260.660,6.7,100.0,75.03,2.0,26.0,0,0,43131,112.66
1785356261.660,6.0,100.0,75.03,2.0,17.0,0,0,43131,112.66
1785356262.660,7.3,100.0,74.99,3.0,16.9,0,0,43131,112.57
1785356263.660,6.6,100.0,74.98,1.0,25.0,0,0,43131,112.52
1785356264.660,6.2,100.0,74.99,3.0,35.0,0,0,43131,112.52
1785356265.660,5.1,100.0,74.98,3.0,52.0,0,0,43131,112.47
1785356266.660,6.2,100.0,75.00,1.0,49.0,0,0,43131,112.47
1785356267.660,6.3,100.0,75.01,4.0,48.9,0,0,43131,112.61
1785356268.661,6.3,100.0,75.00,2.0,31.0,0,0,43131,112.52
1785356269.661,5.4,100.0,75.00,2.0,15.0,0,0,43131,112.32
1785356270.661,5.6,88.0,75.02,4.0,35.9,0,0,43131,112.37
1785356271.661,5.3,74.0,74.21,3.0,66.2,0,0,43131,112.33
1785356272.661,6.4,100.0,74.59,2.0,41.0,0,0,43131,112.33
1785356273.661,5.7,100.0,74.60,2.0,42.0,0,0,43131,112.28
1785356274.661,6.5,100.0,74.60,2.0,42.0,0,0,43131,112.22
1785356275.661,4.1,100.0,74.59,2.0,41.0,0,0,43131,112.32
1785356276.661,7.5,100.0,74.62,4.0,20.0,0,0,43131,112.22
1785356277.661,8.8,100.0,74.73,4.0,45.0,0,0,43131,112.13
1785356278.661,8.8,100.0,74.77,15.0,88.0,0,0,43131,145.96
1785356279.662,5.5,70.7,74.78,14.0,1.0,95,57,43131,256.74
1785356280.662,3.9,87.9,74.93,36.0,11.0,92,100,43131,270.80
1785356281.662,4.5,100.0,74.94,35.0,8.0,87,100,43131,264.29
1785356282.662,4.7,100.0,74.94,38.0,9.0,86,99,43131,257.81
1785356283.662,4.8,100.0,74.95,38.0,9.0,87,100,43131,279.11
1785356284.662,4.6,100.0,74.91,35.0,4.0,91,100,43131,231.97
1785356285.662,6.7,100.0,74.89,39.0,4.0,90,95,43131,271.03
1785356286.662,5.8,100.0,74.88,32.0,6.0,90,100,43131,260.61
1785356287.662,5.4,100.0,74.89,41.0,6.0,84,95,43131,263.73
1785356288.662,4.8,100.0,74.88,37.0,7.0,84,95,43131,272.17
1785356289.662,6.0,100.0,74.89,36.0,7.0,90,88,43131,263.17
1785356290.663,5.6,84.0,74.87,32.0,5.0,89,100,43131,265.57
1785356291.663,6.1,100.0,74.87,35.0,5.0,84,79,43131,263.25
1785356292.663,6.3,100.0,74.86,36.0,5.0,86,93,43131,259.45
1785356293.663,6.4,100.0,74.82,33.0,4.0,88,99,43131,261.88
1785356294.663,4.4,100.0,74.85,35.0,6.0,88,99,43131,256.52
1785356295.663,5.7,100.0,74.87,38.0,5.0,93,90,43131,254.70
1785356296.663,6.2,100.0,74.85,30.0,5.0,89,100,43131,248.02
1785356297.663,5.9,84.0,74.85,29.0,4.0,89,100,43131,247.92
1785356298.663,6.8,100.0,75.07,36.0,6.0,91,92,43131,252.14
1785356299.663,5.6,100.0,75.06,34.0,4.0,89,100,43131,238.71
1785356300.664,6.7,100.0,75.06,43.0,5.0,88,98,43131,277.70
1785356301.664,6.6,100.0,75.28,41.0,8.0,88,99,43131,274.29
1785356302.664,7.8,100.0,75.28,44.0,9.0,84,91,43131,271.75
1785356303.664,5.6,77.0,75.25,41.0,7.0,88,94,43131,279.06
1785356304.664,5.2,100.0,75.22,39.0,8.0,87,96,43131,279.18
1785356305.664,5.2,100.0,75.22,36.0,5.0,85,83,43131,280.88
1785356306.664,7.3,99.0,75.40,34.0,6.0,88,98,43131,277.10
1785356307.664,4.4,100.0,75.42,34.0,5.0,92,92,43131,258.90
1785356308.664,4.3,100.0,75.43,32.0,5.0,89,100,43131,264.02
1785356309.664,4.8,100.0,75.41,35.0,5.0,87,94,43131,253.87
1785356310.664,6.7,100.0,75.37,37.0,5.0,88,99,43131,256.79
1785356311.665,5.8,100.0,75.39,31.0,4.0,90,100,43131,263.99
1785356312.665,6.5,100.0,75.37,33.0,5.0,90,100,43131,258.19
1785356313.665,5.4,100.0,75.39,31.0,5.0,89,100,43131,255.75
1785356314.665,4.4,100.0,75.37,40.0,4.0,90,87,43131,249.42
1785356315.665,6.5,100.0,75.33,30.0,5.0,88,96,43131,245.76
1785356316.665,5.6,97.0,75.35,40.0,6.0,89,100,43131,259.99
1785356317.665,6.5,82.8,74.97,34.0,6.0,92,94,43131,244.53
1785356318.665,6.2,100.0,74.98,37.0,5.0,87,98,43131,260.06
1785356319.665,6.4,100.0,74.98,32.0,5.0,90,88,43131,269.82
1785356320.665,5.5,100.0,74.98,30.0,5.0,88,99,43131,254.61
1785356321.666,6.3,100.0,74.95,28.0,3.0,89,100,43131,254.36
1785356322.666,4.9,100.0,74.97,31.0,4.0,88,100,43131,265.39
1785356323.666,5.5,100.0,74.95,34.0,3.0,88,99,43131,251.62
1785356324.666,7.1,100.0,74.96,31.0,4.0,88,100,43131,264.05
1785356325.666,6.6,100.0,74.94,38.0,5.0,89,100,43131,264.99
1785356326.666,6.2,100.0,74.96,37.0,6.0,89,100,43131,272.49
1785356327.666,6.2,100.0,74.97,38.0,5.0,87,99,43131,257.73
1785356328.666,5.0,100.0,74.95,32.0,5.0,89,100,43131,256.60
1785356329.666,5.8,100.0,74.96,36.0,6.0,89,80,43131,265.85
1785356330.666,5.6,87.9,75.32,37.0,6.0,89,100,43131,270.06
1785356331.667,7.3,100.0,75.33,33.0,6.0,90,87,43131,251.69
1785356332.667,5.6,99.0,75.33,44.0,5.0,91,73,43131,281.88
1785356333.667,5.3,100.0,75.31,40.0,7.0,88,99,43131,279.89
1785356334.667,4.1,100.0,75.31,38.0,7.0,87,98,43131,269.97
1785356335.667,6.4,100.0,75.28,40.0,8.0,87,98,43131,280.95
1785356336.667,9.3,100.0,75.27,37.8,8.0,85,96,43131,268.16
1785356337.667,8.6,98.0,75.53,37.2,7.0,84,81,43131,261.30
1785356338.667,8.3,100.0,75.53,35.0,4.0,88,99,43131,271.79
1785356339.667,5.8,100.0,75.52,43.0,6.0,88,100,43131,264.96
1785356340.667,6.1,100.0,75.50,33.0,5.0,88,100,43131,251.48
1785356341.668,5.7,100.0,75.69,36.0,6.0,88,100,43131,273.02
1785356342.668,6.0,82.2,75.68,38.0,5.0,90,88,43131,256.42
1785356343.668,5.8,97.0,75.40,41.0,7.0,90,90,43131,265.18
1785356344.668,4.8,100.0,75.37,37.0,6.0,88,99,43131,260.53
1785356345.668,4.2,100.0,75.33,39.0,6.0,87,97,43131,278.74
1785356346.668,4.7,100.0,75.32,40.0,7.0,91,90,43131,270.77
1785356347.668,4.2,100.0,75.29,37.0,5.0,87,98,43131,268.42
1785356348.668,4.8,100.0,75.26,32.0,5.0,88,100,43131,260.25
1785356349.668,4.6,100.0,75.22,38.0,5.0,90,88,43131,274.40
1785356350.668,6.2,100.0,75.21,29.0,3.0,91,93,43131,273.90
1785356351.668,5.7,100.0,75.50,29.0,3.0,88,100,43131,258.23
1785356352.669,5.8,100.0,75.63,27.0,4.0,90,100,43131,255.51
1785356353.669,5.5,100.0,75.62,26.0,3.0,91,100,43131,256.36
1785356354.669,6.3,100.0,75.59,25.0,1.0,91,100,43131,250.36
1785356355.669,6.6,100.0,74.80,3.0,0.0,0,0,43131,135.78
1785356356.669,6.2,100.0,74.79,3.0,0.0,0,0,43131,118.76
1785356357.669,4.9,100.0,74.90,3.0,0.0,0,0,43131,118.36
1785356358.669,5.6,100.0,74.98,2.0,139.0,0,0,43131,117.88
1785356359.669,4.9,87.0,74.98,5.0,46.0,0,0,43131,117.44
1785356360.669,3.9,51.0,74.79,3.0,35.0,0,0,43131,117.10
1785356361.670,5.6,100.0,74.77,4.0,37.0,0,0,43131,116.94
1785356362.670,6.0,100.0,74.76,1.0,39.0,0,0,43131,116.07
1785356363.670,8.1,100.0,74.75,2.0,21.0,0,0,43131,114.66
1785356364.670,7.1,100.0,74.77,2.0,48.0,0,0,43131,114.37
1785356365.670,6.5,100.0,74.76,1.0,52.0,0,0,43131,114.66
1785356366.670,6.1,100.0,74.80,2.0,44.0,0,0,43131,114.56
1785356367.670,6.8,100.0,74.79,4.0,48.0,0,0,43131,114.32
1785356368.670,3.7,100.0,74.80,2.0,24.0,0,0,43131,114.03
1785356369.670,4.4,100.0,74.80,3.0,34.0,0,0,43131,113.84
1785356370.671,4.3,100.0,74.81,3.0,21.0,0,0,43131,113.64
1785356371.671,6.7,100.0,74.85,3.0,46.0,0,0,43131,113.49
1785356372.671,5.4,67.0,75.17,4.0,20.0,0,0,43131,113.42
1785356373.671,6.2,100.0,75.23,3.0,15.0,0,0,43131,113.28
1785356374.671,4.5,100.0,75.22,3.0,16.0,0,0,43131,113.11
1785356375.671,6.5,100.0,75.13,2.0,49.0,0,0,43131,113.05
1785356376.671,6.4,100.0,75.15,2.0,53.0,0,0,43131,112.91
1785356377.671,6.7,100.0,75.15,4.0,69.0,0,0,43131,112.66
1785356378.671,7.0,100.0,75.14,2.0,33.0,0,0,43131,112.57
1785356379.672,5.9,100.0,75.12,1.0,31.0,0,0,43131,112.47
1785356380.672,5.2,100.0,75.12,3.0,52.0,0,0,43131,112.32
1785356381.672,4.4,100.0,75.09,4.0,47.0,0,0,43131,112.32
1785356382.672,5.4,100.0,75.09,2.0,35.0,0,0,43131,112.22
1785356383.672,6.4,100.0,75.06,2.0,46.0,0,0,43131,112.08
1785356384.672,7.3,100.0,75.06,2.0,57.0,0,0,43131,113.29
1785356385.672,5.9,100.0,75.06,3.0,35.0,0,0,43131,114.60
1785356386.672,6.3,100.0,75.06,3.0,29.0,0,0,43131,114.50
1785356387.672,5.1,100.0,75.05,2.0,23.0,0,0,43131,114.36
1785356388.672,6.4,100.0,75.05,4.0,37.0,0,0,43131,114.27
1785356389.673,9.0,100.0,75.25,1.0,36.0,0,0,43131,114.07
1785356390.673,5.7,100.0,75.23,3.0,31.0,0,0,43131,114.03
1785356391.673,7.1,100.0,75.24,2.0,31.0,0,0,43131,113.93
1785356392.673,6.7,100.0,75.24,4.0,30.0,0,0,43131,113.89
1785356393.673,6.6,100.0,75.23,3.0,35.0,0,0,43131,113.88
1785356394.673,6.4,100.0,75.31,1.0,35.0,0,0,43131,113.79
1785356395.673,4.6,100.0,75.32,4.0,29.0,0,0,43131,113.69
1785356396.673,7.4,100.0,75.33,2.0,28.0,0,0,43131,113.67
1785356397.673,7.3,100.0,75.32,3.0,32.0,0,0,43131,113.62
1785356398.673,7.9,100.0,75.32,2.0,33.0,0,0,43131,113.49
1785356399.674,3.9,100.0,75.32,3.0,24.0,0,0,43131,113.45
1785356400.674,5.2,100.0,75.32,4.0,24.0,0,0,43131,113.40
1785356401.674,4.7,100.0,75.30,4.0,26.0,0,0,43131,113.39
1785356402.674,4.1,100.0,75.31,2.0,21.0,0,0,43131,113.34
1785356403.674,5.0,100.0,75.28,3.0,27.0,0,0,43131,113.30
1785356404.674,7.3,100.0,75.29,2.0,46.0,0,0,43131,113.25
1785356405.674,6.5,100.0,75.28,2.0,27.0,0,0,43131,113.10
1785356406.674,6.5,100.0,75.29,3.0,24.0,0,0,43131,113.00
1785356407.674,7.4,84.0,75.27,4.0,27.0,0,0,43131,112.96
1785356408.674,7.1,81.0,74.35,1.0,27.0,0,0,43131,112.91
1785356409.675,6.9,100.0,74.89,3.0,21.0,0,0,43131,112.91
1785356410.675,5.3,100.0,74.88,2.0,23.0,0,0,43131,112.95
1785356411.675,5.0,100.0,74.85,3.0,23.0,0,0,43131,112.86
1785356412.675,7.6,100.0,74.84,2.0,27.0,0,0,43131,112.76
1785356413.675,6.7,100.0,74.88,2.0,29.0,0,0,43131,112.76
1785356414.675,6.1,100.0,74.88,2.0,29.0,0,0,43131,112.76
1785356415.675,5.7,100.0,74.85,3.0,30.0,0,0,43131,112.66
1785356416.675,6.9,100.0,74.85,2.0,17.0,0,0,43131,112.57
1785356417.675,6.4,100.0,74.83,2.0,18.0,0,0,43131,112.61
1785356418.675,8.0,100.0,74.86,3.0,39.0,0,0,43131,112.66
1785356419.675,5.3,100.0,74.87,3.0,48.0,0,0,43131,112.61
1785356420.676,8.5,100.0,74.87,2.0,198.0,0,0,43131,112.52
1785356421.676,6.2,100.0,74.89,3.0,45.0,0,0,43131,112.47
1785356422.676,6.8,100.0,75.11,2.0,19.0,0,0,43131,112.61
1785356423.676,9.0,100.0,75.40,3.0,39.0,0,0,43131,112.57
1785356424.676,7.4,100.0,75.39,0.0,52.0,0,0,43131,112.37
1785356425.676,7.1,100.0,75.41,4.0,41.0,0,0,43131,112.37
1785356426.676,4.7,100.0,75.39,1.0,36.0,0,0,43131,112.32
1785356427.676,4.5,100.0,75.38,3.0,41.0,0,0,43131,112.42
1785356428.676,6.1,100.0,75.37,3.0,34.0,0,0,43131,112.42
1785356429.676,6.2,100.0,75.36,2.0,56.0,0,0,43131,112.27
1785356430.676,4.6,100.0,75.37,3.0,47.2,0,0,43131,112.27
1785356431.677,9.0,100.0,75.38,1.0,206.1,0,0,43131,112.21
1785356432.677,6.2,100.0,75.39,3.0,23.0,0,0,43131,112.41
1785356433.677,6.7,100.0,75.38,4.0,17.0,0,0,43131,112.42
1785356434.677,4.5,100.0,75.38,1.0,17.0,0,0,43131,112.18
1785356435.677,5.1,100.0,75.38,2.0,19.0,0,0,43131,112.13
1785356436.677,5.0,100.0,75.35,3.0,22.0,0,0,43131,112.13
1785356437.677,6.2,100.0,75.28,2.0,25.0,0,0,43131,112.38
1785356438.677,6.4,100.0,75.28,3.0,38.0,0,0,43131,112.32
1785356439.677,6.5,100.0,75.30,2.0,40.0,0,0,43131,112.03
1785356440.678,7.4,100.0,75.29,2.0,48.0,0,0,43131,112.03
1785356441.678,4.3,100.0,75.30,3.0,57.0,0,0,43131,112.08
1785356442.678,6.9,100.0,75.10,2.0,28.0,0,0,43131,112.14
1785356443.678,6.6,100.0,75.28,2.0,27.0,0,0,43131,112.14
1785356444.678,5.9,100.0,75.27,3.0,21.0,0,0,43131,111.98
1785356445.678,7.1,100.0,75.22,2.0,51.0,0,0,43131,111.88
1785356446.678,8.0,100.0,75.23,3.0,56.0,0,0,43131,111.88
1785356447.678,3.2,100.0,75.22,1.0,33.0,0,0,43131,112.05
1785356448.678,5.1,100.0,75.24,4.0,53.0,0,0,43131,112.05
1785356449.678,4.9,100.0,75.26,1.0,42.0,0,0,43131,111.93
1785356450.678,4.3,100.0,75.24,1.0,40.0,0,0,43131,111.93
1785356451.679,4.9,100.0,75.26,3.0,14.0,0,0,43131,111.83
1785356452.679,6.3,100.0,75.37,5.0,73.0,0,0,43131,111.83
1785356453.679,7.8,100.0,75.01,34.0,57.0,100,60,43131,170.53
1785356454.679,5.0,100.0,75.02,25.0,4.0,89,100,43131,291.31
1785356455.679,5.6,100.0,75.04,39.0,10.0,88,100,43131,268.24
1785356456.679,7.5,100.0,75.03,38.0,9.0,88,100,43131,274.42
1785356457.679,6.5,100.0,75.04,37.0,10.0,87,100,43131,280.85
1785356458.679,6.4,100.0,75.03,39.0,11.0,86,97,43131,264.81
1785356459.679,2.8,100.0,75.03,30.0,2.0,89,100,43131,214.55
1785356460.680,3.1,100.0,75.03,38.0,4.0,90,88,43131,247.95
1785356461.680,5.2,100.0,75.03,36.0,6.0,85,80,43131,252.30
1785356462.680,5.0,100.0,75.01,32.0,5.0,89,100,43131,259.06
1785356463.680,4.8,100.0,74.98,38.0,7.0,89,100,43131,257.16
1785356464.680,3.6,100.0,74.99,44.0,7.0,89,74,43131,254.24
1785356465.680,3.1,100.0,74.98,46.0,8.0,86,79,43131,264.26
1785356466.680,5.7,100.0,74.96,40.0,8.0,92,89,43131,272.43
1785356467.680,4.5,100.0,74.96,39.0,7.0,88,99,43131,262.01
1785356468.680,5.1,100.0,75.00,38.0,7.0,86,98,43131,272.11
1785356469.680,4.4,100.0,74.99,35.0,6.0,88,99,43131,262.70
1785356470.681,5.1,100.0,75.01,33.0,5.0,90,89,43131,250.62
1785356471.681,3.6,100.0,75.01,32.0,4.0,89,95,43131,259.24
1785356472.681,5.9,100.0,75.73,35.0,4.0,90,100,43131,255.07
1785356473.681,5.1,100.0,75.72,31.0,4.0,89,87,43131,248.02
1785356474.681,5.1,100.0,75.71,36.0,5.0,89,100,43131,251.78
1785356475.681,5.5,100.0,75.72,39.0,6.0,89,100,43131,261.70
1785356476.681,4.3,100.0,75.74,29.0,4.0,89,100,43131,256.12
1785356477.681,4.4,100.0,75.75,31.0,4.0,89,100,43131,249.25
1785356478.681,4.7,100.0,75.73,29.0,4.0,90,100,43131,251.45
1785356479.681,6.6,100.0,75.74,31.0,4.0,90,100,43131,255.86
1785356480.682,6.0,100.0,75.72,37.0,3.0,90,92,43131,254.78
1785356481.682,4.1,100.0,75.75,29.0,4.0,89,100,43131,255.55
1785356482.682,2.2,100.0,75.74,33.0,5.0,88,99,43131,258.74
1785356483.682,3.3,100.0,75.72,37.0,6.0,88,99,43131,238.21
1785356484.682,3.7,100.0,75.69,36.0,5.0,92,84,43131,266.47
1785356485.682,6.7,100.0,75.68,38.0,6.0,90,82,43131,248.64
1785356486.682,6.9,100.0,75.69,41.0,6.0,88,99,43131,276.11
1785356487.682,5.8,100.0,75.71,36.0,7.0,89,100,43131,264.64
1785356488.682,4.7,100.0,75.73,36.0,6.0,90,83,43131,260.43
1785356489.682,4.8,100.0,75.72,37.0,6.0,86,83,43131,260.58
1785356490.682,4.4,100.0,75.73,36.2,5.0,89,100,43131,255.97
1785356491.683,6.5,100.0,75.73,30.9,5.0,91,94,43131,257.15
1785356492.683,5.4,99.0,75.71,33.0,6.0,89,100,43131,266.07
1785356493.683,6.6,82.2,75.69,33.0,5.0,88,99,43131,247.49
1785356494.683,5.6,100.0,75.69,34.0,4.0,89,99,43131,272.52
1785356495.683,4.4,100.0,75.67,31.0,4.0,90,100,43131,258.18
1785356496.683,4.1,100.0,75.67,34.0,5.0,88,100,43131,260.94
1785356497.683,4.5,100.0,75.68,34.0,5.0,89,100,43131,280.15
1785356498.683,4.5,100.0,75.68,32.0,5.0,92,91,43131,247.23
1785356499.683,5.9,100.0,75.70,38.0,5.0,88,85,43131,260.78
1785356500.683,6.7,100.0,75.72,44.0,6.0,89,74,43131,261.77
1785356501.684,7.1,100.0,75.73,44.0,7.0,88,84,43131,270.87
1785356502.684,6.9,100.0,75.72,39.0,7.0,86,97,43131,265.79
1785356503.684,6.7,100.0,75.73,38.2,8.0,84,95,43131,274.40
1785356504.684,6.9,100.0,75.75,36.8,6.0,87,99,43131,270.97
1785356505.684,5.8,100.0,75.76,34.0,7.0,88,100,43131,261.47
1785356506.684,5.2,100.0,75.75,37.0,4.0,87,96,43131,254.28
1785356507.684,3.5,82.0,75.74,33.0,5.0,86,97,43131,253.65
1785356508.684,5.5,76.5,74.97,36.0,5.0,89,100,43131,270.16
1785356509.684,5.8,100.0,75.54,46.0,8.0,90,86,43131,270.79
1785356510.684,5.0,100.0,75.54,37.0,7.0,89,86,43131,265.74
1785356511.685,4.9,100.0,75.70,40.0,6.0,88,100,43131,259.08
1785356512.685,6.3,100.0,75.67,38.0,7.0,90,90,43131,276.29
1785356513.685,6.9,100.0,75.67,40.0,6.0,88,100,43131,268.37
1785356514.685,7.5,100.0,75.66,39.0,5.0,89,100,43131,243.62
1785356515.685,6.5,100.0,75.65,32.0,6.0,89,100,43131,260.00
1785356516.685,9.5,100.0,75.64,31.0,5.0,88,99,43131,261.44
1785356517.685,7.9,86.3,75.64,34.0,5.0,88,100,43131,265.38
1785356518.685,6.2,99.0,75.63,34.0,5.0,90,100,43131,248.10
1785356519.685,7.0,99.0,75.14,31.0,4.0,90,100,43131,270.85
1785356520.685,4.7,100.0,75.15,35.0,5.0,87,98,43131,256.66
1785356521.686,5.6,100.0,75.12,30.0,5.0,90,100,43131,264.60
1785356522.686,6.5,100.0,75.13,37.0,5.0,87,84,43131,288.52
1785356523.686,5.0,100.0,75.12,31.0,5.0,90,87,43131,244.37
1785356524.686,6.6,100.0,75.13,29.0,5.0,89,100,43131,258.88
1785356525.686,5.2,100.0,75.12,33.0,4.0,90,100,43131,263.79
1785356526.686,6.4,100.0,75.10,27.0,4.0,90,100,43131,259.72
1785356527.686,5.9,100.0,75.06,23.0,2.0,91,100,43131,255.80
1785356528.686,4.0,100.0,75.06,26.0,3.0,91,100,43131,253.17
1785356529.686,4.5,100.0,75.04,21.0,25.0,0,0,43131,221.09
1785356530.686,5.3,100.0,74.30,1.0,0.0,0,0,43131,134.52
1785356531.686,5.7,100.0,74.30,3.0,0.0,0,0,43131,118.47
1785356532.687,5.6,100.0,74.46,5.0,0.0,0,0,43131,118.12
1785356533.687,5.9,100.0,74.50,3.0,148.0,0,0,43131,117.64
1785356534.687,5.2,100.0,74.53,3.0,47.0,0,0,43131,117.34
1785356535.687,5.7,99.0,74.53,2.0,30.0,0,0,43131,117.00
1785356536.687,6.2,79.2,74.53,2.0,30.0,0,0,43131,116.03
1785356537.687,5.6,100.0,74.53,3.0,26.0,0,0,43131,114.68
1785356538.687,5.2,87.9,74.51,2.0,16.0,0,0,43131,114.44
1785356539.687,3.5,67.7,74.51,5.0,55.9,0,0,43131,114.72
1785356540.687,3.8,76.2,74.52,2.0,46.0,0,0,43131,114.52
1785356541.687,4.6,79.0,74.60,2.0,41.0,0,0,43131,114.28
1785356542.688,6.4,100.0,74.74,4.0,40.0,0,0,43131,114.03
1785356543.688,5.3,76.8,74.73,2.0,27.0,0,0,43131,113.89
1785356544.688,2.8,100.0,74.75,3.0,28.0,0,0,43131,113.70
1785356545.688,5.2,76.8,75.12,5.0,24.0,0,0,43131,113.50
1785356546.688,7.7,100.0,75.26,4.0,43.0,0,0,43131,113.35
1785356547.688,6.9,100.0,75.27,1.0,23.0,0,0,43131,113.20
1785356548.688,6.5,100.0,75.25,2.0,16.0,0,0,43131,113.05
1785356549.688,5.6,100.0,75.26,4.0,19.0,0,0,43131,112.91
1785356550.688,7.3,100.0,75.29,2.0,48.0,0,0,43131,112.81
1785356551.689,8.5,100.0,75.30,3.0,58.8,0,0,43131,112.71
1785356552.689,6.8,100.0,75.30,3.0,60.2,0,0,43131,112.57
1785356553.689,4.6,100.0,75.28,2.0,29.0,0,0,43131,112.42
1785356554.689,5.4,100.0,75.38,1.0,42.0,0,0,43131,112.33
1785356555.689,5.8,100.0,75.38,4.0,63.0,0,0,43131,112.18
1785356556.689,6.4,100.0,75.37,0.0,42.0,0,0,43131,112.08
1785356557.689,6.2,100.0,75.37,4.0,55.0,0,0,43131,112.03
1785356558.689,6.0,100.0,75.33,4.0,47.0,0,0,43131,113.20
1785356559.689,5.6,100.0,75.33,2.0,34.0,0,0,43131,114.41
1785356560.689,5.8,96.0,75.32,2.0,29.0,0,0,43131,114.32
1785356561.689,4.7,79.0,75.53,1.0,36.0,0,0,43131,114.18
1785356562.690,5.7,100.0,75.53,3.0,35.0,0,0,43131,114.07
1785356563.690,5.1,100.0,75.51,4.0,34.0,0,0,43131,114.03
1785356564.690,5.2,100.0,75.53,2.0,26.0,0,0,43131,113.93
1785356565.690,6.2,100.0,75.50,1.0,32.0,0,0,43131,113.88
1785356566.690,6.4,100.0,75.52,4.0,32.0,0,0,43131,114.07
1785356567.690,6.1,100.0,75.52,10.0,36.0,0,0,43131,113.93
1785356568.690,6.3,100.0,75.51,1.0,32.0,0,0,43131,113.68
1785356569.690,6.3,100.0,75.52,4.0,32.0,0,0,43131,113.68
1785356570.690,6.3,100.0,75.50,2.0,31.0,0,0,43131,113.54
1785356571.690,5.3,100.0,75.51,5.0,30.0,0,0,43131,113.44
1785356572.690,6.1,99.0,75.29,2.0,28.0,0,0,43131,113.40
1785356573.691,7.3,100.0,75.29,1.0,35.0,0,0,43131,113.35
1785356574.691,5.5,100.0,75.27,3.0,31.0,0,0,43131,113.34
1785356575.691,7.8,100.0,75.27,2.0,37.0,0,0,43131,113.25
1785356576.691,8.4,100.0,75.26,3.0,36.0,0,0,43131,113.20
1785356577.691,8.6,100.0,75.26,2.0,27.0,0,0,43131,113.25
1785356578.691,6.9,100.0,75.26,2.0,28.0,0,0,43131,113.15
1785356579.691,4.1,100.0,75.26,3.0,28.0,0,0,43131,113.05
1785356580.691,5.1,100.0,75.24,2.0,25.0,0,0,43131,113.00
1785356581.691,5.6,100.0,75.24,2.0,19.0,0,0,43131,112.91
1785356582.691,6.1,100.0,75.25,2.0,28.0,0,0,43131,112.86
1785356583.691,8.3,100.0,75.25,3.0,27.0,0,0,43131,112.91
1785356584.692,7.5,100.0,75.46,3.0,27.0,0,0,43131,112.86
1785356585.692,5.4,100.0,75.45,1.0,30.0,0,0,43131,112.76
1785356586.692,6.0,100.0,75.43,2.0,28.0,0,0,43131,112.71
1785356587.692,6.6,100.0,75.43,3.0,16.0,0,0,43131,112.66
1785356588.692,6.7,100.0,75.39,2.0,26.0,0,0,43131,112.66
1785356589.692,5.6,100.0,75.38,2.0,47.0,0,0,43131,112.66
1785356590.692,6.6,100.0,75.35,3.0,192.0,0,0,43131,112.61
1785356591.692,5.7,100.0,75.36,2.0,42.0,0,0,43131,112.57
1785356592.692,5.1,100.0,75.36,1.0,43.0,0,0,43131,112.52
1785356593.692,5.5,100.0,75.35,5.0,10.0,0,0,43131,112.52
1785356594.693,6.8,100.0,75.34,1.0,53.0,0,0,43131,112.47
1785356595.693,4.9,100.0,75.32,2.0,41.0,0,0,43131,112.42
1785356596.693,5.7,100.0,75.34,3.0,43.9,0,0,43131,112.42
1785356597.693,5.7,99.0,74.58,2.0,36.0,0,0,43131,112.33
1785356598.693,7.5,100.0,75.48,3.0,48.0,0,0,43131,112.33
1785356599.693,7.1,100.0,75.48,4.0,55.0,0,0,43131,112.32
1785356600.693,6.6,100.0,75.50,1.0,52.0,0,0,43131,112.22
1785356601.693,5.8,100.0,75.51,3.0,63.0,0,0,43131,112.18
1785356602.693,6.8,100.0,75.53,2.0,134.0,0,0,43131,112.18
1785356603.693,4.6,100.0,75.51,2.0,16.0,0,0,43131,112.18
1785356604.694,5.5,100.0,75.52,4.0,18.0,0,0,43131,112.47
1785356605.694,5.8,100.0,75.48,1.0,24.0,0,0,43131,112.52
1785356606.694,7.6,100.0,75.51,3.0,40.0,0,0,43131,112.22
1785356607.694,6.9,100.0,75.51,1.0,49.0,0,0,43131,112.08
1785356608.694,5.5,100.0,75.52,5.0,57.0,0,0,43131,112.08
1785356609.694,5.5,100.0,75.51,2.0,49.0,0,0,43131,112.13
1785356610.694,4.4,100.0,75.51,3.0,30.1,0,0,43131,112.03
1785356611.694,4.2,85.0,75.50,2.0,19.9,0,0,43131,112.04
1785356612.694,5.5,93.9,75.61,2.0,24.0,0,0,43131,112.04
1785356613.694,7.2,100.0,75.61,3.0,66.1,0,0,43131,112.03
1785356614.694,4.9,100.0,75.62,2.0,44.0,0,0,43131,111.99
1785356615.695,6.5,100.0,75.66,4.0,37.0,0,0,43131,111.89
1785356616.695,6.9,100.0,75.67,5.0,49.0,0,0,43131,111.84
1785356617.695,6.9,100.0,75.65,1.0,34.0,0,0,43131,111.88
1785356618.695,6.3,100.0,75.66,4.0,39.0,0,0,43131,111.93
1785356619.695,6.1,100.0,75.67,3.0,8.0,0,0,43131,112.08
1785356620.695,5.7,100.0,75.79,2.0,64.0,0,0,43131,112.03
1785356621.695,6.7,97.0,74.99,18.0,68.0,100,62,43131,135.74
1785356622.695,5.4,100.0,75.60,25.0,2.0,88,100,43131,292.54
1785356623.695,7.4,100.0,75.60,38.2,9.0,87,100,43131,277.04
1785356624.695,6.2,100.0,75.60,34.8,8.0,87,99,43131,267.17
1785356625.696,6.5,100.0,75.60,37.0,7.0,87,100,43131,243.77
1785356626.696,6.1,100.0,75.59,37.0,10.0,88,100,43131,240.28
1785356627.696,4.5,99.0,75.59,28.0,1.0,94,95,43131,205.13
1785356628.696,5.7,100.0,75.59,28.0,2.0,91,100,43131,247.88
1785356629.696,5.4,91.9,75.59,33.0,4.0,89,83,43131,262.29
1785356630.696,6.1,99.0,75.75,38.0,5.0,90,93,43131,267.27
1785356631.696,7.2,100.0,75.74,40.0,7.0,86,88,43131,272.35
1785356632.696,6.7,100.0,75.76,44.0,8.0,89,75,43131,270.14
1785356633.696,4.8,100.0,75.75,44.0,8.0,89,83,43131,278.55
1785356634.696,5.1,100.0,75.75,33.0,7.0,94,100,43131,284.18
1785356635.697,7.8,100.0,75.84,24.0,6.0,94,100,43131,268.81
1785356636.697,8.9,100.0,75.97,31.0,5.0,88,99,43131,250.35
1785356637.697,7.4,100.0,75.98,32.0,4.0,90,100,43131,250.88
1785356638.697,6.2,92.0,76.34,38.9,4.0,89,100,43131,249.29
1785356639.697,5.4,100.0,77.24,40.0,7.0,89,92,43131,289.32
1785356640.697,6.5,100.0,77.28,36.3,4.0,88,99,43131,251.68
1785356641.697,4.0,100.0,77.27,44.0,8.0,85,96,43131,262.42
1785356642.697,4.3,100.0,77.24,41.0,8.0,91,92,43131,270.21
1785356643.697,5.3,100.0,77.05,41.0,7.0,87,98,43131,278.35
1785356644.697,6.4,100.0,77.03,41.0,7.0,90,91,43131,283.35
1785356645.697,5.7,100.0,77.00,42.0,8.0,86,97,43131,275.61
1785356646.698,4.3,100.0,76.96,34.0,7.0,89,100,43131,266.52
1785356647.698,5.2,100.0,76.95,30.0,5.0,94,100,43131,269.33
1785356648.698,6.0,100.0,76.95,38.0,7.0,96,82,43131,265.63
1785356649.698,5.5,100.0,76.94,40.0,7.0,86,97,43131,267.17
1785356650.698,5.7,100.0,76.92,35.9,6.0,93,100,43131,263.55
1785356651.698,4.4,88.0,76.89,31.7,6.9,93,100,43131,269.28
1785356652.698,6.7,98.0,76.73,27.2,7.0,91,100,43131,267.49
1785356653.698,5.6,100.0,76.70,30.0,4.0,94,100,43131,258.75
1785356654.698,6.1,100.0,76.69,21.0,5.0,93,100,43131,275.13
1785356655.698,5.9,100.0,76.68,18.0,4.0,94,100,43131,262.20
1785356656.699,4.3,100.0,76.67,35.1,5.0,90,84,43131,281.65
1785356657.699,4.5,100.0,76.65,33.9,4.0,88,99,43131,272.06
1785356658.699,3.9,100.0,76.62,29.0,5.0,89,100,43131,253.24
1785356659.699,4.8,100.0,76.61,30.0,4.0,95,93,43131,265.02
1785356660.699,4.1,100.0,76.60,34.0,6.0,89,100,43131,265.33
1785356661.699,3.9,100.0,76.60,32.0,3.0,87,84,43131,244.84
1785356662.699,4.6,94.9,76.60,41.2,6.0,89,100,43131,270.76
1785356663.699,3.7,85.9,76.46,41.0,5.0,93,76,43131,262.33
1785356664.699,6.9,100.0,76.61,28.0,8.0,94,100,43131,286.55
1785356665.699,6.9,100.0,76.60,31.0,6.0,88,99,43131,282.00
1785356666.700,6.5,100.0,76.59,43.0,6.0,94,73,43131,270.34
1785356667.700,6.2,100.0,76.59,32.0,6.0,88,100,43131,267.32
1785356668.700,7.3,100.0,76.59,37.0,5.0,90,87,43131,250.50
1785356669.700,4.9,96.0,76.56,33.0,6.0,90,100,43131,249.04
1785356670.700,5.9,100.0,76.54,36.0,4.0,89,100,43131,257.94
1785356671.700,6.4,100.0,76.56,29.0,7.0,96,100,43131,272.84
1785356672.700,5.3,100.0,76.56,26.0,5.0,89,97,43131,268.20
1785356673.700,3.6,83.0,76.51,38.0,6.0,88,79,43131,260.54
1785356674.700,4.1,77.0,76.47,37.0,5.0,89,100,43131,248.02
1785356675.700,4.4,100.0,76.49,34.0,5.0,89,100,43131,266.12
1785356676.701,4.6,100.0,76.49,33.0,6.0,88,99,43131,250.97
1785356677.701,6.1,100.0,76.49,34.0,4.0,86,89,43131,275.91
1785356678.701,6.2,100.0,76.46,30.0,5.0,90,100,43131,269.04
1785356679.701,5.4,100.0,76.47,29.0,4.0,90,100,43131,261.10
1785356680.701,7.1,95.0,76.45,34.0,4.0,89,100,43131,262.02
1785356681.701,7.0,100.0,76.32,35.0,5.0,86,70,43131,269.91
1785356682.701,6.0,100.0,76.31,32.0,3.0,89,100,43131,247.90
1785356683.701,7.9,100.0,76.27,41.0,5.0,90,88,43131,260.66
1785356684.701,4.0,100.0,76.29,35.9,5.0,92,91,43131,264.26
1785356685.702,6.0,100.0,76.45,34.1,6.0,89,100,43131,245.12
1785356686.702,7.2,100.0,76.60,34.0,4.0,90,100,43131,247.01
1785356687.702,6.0,100.0,76.58,32.7,5.0,90,100,43131,265.01
1785356688.702,5.1,99.0,76.56,31.0,5.0,89,100,43131,267.65
1785356689.702,4.4,76.0,76.54,38.2,4.0,92,90,43131,259.62
1785356690.702,3.1,82.2,76.50,33.0,5.0,88,100,43131,256.91
1785356691.702,4.5,83.0,76.47,34.0,5.0,90,88,43131,263.96
1785356692.702,5.1,99.0,76.47,36.0,6.0,89,100,43131,261.49
1785356693.702,4.2,82.0,76.43,32.0,5.0,88,99,43131,270.63
1785356694.702,3.2,83.2,76.40,33.0,4.0,90,100,43131,256.08
1785356695.703,2.7,83.0,76.36,28.0,3.0,88,100,43131,259.07
1785356696.703,6.1,84.0,76.35,28.9,3.0,85,97,43131,257.47
1785356697.703,8.8,100.0,76.36,30.2,7.0,57,65,43131,242.61
1785356698.703,6.1,87.1,75.57,2.0,0.0,0,0,43131,134.50
1785356699.703,3.1,82.0,75.56,3.0,0.0,0,0,43131,118.49
1785356700.703,4.0,84.0,75.64,4.0,1521.8,0,0,43131,118.17
1785356701.703,5.5,65.0,76.00,3.0,133.0,0,0,43131,117.74
1785356702.703,4.1,91.9,75.97,3.0,43.0,0,0,43131,117.34
1785356703.703,5.6,91.0,75.97,4.0,40.0,0,0,43131,117.00
1785356704.704,4.5,86.7,75.97,2.0,34.0,0,0,43131,116.13
1785356705.704,5.1,87.0,75.95,3.0,24.0,0,0,43131,115.11
1785356706.704,4.7,99.0,75.95,3.0,36.0,0,0,43131,114.96
1785356707.704,5.0,86.9,75.94,2.0,16.0,0,0,43131,114.86
1785356708.704,3.4,61.0,75.90,3.0,44.0,0,0,43131,114.57
1785356709.704,4.5,89.1,75.91,4.0,54.0,0,0,43131,114.37
1785356710.704,5.6,99.0,75.90,2.0,40.0,0,0,43131,114.17
1785356711.704,4.4,80.2,75.88,4.0,42.0,0,0,43131,113.98
1785356712.704,3.8,82.0,75.85,4.0,34.0,0,0,43131,113.81
1785356713.704,3.6,82.0,75.86,2.0,34.9,0,0,43131,113.67
1785356714.705,4.3,100.0,75.86,4.0,46.1,0,0,43131,113.65
1785356715.705,5.2,100.0,75.83,4.0,22.0,0,0,43131,113.45
1785356716.705,3.4,84.0,75.80,2.0,21.0,0,0,43131,113.13
1785356717.705,2.9,82.2,75.79,4.0,49.0,0,0,43131,113.01
1785356718.705,4.1,88.9,75.79,3.0,49.0,0,0,43131,112.91
1785356719.705,4.9,100.0,75.79,1.0,67.0,0,0,43131,112.78
1785356720.705,5.5,79.0,75.75,4.0,26.0,0,0,43131,112.57
1785356721.705,3.4,79.0,75.74,3.0,22.0,0,0,43131,112.43
1785356722.705,4.4,77.8,75.73,2.0,45.0,0,0,43131,112.47
1785356723.705,3.8,80.2,75.73,4.0,57.0,0,0,43131,112.38
1785356724.706,4.6,71.0,76.05,4.0,36.0,0,0,43131,112.11
1785356725.706,5.3,100.0,76.03,3.0,51.0,0,0,43131,113.32
1785356726.706,6.3,98.0,76.02,2.0,46.0,0,0,43131,114.61
1785356727.706,6.9,100.0,75.99,2.0,35.0,0,0,43131,114.46
1785356728.706,6.4,100.0,75.99,1.0,30.0,0,0,43131,114.32
1785356729.706,8.5,100.0,75.96,5.0,37.0,0,0,43131,114.27
1785356730.706,7.6,100.0,75.95,0.0,35.0,0,0,43131,114.12
1785356731.706,7.1,99.0,75.95,3.0,32.0,0,0,43131,114.07
1785356732.706,6.1,100.0,75.90,1.0,33.0,0,0,43131,113.98
1785356733.706,6.2,100.0,75.90,3.0,32.0,0,0,43131,114.07
1785356734.706,3.8,81.0,75.88,2.0,29.0,0,0,43131,114.10
1785356735.707,3.9,84.8,75.16,4.0,34.0,0,0,43131,113.75
1785356736.707,4.8,100.0,75.16,2.0,24.0,0,0,43131,113.68
1785356737.707,7.6,100.0,75.16,2.0,32.0,0,0,43131,113.64
1785356738.707,6.2,100.0,75.16,3.0,29.0,0,0,43131,113.78
1785356739.707,7.0,100.0,75.13,2.0,30.0,0,0,43131,113.73
1785356740.707,6.4,100.0,75.11,3.0,30.0,0,0,43131,113.44
1785356741.707,5.4,100.0,75.38,2.0,32.9,0,0,43131,113.39
1785356742.707,4.2,100.0,75.37,5.0,30.1,0,0,43131,113.34
1785356743.707,5.5,87.0,75.36,1.0,29.2,0,0,43131,113.35
1785356744.707,6.6,100.0,75.70,3.0,37.8,0,0,43131,113.25
1785356745.708,6.9,100.0,75.68,2.0,27.0,0,0,43131,113.15
1785356746.708,6.0,100.0,75.67,2.0,26.0,0,0,43131,113.15
1785356747.708,6.5,100.0,75.66,4.0,28.0,0,0,43131,113.10
1785356748.708,5.8,100.0,75.65,2.0,29.0,0,0,43131,113.01
1785356749.708,5.5,100.0,75.63,2.0,14.0,0,0,43131,112.96
1785356750.708,4.1,100.0,75.61,5.0,31.0,0,0,43131,112.91
1785356751.708,5.8,100.0,75.60,0.0,25.0,0,0,43131,112.86
1785356752.708,5.9,100.0,75.58,4.0,27.0,0,0,43131,112.86
1785356753.708,6.3,100.0,75.57,2.0,29.0,0,0,43131,112.86
1785356754.708,4.2,86.9,75.56,3.0,28.0,0,0,43131,112.82
1785356755.709,4.6,56.0,75.43,2.0,22.0,0,0,43131,112.72
1785356756.709,9.5,100.0,75.42,2.0,17.0,0,0,43131,112.67
1785356757.709,8.9,100.0,75.43,3.0,32.0,0,0,43131,112.61
1785356758.709,10.1,100.0,75.43,3.0,51.0,0,0,43131,112.57
1785356759.709,7.6,100.0,75.45,3.0,193.0,0,0,43131,112.57
1785356760.709,8.0,100.0,75.45,3.0,43.0,0,0,43131,112.76
1785356761.709,4.2,100.0,75.44,3.0,26.0,0,0,43131,112.71
1785356762.709,4.5,100.0,75.44,2.0,28.0,0,0,43131,112.47
1785356763.709,5.1,100.0,75.43,4.0,56.0,0,0,43131,112.32
1785356764.709,6.6,82.0,75.43,4.0,43.0,0,0,43131,112.32
1785356765.710,6.4,99.0,75.58,3.0,42.0,0,0,43131,112.43
1785356766.710,4.3,100.0,75.78,2.0,49.0,0,0,43131,112.28
1785356767.710,5.1,100.0,75.76,4.0,56.0,0,0,43131,112.22
1785356768.710,6.0,100.0,75.77,1.0,48.0,0,0,43131,112.22
1785356769.760,8.2,100.0,75.83,2.9,200.1,0,0,43131,112.18
1785356770.760,7.3,100.0,76.20,3.0,24.0,0,0,43131,112.27
1785356771.760,6.2,100.0,76.20,1.0,17.0,0,0,43131,112.32
1785356772.760,6.5,100.0,76.17,4.0,16.0,0,0,43131,112.32
1785356773.760,7.2,100.0,76.16,1.0,27.0,0,0,43131,112.27
1785356774.760,6.0,100.0,76.18,3.0,39.0,0,0,43131,112.13
1785356775.760,5.7,86.1,76.17,2.0,50.0,0,0,43131,112.13
1785356776.760,7.6,63.0,76.05,2.0,52.0,0,0,43131,112.08
1785356777.760,7.9,100.0,76.03,2.0,51.0,0,0,43131,112.37
1785356778.760,7.1,100.0,76.02,2.0,31.0,0,0,43131,112.38
1785356779.761,8.2,100.0,76.01,1.0,20.0,0,0,43131,112.04
1785356780.761,7.6,100.0,76.20,4.0,30.0,0,0,43131,112.08
1785356781.761,8.0,100.0,76.14,2.0,65.0,0,0,43131,112.03
1785356782.761,6.6,100.0,76.13,2.0,45.0,0,0,43131,111.98
1785356783.761,6.0,100.0,76.14,2.0,46.2,0,0,43131,111.98
1785356784.761,7.1,100.0,76.12,1.0,41.8,0,0,43131,112.32
1785356785.761,5.7,100.0,76.11,3.0,43.0,0,0,43131,112.22
1785356786.761,5.6,100.0,76.10,2.0,19.0,0,0,43131,111.83
1785356787.761,3.7,83.8,76.18,4.0,42.0,0,0,43131,111.93
1785356788.761,5.0,86.1,75.21,27.0,77.0,11,12,43131,122.36
1785356789.762,3.8,100.0,75.67,24.0,2.0,100,59,43131,290.41
1785356790.762,6.1,100.0,75.69,37.2,8.0,87,100,43131,278.24
1785356791.762,4.9,100.0,75.67,38.8,9.0,88,100,43131,277.22
1785356792.762,6.3,100.0,75.64,28.0,9.0,95,100,43131,282.49
1785356793.762,7.0,100.0,75.60,33.0,10.0,95,100,43131,277.61
1785356794.762,7.1,100.0,75.61,24.0,4.0,96,89,43131,245.26
1785356795.762,5.6,100.0,75.62,33.0,5.0,87,98,43131,259.98
1785356796.762,6.8,100.0,75.59,31.0,7.0,91,87,43131,254.09
1785356797.762,6.4,100.0,75.73,25.0,7.0,92,100,43131,279.77
1785356798.762,5.7,100.0,75.73,29.0,9.0,95,100,43131,276.01
1785356799.763,6.2,85.9,75.73,29.0,7.0,98,77,43131,271.95
1785356800.763,6.4,99.0,76.15,23.0,8.0,95,100,43131,269.78
1785356801.763,5.8,100.0,76.15,28.0,6.0,96,94,43131,247.21
1785356802.763,6.1,100.0,76.14,27.0,6.0,96,100,43131,266.13
1785356803.763,6.5,100.0,76.12,19.0,6.0,96,100,43131,265.56
1785356804.763,6.5,100.0,76.12,25.0,6.0,96,100,43131,260.55
1785356805.763,5.1,100.0,76.12,35.0,6.0,89,83,43131,255.92
1785356806.763,6.1,100.0,76.09,35.0,7.0,97,93,43131,277.26
1785356807.763,5.9,100.0,76.06,30.0,9.0,95,99,43131,283.17
1785356808.763,6.7,99.0,76.06,31.0,9.0,94,100,43131,281.58
1785356809.764,6.0,100.0,75.68,30.0,9.0,93,100,43131,285.45
1785356810.764,6.4,100.0,76.00,35.0,9.0,94,79,43131,288.83
1785356811.764,6.5,100.0,75.99,28.0,7.0,94,100,43131,267.07
1785356812.764,4.8,100.0,75.98,33.0,6.0,86,83,43131,273.22
1785356813.764,3.6,100.0,75.96,39.0,6.0,88,99,43131,265.78
1785356814.764,5.5,100.0,75.94,32.0,6.0,95,100,43131,260.11
1785356815.764,6.2,100.0,75.93,24.0,6.0,94,97,43131,270.24
1785356816.764,8.8,100.0,75.92,28.0,6.0,87,95,43131,267.45
1785356817.764,7.7,100.0,75.91,41.0,6.0,89,100,43131,245.88
1785356818.764,7.9,99.0,75.92,37.0,6.0,88,99,43131,277.06
1785356819.765,8.1,100.0,75.92,39.0,7.0,86,98,43131,261.11
1785356820.765,7.0,100.0,75.90,39.0,6.0,88,100,43131,275.23
1785356821.765,5.9,100.0,75.89,21.0,6.0,94,100,43131,275.42
1785356822.765,6.2,100.0,75.90,24.0,6.0,93,100,43131,276.34
1785356823.765,5.9,100.0,75.90,22.0,4.0,96,100,43131,268.27
1785356824.765,7.0,100.0,75.90,34.0,5.0,89,100,43131,265.61
1785356825.765,6.0,100.0,75.88,39.0,5.0,90,90,43131,261.67
1785356826.765,5.5,99.0,75.88,41.0,7.0,94,75,43131,293.77
1785356827.765,4.6,100.0,75.87,40.1,7.0,86,97,43131,278.36
1785356828.765,5.4,98.0,75.69,44.9,8.0,86,97,43131,269.61
1785356829.765,5.3,100.0,75.67,40.0,7.0,87,99,43131,265.68
1785356830.766,5.8,100.0,75.66,47.0,7.0,91,92,43131,278.24
1785356831.766,6.5,100.0,75.68,37.0,8.0,84,94,43131,275.83
1785356832.766,5.4,100.0,75.67,45.0,7.0,87,83,43131,279.21
1785356833.766,7.0,100.0,75.67,37.0,9.0,87,98,43131,264.61
1785356834.766,5.6,100.0,75.68,41.0,8.0,87,98,43131,272.53
1785356835.766,4.6,100.0,75.67,48.0,7.0,90,89,43131,278.46
1785356836.766,3.8,87.0,75.65,33.1,7.0,89,100,43131,287.37
1785356837.766,6.8,91.0,76.16,39.8,7.0,89,100,43131,253.89
1785356838.766,5.9,100.0,76.16,44.0,6.0,91,90,43131,290.11
1785356839.766,6.5,100.0,76.16,46.0,8.0,87,98,43131,282.93
1785356840.767,5.1,100.0,76.12,43.0,7.0,85,81,43131,274.18
1785356841.767,7.3,100.0,76.12,35.0,7.0,85,96,43131,287.33
1785356842.767,5.8,100.0,76.10,44.0,8.0,86,97,43131,274.99
1785356843.767,6.5,100.0,76.08,35.0,6.0,89,100,43131,277.25
1785356844.767,5.4,99.0,76.06,32.0,4.0,88,99,43131,262.94
1785356845.767,5.8,98.0,76.12,28.0,5.0,90,100,43131,260.83
1785356846.767,4.8,100.0,76.12,28.0,2.0,90,100,43131,255.35
1785356847.767,5.6,100.0,76.12,26.0,3.0,88,99,43131,257.50
1785356848.767,5.1,100.0,75.34,12.0,0.0,0,0,43131,158.22
1785356849.767,6.1,100.0,75.34,2.0,0.0,0,0,43131,135.26
1785356850.768,6.7,100.0,75.33,3.0,0.0,0,0,43131,118.46
1785356851.768,10.6,100.0,75.53,2.0,211.3,0,0,43131,118.10
1785356852.768,5.3,100.0,75.55,3.0,46.0,0,0,43131,117.62
1785356853.768,7.4,100.0,75.67,4.0,42.0,0,0,43131,117.19
1785356854.768,5.9,100.0,75.81,1.0,34.0,0,0,43131,116.85
1785356855.768,6.2,99.0,75.81,4.0,24.0,0,0,43131,115.97
1785356856.768,5.6,100.0,75.83,2.0,31.9,0,0,43131,115.10
1785356857.768,4.8,100.0,75.83,2.0,15.0,0,0,43131,114.86
1785356858.768,5.3,100.0,75.82,4.0,16.0,0,0,43131,114.57
1785356859.768,4.5,100.0,75.83,2.0,47.0,0,0,43131,114.42
1785356860.769,5.8,81.4,75.90,2.0,57.0,0,0,43131,114.56
1785356861.769,7.0,99.0,76.31,4.0,31.0,0,0,43131,114.32
1785356862.769,5.4,95.0,76.32,3.0,37.0,0,0,43131,113.78
1785356863.769,6.4,100.0,76.33,2.0,42.0,0,0,43131,113.59
1785356864.769,7.6,100.0,76.33,2.0,41.0,0,0,43131,113.49
1785356865.769,6.1,99.0,76.34,3.0,48.0,0,0,43131,113.34
1785356866.769,7.0,100.0,76.34,2.0,30.0,0,0,43131,113.15
1785356867.769,4.9,83.2,76.30,2.0,19.0,0,0,43131,112.96
1785356868.769,4.9,77.6,76.37,5.0,37.0,0,0,43131,112.86
1785356869.769,4.5,75.0,76.88,2.0,49.0,0,0,43131,112.78
1785356870.770,5.0,80.0,76.87,3.0,53.0,0,0,43131,112.64
1785356871.770,3.2,85.0,76.87,2.0,60.0,0,0,43131,112.54
1785356872.770,3.5,85.0,76.84,4.0,26.0,0,0,43131,112.45
1785356873.770,4.0,100.0,76.85,3.0,23.0,0,0,43131,112.29
1785356874.770,3.8,100.0,76.82,2.0,41.9,0,0,43131,112.14
1785356875.770,5.5,94.0,76.83,3.0,54.2,0,0,43131,113.26
1785356876.770,7.7,98.0,76.80,5.0,42.9,0,0,43131,114.66
1785356877.770,6.5,85.0,76.79,2.0,37.0,0,0,43131,114.62
1785356878.770,6.2,99.0,76.77,3.0,43.0,0,0,43131,114.33
1785356879.770,3.6,83.0,76.73,4.0,43.0,0,0,43131,114.28
1785356880.771,5.2,81.0,76.73,2.0,32.0,0,0,43131,114.18
1785356881.771,4.9,78.2,76.67,3.0,30.0,0,0,43131,114.08
1785356882.771,6.0,99.0,76.38,3.0,33.0,0,0,43131,113.98
1785356883.771,6.3,100.0,76.33,4.0,33.0,0,0,43131,113.88
1785356884.771,5.9,100.0,76.33,1.0,34.0,0,0,43131,113.83
1785356885.771,6.2,100.0,76.31,2.0,30.0,0,0,43131,113.83
1785356886.771,4.8,100.0,76.28,3.0,32.0,0,0,43131,113.83
1785356887.771,6.2,100.0,76.28,2.0,34.0,0,0,43131,113.78
1785356888.771,5.7,100.0,76.27,2.0,33.0,0,0,43131,113.64
1785356889.771,6.8,100.0,76.27,2.0,35.0,0,0,43131,113.49
1785356890.771,6.5,100.0,76.24,3.0,34.0,0,0,43131,113.44
1785356891.772,6.1,100.0,76.21,2.0,33.0,0,0,43131,113.34
1785356892.772,3.7,74.3,76.21,2.0,31.0,0,0,43131,113.29
1785356893.772,5.1,87.0,75.96,3.0,27.0,0,0,43131,113.30
1785356894.772,3.9,100.0,75.95,3.0,32.0,0,0,43131,113.25
1785356895.772,4.5,100.0,75.93,2.0,30.0,0,0,43131,113.27
1785356896.772,4.8,100.0,75.92,3.0,36.0,0,0,43131,113.22
1785356897.772,7.1,100.0,75.92,1.0,40.0,0,0,43131,113.10
1785356898.772,4.9,100.0,75.91,2.0,26.0,0,0,43131,113.00
1785356899.772,4.9,100.0,75.91,2.0,27.0,0,0,43131,112.96
1785356900.772,5.7,100.0,75.90,4.0,29.0,0,0,43131,112.91
1785356901.773,6.7,100.0,75.87,2.0,30.0,0,0,43131,112.86
1785356902.773,5.3,100.0,75.84,3.0,11.0,0,0,43131,112.96
1785356903.773,4.0,83.0,75.81,1.0,33.0,0,0,43131,112.91
1785356904.773,4.6,100.0,76.19,2.0,28.0,0,0,43131,112.77
1785356905.773,5.6,100.0,76.21,4.0,26.0,0,0,43131,112.77
1785356906.773,4.4,100.0,76.18,1.0,23.0,0,0,43131,112.76
1785356907.773,5.4,100.0,76.16,3.0,27.0,0,0,43131,112.71
1785356908.773,4.3,100.0,76.15,4.0,27.0,0,0,43131,112.61
1785356909.773,4.1,100.0,76.11,2.0,18.0,0,0,43131,112.57
1785356910.773,7.9,100.0,76.08,4.0,16.0,0,0,43131,112.61
1785356911.773,7.6,100.0,76.07,2.0,22.0,0,0,43131,112.57
1785356912.774,9.2,100.0,76.07,4.0,29.0,0,0,43131,112.47
1785356913.774,7.7,98.0,76.30,3.0,34.0,0,0,43131,112.47
1785356914.774,9.1,100.0,76.26,2.0,148.0,0,0,43131,112.47
1785356915.774,7.5,100.0,76.26,3.0,41.0,0,0,43131,112.52
1785356916.774,7.6,100.0,76.59,3.0,48.0,0,0,43131,112.47
1785356917.774,6.3,100.0,76.46,2.0,12.0,0,0,43131,112.37
1785356918.774,5.9,100.0,76.49,3.0,31.0,0,0,43131,112.42
1785356919.774,5.1,100.0,76.49,3.0,47.0,0,0,43131,112.42
1785356920.774,5.2,100.0,76.46,2.0,28.0,0,0,43131,112.32
1785356921.774,9.4,100.0,76.47,3.0,46.0,0,0,43131,112.27
1785356922.774,7.1,100.0,76.44,2.0,36.0,0,0,43131,112.27
1785356923.775,7.7,89.0,76.41,4.0,39.0,0,0,43131,112.27
1785356924.775,7.1,100.0,76.43,4.0,50.0,0,0,43131,112.22
1785356925.775,9.4,100.0,76.56,1.0,50.0,0,0,43131,112.18
1785356926.775,7.1,100.0,76.57,3.0,61.0,0,0,43131,112.13
1785356927.775,9.1,100.0,76.57,3.0,196.0,0,0,43131,112.03
1785356928.775,7.6,100.0,76.59,2.0,19.0,0,0,43131,112.03
1785356929.775,8.1,100.0,76.57,1.0,19.0,0,0,43131,112.08
1785356930.775,6.6,100.0,76.57,4.0,18.0,0,0,43131,112.03
1785356931.775,7.7,100.0,76.55,3.0,19.0,0,0,43131,111.93
1785356932.775,6.8,96.0,76.52,1.0,25.0,0,0,43131,111.93
1785356933.776,5.8,100.0,76.52,5.0,29.0,0,0,43131,112.03
1785356934.776,6.9,100.0,75.64,2.0,39.0,0,0,43131,111.99
1785356935.776,6.2,100.0,75.64,1.0,48.0,0,0,43131,111.94
1785356936.776,8.1,100.0,75.65,5.0,55.0,0,0,43131,111.93
1785356937.776,9.7,100.0,75.65,1.0,45.0,0,0,43131,111.98
1785356938.776,7.2,100.0,75.66,4.0,29.0,0,0,43131,112.03
1785356939.776,4.2,100.0,75.67,3.0,15.0,0,0,43131,111.93
1785356940.776,6.1,100.0,75.65,0.0,36.0,0,0,43131,111.93
1785356941.776,9.3,100.0,75.63,3.0,67.0,0,0,43131,111.88
1785356942.777,6.4,100.0,75.62,2.0,39.0,0,0,43131,111.88
1785356943.777,5.6,100.0,76.04,2.0,29.0,0,0,43131,111.93
1785356944.777,6.9,100.0,76.00,4.0,49.0,0,0,43131,111.88
1785356945.777,5.5,100.0,76.00,3.0,37.0,0,0,43131,111.88
1785356946.777,6.6,100.0,76.00,2.0,39.0,0,0,43131,111.88
1785356947.777,6.9,100.0,76.00,2.0,12.0,0,0,43131,111.88
1785356948.777,7.2,100.0,76.27,2.0,74.0,0,0,43131,111.87
1785356949.777,5.3,83.0,76.25,29.0,42.0,100,61,43131,159.94
1785356950.777,4.4,71.7,76.24,37.1,4.0,87,100,43131,290.05
1785356951.777,4.4,94.0,76.23,37.9,10.0,87,100,43131,281.84
1785356952.778,4.2,81.0,76.21,39.0,9.0,87,100,43131,281.18
1785356953.778,6.5,52.5,76.21,39.0,9.0,86,98,43131,275.78
1785356954.778,7.2,100.0,76.21,43.0,9.0,0,0,43131,242.21
1785356955.778,7.0,100.0,76.36,47.0,4.0,92,90,43131,228.24
1785356956.778,5.5,100.0,76.35,46.0,7.0,90,87,43131,267.85
1785356957.778,5.2,49.5,76.35,37.0,6.0,89,100,43131,250.08
1785356958.778,4.2,59.0,76.36,49.0,7.0,94,78,43131,273.80
1785356959.778,5.2,100.0,76.35,57.0,10.0,84,81,43131,263.88
1785356960.779,4.5,80.0,76.33,49.0,11.0,83,88,43131,286.93
1785356961.779,3.2,81.0,76.31,46.0,9.0,86,99,43131,278.10
1785356962.779,5.2,79.0,76.29,40.0,8.0,87,98,43131,263.04
1785356963.779,5.7,99.0,76.29,42.0,8.0,89,92,43131,270.70
1785356964.779,2.8,75.8,76.27,42.0,8.0,85,91,43131,264.89
1785356965.779,5.1,92.9,76.18,35.0,5.0,88,99,43131,242.98
1785356966.779,5.1,100.0,76.22,38.0,6.0,90,88,43131,249.98
1785356967.779,7.2,100.0,76.37,42.0,6.0,86,98,43131,259.74
1785356968.779,4.9,100.0,76.36,32.0,6.0,88,100,43131,253.52
1785356969.779,4.9,100.0,76.38,31.0,5.0,89,100,43131,247.59
1785356970.780,5.0,100.0,76.36,43.0,6.0,89,83,43131,273.36
1785356971.780,5.5,100.0,76.34,38.0,5.0,89,100,43131,255.95
1785356972.780,5.0,100.0,76.33,37.0,6.0,91,89,43131,258.20
1785356973.780,8.3,100.0,76.31,28.0,6.0,89,100,43131,275.04
1785356974.780,4.4,97.0,76.28,45.0,7.0,87,99,43131,292.80
1785356975.780,4.6,82.0,75.93,44.2,7.0,89,89,43131,294.52
1785356976.780,5.7,100.0,76.24,37.8,7.0,87,98,43131,278.50
1785356977.780,6.4,100.0,76.24,45.0,8.0,88,99,43131,273.13
1785356978.780,6.6,100.0,76.21,45.0,8.0,93,77,43131,290.55
1785356979.780,5.5,100.0,76.20,41.0,7.0,86,96,43131,277.61
1785356980.780,4.0,100.0,76.20,35.0,6.0,88,100,43131,253.10
1785356981.781,3.8,100.0,76.21,37.0,7.0,89,100,43131,266.91
1785356982.781,4.4,100.0,76.21,38.0,5.0,85,81,43131,272.31
1785356983.781,6.5,100.0,76.19,32.0,6.0,89,100,43131,257.77
1785356984.781,6.1,84.0,76.21,35.0,5.0,88,100,43131,248.96
1785356985.781,7.1,94.0,76.52,39.0,7.0,89,100,43131,263.33
1785356986.781,6.8,100.0,76.52,52.0,8.0,87,71,43131,283.25
1785356987.781,5.7,100.0,76.53,42.0,9.0,86,99,43131,293.38
1785356988.781,4.1,100.0,76.52,43.0,8.0,86,98,43131,282.08
1785356989.781,4.8,100.0,76.52,46.0,10.0,87,94,43131,272.15
1785356990.781,4.4,100.0,76.51,39.0,8.0,90,92,43131,272.62
1785356991.781,3.5,100.0,76.51,43.0,7.0,89,100,43131,266.02
1785356992.782,3.7,81.0,76.51,51.0,8.0,86,98,43131,261.40
1785356993.782,4.4,87.0,76.25,39.0,7.0,87,100,43131,270.57
1785356994.782,4.3,100.0,76.26,41.0,9.0,87,99,43131,266.27
1785356995.782,4.2,100.0,76.29,45.0,8.0,85,82,43131,279.17
1785356996.782,6.1,100.0,76.28,48.0,9.0,87,85,43131,281.26
1785356997.782,6.1,100.0,76.29,40.0,7.0,88,100,43131,268.30
1785356998.782,6.0,100.0,76.31,37.0,8.0,85,81,43131,262.37
1785356999.782,6.4,100.0,76.28,39.0,5.0,87,99,43131,261.65
1785357000.782,5.7,91.0,76.29,39.0,8.0,87,96,43131,274.80
1785357001.782,7.1,100.0,75.74,34.0,6.0,88,99,43131,255.77
1785357002.782,10.5,100.0,75.86,40.0,5.0,88,99,43131,250.78
1785357005.283,7.1,100.0,75.79,34.4,5.6,88,99,43131,250.78
1785357006.283,7.1,100.0,75.78,28.9,6.0,88,99,43131,260.62
1785357007.283,6.9,100.0,75.76,28.1,2.0,90,100,43131,258.74
1785357008.283,8.0,100.0,76.01,25.0,2.0,91,100,43131,255.10
1785357009.283,7.3,100.0,76.44,17.0,0.0,0,0,43398,204.23
1785357010.283,5.3,93.0,76.07,3.0,0.0,0,0,43398,119.06
1785357011.283,8.3,77.0,76.11,2.0,0.0,0,0,43131,117.88
1785357012.283,7.1,100.0,75.55,5.0,0.0,0,0,43131,117.65
1785357013.283,10.5,100.0,75.59,0.0,195.9,0,0,43131,117.43
1785357014.284,7.5,100.0,75.63,3.0,38.8,0,0,43131,116.87
1785357015.284,7.4,100.0,75.70,3.0,38.0,0,0,43131,116.35
1785357016.284,9.3,100.0,75.80,3.0,39.0,0,0,43131,115.34
1785357017.284,7.9,99.0,76.29,2.0,18.0,0,0,43131,114.85
1785357018.284,8.0,100.0,76.12,4.0,54.0,0,0,43131,114.61
1785357019.284,4.9,74.5,76.12,2.0,44.0,0,0,43131,114.51
1785357020.284,6.3,100.0,76.42,5.0,34.0,0,0,43131,114.40
1785357021.284,7.5,100.0,76.55,2.0,43.0,0,0,43131,114.01
1785357022.284,6.0,100.0,76.54,3.0,39.0,0,0,43131,113.83
1785357023.284,6.1,100.0,76.53,2.0,40.0,0,0,43131,113.64
1785357024.285,5.8,100.0,76.54,1.0,51.0,0,0,43131,113.44
1785357025.285,4.2,100.0,76.50,5.0,17.0,0,0,43131,113.30
1785357026.285,5.8,100.0,76.49,3.0,48.0,0,0,43131,113.10
1785357027.285,5.8,100.0,76.48,1.0,50.0,0,0,43131,112.96
1785357028.285,6.9,100.0,76.47,3.0,70.0,0,0,43131,112.81
1785357029.285,6.3,100.0,76.44,2.0,31.0,0,0,43131,112.61
1785357030.285,6.8,100.0,76.41,1.0,34.0,0,0,43131,112.52
1785357031.285,6.2,100.0,76.40,2.0,63.0,0,0,43131,112.43
1785357032.285,6.5,82.0,76.38,4.0,50.0,0,0,43131,112.33
1785357033.285,6.1,99.0,76.37,2.0,50.0,0,0,43131,112.18
1785357034.285,6.9,100.0,76.38,4.0,51.0,0,0,43131,113.29
1785357035.286,8.8,100.0,76.36,0.0,37.0,0,0,43131,114.51
1785357036.286,7.7,100.0,76.50,3.0,34.0,0,0,43131,114.41
1785357037.286,4.6,100.0,76.49,4.0,37.0,0,0,43131,114.27
1785357038.286,3.8,100.0,76.48,2.0,36.0,0,0,43131,114.28
1785357039.286,4.6,100.0,76.45,2.0,33.0,0,0,43131,114.32
1785357040.286,3.8,100.0,76.44,1.0,33.0,0,0,43131,114.07
1785357041.286,5.3,100.0,76.42,5.0,33.0,0,0,43131,113.89
1785357042.286,6.6,100.0,76.38,3.0,33.0,0,0,43131,113.93
1785357043.286,4.6,85.0,76.39,2.0,34.0,0,0,43131,113.88
1785357044.286,6.6,99.0,75.98,2.0,25.0,0,0,43131,113.83
1785357045.287,4.8,100.0,75.96,3.0,32.0,0,0,43131,113.78
1785357046.287,4.0,100.0,75.94,2.0,33.0,0,0,43131,113.64
1785357047.287,5.6,100.0,75.93,3.0,31.0,0,0,43131,113.54
1785357048.287,6.2,100.0,75.90,1.0,35.0,0,0,43131,113.39
1785357049.287,5.8,100.0,75.90,4.0,35.0,0,0,43131,113.34
1785357050.287,4.2,100.0,75.88,4.0,30.0,0,0,43131,113.39
1785357051.287,6.5,100.0,75.85,1.0,43.0,0,0,43131,113.39
1785357052.287,6.9,100.0,75.86,5.0,25.0,0,0,43131,113.39
1785357053.287,6.2,100.0,75.83,2.0,25.0,0,0,43131,113.34
1785357054.287,6.1,99.0,76.22,2.0,26.0,0,0,43131,113.25
1785357055.287,6.4,100.0,76.20,2.0,29.0,0,0,43131,113.05
1785357056.288,5.9,100.0,76.20,2.0,20.0,0,0,43131,113.00
1785357057.288,9.9,100.0,76.21,3.0,24.0,0,0,43131,113.05
1785357058.288,5.9,100.0,76.19,3.0,27.0,0,0,43131,113.00
1785357059.288,4.7,100.0,76.20,4.0,26.0,0,0,43131,112.91
1785357060.288,4.7,86.0,76.20,2.0,25.0,0,0,43131,112.86
1785357061.288,6.6,84.0,76.12,2.0,27.0,0,0,43131,112.81
1785357062.288,6.4,100.0,76.14,3.0,25.0,0,0,43131,112.81
1785357063.288,6.3,100.0,76.15,2.0,17.0,0,0,43131,112.76
1785357064.288,6.0,100.0,76.13,3.0,22.0,0,0,43131,112.61
1785357065.288,3.9,100.0,76.12,4.0,42.0,0,0,43131,112.57
1785357066.289,6.8,100.0,76.13,2.0,139.0,0,0,43131,112.61
1785357067.289,3.6,81.0,76.12,4.0,44.0,0,0,43131,112.66
1785357068.289,5.4,75.8,76.34,3.0,39.0,0,0,43131,112.57
1785357069.289,4.6,100.0,76.35,2.0,26.0,0,0,43131,112.47
1785357070.289,4.4,100.0,76.37,2.0,30.0,0,0,43131,112.42
1785357071.289,5.0,100.0,76.36,4.0,51.0,0,0,43131,112.37
1785357072.289,6.6,100.0,76.38,1.0,45.0,0,0,43131,112.37
1785357073.289,5.8,100.0,76.36,4.0,37.0,0,0,43131,112.37
1785357074.289,7.2,100.0,76.39,1.0,45.0,0,0,43131,112.42
1785357075.289,5.2,84.8,76.15,3.0,44.0,0,0,43131,112.42
1785357076.289,7.0,100.0,76.17,3.0,54.9,0,0,43131,112.27
1785357077.290,6.1,100.0,76.18,3.0,62.1,0,0,43131,112.22
1785357078.290,5.9,100.0,76.21,2.0,185.0,0,0,43131,112.27
1785357079.290,5.4,100.0,76.22,4.0,17.0,0,0,43131,112.22
1785357080.290,6.9,100.0,76.22,2.0,15.0,0,0,43131,112.22
1785357081.290,4.6,100.0,76.23,3.0,16.0,0,0,43131,112.27
1785357082.290,4.4,75.0,76.23,3.0,22.0,0,0,43131,112.18
1785357083.290,7.0,100.0,76.42,4.0,35.0,0,0,43131,112.13
1785357084.290,6.7,100.0,76.44,3.0,40.1,0,0,43131,112.13
1785357085.290,6.5,100.0,76.43,2.0,44.0,0,0,43131,112.08
1785357086.290,5.0,100.0,76.42,3.0,57.0,0,0,43131,112.08
1785357087.291,7.1,100.0,76.43,3.0,34.9,0,0,43131,112.03
1785357088.291,5.7,100.0,76.42,2.0,26.0,0,0,43131,111.98
1785357089.291,6.4,100.0,76.43,3.0,10.0,0,0,43131,111.98
1785357090.291,5.9,90.0,76.19,1.0,33.0,0,0,43131,111.98
1785357091.291,6.2,100.0,76.18,5.0,63.0,0,0,43131,112.03
1785357092.291,6.8,100.0,76.20,3.0,43.0,0,0,43131,112.03
1785357093.291,5.2,100.0,76.21,4.0,41.0,0,0,43131,111.93
1785357094.291,5.0,100.0,76.21,3.0,41.0,0,0,43131,111.88
1785357095.291,7.9,100.0,76.21,2.0,42.0,0,0,43131,111.93
1785357096.291,6.0,100.0,76.21,4.0,34.0,0,0,43131,111.88
1785357097.291,6.1,100.0,76.31,2.0,32.0,0,0,43131,111.83
1785357098.292,6.9,100.0,76.38,2.0,74.0,0,0,43131,111.84
1785357099.292,6.2,100.0,76.39,31.0,31.0,100,61,43131,185.41
1785357100.292,4.4,100.0,76.39,31.0,6.0,86,99,43131,265.78
1785357101.292,5.8,95.0,76.38,41.0,8.0,86,99,43131,263.61
1785357102.292,6.9,100.0,76.68,37.0,8.0,87,100,43131,282.19
1785357103.292,6.8,100.0,76.72,36.0,8.0,87,100,43131,276.45
1785357104.292,6.5,100.0,76.71,33.0,7.0,0,0,43131,242.11
1785357105.292,6.7,100.0,76.69,33.0,2.0,91,100,43131,245.83
1785357106.292,6.6,100.0,76.69,39.0,4.0,87,70,43131,272.26
1785357107.293,4.1,100.0,76.68,40.0,5.0,87,85,43131,278.09
1785357108.293,5.5,100.0,76.69,43.0,9.0,86,97,43131,265.22
1785357109.293,6.4,100.0,76.67,46.0,9.0,87,76,43131,264.35
1785357110.293,5.3,85.0,76.72,40.0,8.0,87,100,43131,256.31
1785357111.293,5.4,99.0,76.56,42.0,8.0,88,99,43131,264.59
1785357112.293,6.0,100.0,76.56,36.0,7.0,90,100,43131,258.75
1785357113.293,7.0,100.0,76.56,43.0,7.0,90,89,43131,271.73
1785357114.293,6.5,100.0,76.57,40.0,7.0,88,99,43131,267.08
1785357115.293,6.5,100.0,76.55,45.0,7.0,86,96,43131,278.94
1785357116.293,5.5,100.0,76.54,43.0,9.0,86,99,43131,261.37
1785357117.294,9.3,100.0,76.53,49.0,9.0,87,100,43131,288.68
1785357118.294,8.3,100.0,76.54,49.0,10.0,84,97,43131,281.85
1785357119.294,5.9,100.0,76.54,42.0,8.0,87,100,43131,270.54
1785357120.294,5.8,87.0,76.51,50.0,9.0,87,98,43131,263.46
1785357121.294,7.6,100.0,76.53,43.0,8.0,87,99,43131,261.49
1785357122.294,5.4,100.0,76.51,45.0,9.0,86,99,43131,252.93
1785357123.294,4.9,100.0,76.50,37.0,6.0,91,93,43131,265.60
1785357124.294,6.8,100.0,76.50,41.0,9.0,92,92,43131,260.64
1785357125.294,6.8,100.0,76.70,40.0,7.0,86,97,43131,264.17
1785357126.295,6.7,100.0,76.70,36.0,5.0,87,84,43131,241.79
1785357127.295,5.2,100.0,76.69,39.0,7.0,88,99,43131,251.62
1785357128.295,5.8,89.1,76.65,34.0,4.0,88,100,43131,251.72
1785357129.295,5.8,92.0,76.46,39.0,7.0,90,87,43131,260.04
1785357130.295,5.4,100.0,76.46,35.2,6.0,88,99,43131,253.17
1785357131.295,6.5,100.0,76.47,41.8,6.0,89,100,43131,274.64
1785357132.295,4.8,100.0,76.46,44.0,7.0,88,84,43131,276.44
1785357133.295,5.1,100.0,76.48,40.0,8.0,85,97,43131,281.30
1785357134.295,5.8,100.0,76.47,45.0,7.0,88,99,43131,263.81
1785357135.295,4.1,100.0,76.46,40.0,8.0,87,98,43131,275.04
1785357136.295,4.4,100.0,76.45,41.0,7.0,87,99,43131,270.57
1785357137.296,4.3,100.0,76.45,42.0,7.0,89,89,43131,286.70
1785357138.296,3.7,100.0,76.43,39.0,6.0,89,100,43131,276.06
1785357139.296,3.8,85.9,76.41,45.0,8.0,89,100,43131,277.29
1785357140.296,5.1,82.2,76.57,39.0,6.0,91,88,43131,270.32
1785357141.296,5.9,100.0,76.55,35.0,8.0,88,95,43131,285.41
1785357142.296,6.0,100.0,76.54,40.0,5.0,87,74,43131,266.24
1785357143.296,4.0,100.0,76.54,32.0,6.0,89,100,43131,263.76
1785357144.296,5.3,100.0,76.53,38.0,5.0,88,83,43131,279.09
1785357145.296,2.7,100.0,76.51,39.0,6.0,90,90,43131,267.97
1785357146.296,5.6,100.0,76.45,36.0,6.0,89,100,43131,249.04
1785357147.297,4.4,100.0,76.46,39.0,6.0,89,100,43131,267.49
1785357148.297,3.5,100.0,76.46,38.0,6.0,87,99,43131,274.31
1785357149.297,4.6,100.0,76.47,37.0,7.0,87,83,43131,276.88
1785357150.297,3.6,52.1,76.17,36.0,7.0,87,98,43131,262.23
1785357151.297,5.2,100.0,76.56,42.0,6.0,86,97,43131,263.12
1785357152.297,5.8,100.0,76.58,36.0,6.0,89,100,43131,261.52
1785357153.297,4.2,100.0,76.56,42.0,7.0,85,92,43131,255.66
1785357154.297,2.8,100.0,76.56,37.0,7.0,85,82,43131,266.32
1785357155.297,6.7,100.0,76.58,32.0,6.0,89,100,43131,272.84
1785357156.297,5.7,100.0,76.59,30.0,3.0,90,100,43131,261.67
1785357157.298,6.1,100.0,76.57,28.0,3.0,86,98,43131,258.58
1785357158.298,5.4,100.0,76.57,25.0,11.0,91,100,43131,242.97
1785357159.298,5.4,100.0,75.80,3.0,0.0,0,0,43131,134.66
1785357160.298,2.6,100.0,75.76,3.0,0.0,0,0,43131,118.19
1785357161.298,4.3,100.0,75.91,2.0,0.0,0,0,43131,117.87
1785357162.298,6.8,100.0,75.99,1.0,171.1,0,0,43131,117.38
1785357163.298,4.6,100.0,76.05,4.0,47.0,0,0,43131,117.00
1785357164.298,3.9,100.0,76.03,3.0,32.0,0,0,43131,116.18
1785357165.298,2.3,59.0,76.05,3.0,28.0,0,0,43131,115.27
1785357166.298,4.0,100.0,76.00,5.0,30.0,0,0,43131,114.88
1785357167.298,5.1,100.0,76.20,1.0,27.0,0,0,43131,114.62
1785357168.299,3.1,100.0,76.22,8.0,25.0,0,0,43131,114.49
1785357169.299,3.1,100.0,76.25,2.0,72.0,0,0,43131,114.31
1785357170.299,5.6,100.0,76.26,2.0,35.0,0,0,43131,114.01
1785357171.299,4.0,100.0,76.26,3.0,38.0,0,0,43131,113.78
1785357172.299,3.5,100.0,76.26,3.0,39.0,0,0,43131,113.60
1785357173.299,3.2,100.0,76.28,3.0,39.0,0,0,43131,113.42
1785357174.299,5.4,99.0,76.30,3.0,41.0,0,0,43131,113.31
1785357175.299,3.2,56.6,75.94,3.0,22.0,0,0,43131,113.18
1785357176.299,4.7,100.0,76.24,3.0,16.0,0,0,43131,113.03
1785357177.299,7.9,100.0,76.26,3.0,41.0,0,0,43131,113.00
1785357178.299,8.3,100.0,76.25,1.0,53.0,0,0,43131,112.86
1785357179.300,4.9,100.0,76.29,2.0,67.0,0,0,43131,112.57
1785357180.300,4.3,100.0,76.29,4.0,29.0,0,0,43131,112.43
1785357181.300,3.8,100.0,76.31,5.0,27.0,0,0,43131,112.40
1785357182.300,4.8,100.0,76.31,3.0,58.0,0,0,43131,112.27
1785357183.300,4.9,100.0,76.31,2.0,53.0,0,0,43131,112.10
1785357184.300,5.6,100.0,76.33,3.0,48.0,0,0,43131,113.29
1785357185.300,7.4,100.0,76.66,2.0,58.0,0,0,43131,114.47
1785357186.300,6.9,67.0,76.47,3.0,34.0,0,0,43131,114.42
1785357187.300,6.3,100.0,76.28,2.0,22.0,0,0,43131,114.42
1785357188.300,4.4,100.0,76.54,4.0,34.0,0,0,43131,114.33
1785357189.300,5.0,100.0,76.51,1.0,38.0,0,0,43131,114.18
1785357190.301,2.8,100.0,76.52,4.0,35.0,0,0,43131,114.10
1785357191.301,3.6,100.0,76.52,1.0,33.0,0,0,43131,114.05
1785357192.301,3.8,100.0,76.50,3.0,33.0,0,0,43131,113.93
1785357193.301,5.2,100.0,76.48,3.0,31.2,0,0,43131,113.83
1785357194.301,4.8,100.0,76.50,0.0,28.8,0,0,43131,113.83
1785357195.301,5.4,100.0,76.48,2.0,31.0,0,0,43131,113.78
1785357196.301,4.1,100.0,76.47,4.0,31.0,0,0,43131,113.73
1785357197.301,2.3,39.6,76.44,3.0,24.0,0,0,43131,113.64
1785357198.301,3.9,100.0,75.97,4.0,31.0,0,0,43131,113.59
1785357199.301,3.1,100.0,75.96,3.0,29.0,0,0,43131,113.50
1785357200.301,3.5,100.0,75.96,4.0,32.0,0,0,43131,113.40
1785357201.301,4.2,100.0,75.95,0.0,34.0,0,0,43131,113.34
1785357202.302,4.9,100.0,75.94,3.0,33.0,0,0,43131,113.25
1785357203.302,2.9,100.0,75.91,2.0,35.0,0,0,43131,113.25
1785357204.302,3.8,100.0,75.91,3.0,37.0,0,0,43131,113.16
1785357205.302,2.5,100.0,75.91,5.0,27.0,0,0,43131,113.01
1785357206.302,5.5,100.0,75.92,2.0,26.0,0,0,43131,113.05
1785357207.302,4.0,100.0,75.90,2.0,27.9,0,0,43131,113.06
1785357208.302,5.1,96.0,75.89,1.0,16.0,0,0,43131,112.97
1785357209.302,4.2,99.0,76.43,3.0,20.0,0,0,43131,112.91
1785357210.302,4.4,100.0,76.42,2.0,26.0,0,0,43131,112.78
1785357211.302,3.2,100.0,76.42,2.0,26.0,0,0,43131,112.81
1785357212.302,3.0,100.0,76.40,2.0,25.0,0,0,43131,112.84
1785357213.303,3.5,100.0,76.41,6.0,28.0,0,0,43131,112.66
1785357214.303,3.3,100.0,76.40,3.0,28.0,0,0,43131,112.62
1785357215.303,3.7,100.0,76.40,2.0,27.0,0,0,43131,112.66
1785357216.303,2.9,100.0,76.38,2.0,16.0,0,0,43131,112.56
1785357217.303,6.3,70.8,76.37,4.0,24.0,0,0,43131,112.59
1785357218.303,4.3,43.0,76.36,4.0,26.0,0,0,43131,112.59
1785357219.303,4.5,91.0,76.26,2.0,47.0,0,0,43131,112.50
1785357220.303,6.4,100.0,76.25,6.0,186.0,0,0,43131,112.52
1785357221.303,4.6,100.0,76.27,3.0,30.0,0,0,43131,112.57
1785357222.303,5.4,100.0,76.28,2.0,43.0,0,0,43131,112.52
1785357223.303,4.8,100.0,76.27,3.0,16.0,0,0,43131,112.42
1785357224.303,4.3,100.0,76.26,4.0,54.0,0,0,43131,112.37
1785357225.304,2.8,100.0,76.28,3.0,47.0,0,0,43131,112.42
1785357226.304,3.4,100.0,76.26,3.0,43.0,0,0,43131,112.33
1785357227.304,5.6,100.0,76.28,2.0,51.0,0,0,43131,112.23
1785357228.304,5.7,100.0,76.30,2.0,56.0,0,0,43131,112.21
1785357229.304,2.6,74.0,76.30,4.0,51.0,0,0,43131,112.27
1785357230.304,3.4,89.8,76.48,3.0,57.0,0,0,43131,112.24
1785357231.304,4.8,100.0,76.49,3.0,180.8,0,0,43131,112.18
1785357232.304,4.2,100.0,76.49,3.0,18.0,0,0,43131,112.18
1785357233.304,6.2,100.0,76.48,2.0,18.0,0,0,43131,112.13
1785357234.304,6.3,100.0,76.50,2.0,24.9,0,0,43131,112.13
1785357235.304,6.2,100.0,76.53,3.0,41.0,0,0,43131,112.08
1785357236.305,7.0,100.0,76.52,2.0,53.2,0,0,43131,112.13
1785357237.305,8.9,100.0,76.54,4.0,52.0,0,0,43131,112.13
1785357238.305,7.2,100.0,76.54,2.0,50.0,0,0,43131,112.03
1785357239.305,5.9,100.0,76.89,4.0,32.0,0,0,43131,111.98
1785357240.305,5.0,100.0,76.84,3.0,18.0,0,0,43131,111.94
1785357241.305,5.0,100.0,76.84,2.0,40.0,0,0,43131,111.90
1785357242.305,2.9,59.8,76.83,4.0,59.0,0,0,43131,111.91
1785357243.305,2.9,83.0,76.85,4.0,34.9,0,0,43131,111.93
1785357244.305,4.0,50.0,76.86,5.0,26.1,0,0,43131,111.91
1785357245.305,4.5,100.0,76.86,2.0,24.0,0,0,43131,111.89
1785357246.306,5.1,100.0,76.71,1.0,44.0,0,0,43131,111.90
1785357247.306,6.8,100.0,76.78,4.0,22.0,0,0,43131,111.84
1785357248.306,4.0,100.0,76.78,3.0,29.0,0,0,43131,111.83
1785357249.306,5.0,100.0,76.78,1.0,29.0,0,0,43131,111.83
1785357250.306,4.2,100.0,76.77,4.0,20.0,0,0,43131,111.84
1785357251.306,5.2,100.0,76.85,1.0,41.0,0,0,43131,111.84
1785357252.306,3.5,100.0,76.85,28.0,88.0,0,0,43131,120.17
1785357253.306,4.0,100.0,76.85,24.0,1.0,92,56,43131,303.00
1785357254.306,4.7,100.0,76.85,37.0,7.0,88,100,43131,273.61
1785357255.307,4.5,100.0,76.83,38.0,9.0,87,100,43131,258.54
1785357256.307,3.2,100.0,76.81,40.0,8.0,87,100,43131,283.77
1785357257.307,3.0,100.0,76.80,37.0,8.0,87,100,43131,285.30
1785357258.307,3.4,100.0,76.81,45.0,6.0,94,74,43131,243.45
1785357259.307,2.9,36.0,76.82,42.0,5.0,89,100,43131,265.45
1785357260.307,3.2,75.2,76.90,47.0,9.0,87,98,43131,276.82
1785357261.307,2.4,100.0,76.92,39.0,7.0,87,98,43131,268.69
1785357262.307,5.5,100.0,76.90,46.0,9.0,87,86,43131,274.38
1785357263.307,5.6,100.0,76.88,44.0,8.0,85,97,43131,270.50
1785357264.307,5.3,100.0,76.87,40.0,8.0,85,81,43131,260.36
1785357265.308,2.3,100.0,76.85,40.0,7.0,84,95,43131,263.22
1785357266.308,3.4,100.0,76.85,40.0,8.0,84,95,43131,261.36
1785357267.308,4.5,100.0,76.86,45.0,7.0,87,71,43131,264.58
1785357268.308,4.9,100.0,76.85,47.0,8.0,87,100,43131,278.06
1785357269.308,5.3,100.0,76.85,49.0,9.0,89,89,43131,283.30
1785357270.308,4.4,100.0,76.41,42.0,10.0,86,92,43131,271.43
1785357271.308,5.7,100.0,76.46,45.0,9.0,88,77,43131,281.45
1785357272.308,3.7,100.0,76.47,48.0,10.0,86,99,43131,265.95
1785357273.308,4.8,100.0,76.46,44.0,8.0,85,92,43131,280.54
1785357274.308,4.7,100.0,76.44,37.0,7.0,88,100,43131,267.46
1785357275.309,6.0,91.0,76.44,43.0,7.0,88,95,43131,263.20
1785357276.309,2.9,100.0,76.42,41.0,7.0,89,82,43131,282.83
1785357277.309,4.3,100.0,76.44,45.3,8.0,85,88,43131,285.38
1785357278.309,5.3,98.0,76.45,40.8,7.0,87,98,43131,257.73
1785357279.309,6.6,100.0,76.64,47.0,9.0,84,91,43131,281.44
1785357280.309,5.0,100.0,76.77,34.0,7.0,88,99,43131,273.17
1785357281.309,4.4,100.0,76.76,42.0,7.0,89,100,43131,262.38
1785357282.309,4.1,100.0,76.77,36.0,6.0,88,99,43131,277.41
1785357283.309,2.3,100.0,76.78,43.0,8.0,90,86,43131,274.05
1785357284.309,4.5,100.0,76.73,45.0,7.0,91,91,43131,284.86
1785357285.309,2.3,100.0,76.73,44.0,8.0,87,99,43131,264.06
1785357286.310,5.3,100.0,76.71,40.0,8.0,88,99,43131,264.60
1785357287.310,4.3,100.0,76.70,53.0,9.0,87,95,43131,285.50
1785357288.310,4.2,97.0,76.45,44.0,11.0,88,73,43131,287.89
1785357289.310,2.4,100.0,76.42,43.0,10.0,86,99,43131,278.87
1785357290.310,3.1,100.0,76.43,44.0,9.0,87,100,43131,265.65
1785357291.310,3.7,100.0,76.43,50.0,11.0,88,86,43131,291.59
1785357292.310,5.4,100.0,76.41,44.0,10.0,90,86,43131,280.32
1785357293.310,4.3,100.0,76.42,44.0,9.0,93,80,43131,274.02
1785357294.310,4.8,100.0,76.42,49.0,9.0,86,91,43131,284.41
1785357295.310,7.0,100.0,76.41,46.0,10.0,85,73,43131,270.62
1785357296.311,8.2,100.0,76.43,42.0,8.0,89,100,43131,274.26
1785357297.311,10.0,78.0,76.43,46.0,8.0,87,100,43131,276.47
1785357298.311,7.4,92.0,76.55,40.0,9.0,85,96,43131,273.60
1785357299.311,7.5,100.0,76.56,32.0,5.0,89,100,43131,246.27
1785357300.311,6.1,100.0,76.55,28.0,4.0,87,99,43131,257.11
1785357301.311,8.2,100.0,76.55,26.0,2.0,92,100,43131,255.44
1785357302.311,6.7,100.0,75.81,14.0,0.0,0,0,43131,185.49
1785357303.311,8.1,100.0,76.04,2.0,0.0,0,0,43131,121.87
1785357304.311,5.3,100.0,76.04,4.0,0.0,0,0,43131,117.88
1785357305.311,8.5,100.0,76.23,0.0,152.0,0,0,43131,117.58
1785357306.312,6.0,100.0,76.25,4.0,47.1,0,0,43131,116.51
1785357307.312,6.5,100.0,76.23,2.0,43.0,0,0,43131,115.39
1785357308.312,8.7,94.1,76.23,3.0,30.0,0,0,43131,115.05
1785357309.312,5.2,69.4,75.87,3.0,28.0,0,0,43131,114.86
1785357310.312,6.1,100.0,76.04,2.0,23.0,0,0,43131,114.61
1785357311.312,6.5,100.0,76.06,4.0,40.0,0,0,43131,114.56
1785357312.312,6.2,100.0,76.05,2.0,58.0,0,0,43131,114.36
1785357313.312,5.6,100.0,76.07,3.0,39.1,0,0,43131,114.07
1785357314.312,4.4,100.0,76.06,2.0,36.9,0,0,43131,113.88
1785357315.312,6.1,100.0,76.07,2.0,34.0,0,0,43131,113.64
1785357316.312,6.6,100.0,76.06,3.0,41.0,0,0,43131,113.68
1785357317.312,5.9,86.9,76.07,3.0,43.0,0,0,43131,113.54
1785357318.313,6.4,99.0,76.39,3.0,18.0,0,0,43131,113.15
1785357319.313,5.9,100.0,76.37,1.0,52.0,0,0,43131,113.00
1785357320.313,7.1,100.0,76.38,2.0,47.0,0,0,43131,112.91
1785357321.313,6.0,100.0,76.39,2.0,66.0,0,0,43131,112.81
1785357322.313,6.5,100.0,76.38,3.0,29.0,0,0,43131,112.61
1785357323.313,5.6,100.0,76.40,1.0,34.0,0,0,43131,112.47
1785357324.313,4.9,100.0,76.42,5.0,66.0,0,0,43131,112.42
1785357325.313,4.5,100.0,76.41,3.0,46.9,0,0,43131,113.54
1785357326.313,5.9,100.0,76.41,3.0,53.0,0,0,43131,114.76
1785357327.313,6.4,100.0,76.42,2.0,49.0,0,0,43131,114.71
1785357328.313,7.0,100.0,76.46,2.0,36.0,0,0,43131,114.57
1785357329.314,5.6,100.0,76.45,2.0,33.0,0,0,43131,114.42
1785357330.314,5.2,100.0,76.44,3.0,38.0,0,0,43131,114.32
1785357331.314,6.3,100.0,76.46,4.0,32.0,0,0,43131,114.27
1785357332.314,6.8,100.0,76.45,1.0,34.0,0,0,43131,114.17
1785357333.314,6.8,100.0,76.44,3.0,36.0,0,0,43131,114.07
1785357334.314,6.0,100.0,76.42,3.0,35.0,0,0,43131,113.98
1785357335.314,6.7,100.0,76.43,1.0,33.0,0,0,43131,113.88
1785357336.314,6.0,100.0,76.42,3.0,36.0,0,0,43131,113.83
1785357337.314,4.7,88.0,76.42,2.0,33.0,0,0,43131,113.83
1785357338.314,6.0,87.0,76.26,3.0,30.0,0,0,43131,113.73
1785357339.314,7.6,100.0,76.28,3.0,32.0,0,0,43131,113.59
1785357340.315,6.6,100.0,76.27,1.0,29.0,0,0,43131,113.50
1785357341.315,6.3,100.0,76.25,4.0,34.0,0,0,43131,113.50
1785357342.315,5.8,100.0,76.25,2.0,33.0,0,0,43131,113.49
1785357343.315,6.7,100.0,76.25,1.0,39.0,0,0,43131,113.44
1785357344.315,5.9,100.0,76.21,2.0,34.0,0,0,43131,113.39
1785357345.315,7.3,99.0,76.33,3.0,26.0,0,0,43131,113.25
1785357346.315,5.7,100.0,76.32,1.0,26.0,0,0,43131,113.20
1785357347.315,6.5,99.0,76.34,5.0,30.0,0,0,43131,113.34
1785357348.315,5.1,100.0,76.36,1.0,28.0,0,0,43131,113.29
1785357349.315,5.0,100.0,76.36,3.0,13.0,0,0,43131,113.15
1785357350.315,6.4,100.0,76.33,3.0,32.0,0,0,43131,113.10
1785357351.316,5.9,100.0,76.35,1.0,26.0,0,0,43131,112.95
1785357352.316,4.4,100.0,76.35,4.0,25.0,0,0,43131,113.15
1785357353.316,3.5,80.0,76.34,3.0,21.0,0,0,43131,113.16
1785357354.316,5.2,79.2,76.12,2.0,23.0,0,0,43131,112.87
1785357355.316,6.0,100.0,76.12,3.0,28.0,0,0,43131,112.82
1785357356.316,7.8,100.0,76.12,3.0,17.0,0,0,43131,112.71
1785357357.316,9.9,100.0,76.13,2.0,28.0,0,0,43131,112.81
1785357358.316,9.4,100.0,76.49,2.0,50.0,0,0,43131,112.81
1785357359.316,8.4,100.0,76.49,2.0,154.0,0,0,43131,112.61
1785357360.317,6.7,100.0,76.48,1.0,45.0,0,0,43131,112.81
1785357361.317,4.7,100.0,76.47,4.0,31.0,0,0,43131,112.81
1785357362.317,4.2,80.8,76.46,2.0,20.0,0,0,43131,112.52
1785357363.317,4.8,94.1,76.37,1.0,53.0,0,0,43131,112.43
1785357364.317,5.8,100.0,76.33,4.0,45.9,0,0,43131,112.42
1785357365.317,5.6,100.0,76.33,0.0,42.0,0,0,43131,112.52
1785357366.317,4.6,100.0,76.31,5.0,49.0,0,0,43131,112.52
1785357367.317,7.2,100.0,76.32,1.0,57.0,0,0,43131,112.37
1785357368.317,6.4,100.0,76.30,2.0,49.0,0,0,43131,112.37
1785357369.317,8.9,100.0,76.29,2.0,65.0,0,0,43131,112.37
1785357370.318,7.9,93.0,76.29,4.0,171.6,0,0,43131,112.22
1785357371.318,6.3,100.0,76.57,2.0,16.0,0,0,43131,112.18
1785357372.318,6.6,100.0,76.67,2.0,18.0,0,0,43131,112.22
1785357373.318,5.9,100.0,76.67,0.0,17.1,0,0,43131,112.18
1785357374.318,8.1,100.0,76.68,3.0,35.8,0,0,43131,112.08
1785357375.318,5.5,100.0,76.66,3.0,47.0,0,0,43131,112.13
1785357376.318,4.9,100.0,76.64,4.0,62.0,0,0,43131,112.13
1785357377.318,4.6,100.0,76.64,3.0,47.0,0,0,43131,112.08
1785357378.318,7.1,100.0,76.68,1.0,31.0,0,0,43131,112.08
1785357379.318,4.3,80.0,76.19,4.0,21.0,0,0,43131,112.13
1785357380.319,5.3,100.0,76.28,2.0,19.0,0,0,43131,112.18
1785357381.319,6.9,100.0,76.29,3.0,63.0,0,0,43131,112.08
1785357382.319,7.1,100.0,76.31,3.0,41.0,0,0,43131,112.03
1785357383.319,6.2,100.0,76.33,4.0,39.0,0,0,43131,112.03
1785357384.319,7.0,100.0,76.43,0.0,48.0,0,0,43131,111.93
1785357385.319,5.7,100.0,76.41,3.0,38.9,0,0,43131,111.93
1785357386.319,6.6,100.0,76.40,2.0,36.1,0,0,43131,111.98
1785357387.319,5.9,100.0,76.45,3.0,25.1,0,0,43131,111.88
1785357388.319,5.3,100.0,76.51,3.0,74.0,0,0,43131,112.13
1785357389.319,5.4,84.0,76.52,26.9,34.9,100,61,43131,195.67
1785357390.319,6.6,98.0,76.74,24.0,5.0,85,98,43131,266.97
1785357391.320,7.6,100.0,76.73,30.0,8.0,84,96,43131,253.62
1785357392.320,8.0,100.0,76.73,29.0,9.0,86,99,43131,284.29
1785357393.320,8.3,100.0,76.72,27.0,8.0,88,100,43131,278.35
1785357394.320,6.0,100.0,76.72,32.0,8.0,53,53,43131,246.23
1785357395.320,7.3,100.0,76.73,35.0,5.0,86,81,43131,271.48
1785357396.320,6.9,100.0,76.71,31.0,5.0,87,84,43131,259.57
1785357397.320,7.5,100.0,76.70,33.0,6.0,88,87,43131,269.29
1785357398.320,7.3,100.0,77.03,42.9,10.0,85,74,43131,282.44
1785357399.320,5.8,100.0,76.86,37.1,10.0,83,95,43131,251.93
1785357400.320,4.8,86.0,76.86,42.0,10.0,85,98,43131,259.82
1785357401.320,6.6,97.0,76.93,46.0,9.0,89,88,43131,277.86
1785357402.321,6.4,100.0,76.92,43.0,10.0,87,100,43131,282.09
1785357403.321,5.0,100.0,76.93,43.0,8.0,88,73,43131,248.52
1785357404.321,7.3,100.0,76.87,41.0,7.0,88,100,43131,271.02
1785357405.321,5.9,100.0,76.86,33.0,6.0,86,96,43131,271.52
1785357406.321,6.6,100.0,76.85,37.0,7.0,88,100,43131,256.38
1785357407.321,7.2,100.0,76.85,44.0,5.0,82,77,43131,262.54
1785357408.321,6.9,100.0,76.83,35.0,8.0,86,83,43131,256.14
1785357409.321,4.2,94.0,76.83,41.0,6.0,91,93,43131,279.73
1785357410.321,3.8,76.2,76.80,44.0,7.0,89,80,43131,271.20
1785357411.321,4.9,87.0,76.76,45.0,9.0,89,92,43131,277.89
1785357412.322,6.7,100.0,76.77,42.0,8.0,87,98,43131,272.50
1785357413.322,5.0,100.0,76.75,43.0,8.0,87,100,43131,273.36
1785357414.322,5.2,100.0,76.76,33.0,9.0,94,78,43131,283.55
1785357415.322,5.2,100.0,76.75,30.0,8.0,88,99,43131,262.30
1785357416.322,7.2,100.0,76.76,31.0,8.0,88,85,43131,266.14
1785357417.322,11.2,100.0,76.77,38.0,6.0,88,90,43131,282.00
1785357418.322,9.4,99.0,76.51,39.0,9.0,87,98,43131,290.57
1785357419.322,7.7,100.0,76.62,46.0,7.0,87,70,43131,284.37
1785357420.322,8.9,100.0,76.90,46.0,9.0,84,95,43131,267.58
1785357421.322,5.2,100.0,76.91,41.0,9.0,86,99,43131,269.80
1785357422.322,7.0,100.0,76.93,46.0,10.0,85,97,43131,285.71
1785357423.323,6.9,100.0,76.92,44.0,8.0,85,92,43131,280.14
1785357424.323,6.8,87.0,76.89,53.0,10.0,92,76,43131,285.53
1785357425.323,4.6,79.2,77.01,47.0,9.0,86,99,43131,281.59
1785357426.323,4.3,100.0,77.00,43.9,9.0,87,99,43131,271.71
1785357427.323,4.3,100.0,76.99,52.1,10.0,87,100,43131,278.51
1785357428.323,5.7,100.0,76.98,43.0,10.0,87,100,43131,262.70
1785357429.323,6.3,100.0,76.97,41.0,9.0,85,97,43131,284.40
1785357430.323,7.0,100.0,76.96,34.0,8.0,84,95,43131,278.74
1785357431.323,7.3,100.0,76.93,37.0,7.0,88,99,43131,289.93
1785357432.323,3.9,100.0,76.93,34.0,8.0,87,84,43131,273.61
1785357433.323,4.5,100.0,76.94,33.1,6.0,87,96,43131,258.74
1785357434.324,6.0,100.0,76.94,28.9,7.0,89,100,43131,274.66
1785357435.324,6.4,100.0,77.08,27.0,6.0,89,100,43131,263.36
1785357436.324,5.6,100.0,77.07,23.0,4.0,90,100,43131,256.54
1785357437.324,6.6,99.0,76.18,22.0,4.0,90,100,43131,257.58
1785357438.324,5.2,100.0,76.80,26.0,10.0,71,80,43131,232.51
1785357439.324,6.2,100.0,76.00,2.0,0.0,0,0,43131,135.18
1785357440.324,5.3,100.0,75.99,3.0,0.0,0,0,43131,117.90
1785357441.324,5.0,100.0,76.11,2.0,1520.9,0,0,43131,117.63
1785357442.324,6.1,100.0,76.17,4.0,190.0,0,0,43131,116.62
1785357443.324,6.6,100.0,76.19,2.0,48.0,0,0,43131,115.59
1785357444.325,6.8,100.0,76.14,0.0,40.0,0,0,43131,115.24
1785357445.325,5.6,100.0,76.16,4.0,34.0,0,0,43131,114.95
1785357446.325,6.4,100.0,76.15,2.0,29.0,0,0,43131,114.71
1785357447.325,6.4,100.0,76.15,2.0,32.0,0,0,43131,114.56
1785357448.325,8.0,100.0,76.16,2.0,62.0,0,0,43131,114.37
1785357449.325,6.1,100.0,76.16,3.0,42.0,0,0,43131,114.12
1785357450.325,6.8,100.0,76.17,2.0,48.0,0,0,43131,113.88
1785357451.325,6.0,100.0,76.18,2.0,33.0,0,0,43131,113.64
1785357452.325,7.2,100.0,76.18,3.0,41.0,0,0,43131,113.44
1785357453.325,6.6,100.0,76.16,1.0,42.0,0,0,43131,113.30
1785357454.326,6.1,84.0,76.14,2.0,19.0,0,0,43131,113.16
1785357455.326,7.2,100.0,76.26,2.0,56.0,0,0,43131,113.01
1785357456.326,7.3,100.0,76.26,3.0,57.0,0,0,43131,112.91
1785357457.326,6.2,100.0,76.29,1.0,68.0,0,0,43131,112.96
1785357458.326,7.2,100.0,76.29,3.0,30.0,0,0,43131,112.81
1785357459.326,4.9,100.0,76.29,3.0,37.0,0,0,43131,112.47
1785357460.326,5.1,100.0,76.28,4.0,68.0,0,0,43131,112.39
1785357461.326,7.0,100.0,76.27,1.0,43.0,0,0,43131,113.55
1785357462.326,6.9,100.0,76.28,2.0,60.0,0,0,43131,114.80
1785357463.326,6.3,100.0,76.32,3.0,50.0,0,0,43131,114.71
1785357464.327,6.6,100.0,76.32,1.0,34.0,0,0,43131,114.56
1785357465.327,4.2,100.0,76.30,3.0,36.0,0,0,43131,114.52
1785357466.327,5.0,100.0,76.29,2.0,35.0,0,0,43131,114.37
1785357467.327,7.0,100.0,76.30,5.0,36.0,0,0,43131,114.27
1785357468.327,6.5,100.0,76.28,1.0,35.0,0,0,43131,114.12
1785357469.327,5.8,100.0,76.28,2.0,33.0,0,0,43131,114.07
1785357470.327,4.9,100.0,76.27,4.0,32.0,0,0,43131,114.03
1785357471.327,6.3,100.0,76.33,3.0,31.0,0,0,43131,113.88
1785357472.327,6.7,100.0,76.31,1.0,37.0,0,0,43131,113.78
1785357473.327,5.6,100.0,76.29,3.0,34.0,0,0,43131,113.73
1785357474.327,6.7,100.0,76.28,2.0,32.0,0,0,43131,113.73
1785357475.328,6.3,100.0,76.45,3.0,24.0,0,0,43131,113.73
1785357476.328,7.0,100.0,76.44,3.0,33.0,0,0,43131,113.64
1785357477.328,7.7,100.0,76.45,4.0,36.0,0,0,43131,113.44
1785357478.328,7.2,100.0,76.46,1.0,35.0,0,0,43131,113.39
1785357479.328,5.8,100.0,76.44,2.0,38.0,0,0,43131,113.44
1785357480.328,6.6,100.0,76.44,2.0,38.0,0,0,43131,113.34
1785357481.328,5.4,100.0,76.44,2.0,28.0,0,0,43131,113.25
1785357482.328,5.1,100.0,76.52,2.0,28.0,0,0,43131,113.35
1785357483.328,4.3,100.0,76.50,5.0,26.0,0,0,43131,113.30
1785357484.328,5.5,100.0,76.50,3.0,26.0,0,0,43131,113.05
1785357485.328,6.3,100.0,76.51,3.0,15.0,0,0,43131,112.96
1785357486.329,6.1,100.0,76.50,2.0,32.0,0,0,43131,113.00
1785357487.329,4.7,100.0,76.50,3.0,26.0,0,0,43131,113.16
1785357488.329,5.2,100.0,76.66,3.0,18.0,0,0,43131,113.11
1785357489.329,8.4,100.0,76.66,2.0,29.0,0,0,43131,112.86
1785357490.329,5.9,100.0,76.67,5.0,25.0,0,0,43131,112.81
1785357491.329,7.1,92.0,76.28,1.0,15.0,0,0,43131,112.81
1785357492.329,6.8,100.0,76.58,2.0,27.0,0,0,43131,113.11
1785357493.329,6.6,100.0,76.56,3.0,53.0,0,0,43131,113.10
1785357494.329,8.8,100.0,76.59,2.0,121.1,0,0,43131,112.66
1785357495.329,6.6,100.0,76.58,4.0,28.0,0,0,43131,112.61
1785357496.329,4.9,100.0,76.56,3.0,37.0,0,0,43131,112.57
1785357497.330,3.9,100.0,76.56,4.0,9.0,0,0,43131,112.76
1785357498.330,6.2,100.0,76.57,1.0,37.0,0,0,43131,112.81
1785357499.330,6.0,94.1,76.58,4.0,44.0,0,0,43131,112.49
1785357500.330,7.7,89.0,76.52,3.0,44.0,0,0,43131,112.39
1785357501.330,5.1,100.0,76.50,2.0,36.0,0,0,43131,112.32
1785357502.330,7.2,100.0,76.48,4.0,41.0,0,0,43131,112.32
1785357503.330,6.3,100.0,76.47,3.0,41.0,0,0,43131,112.37
1785357504.330,5.5,100.0,76.46,3.0,61.0,0,0,43131,112.37
1785357505.330,6.9,100.0,76.43,1.0,44.0,0,0,43131,112.37
1785357506.330,7.0,100.0,76.45,3.9,161.6,0,0,43131,112.32
1785357507.330,7.7,100.0,76.46,3.1,64.8,0,0,43131,112.27
1785357508.331,6.2,100.0,76.46,2.0,16.0,0,0,43131,112.22
1785357509.331,6.2,100.0,76.42,2.0,18.0,0,0,43131,112.18
1785357510.331,5.3,92.0,76.41,3.0,24.0,0,0,43131,112.18
1785357511.331,5.2,91.0,76.65,2.0,40.0,0,0,43131,112.13
1785357512.331,4.0,100.0,76.65,4.0,50.0,0,0,43131,112.47
1785357513.331,6.4,100.0,76.66,2.0,56.0,0,0,43131,112.47
1785357514.331,6.0,100.0,76.66,4.0,49.0,0,0,43131,112.00
1785357515.331,5.2,100.0,76.66,5.0,26.0,0,0,43131,112.00
1785357516.331,4.8,100.0,76.65,2.0,28.0,0,0,43131,112.04
1785357517.332,5.0,100.0,76.66,4.0,12.0,0,0,43131,111.99
1785357518.332,4.9,100.0,76.65,3.0,30.0,0,0,43131,112.04
1785357519.332,7.4,100.0,76.64,4.0,61.0,0,0,43131,112.03
1785357520.332,7.5,100.0,76.65,3.0,40.0,0,0,43131,111.97
1785357521.332,7.7,99.0,76.64,3.0,40.0,0,0,43131,111.97
1785357522.332,8.8,90.0,76.61,3.0,43.0,0,0,43131,111.88
1785357523.332,7.4,100.0,76.69,1.0,44.0,0,0,43131,111.88
1785357524.332,8.1,100.0,76.91,3.0,32.0,0,0,43131,111.93
1785357525.332,9.2,100.0,77.34,2.0,39.0,0,0,43131,111.88
1785357526.332,7.2,100.0,77.35,2.0,73.0,0,0,43131,111.93
1785357527.332,8.2,100.0,77.32,32.0,21.0,93,58,43131,223.58
1785357528.333,5.9,100.0,77.31,32.0,6.0,86,99,43131,292.24
1785357529.333,8.9,100.0,77.27,37.0,10.0,86,99,43131,251.72
1785357530.333,7.1,100.0,77.24,36.0,9.0,87,100,43131,260.77
1785357531.333,8.1,100.0,77.25,37.0,9.0,88,100,43131,272.72
1785357532.333,7.7,100.0,77.11,31.0,6.0,91,100,43131,243.82
1785357533.333,8.2,100.0,77.10,33.0,3.0,89,100,43131,265.06
1785357534.333,8.0,100.0,77.06,44.0,5.0,89,76,43131,278.31
1785357535.333,7.0,100.0,77.03,47.0,7.0,87,99,43131,241.48
1785357536.333,5.3,100.0,77.37,46.0,9.0,91,89,43131,279.95
1785357537.333,9.3,100.0,77.20,40.0,9.0,86,99,43131,246.81
1785357538.334,9.5,100.0,77.14,40.0,8.0,91,94,43131,268.67
1785357539.334,8.4,100.0,77.14,51.0,10.0,93,77,43131,286.51
1785357540.334,8.0,100.0,77.11,47.0,9.0,88,95,43131,296.52
1785357541.334,6.2,100.0,77.10,52.0,9.0,86,99,43131,281.26
1785357542.334,5.7,100.0,77.41,46.0,9.0,86,83,43131,260.04
1785357543.334,5.8,100.0,77.33,50.0,11.0,85,98,43131,274.85
1785357544.334,6.7,100.0,77.32,49.0,10.0,88,91,43131,267.93
1785357545.334,6.8,100.0,77.28,52.0,10.0,93,80,43131,290.16
1785357546.334,7.9,100.0,77.28,44.0,10.0,88,88,43131,275.67
1785357547.335,6.7,100.0,77.44,44.0,10.0,86,99,43131,280.10
1785357548.335,7.1,100.0,77.41,43.2,8.0,85,96,43131,263.35
1785357549.335,7.1,100.0,77.42,44.8,9.0,86,97,43131,267.08
1785357550.335,6.9,100.0,77.34,46.0,9.0,87,91,43131,288.02
1785357551.335,4.2,100.0,77.33,38.0,6.0,88,85,43131,272.08
1785357552.335,8.1,100.0,77.27,40.0,7.0,88,100,43131,279.46
1785357553.335,7.2,100.0,77.24,44.0,7.0,93,74,43131,288.36
1785357554.335,7.4,100.0,77.23,44.0,8.0,89,100,43131,288.83
1785357555.335,6.0,100.0,77.22,42.0,8.0,89,100,43131,273.25
1785357556.335,5.8,100.0,77.19,44.0,8.0,86,99,43131,273.38
1785357557.336,5.8,100.0,77.19,45.0,9.0,88,93,43131,273.69
1785357558.336,6.0,100.0,77.15,42.0,9.0,88,100,43131,266.47
1785357559.336,6.9,100.0,77.20,45.0,9.0,88,99,43131,272.26
1785357560.336,6.3,100.0,77.17,46.0,9.0,84,89,43131,276.42
1785357561.336,7.4,100.0,77.16,41.0,8.0,87,92,43131,286.09
1785357562.336,5.7,100.0,77.15,40.0,7.0,85,88,43131,274.51
1785357563.336,4.8,100.0,77.12,42.0,7.0,85,96,43131,286.25
1785357564.336,5.7,100.0,77.12,44.0,8.0,85,96,43131,264.04
1785357565.336,4.9,100.0,77.34,40.0,7.0,85,81,43131,272.66
1785357566.336,5.9,100.0,77.34,42.0,6.0,88,99,43131,256.69
1785357567.337,7.6,100.0,77.22,41.0,8.0,87,98,43131,268.73
1785357568.337,7.6,99.0,77.11,40.0,7.0,86,97,43131,271.98
1785357569.337,4.4,100.0,77.11,42.0,8.0,87,99,43131,275.62
1785357570.337,4.6,100.0,77.07,41.0,8.0,87,98,43131,269.61
1785357571.337,6.3,100.0,77.04,41.0,8.0,94,76,43131,275.72
1785357572.337,5.8,100.0,77.01,40.0,6.0,89,100,43131,276.49
1785357573.337,5.8,100.0,76.98,31.0,6.0,89,100,43131,274.70
1785357574.337,5.5,100.0,76.96,31.0,5.0,90,100,43131,258.50
1785357575.337,4.5,100.0,76.95,26.0,3.0,89,100,43131,254.00
1785357576.337,4.9,100.0,76.59,25.0,25.0,0,0,43131,221.41
1785357577.338,6.6,100.0,75.86,2.0,0.0,0,0,43131,134.93
1785357578.338,6.1,100.0,75.83,2.0,0.0,0,0,43131,118.08
1785357579.338,5.4,100.0,75.93,3.0,0.0,0,0,43131,117.67
1785357580.338,8.0,100.0,75.98,3.0,185.1,0,0,43131,116.56
1785357581.338,7.7,100.0,75.99,3.0,48.0,0,0,43131,115.49
1785357582.338,5.4,81.0,76.01,2.0,35.0,0,0,43131,115.17
1785357583.338,7.9,100.0,76.20,4.0,34.0,0,0,43131,115.07
1785357584.338,7.8,100.0,76.20,1.0,34.0,0,0,43131,114.80
1785357585.338,6.0,100.0,76.19,1.0,26.0,0,0,43131,114.51
1785357586.338,5.4,100.0,76.17,5.0,74.0,0,0,43131,114.32
1785357587.339,4.8,100.0,76.17,3.0,35.0,0,0,43131,114.08
1785357588.339,4.6,100.0,76.17,3.0,32.0,0,0,43131,113.84
1785357589.339,5.2,100.0,76.33,4.0,39.0,0,0,43131,113.74
1785357590.339,4.6,100.0,76.35,2.0,28.0,0,0,43131,113.64
1785357591.339,3.3,85.0,76.36,4.0,38.0,0,0,43131,113.35
1785357592.339,3.8,89.0,76.35,2.0,31.0,0,0,43131,113.11
1785357593.339,3.6,93.1,76.36,4.0,44.0,0,0,43131,113.07
1785357594.339,3.7,93.9,76.37,4.0,16.0,0,0,43131,112.96
1785357595.339,6.6,100.0,76.37,3.0,20.0,0,0,43131,112.77
1785357596.340,6.3,100.0,76.37,4.0,54.0,0,0,43131,112.82
1785357597.340,9.8,99.0,76.39,1.0,39.0,0,0,43131,114.32
1785357598.340,6.6,99.0,76.41,4.0,49.0,0,0,43131,115.69
1785357599.340,5.4,100.0,76.38,3.0,56.0,0,0,43131,115.64
1785357600.340,3.2,72.0,76.38,2.0,13.0,0,0,43131,115.55
1785357601.340,3.0,84.0,76.40,3.0,19.0,0,0,43131,115.40
1785357602.340,3.9,80.8,76.37,4.0,21.0,0,0,43131,115.30
1785357603.340,4.3,83.0,76.35,4.0,37.0,0,0,43131,115.25
1785357604.341,4.5,81.0,76.34,3.0,46.0,0,0,43131,115.11
1785357605.341,4.6,71.0,76.35,4.0,38.0,0,0,43131,115.01
1785357606.341,4.5,83.0,76.36,4.0,34.0,0,0,43131,114.86
1785357607.341,4.1,79.0,76.59,4.0,21.0,0,0,43131,114.77
1785357608.341,4.7,100.0,76.60,4.0,36.0,0,0,43131,114.76
1785357609.341,4.8,100.0,76.57,3.0,35.0,0,0,43131,114.71
1785357610.341,6.1,100.0,76.57,2.0,37.0,0,0,43131,114.66
1785357611.341,8.0,100.0,76.60,3.0,28.0,0,0,43131,114.51
1785357612.341,6.6,100.0,76.61,3.0,34.0,0,0,43131,114.42
1785357613.342,8.7,100.0,76.87,2.0,35.2,0,0,43131,114.37
1785357614.342,7.4,100.0,76.80,1.0,35.8,0,0,43131,114.27
1785357615.342,5.4,99.0,76.80,3.0,35.0,0,0,43131,114.56
1785357616.342,5.5,84.0,76.79,2.0,31.0,0,0,43131,114.57
1785357617.342,3.6,87.0,76.80,4.0,31.0,0,0,43131,114.18
1785357618.342,3.4,83.0,76.80,2.0,31.0,0,0,43131,114.09
1785357619.342,3.1,81.0,76.79,4.0,29.0,0,0,43131,113.99
1785357620.342,3.2,81.2,76.77,1.0,37.0,0,0,43131,113.94
1785357621.342,2.9,82.8,76.76,3.0,30.0,0,0,43131,113.89
1785357622.343,5.2,83.2,76.71,2.0,30.0,0,0,43131,113.84
1785357623.343,5.5,87.9,76.72,3.0,32.0,0,0,43131,114.13
1785357624.343,3.0,61.6,76.86,3.0,23.0,0,0,43131,114.09
1785357625.343,3.4,82.2,76.86,3.0,28.0,0,0,43131,113.70
1785357626.343,3.9,100.0,76.83,4.0,31.0,0,0,43131,113.65
1785357627.343,4.6,100.0,76.80,2.0,31.0,0,0,43131,113.60
1785357628.343,6.4,99.0,76.79,3.0,20.0,0,0,43131,113.54
1785357629.343,4.9,82.2,76.79,2.0,26.0,0,0,43131,113.45
1785357630.343,4.5,82.8,76.76,3.0,32.0,0,0,43131,113.37
1785357631.343,3.2,84.2,76.72,5.0,25.0,0,0,43131,113.37
1785357632.344,4.1,84.0,76.74,2.0,24.0,0,0,43131,113.35
1785357633.344,3.9,84.2,76.71,3.0,22.0,0,0,43131,113.40
1785357634.344,5.4,84.0,76.70,3.0,26.0,0,0,43131,113.59
1785357635.344,3.9,84.0,76.68,3.0,26.0,0,0,43131,113.50
1785357636.344,6.0,99.0,76.66,1.0,21.0,0,0,43131,113.20
1785357637.344,4.9,100.0,76.64,3.0,29.0,0,0,43131,113.10
1785357638.344,6.0,99.0,76.64,3.0,26.0,0,0,43131,113.10
1785357639.344,6.4,99.0,76.65,2.0,26.0,0,0,43131,113.15
1785357640.344,6.3,92.0,76.39,2.0,17.0,0,0,43131,113.10
1785357641.345,5.3,100.0,76.37,3.0,21.0,0,0,43131,113.10
1785357642.345,6.0,100.0,76.36,2.0,15.0,0,0,43131,113.20
1785357643.345,5.6,100.0,76.36,3.0,23.0,0,0,43131,113.15
1785357644.345,6.8,100.0,76.33,2.0,14.0,0,0,43131,112.95
1785357645.345,5.6,100.0,76.34,4.0,17.0,0,0,43131,112.91
1785357646.345,6.3,100.0,76.34,2.0,16.0,0,0,43131,112.96
1785357647.345,5.9,100.0,76.37,3.0,29.0,0,0,43131,112.95
1785357648.345,7.9,100.0,76.36,3.0,196.0,0,0,43131,112.96
1785357649.345,4.3,100.0,76.39,1.0,44.0,0,0,43131,112.91
1785357650.346,4.1,100.0,76.39,3.0,46.0,0,0,43131,112.81
1785357651.346,4.7,85.0,76.40,3.0,16.0,0,0,43131,112.81
1785357652.346,6.0,85.0,76.59,1.0,38.0,0,0,43131,112.91
1785357653.346,7.3,100.0,76.60,5.0,51.0,0,0,43131,112.91
1785357654.346,5.9,100.0,76.58,2.0,42.0,0,0,43131,112.86
1785357655.346,5.4,100.0,76.58,3.0,38.0,0,0,43131,112.76
1785357656.346,7.7,100.0,76.57,3.0,49.0,0,0,43131,112.66
1785357657.346,11.3,100.0,76.59,2.0,61.0,0,0,43131,112.66
1785357658.346,8.5,100.0,76.61,2.0,48.0,0,0,43131,112.66
1785357659.346,6.1,100.0,76.62,3.0,61.0,0,0,43131,112.66
1785357660.346,5.9,100.0,76.65,1.0,181.0,0,0,43131,112.71
1785357661.347,4.8,89.0,76.65,5.0,20.0,0,0,43131,112.71
1785357662.347,4.8,85.0,76.65,2.0,21.0,0,0,43131,112.67
1785357663.347,5.7,100.0,76.14,2.0,13.0,0,0,43131,112.67
1785357664.347,6.4,100.0,76.14,3.0,16.0,0,0,43131,112.57
1785357665.347,5.8,100.0,76.16,3.0,30.0,0,0,43131,112.47
1785357666.347,4.0,100.0,76.16,0.0,35.0,0,0,43131,112.52
1785357667.347,5.0,100.0,76.14,4.0,47.0,0,0,43131,112.91
1785357668.347,5.3,100.0,76.14,3.0,52.0,0,0,43131,112.47
1785357669.347,6.5,100.0,76.15,2.0,53.0,0,0,43131,111.84
1785357670.347,6.3,100.0,76.15,3.0,32.0,0,0,43131,111.79
1785357671.347,5.7,100.0,76.17,2.0,20.0,0,0,43131,111.59
1785357672.348,4.7,100.0,76.15,2.0,29.0,0,0,43131,111.55
1785357673.348,5.2,100.0,76.19,3.0,66.0,0,0,43131,111.56
1785357674.348,6.8,98.0,76.20,2.0,42.7,0,0,43131,111.50
1785357675.348,6.6,99.0,76.22,5.0,31.0,0,0,43131,111.45
1785357676.348,6.8,100.0,76.20,3.0,40.2,0,0,43131,111.50
1785357677.348,4.5,81.0,76.22,2.0,37.0,0,0,43131,111.69
1785357678.348,3.6,87.0,76.22,3.0,38.0,0,0,43131,111.61
1785357679.348,2.3,83.0,76.21,2.0,16.0,0,0,43131,111.36
1785357680.348,4.2,90.9,76.32,4.0,42.0,0,0,43131,111.41
1785357681.348,3.4,91.0,76.32,9.0,92.0,0,0,43131,111.36
1785357682.349,4.2,85.0,76.31,46.0,3.0,92,57,43131,233.83
1785357683.349,3.2,83.0,76.32,36.0,8.0,87,100,43131,275.03
1785357684.349,3.3,84.0,76.30,38.0,8.0,87,100,43131,284.74
1785357685.349,3.7,83.2,76.30,39.0,9.0,87,100,43131,282.72
1785357686.349,6.2,99.0,76.33,37.0,9.0,87,100,43131,283.23
1785357687.349,5.6,100.0,76.33,48.9,6.0,99,62,43131,262.07
1785357688.349,6.3,100.0,76.33,46.0,6.0,93,82,43131,263.14
1785357689.349,4.5,82.0,76.33,42.0,7.0,88,99,43131,271.33
1785357690.349,3.9,60.6,76.34,42.0,8.0,91,90,43131,271.46
1785357691.349,3.7,84.8,76.35,47.0,9.0,87,99,43131,273.94
1785357692.350,4.2,61.4,76.35,47.0,10.0,87,87,43131,283.40
1785357693.350,3.9,98.0,76.35,45.8,9.0,85,98,43131,273.83
1785357694.350,4.4,83.0,76.36,44.2,8.0,91,88,43131,266.76
1785357695.350,4.1,83.0,76.34,55.0,10.0,88,81,43131,281.11
1785357696.350,3.2,81.0,76.34,53.0,11.0,88,86,43131,269.52
1785357697.350,3.5,87.9,76.32,45.0,10.0,90,93,43131,285.11
1785357698.350,3.2,75.5,76.32,50.0,11.0,84,97,43131,278.63
1785357699.350,3.9,76.8,76.31,54.0,10.0,85,98,43131,251.53
1785357700.350,4.6,82.0,76.29,49.0,11.0,83,94,43131,277.87
1785357701.350,5.2,90.9,76.29,44.0,10.0,86,94,43131,281.11
1785357702.351,4.2,76.8,76.31,45.0,8.0,89,78,43131,277.78
1785357703.351,4.0,82.2,76.34,48.0,8.0,86,99,43131,272.08
1785357704.351,5.1,100.0,76.33,45.0,9.0,86,99,43131,279.91
1785357705.351,6.8,100.0,76.35,42.0,7.0,86,97,43131,283.14
1785357706.351,6.8,98.0,76.32,40.0,9.0,91,90,43131,268.45
1785357707.351,3.1,77.0,76.33,47.0,8.0,85,96,43131,276.13
1785357708.351,6.0,90.0,76.33,47.0,8.0,89,86,43131,268.34
1785357709.351,5.7,76.0,76.35,45.0,8.0,85,96,43131,276.89
1785357710.351,4.8,86.0,76.10,53.0,10.0,90,93,43131,282.47
1785357711.352,5.1,100.0,76.10,54.0,10.0,87,84,43131,289.30
1785357712.352,6.3,100.0,76.11,52.0,12.0,93,80,43131,300.33
1785357713.352,6.4,100.0,76.23,48.0,11.0,88,87,43131,288.22
1785357714.352,4.5,100.0,76.23,49.0,11.0,92,65,43131,285.55
1785357715.352,4.6,100.0,76.22,46.0,10.0,86,99,43131,293.68
1785357716.352,5.1,100.0,76.22,57.0,12.0,84,83,43131,298.32
1785357717.352,6.7,100.0,76.19,52.0,12.0,86,82,43131,272.46
1785357718.352,6.5,100.0,76.18,51.0,11.0,88,87,43131,267.19
1785357719.352,5.1,100.0,76.17,49.0,10.0,87,100,43131,277.26
1785357720.353,5.1,100.0,76.17,46.0,11.0,85,97,43131,274.08
1785357721.353,5.7,100.0,76.16,41.0,8.0,84,95,43131,290.14
1785357722.353,6.9,100.0,76.12,31.0,6.0,88,99,43131,258.49
1785357723.353,4.5,96.0,76.11,26.0,3.0,88,100,43131,258.65
1785357724.353,4.3,79.8,76.16,29.0,8.0,39,44,43131,240.29
1785357725.353,7.3,100.0,75.74,4.0,0.0,0,0,43131,131.90
1785357726.353,6.4,100.0,75.76,2.0,0.0,0,0,43131,117.50
1785357727.353,6.6,100.0,75.87,3.0,0.0,0,0,43131,116.60
1785357728.353,6.0,100.0,75.97,1.0,211.1,0,0,43131,115.53
1785357729.353,5.2,100.0,76.00,2.0,49.0,0,0,43131,115.19
1785357730.354,6.3,100.0,76.02,5.0,36.0,0,0,43131,114.85
1785357731.354,6.4,100.0,76.00,0.0,33.0,0,0,43131,114.43
1785357732.354,4.9,100.0,75.99,3.0,38.0,0,0,43131,114.24
1785357733.354,5.0,91.9,76.12,2.0,19.1,0,0,43131,114.21
1785357734.354,5.3,100.0,76.45,2.0,64.6,0,0,43131,114.01
1785357735.354,5.7,100.0,76.46,4.0,38.0,0,0,43131,113.73
1785357736.354,5.7,100.0,76.48,3.0,40.0,0,0,43131,113.64
1785357737.354,4.8,100.0,76.49,2.0,40.0,0,0,43131,113.44
1785357738.354,4.7,100.0,76.48,2.0,42.9,0,0,43131,113.15
1785357739.354,6.4,99.0,76.50,2.0,36.1,0,0,43131,112.91
1785357740.354,6.1,100.0,76.51,3.0,37.0,0,0,43131,112.82
1785357741.355,6.8,100.0,76.51,1.0,18.0,0,0,43131,113.10
1785357742.355,6.7,100.0,76.51,5.0,55.0,0,0,43131,114.51
1785357743.355,6.6,100.0,76.51,1.0,57.0,0,0,43131,115.14
1785357744.355,6.3,100.0,76.49,2.0,67.0,0,0,43131,115.19
1785357745.355,4.8,78.0,76.51,3.0,27.0,0,0,43131,115.69
1785357746.355,4.7,84.0,76.43,3.0,32.0,0,0,43131,115.49
1785357747.355,4.9,100.0,76.45,3.0,65.0,0,0,43131,115.29
1785357748.355,7.7,100.0,76.46,1.0,52.0,0,0,43131,115.10
1785357749.355,7.2,100.0,76.44,3.0,51.0,0,0,43131,114.95
1785357750.355,7.1,100.0,76.46,4.0,46.0,0,0,43131,114.99
1785357751.355,8.1,100.0,76.47,0.0,36.0,0,0,43131,114.89
1785357752.356,8.3,100.0,76.48,3.0,36.0,0,0,43131,114.70
1785357753.356,7.5,100.0,76.49,2.0,39.0,0,0,43131,114.69
1785357754.356,7.6,99.0,76.49,3.0,35.0,0,0,43131,114.60
1785357755.356,6.6,85.0,76.48,3.0,31.0,0,0,43131,114.56
1785357756.356,7.8,100.0,76.41,2.0,34.0,0,0,43131,114.56
1785357757.356,7.2,100.0,76.41,2.0,35.0,0,0,43131,114.41
1785357758.356,8.3,100.0,76.60,2.0,34.0,0,0,43131,114.37
1785357759.356,4.2,100.0,76.58,4.0,38.0,0,0,43131,114.32
1785357760.356,5.5,100.0,76.57,1.0,33.0,0,0,43131,114.22
1785357761.356,6.6,100.0,76.56,4.0,34.0,0,0,43131,114.17
1785357762.357,6.1,100.0,76.54,2.0,34.0,0,0,43131,114.12
1785357763.357,6.5,100.0,76.57,3.0,30.0,0,0,43131,114.12
1785357764.357,6.2,78.2,76.57,1.0,27.0,0,0,43131,114.03
1785357765.357,7.5,99.0,76.76,3.0,30.0,0,0,43131,113.93
1785357766.357,9.0,100.0,76.76,2.0,35.0,0,0,43131,114.17
1785357767.357,5.9,100.0,76.76,2.0,43.0,0,0,43131,114.12
1785357768.357,4.2,100.0,76.76,12.0,28.0,0,0,43131,113.78
1785357769.357,5.6,100.0,76.75,3.0,28.0,0,0,43131,113.73
1785357770.357,6.3,100.0,76.76,2.0,30.0,0,0,43131,113.64
1785357771.357,5.8,100.0,76.75,2.0,26.0,0,0,43131,113.64
1785357772.357,5.7,100.0,76.75,4.0,22.0,0,0,43131,113.68
1785357773.357,6.1,100.0,76.74,2.0,28.0,0,0,43131,113.54
1785357774.358,7.0,100.0,76.76,1.0,28.0,0,0,43131,113.44
1785357775.358,5.8,99.0,76.76,4.0,27.0,0,0,43131,113.44
1785357776.358,7.6,100.0,76.72,2.0,30.0,0,0,43131,113.68
1785357777.358,8.4,100.0,76.72,3.0,27.0,0,0,43131,113.68
1785357778.358,9.2,100.0,76.67,1.0,16.0,0,0,43131,113.43
1785357779.358,7.6,100.0,76.67,3.0,32.0,0,0,43131,113.39
1785357780.358,7.1,100.0,76.66,4.0,51.0,0,0,43131,113.29
1785357781.358,7.7,100.0,76.67,1.0,193.0,0,0,43131,113.15
1785357782.358,7.3,100.0,76.96,4.0,44.0,0,0,43131,113.15
1785357783.358,4.7,100.0,76.96,3.0,25.0,0,0,43131,113.15
1785357784.358,6.7,100.0,76.94,1.0,29.0,0,0,43131,113.05
1785357785.359,5.8,100.0,76.93,4.0,55.0,0,0,43131,113.10
1785357786.359,6.3,100.0,76.91,3.0,46.0,0,0,43131,113.10
1785357787.359,5.5,95.0,76.90,2.0,40.0,0,0,43131,113.05
1785357788.359,5.7,90.0,76.61,3.0,48.0,0,0,43131,113.05
1785357789.359,4.7,100.0,76.62,4.0,54.0,0,0,43131,112.96
1785357790.359,6.4,100.0,76.62,3.0,51.0,0,0,43131,112.96
1785357791.359,6.5,100.0,76.61,3.0,65.0,0,0,43131,113.00
1785357792.359,6.5,100.0,76.62,2.0,130.0,0,0,43131,112.96
1785357793.359,5.3,100.0,76.62,2.0,16.0,0,0,43131,112.95
1785357794.359,5.1,100.0,76.63,5.0,18.0,0,0,43131,112.95
1785357795.359,4.0,100.0,76.64,3.0,26.0,0,0,43131,112.96
1785357796.360,6.2,100.0,76.62,3.0,45.0,0,0,43131,112.82
1785357797.360,6.4,100.0,76.64,1.0,50.0,0,0,43131,112.77
1785357798.360,5.8,74.0,76.63,4.0,57.0,0,0,43131,112.81
1785357799.360,6.9,99.0,76.95,4.0,53.0,0,0,43131,112.76
1785357800.360,5.9,100.0,76.93,0.0,32.0,0,0,43131,112.76
1785357801.360,4.6,100.0,76.92,4.0,21.0,0,0,43131,112.81
1785357802.360,6.6,100.0,76.99,1.0,38.0,0,0,43131,112.81
1785357803.360,5.3,100.0,77.01,3.0,64.0,0,0,43131,112.76
1785357804.360,5.8,100.0,77.03,5.0,41.0,0,0,43131,112.66
1785357805.360,3.9,100.0,77.02,2.0,43.0,0,0,43131,112.57
1785357806.360,5.0,100.0,77.03,3.0,36.0,0,0,43131,112.67
1785357807.361,4.2,100.0,77.01,3.0,35.0,0,0,43131,112.27
1785357808.361,3.9,80.0,76.99,2.0,28.0,0,0,43131,112.00
1785357809.361,5.1,100.0,77.09,4.0,43.0,0,0,43131,111.90
1785357810.361,4.1,82.0,77.10,4.0,79.9,0,0,43131,111.60
1785357811.361,5.5,100.0,76.61,41.0,22.0,100,62,43131,230.90
1785357812.361,4.8,100.0,76.62,38.0,7.0,86,99,43131,267.09
1785357813.361,4.7,100.0,76.62,42.0,9.0,85,98,43131,273.04
1785357814.361,5.3,100.0,76.58,37.0,9.0,86,99,43131,288.01
1785357815.361,7.3,100.0,76.58,37.0,11.0,87,100,43131,290.51
1785357816.361,5.3,100.0,76.57,40.0,8.0,88,86,43131,266.58
1785357817.362,4.4,100.0,76.54,44.0,6.0,88,81,43131,286.15
1785357818.362,6.8,100.0,76.52,38.0,6.0,88,85,43131,262.50
1785357819.362,6.4,100.0,76.51,55.0,8.0,87,72,43131,283.01
1785357820.362,4.6,100.0,76.51,49.0,9.0,85,98,43131,275.81
1785357821.362,4.0,80.4,76.49,48.0,12.0,84,97,43131,264.98
1785357822.362,5.0,78.0,76.48,54.0,12.0,85,91,43131,284.87
1785357823.362,3.9,66.7,76.47,43.0,10.0,85,98,43131,268.93
1785357824.362,4.9,84.0,76.45,57.0,11.0,92,74,43131,274.96
1785357825.362,3.4,75.0,76.47,42.0,8.0,86,90,43131,279.98
1785357826.362,4.5,79.0,76.45,38.0,6.0,86,97,43131,267.40
1785357827.363,7.7,99.0,76.46,47.0,9.0,87,99,43131,265.62
1785357828.363,5.5,78.0,76.44,45.0,7.0,91,91,43131,267.02
1785357829.363,5.4,90.8,76.44,47.0,10.0,93,77,43131,265.96
1785357830.363,6.6,99.0,76.43,39.0,8.0,96,96,43131,271.60
1785357831.363,5.8,100.0,76.43,34.0,10.0,94,92,43131,281.33
1785357832.363,4.2,82.2,76.44,41.0,10.0,89,100,43131,285.83
1785357833.363,6.0,89.0,76.44,40.0,11.0,85,98,43131,279.55
1785357834.363,3.5,80.2,76.43,48.0,9.0,86,99,43131,270.47
1785357835.363,3.9,72.7,76.45,46.0,10.0,89,83,43131,281.33
1785357836.364,6.0,87.1,76.44,41.0,9.0,96,94,43131,268.76
1785357837.364,9.1,81.2,76.43,55.0,11.0,86,79,43131,283.79
1785357838.364,8.0,67.0,76.44,54.0,10.0,85,94,43131,274.80
1785357839.364,5.4,81.0,76.44,46.0,11.0,88,89,43131,264.29
1785357840.364,4.8,82.8,76.46,47.0,10.0,90,95,43131,302.89
1785357841.364,6.9,85.0,76.47,63.0,11.0,93,78,43131,302.52
1785357842.364,4.9,88.0,76.48,50.0,13.0,88,85,43131,287.55
1785357843.364,3.3,80.0,76.48,52.0,10.0,88,86,43131,282.05
1785357844.364,7.2,100.0,76.48,49.0,12.0,84,97,43131,279.08
1785357845.364,7.1,100.0,76.49,50.0,11.0,85,98,43131,266.61
1785357846.365,3.8,82.0,76.45,48.0,10.0,88,84,43131,262.58
1785357847.365,3.6,80.0,76.42,45.0,10.0,87,100,43131,283.53
1785357848.365,5.2,85.9,76.43,46.0,9.0,87,100,43131,293.53
1785357849.365,5.3,100.0,76.42,43.0,9.0,87,98,43131,274.21
1785357850.365,6.3,92.0,76.61,36.0,7.0,84,95,43131,275.80
1785357851.365,5.8,100.0,76.74,29.0,2.0,88,100,43131,270.16
1785357852.365,4.5,83.0,76.74,34.0,5.0,90,100,43131,263.00
1785357853.365,4.6,100.0,76.73,24.0,1.0,90,100,43131,252.46
1785357854.365,5.4,100.0,75.98,9.0,0.0,0,0,43131,154.29
1785357855.365,3.5,100.0,75.97,5.0,0.0,0,0,43131,141.60
1785357856.366,6.2,100.0,76.09,0.0,0.0,0,0,43131,117.62
1785357857.366,8.5,100.0,76.19,4.0,205.1,0,0,43131,116.75
1785357858.366,8.0,100.0,76.22,1.0,49.0,0,0,43131,115.63
1785357859.366,6.6,100.0,76.23,3.0,26.0,0,0,43131,115.19
1785357860.366,7.4,100.0,76.23,3.0,31.0,0,0,43131,115.24
1785357861.366,6.2,100.0,76.22,3.0,28.0,0,0,43131,114.90
1785357862.366,6.1,100.0,76.22,0.0,27.0,0,0,43131,114.37
1785357863.366,5.3,80.0,75.70,3.0,73.0,0,0,43131,114.17
1785357864.366,4.0,100.0,76.29,4.0,34.0,0,0,43131,113.94
1785357865.366,4.3,100.0,76.30,1.0,35.0,0,0,43131,113.76
1785357866.366,4.3,100.0,76.31,3.0,46.0,0,0,43131,113.46
1785357867.367,6.2,100.0,76.34,3.0,41.0,0,0,43131,113.25
1785357868.367,5.8,100.0,76.36,3.0,39.0,0,0,43131,113.15
1785357869.367,4.8,100.0,76.37,3.0,42.0,0,0,43131,113.06
1785357870.367,4.9,100.0,76.39,4.0,17.0,0,0,43131,112.86
1785357871.367,6.2,82.7,76.42,2.0,27.0,0,0,43131,114.27
1785357872.367,5.3,93.0,76.35,1.0,44.0,0,0,43131,115.63
1785357873.367,7.3,100.0,76.41,3.0,58.0,0,0,43131,115.63
1785357874.367,6.4,100.0,76.41,1.0,61.0,0,0,43131,115.73
1785357875.367,6.8,100.0,76.41,3.0,28.0,0,0,43131,115.58
1785357876.367,6.2,100.0,76.42,2.0,45.0,0,0,43131,115.44
1785357877.368,5.3,100.0,76.43,3.0,64.0,0,0,43131,115.34
1785357878.368,4.1,100.0,76.45,4.0,41.0,0,0,43131,115.19
1785357879.368,4.4,100.0,76.46,2.0,43.0,0,0,43131,115.10
1785357880.368,4.3,100.0,76.46,4.0,54.0,0,0,43131,115.00
1785357881.368,4.3,100.0,76.44,3.0,38.0,0,0,43131,114.90
1785357882.368,4.4,82.2,76.45,4.0,32.0,0,0,43131,114.81
1785357883.368,3.1,81.0,76.46,3.0,25.1,0,0,43131,114.82
1785357884.368,6.1,88.1,76.47,1.0,23.9,0,0,43131,114.81
1785357885.368,3.5,81.0,76.49,4.0,33.0,0,0,43131,114.66
1785357886.368,5.9,80.2,76.50,2.0,31.0,0,0,43131,114.57
1785357887.368,6.1,99.0,76.50,3.0,29.0,0,0,43131,114.56
1785357888.369,7.8,100.0,76.48,3.0,19.0,0,0,43131,114.47
1785357889.369,5.2,100.0,76.49,5.0,28.0,0,0,43131,114.33
1785357890.369,4.6,98.0,76.55,2.0,24.0,0,0,43131,114.28
1785357891.369,5.5,100.0,76.54,4.0,33.0,0,0,43131,114.17
1785357892.369,7.4,100.0,76.55,1.0,32.0,0,0,43131,114.17
1785357893.369,5.7,100.0,76.56,3.0,34.0,0,0,43131,114.12
1785357894.369,6.2,100.0,76.52,2.0,34.0,0,0,43131,114.03
1785357895.369,4.7,100.0,76.53,3.0,29.0,0,0,43131,113.88
1785357896.369,6.8,100.0,76.53,4.0,35.0,0,0,43131,113.78
1785357897.370,7.2,100.0,76.54,1.0,31.0,0,0,43131,114.17
1785357898.370,7.9,100.0,76.53,4.0,23.0,0,0,43131,114.12
1785357899.370,5.3,100.0,76.53,3.0,21.0,0,0,43131,113.74
1785357900.370,4.3,79.0,76.52,2.0,36.0,0,0,43131,113.71
1785357901.370,3.5,90.1,76.54,4.0,18.0,0,0,43131,113.63
1785357902.370,4.9,80.0,76.58,2.0,19.0,0,0,43131,113.64
1785357903.964,4.7,100.0,76.57,2.5,15.7,0,0,43131,113.64
1785357904.964,4.3,79.0,76.58,4.0,18.0,0,0,43131,113.54
1785357905.964,4.0,80.4,76.59,4.0,17.1,0,0,43131,113.50
1785357906.964,6.4,81.8,76.89,3.0,15.9,0,0,43131,113.50
1785357907.964,4.5,88.0,77.29,4.0,23.0,0,0,43398,113.46
1785357908.964,6.7,97.0,77.71,5.0,17.0,0,0,43398,113.44
1785357909.964,5.4,82.0,76.99,3.0,18.0,0,0,43131,113.82
1785357910.964,6.1,90.9,76.87,2.0,11.0,0,0,43131,113.81
1785357911.964,4.6,73.0,76.90,2.0,11.0,0,0,43131,113.25
1785357912.965,5.1,92.0,76.93,3.0,25.0,0,0,43131,113.20
1785357913.965,6.0,65.7,76.70,4.0,15.0,0,0,43131,113.21
1785357914.965,4.1,78.0,76.68,5.0,17.0,0,0,43131,113.26
1785357915.965,6.2,79.0,76.81,2.0,18.0,0,0,43131,113.16
1785357916.965,6.6,100.0,76.89,5.0,18.0,0,0,43131,113.05
1785357917.965,4.8,100.0,76.92,2.0,19.0,0,0,43131,112.95
1785357918.965,7.2,100.0,76.90,6.0,19.0,0,0,43131,112.95
1785357919.965,5.8,100.0,76.86,3.0,19.0,0,0,43131,113.05
1785357920.966,4.4,100.0,76.85,2.0,24.0,0,0,43131,113.00
1785357921.966,4.9,100.0,76.84,4.0,26.0,0,0,43131,112.97
1785357922.966,5.0,100.0,76.80,5.0,22.0,0,0,43131,112.92
1785357923.966,6.2,100.0,76.78,0.0,17.0,0,0,43131,112.86
1785357924.966,6.1,99.0,76.04,3.0,13.0,0,0,43131,112.92
1785357925.966,6.4,100.0,76.36,4.0,36.0,0,0,43131,112.91
1785357926.966,7.4,100.0,76.36,2.0,203.9,0,0,43131,112.86
1785357927.966,4.0,100.0,76.37,3.0,42.0,0,0,43131,112.82
1785357928.966,5.1,100.0,76.38,3.0,47.0,0,0,43131,112.72
1785357929.966,6.4,100.0,76.36,2.0,14.0,0,0,43131,112.67
1785357930.966,5.5,100.0,76.36,1.0,49.0,0,0,43131,112.67
1785357931.967,3.9,100.0,76.38,3.0,43.0,0,0,43131,112.72
1785357932.967,4.8,100.0,76.39,4.0,42.0,0,0,43131,112.23
1785357933.967,5.2,100.0,76.38,4.0,34.0,0,0,43131,111.66
1785357934.967,7.5,100.0,76.38,1.0,44.0,0,0,43131,111.61
1785357935.967,6.7,91.0,76.23,3.0,44.0,0,0,43131,111.64
1785357936.967,4.7,100.0,76.24,2.0,57.0,0,0,43131,111.69
1785357937.967,3.8,100.0,76.26,3.0,46.0,0,0,43131,111.59
1785357938.967,5.3,100.0,76.25,3.0,55.0,0,0,43131,111.55
1785357939.967,5.4,100.0,76.25,3.0,194.0,0,0,43131,111.60
1785357940.967,4.4,100.0,76.27,2.0,18.0,0,0,43131,111.60
1785357941.967,4.0,100.0,76.25,3.0,24.0,0,0,43131,111.55
1785357942.967,3.9,100.0,76.24,3.0,23.0,0,0,43131,111.50
1785357943.968,5.3,100.0,76.26,2.0,23.0,0,0,43131,111.55
1785357944.968,4.6,100.0,76.27,2.0,24.0,0,0,43131,111.55
1785357945.968,6.1,80.0,76.27,4.0,38.0,0,0,43131,111.50
1785357946.968,6.6,99.0,76.42,1.0,43.0,0,0,43131,111.84
1785357947.968,5.6,100.0,76.43,5.0,40.0,0,0,43131,111.84
1785357948.968,5.9,100.0,76.45,2.0,56.0,0,0,43131,111.45
1785357949.968,5.4,100.0,76.47,2.0,43.0,0,0,43131,111.40
1785357950.968,5.6,100.0,76.47,3.0,28.0,0,0,43131,111.45
1785357951.968,3.9,100.0,76.47,2.0,20.0,0,0,43131,111.50
1785357952.968,4.2,100.0,76.43,4.0,21.0,0,0,43131,111.45
1785357953.969,4.1,100.0,76.44,2.0,52.0,0,0,43131,111.35
1785357954.969,4.0,79.8,76.46,3.0,54.0,0,0,43131,111.36
1785357955.969,4.2,91.0,76.70,2.0,34.0,0,0,43131,111.40
1785357956.969,10.4,100.0,76.70,4.0,36.0,0,0,43131,111.36
1785357957.969,6.8,100.0,76.72,4.0,48.0,0,0,43131,111.31
1785357958.969,6.8,100.0,76.73,1.0,36.0,0,0,43131,111.36
1785357959.969,6.1,100.0,76.74,2.0,45.0,0,0,43131,111.35
1785357960.969,5.5,100.0,76.75,4.0,12.0,0,0,43131,111.35
1785357961.969,4.4,100.0,76.84,1.0,48.0,0,0,43131,111.30
1785357962.969,7.7,100.0,76.84,26.0,82.9,0,0,43131,111.20
1785357963.969,6.2,100.0,76.84,21.0,1.0,100,59,43131,293.21
1785357964.970,5.8,100.0,76.83,39.0,8.0,87,100,43131,265.51
1785357965.970,4.6,84.0,76.36,36.0,9.0,87,100,43131,268.96
1785357966.970,8.2,100.0,76.49,38.0,9.0,87,100,43131,268.68
1785357967.970,6.8,100.0,76.50,38.0,8.0,88,100,43131,270.07
1785357968.970,5.7,100.0,76.48,34.0,5.0,93,91,43131,223.62
1785357969.970,5.2,100.0,76.63,43.0,5.0,94,74,43131,262.20
1785357970.970,6.3,100.0,76.65,46.0,7.0,89,79,43131,277.56
1785357971.970,6.5,100.0,76.65,43.0,8.0,86,98,43131,274.99
1785357972.970,6.0,100.0,76.64,35.0,10.0,84,90,43131,289.83
1785357973.970,5.5,100.0,76.64,44.0,9.0,87,81,43131,262.49
1785357974.971,4.5,100.0,76.62,53.0,11.0,90,96,43131,302.58
1785357975.971,6.8,100.0,76.61,56.0,11.0,86,85,43131,280.88
1785357976.971,5.4,62.0,76.62,49.0,11.0,88,85,43131,289.73
1785357977.971,6.2,100.0,76.82,53.0,11.0,87,100,43131,276.12
1785357978.971,6.9,100.0,76.82,56.0,15.0,87,86,43131,298.08
1785357979.971,6.7,100.0,76.83,55.0,12.0,83,96,43131,287.90
1785357980.971,7.3,100.0,76.83,43.0,12.0,91,100,43131,280.43
1785357981.971,4.3,100.0,76.82,43.0,11.0,86,99,43131,297.19
1785357982.971,4.6,100.0,76.82,45.0,10.0,86,94,43131,287.68
1785357983.971,4.1,100.0,76.79,46.0,10.0,87,96,43131,299.11
1785357984.971,6.3,100.0,76.77,45.0,9.0,87,76,43131,270.88
1785357985.971,5.7,100.0,76.76,46.0,7.0,84,80,43131,270.20
1785357986.972,4.7,81.0,76.72,48.0,9.0,87,90,43131,287.05
1785357987.972,4.0,85.0,76.98,46.0,10.0,87,100,43131,288.52
1785357988.972,7.3,100.0,76.98,45.0,10.0,83,89,43131,284.76
1785357989.972,5.8,100.0,76.99,49.0,9.0,84,94,43131,276.19
1785357990.972,6.8,100.0,76.99,45.0,10.0,87,89,43131,286.97
1785357991.972,3.7,100.0,76.98,53.0,11.0,87,73,43131,287.93
1785357992.972,5.7,100.0,76.99,48.0,10.0,86,99,43131,280.02
1785357993.972,7.9,100.0,76.95,51.0,9.0,85,95,43131,284.52
1785357994.972,7.1,100.0,77.13,46.0,8.0,88,86,43131,268.22
1785357995.972,4.2,100.0,77.11,44.0,9.0,87,97,43131,275.34
1785357996.973,5.4,100.0,77.10,48.0,8.0,86,93,43131,289.05
1785357997.973,6.3,100.0,77.10,40.0,8.0,85,97,43131,291.80
1785357998.973,7.2,100.0,77.10,42.0,8.0,85,95,43131,274.42
1785357999.973,5.9,90.0,76.55,46.0,8.0,89,77,43131,282.86
1785358000.973,6.2,100.0,77.07,45.0,10.0,86,99,43131,266.80
1785358001.973,5.7,100.0,77.06,41.0,7.0,88,99,43131,268.51
1785358002.973,4.7,100.0,77.07,36.0,8.0,88,100,43131,277.38
1785358003.973,4.4,100.0,77.03,33.0,5.0,89,100,43131,267.97
1785358004.973,4.5,100.0,77.04,30.0,5.0,90,100,43131,259.38
1785358005.973,4.0,100.0,77.05,23.0,24.0,0,0,43131,216.48
1785358006.974,4.3,100.0,76.29,4.0,0.0,0,0,43131,132.01
1785358007.974,4.4,100.0,76.29,4.0,0.0,0,0,43131,116.44
1785358008.974,5.5,100.0,76.42,1.0,0.0,0,0,43131,115.97
1785358009.974,7.0,88.1,76.21,3.0,204.0,0,0,43131,115.44
1785358010.974,6.1,100.0,76.24,3.0,50.0,0,0,43131,115.05
1785358011.974,7.3,100.0,76.25,2.0,37.0,0,0,43131,114.75
1785358012.974,5.9,100.0,76.26,3.0,33.0,0,0,43131,114.56
1785358013.974,6.7,100.0,76.24,2.0,33.0,0,0,43131,114.36
1785358014.974,5.7,100.0,76.25,3.0,21.0,0,0,43131,114.12
1785358015.974,6.2,100.0,76.27,2.0,74.0,0,0,43131,113.88
1785358016.974,9.7,100.0,76.30,2.0,38.0,0,0,43131,113.68
1785358017.975,6.2,100.0,76.31,4.0,35.0,0,0,43131,113.59
1785358018.975,4.6,84.0,76.40,2.0,40.0,0,0,43131,113.45
1785358019.975,4.6,100.0,76.70,4.0,36.0,0,0,43131,113.25
1785358020.975,6.0,100.0,76.70,3.0,36.0,0,0,43131,113.11
1785358021.975,6.2,100.0,76.70,2.0,42.1,0,0,43131,112.91
1785358022.975,5.7,100.0,76.71,2.0,18.0,0,0,43131,114.36
1785358023.975,6.8,100.0,76.71,3.0,53.0,0,0,43131,115.82
1785358024.975,5.9,100.0,76.70,1.0,54.0,0,0,43131,115.78
1785358025.975,4.7,100.0,76.71,4.0,68.0,0,0,43131,115.82
1785358026.975,4.0,85.0,76.70,5.0,27.0,0,0,43131,115.64
1785358027.975,4.2,56.0,76.69,3.0,27.0,0,0,43131,115.45
1785358028.976,9.0,82.0,77.03,2.0,60.0,0,0,43131,115.39
1785358029.976,5.4,100.0,77.01,3.0,53.0,0,0,43131,115.34
1785358030.976,4.5,100.0,77.03,2.0,45.0,0,0,43131,115.14
1785358031.976,4.5,100.0,77.05,4.0,55.0,0,0,43131,115.05
1785358032.976,4.5,100.0,77.05,5.0,34.0,0,0,43131,115.24
1785358033.976,5.3,100.0,77.02,0.0,36.0,0,0,43131,115.15
1785358034.976,6.4,100.0,77.01,4.0,33.0,0,0,43131,114.81
1785358035.976,6.3,99.0,76.98,1.0,34.0,0,0,43131,114.71
1785358036.976,6.4,100.0,76.95,2.0,33.0,0,0,43131,114.66
1785358037.976,6.3,100.0,76.93,2.0,31.0,0,0,43131,114.56
1785358038.977,5.2,100.0,76.91,3.0,31.0,0,0,43131,114.51
1785358039.977,5.8,99.0,76.14,4.0,25.0,0,0,43131,114.42
1785358040.977,7.0,99.0,77.09,1.0,33.0,0,0,43131,114.37
1785358041.977,4.9,100.0,77.08,3.0,37.0,0,0,43131,114.37
1785358042.977,4.5,100.0,77.07,3.0,32.0,0,0,43131,114.22
1785358043.977,3.9,100.0,77.05,2.0,33.0,0,0,43131,114.17
1785358044.977,4.9,100.0,77.05,3.0,29.0,0,0,43131,114.12
1785358045.977,5.5,100.0,77.04,3.0,29.0,0,0,43131,114.12
1785358046.977,6.5,100.0,77.04,3.0,32.0,0,0,43131,114.07
1785358047.977,6.3,100.0,77.04,2.0,32.0,0,0,43131,114.17
1785358048.978,5.3,100.0,77.02,3.0,33.0,0,0,43131,114.13
1785358049.978,7.0,100.0,76.97,3.0,40.0,0,0,43131,113.89
1785358050.978,6.1,99.0,76.96,0.0,31.0,0,0,43131,114.03
1785358051.978,7.1,100.0,77.13,4.0,26.0,0,0,43131,113.93
1785358052.978,5.0,100.0,77.28,4.0,27.0,0,0,43131,113.69
1785358053.978,4.1,100.0,77.25,2.0,28.0,0,0,43131,113.59
1785358054.978,6.3,100.0,77.26,1.0,21.0,0,0,43131,113.54
1785358055.978,6.1,100.0,77.26,4.0,27.0,0,0,43131,113.49
1785358056.978,4.2,100.0,77.23,3.0,27.0,0,0,43131,113.49
1785358057.978,4.9,100.0,77.21,2.0,26.0,0,0,43131,113.54
1785358058.978,5.4,100.0,77.19,3.0,28.0,0,0,43131,113.44
1785358059.979,5.9,100.0,77.17,5.0,26.0,0,0,43131,113.34
1785358060.979,5.0,100.0,77.16,2.0,25.0,0,0,43131,113.30
1785358061.979,6.9,100.0,77.14,1.0,16.0,0,0,43131,113.20
1785358062.979,5.6,93.0,77.13,2.0,32.2,0,0,43131,113.20
1785358063.979,8.6,89.1,76.84,3.0,49.0,0,0,43131,113.25
1785358064.979,5.8,100.0,76.86,2.0,176.1,0,0,43131,113.25
1785358065.979,4.9,100.0,76.84,3.0,32.0,0,0,43131,113.20
1785358066.979,5.2,100.0,76.84,4.0,43.0,0,0,43131,113.16
1785358067.979,4.5,100.0,76.84,2.0,11.0,0,0,43131,113.10
1785358068.979,4.6,100.0,76.78,3.0,48.0,0,0,43131,113.05
1785358069.979,4.4,100.0,76.78,3.0,42.0,0,0,43131,113.05
1785358070.980,6.4,100.0,76.76,2.0,42.0,0,0,43131,113.05
1785358071.980,7.2,100.0,76.77,5.0,31.0,0,0,43131,113.05
1785358072.980,6.2,100.0,76.75,2.0,52.0,0,0,43131,113.00
1785358073.980,6.7,100.0,76.92,2.0,59.0,0,0,43131,113.00
1785358074.980,4.8,81.0,76.93,3.0,46.0,0,0,43131,112.96
1785358075.980,4.1,80.2,76.93,3.0,59.1,0,0,43131,112.83
1785358076.980,11.5,96.0,76.71,2.0,183.7,0,0,43131,112.88
1785358077.980,6.3,100.0,76.70,4.0,18.0,0,0,43131,112.96
1785358078.980,4.9,100.0,76.70,3.0,16.0,0,0,43131,112.95
1785358079.980,5.2,100.0,76.69,3.0,20.0,0,0,43131,112.90
1785358080.981,6.6,100.0,76.67,2.0,42.0,0,0,43131,112.81
1785358081.981,6.2,100.0,76.64,3.0,44.0,0,0,43131,112.27
1785358082.981,6.3,100.0,76.64,3.0,47.0,0,0,43131,111.84
1785358083.981,6.7,100.0,76.65,1.0,52.9,0,0,43131,111.83
1785358084.981,7.0,100.0,76.65,3.0,32.0,0,0,43131,111.74
1785358085.981,5.8,100.0,76.65,2.0,14.0,0,0,43131,111.64
1785358086.981,6.4,100.0,76.64,2.0,42.0,0,0,43131,111.64
1785358087.981,4.9,81.2,76.62,2.0,62.0,0,0,43131,111.66
1785358088.981,4.8,82.0,76.87,4.0,36.0,0,0,43131,111.62
1785358089.981,6.1,100.0,76.85,2.0,42.0,0,0,43131,111.64
1785358090.981,6.2,100.0,76.87,3.0,42.0,0,0,43131,111.68
1785358091.982,5.2,86.0,76.88,3.0,40.0,0,0,43131,111.69
1785358092.982,4.4,100.0,76.88,3.0,33.0,0,0,43131,111.64
1785358093.982,5.2,100.0,76.97,3.0,36.0,0,0,43131,111.55
1785358094.982,6.0,100.0,76.98,4.0,73.0,0,0,43131,111.50
1785358095.982,7.0,100.0,76.99,37.0,24.0,92,57,43131,228.82
1785358096.982,4.9,100.0,77.00,33.0,6.0,86,99,43131,280.63
1785358097.982,5.4,100.0,77.00,40.0,9.0,86,98,43131,280.67
1785358098.982,5.9,100.0,76.99,39.0,9.0,87,100,43131,283.96
1785358099.982,5.2,93.0,77.01,38.0,10.0,87,100,43131,276.01
1785358100.982,5.2,100.0,77.02,45.0,7.0,89,93,43131,242.49
1785358101.983,7.8,100.0,77.02,49.0,6.0,89,91,43131,301.49
1785358102.983,6.8,100.0,77.02,49.0,7.0,90,92,43131,271.34
1785358103.983,5.1,86.9,77.01,48.0,9.0,94,76,43131,265.17
1785358104.983,3.7,100.0,77.02,51.0,11.0,87,100,43131,275.52
1785358105.983,4.3,100.0,77.00,46.0,12.0,87,94,43131,257.92
1785358106.983,3.9,100.0,76.98,60.0,11.0,93,78,43131,300.70
1785358107.983,4.2,100.0,76.99,59.0,11.0,87,90,43131,297.49
1785358108.983,4.6,100.0,76.99,53.0,13.0,95,86,43131,290.07
1785358109.983,5.2,86.0,76.97,54.0,13.0,87,86,43131,278.61
1785358110.983,6.1,100.0,76.91,54.0,13.0,92,84,43131,280.94
1785358111.984,5.0,100.0,77.08,53.0,13.0,81,93,43131,274.96
1785358112.984,6.8,100.0,77.06,55.0,12.0,92,83,43131,278.34
1785358113.984,6.9,100.0,77.06,53.0,12.0,85,97,43131,281.08
1785358114.984,6.3,100.0,77.05,47.0,11.0,88,94,43131,263.58
1785358115.984,3.9,100.0,77.03,48.0,10.0,90,94,43131,289.54
1785358116.984,5.1,100.0,77.02,54.0,10.0,89,90,43131,264.38
1785358117.984,5.6,100.0,77.00,54.0,11.0,91,89,43131,266.44
1785358118.984,6.6,100.0,76.98,55.0,11.0,87,73,43131,286.21
1785358119.984,4.3,100.0,76.98,54.0,12.0,90,86,43131,261.12
1785358120.984,4.4,84.0,76.95,51.0,12.0,84,75,43131,261.09
1785358121.985,4.4,77.0,76.97,57.0,14.0,88,100,43131,286.06
1785358122.985,4.9,100.0,76.96,57.0,13.0,91,81,43131,289.02
1785358123.985,5.3,100.0,76.98,54.2,12.0,89,100,43131,301.52
1785358124.985,4.3,100.0,76.99,54.8,13.9,89,94,43131,281.86
1785358125.985,6.2,100.0,77.01,52.0,14.0,85,97,43131,286.08
1785358126.985,6.1,100.0,76.97,46.0,12.0,85,98,43131,275.57
1785358127.985,7.1,100.0,76.96,37.0,9.0,85,98,43131,284.60
1785358128.985,6.8,100.0,76.95,34.0,6.0,88,99,43131,269.27
1785358129.985,5.9,100.0,76.97,29.0,3.0,92,100,43131,257.40
1785358130.985,5.0,84.3,76.52,3.0,0.0,0,0,43131,133.01
1785358131.986,5.8,89.9,76.52,3.0,0.0,0,0,43131,115.96
1785358132.986,5.5,100.0,76.65,3.0,0.0,0,0,43131,115.44
1785358133.986,8.1,100.0,76.73,2.0,170.1,0,0,43131,115.05
1785358134.986,5.8,86.0,76.75,1.0,49.9,0,0,43131,114.81
1785358135.986,5.2,100.0,76.78,3.0,40.0,0,0,43131,114.48
1785358136.986,7.8,95.0,76.78,5.0,29.0,0,0,43131,114.28
1785358137.986,6.4,100.0,76.79,2.0,23.0,0,0,43131,114.08
1785358138.986,3.9,71.0,76.79,4.0,14.1,0,0,43131,113.86
1785358139.986,6.9,83.8,76.08,4.0,19.9,0,0,43131,114.10
1785358140.986,3.8,100.0,76.10,3.0,63.0,0,0,43131,113.89
1785358141.987,4.6,100.0,76.12,3.0,41.0,0,0,43131,113.23
1785358142.987,5.3,100.0,76.14,2.0,38.0,0,0,43131,113.07
1785358143.987,4.6,100.0,76.15,4.0,50.0,0,0,43131,113.00
1785358144.987,6.5,100.0,76.17,5.0,37.0,0,0,43131,114.51
1785358145.987,7.3,100.0,76.18,2.0,43.0,0,0,43131,116.02
1785358146.987,5.1,81.8,76.16,2.0,43.0,0,0,43131,115.93
1785358147.987,4.8,79.8,76.46,4.0,15.0,0,0,43131,115.83
1785358148.987,5.0,100.0,76.46,4.0,36.0,0,0,43131,115.68
1785358149.987,4.4,100.0,76.47,2.0,45.0,0,0,43131,115.58
1785358150.987,6.3,100.0,76.48,5.0,67.0,0,0,43131,115.78
1785358151.987,6.5,100.0,76.50,0.0,38.0,0,0,43131,115.63
1785358152.988,5.3,100.0,76.52,3.0,27.0,0,0,43131,115.19
1785358153.988,4.7,100.0,76.51,4.0,61.0,0,0,43131,115.05
1785358154.988,5.0,88.8,76.52,3.0,51.0,0,0,43131,115.00
1785358155.988,6.1,99.0,76.84,2.0,48.0,0,0,43131,115.05
1785358156.988,6.9,100.0,76.85,2.0,57.0,0,0,43131,114.95
1785358157.988,5.3,100.0,76.85,3.0,41.0,0,0,43131,114.80
1785358158.988,5.5,100.0,76.85,4.0,35.0,0,0,43131,114.71
1785358159.988,6.5,100.0,76.86,2.0,36.0,0,0,43131,114.61
1785358160.988,4.5,100.0,76.86,3.0,37.0,0,0,43131,114.61
1785358161.988,4.3,89.0,76.87,3.0,34.0,0,0,43131,114.57
1785358162.988,5.8,83.0,76.83,2.0,35.0,0,0,43131,114.47
1785358163.989,7.5,100.0,76.81,2.0,33.0,0,0,43131,114.37
1785358164.989,5.8,100.0,76.83,2.0,24.0,0,0,43131,114.27
1785358165.989,5.1,100.0,76.82,4.0,39.0,0,0,43131,114.46
1785358166.989,4.0,100.0,76.81,3.0,33.0,0,0,43131,114.41
1785358167.989,6.2,100.0,76.82,2.0,29.0,0,0,43131,114.12
1785358168.989,6.0,100.0,76.81,2.0,35.0,0,0,43131,114.12
1785358169.989,7.4,87.0,76.80,3.0,31.0,0,0,43131,114.08
1785358170.989,6.3,65.0,76.84,3.0,35.0,0,0,43131,113.98
1785358171.989,4.5,89.0,76.86,3.0,34.0,0,0,43131,113.88
1785358172.989,5.8,100.0,76.85,2.0,34.0,0,0,43131,113.93
1785358173.989,6.2,100.0,76.84,3.0,47.0,0,0,43131,113.83
1785358174.990,7.2,100.0,76.84,3.0,27.0,0,0,43131,113.64
1785358175.990,6.5,100.0,76.82,2.0,28.0,0,0,43131,113.68
1785358176.990,5.6,100.0,76.83,2.0,29.0,0,0,43131,113.68
1785358177.990,5.4,64.9,76.84,4.0,26.0,0,0,43131,113.64
1785358178.990,3.4,77.2,76.85,4.0,14.0,0,0,43131,113.56
1785358179.990,5.7,65.7,77.02,3.0,11.0,0,0,43131,113.46
1785358180.990,6.8,100.0,77.04,2.0,32.0,0,0,43131,113.44
1785358181.990,6.9,100.0,77.04,3.0,27.0,0,0,43131,113.39
1785358182.990,7.6,100.0,77.05,1.0,29.0,0,0,43131,113.30
1785358183.990,7.4,100.0,77.11,3.0,30.0,0,0,43131,113.34
1785358184.991,6.3,100.0,77.12,2.0,31.0,0,0,43131,113.44
1785358185.991,5.0,100.0,77.12,2.0,16.0,0,0,43131,113.34
1785358186.991,5.9,75.8,77.09,4.0,19.0,0,0,43131,113.25
1785358187.991,6.5,100.0,76.46,2.0,35.0,0,0,43131,113.20
1785358189.060,8.7,100.0,76.45,0.9,196.5,0,0,43131,113.20
1785358190.060,6.2,100.0,76.47,4.0,41.8,0,0,43131,113.30
1785358191.060,7.5,100.0,76.48,2.0,44.0,0,0,43131,113.20
1785358192.060,7.5,100.0,76.48,2.0,19.0,0,0,43131,113.00
1785358193.060,10.3,100.0,76.48,2.0,56.0,0,0,43131,113.09
1785358194.060,7.8,100.0,76.47,3.0,44.0,0,0,43131,113.18
1785358195.060,7.8,100.0,76.46,2.0,42.0,0,0,43131,113.00
1785358196.060,7.4,100.0,76.47,1.0,54.0,0,0,43131,112.95
1785358197.061,10.9,99.0,76.60,4.0,57.0,0,0,43131,113.05
1785358198.061,9.1,100.0,77.29,2.0,53.0,0,0,43131,112.96
1785358199.061,8.4,100.0,77.21,2.0,66.0,0,0,43131,112.91
1785358200.061,8.2,100.0,77.29,3.0,171.9,0,0,43131,112.90
1785358201.061,5.7,100.0,77.27,2.0,16.0,0,0,43131,112.86
1785358202.061,6.1,100.0,77.27,3.0,18.0,0,0,43131,112.37
1785358203.061,5.5,100.0,77.26,5.0,25.0,0,0,43131,112.13
1785358204.061,4.6,100.0,77.25,3.0,29.0,0,0,43131,112.13
1785358205.061,5.6,74.7,77.23,3.0,41.0,0,0,43131,111.86
1785358206.061,7.3,100.0,76.91,3.0,47.0,0,0,43131,111.81
1785358207.062,6.8,100.0,76.90,3.0,48.0,0,0,43131,111.74
1785358208.062,4.8,100.0,76.90,4.0,28.0,0,0,43131,111.69
1785358209.062,6.4,100.0,76.91,2.0,18.0,0,0,43131,111.74
1785358210.062,5.8,100.0,77.08,4.0,31.0,0,0,43131,111.79
1785358211.062,4.9,100.0,77.06,3.0,65.0,0,0,43131,111.74
1785358212.062,7.5,100.0,77.07,1.0,45.0,0,0,43131,111.74
1785358213.062,6.2,100.0,77.06,2.0,52.0,0,0,43131,111.69
1785358214.062,7.6,100.0,77.08,4.0,45.0,0,0,43131,111.69
1785358215.062,4.5,78.0,76.52,2.0,42.0,0,0,43131,111.75
1785358216.062,6.7,100.0,77.11,2.0,8.0,0,0,43131,111.71
1785358217.062,4.7,100.0,77.20,4.0,71.0,0,0,43131,111.66
1785358218.063,7.2,100.0,77.16,32.0,58.0,100,61,43131,203.55
1785358219.063,5.0,100.0,77.16,31.0,3.0,87,100,43131,282.71
1785358220.063,4.7,100.0,77.13,38.0,9.0,88,100,43131,271.33
1785358221.063,5.1,100.0,77.12,39.0,9.0,85,98,43131,254.44
1785358222.063,7.2,100.0,77.10,41.0,9.0,84,97,43131,269.83
1785358223.063,5.7,100.0,77.08,41.0,9.0,87,99,43131,248.11
1785358224.063,7.4,100.0,77.09,50.0,5.0,86,84,43131,246.02
1785358225.063,7.4,83.8,77.10,43.0,7.0,88,99,43131,257.31
1785358226.063,6.3,99.0,77.43,61.0,10.0,86,83,43131,286.42
1785358227.063,7.0,100.0,77.44,44.0,11.0,86,99,43131,275.71
1785358228.064,4.0,100.0,77.42,53.0,13.0,88,87,43131,288.34
1785358229.064,5.6,100.0,77.41,54.0,13.0,88,90,43131,263.43
1785358230.064,6.7,100.0,77.39,52.0,12.0,83,95,43131,261.11
1785358231.064,6.1,100.0,77.40,50.0,12.0,91,95,43131,287.80
1785358232.064,6.9,99.0,77.39,53.0,11.0,86,77,43131,286.53
1785358233.064,7.1,100.0,76.88,50.0,9.0,86,99,43131,273.53
1785358234.064,6.6,100.0,76.89,51.0,12.0,85,98,43131,289.41
1785358235.064,6.8,100.0,76.87,56.0,10.0,88,91,43131,288.48
1785358236.064,7.1,100.0,76.86,48.0,12.0,87,93,43131,279.39
1785358237.064,5.0,100.0,76.86,55.0,12.0,86,85,43131,272.00
1785358238.065,6.7,100.0,76.86,51.0,10.0,85,97,43131,279.68
1785358239.065,6.1,100.0,76.84,60.0,12.0,93,67,43131,283.52
1785358240.065,6.4,100.0,76.83,49.0,12.0,90,100,43131,284.43
1785358241.065,6.1,100.0,76.82,57.0,12.0,91,81,43131,289.92
1785358242.065,6.1,100.0,76.81,58.7,10.9,91,68,43131,296.87
1785358243.065,5.1,100.0,76.82,42.3,13.1,89,89,43131,281.68
1785358244.065,6.2,82.8,76.82,59.0,13.0,91,78,43131,290.42
1785358245.065,7.6,99.0,76.68,55.0,15.0,87,99,43131,292.41
1785358246.065,6.2,100.0,76.67,53.0,14.0,84,96,43131,284.36
1785358247.065,6.8,100.0,76.63,54.0,11.0,87,86,43131,289.28
1785358248.066,6.2,100.0,76.63,51.0,14.0,87,92,43131,288.79
1785358249.066,4.5,100.0,76.64,40.0,11.0,87,100,43131,282.08
1785358250.066,5.6,100.0,76.65,30.0,8.0,88,100,43131,272.40
1785358251.066,6.1,100.0,76.65,28.0,6.0,88,100,43131,268.98
1785358252.066,4.5,100.0,76.65,24.0,3.0,89,100,43131,254.85
1785358253.066,6.5,100.0,75.90,13.0,0.0,0,0,43131,156.69
1785358254.066,7.8,100.0,75.91,3.0,0.0,0,0,43131,131.80
1785358255.066,5.5,100.0,75.93,1.0,0.0,0,0,43131,116.14
1785358256.066,7.7,75.0,76.13,3.0,208.1,0,0,43131,115.92
1785358257.066,8.0,100.0,76.16,2.0,45.0,0,0,43131,115.49
1785358258.066,8.0,99.0,76.15,3.0,41.0,0,0,43131,115.00
1785358259.067,6.6,99.0,76.18,5.0,41.0,0,0,43131,114.75
1785358260.067,7.5,97.0,76.18,1.0,30.0,0,0,43131,114.56
1785358261.067,5.0,83.0,76.18,2.0,28.0,0,0,43131,114.32
1785358262.067,5.8,100.0,76.16,2.0,15.0,0,0,43131,114.08
1785358263.067,5.3,99.0,76.16,3.0,18.0,0,0,43131,113.83
1785358264.067,5.5,80.8,76.18,2.0,30.0,0,0,43131,113.64
1785358265.067,5.3,80.2,76.18,5.0,63.0,0,0,43131,113.41
1785358266.067,5.7,90.9,76.19,1.0,38.0,0,0,43131,112.96
1785358267.068,5.1,99.0,76.22,4.0,40.0,0,0,43131,112.71
1785358268.068,6.1,100.0,76.24,2.0,45.0,0,0,43131,112.72
1785358269.068,6.0,100.0,76.23,3.0,35.0,0,0,43131,112.58
1785358270.068,6.1,100.0,76.24,2.0,37.0,0,0,43131,112.48
1785358271.068,4.9,92.1,76.26,2.0,49.0,0,0,43131,112.33
1785358272.068,3.3,80.0,76.25,3.0,17.0,0,0,43131,112.20
1785358273.068,5.3,91.0,76.24,2.0,36.0,0,0,43131,112.44
1785358274.068,6.2,100.0,76.26,3.0,41.0,0,0,43131,112.28
1785358275.068,7.2,100.0,76.27,2.0,63.0,0,0,43131,111.89
1785358276.069,5.6,99.0,76.28,2.0,38.0,0,0,43131,111.84
1785358277.069,5.2,93.9,76.27,2.0,27.0,0,0,43131,111.70
1785358278.069,5.6,80.6,76.29,3.0,49.0,0,0,43131,111.54
1785358279.069,4.2,80.8,76.28,3.0,58.0,0,0,43131,111.47
1785358280.069,6.6,99.0,76.28,2.0,42.0,0,0,43131,111.37
1785358281.069,6.3,100.0,76.31,3.0,54.0,0,0,43131,111.26
1785358282.069,5.8,99.0,76.33,1.0,47.0,0,0,43131,111.17
1785358283.069,5.2,100.0,76.34,3.0,35.0,0,0,43131,111.07
1785358284.069,6.0,100.0,76.36,1.0,33.0,0,0,43131,110.97
1785358285.069,7.9,100.0,76.87,5.0,32.0,0,0,43131,110.93
1785358286.070,8.6,100.0,76.88,2.0,30.0,0,0,43131,110.92
1785358287.070,5.6,100.0,76.86,3.0,31.0,0,0,43131,110.91
1785358288.070,6.6,100.0,76.86,0.0,32.0,0,0,43131,110.91
1785358289.070,6.1,100.0,76.87,4.0,31.0,0,0,43131,110.81
1785358290.070,6.8,100.0,76.84,1.0,33.0,0,0,43131,110.68
1785358291.070,6.5,100.0,76.87,3.0,36.0,0,0,43131,110.59
1785358292.070,6.7,100.0,76.87,3.0,27.0,0,0,43131,110.52
1785358293.070,5.6,100.0,76.86,2.0,34.0,0,0,43131,110.47
1785358294.070,7.0,100.0,76.87,3.0,31.0,0,0,43131,110.47
1785358295.070,6.5,99.0,76.86,1.0,28.0,0,0,43131,110.38
1785358296.070,6.4,80.2,76.51,3.0,25.0,0,0,43131,110.28
1785358297.071,5.9,100.0,76.75,3.0,30.0,0,0,43131,110.28
1785358298.071,6.2,100.0,76.73,2.0,31.0,0,0,43131,110.28
1785358299.071,7.1,100.0,76.74,2.0,35.0,0,0,43131,110.28
1785358300.071,5.1,100.0,76.73,3.0,37.0,0,0,43131,110.18
1785358301.071,6.3,100.0,76.72,3.0,27.0,0,0,43131,110.13
1785358302.071,6.6,100.0,76.71,1.0,26.0,0,0,43131,110.08
1785358303.071,4.4,100.0,76.71,3.0,28.0,0,0,43131,110.08
1785358304.071,6.0,100.0,76.71,2.0,28.0,0,0,43131,110.09
1785358305.071,6.3,100.0,76.71,2.0,10.0,0,0,43131,111.16
1785358306.071,6.0,100.0,76.73,3.0,32.0,0,0,43131,112.18
1785358307.071,6.1,100.0,76.74,3.0,25.0,0,0,43131,112.13
1785358308.071,6.4,99.0,76.25,2.0,19.0,0,0,43131,112.18
1785358309.072,6.9,100.0,76.74,3.0,29.0,0,0,43131,112.18
1785358310.072,7.0,100.0,76.67,1.0,30.0,0,0,43131,112.19
1785358311.072,6.3,100.0,76.68,3.0,28.0,0,0,43131,112.14
1785358312.072,6.6,100.0,76.69,2.0,17.0,0,0,43131,112.03
1785358313.072,5.7,100.0,76.71,3.0,32.0,0,0,43131,112.03
1785358314.072,3.8,100.0,76.71,3.0,49.0,0,0,43131,112.03
1785358315.072,8.1,100.0,76.73,2.0,118.8,0,0,43131,111.93
1785358316.072,6.5,100.0,76.73,3.0,43.1,0,0,43131,111.93
1785358317.072,9.7,100.0,76.73,2.0,36.0,0,0,43131,111.98
1785358318.072,8.8,100.0,76.72,2.0,21.0,0,0,43131,111.93
1785358319.072,7.8,100.0,76.85,4.0,56.0,0,0,43131,111.84
1785358320.073,5.9,99.0,76.30,1.0,28.0,0,0,43131,111.84
1785358321.073,6.2,100.0,77.03,3.0,45.0,0,0,43131,111.84
1785358322.073,6.6,100.0,77.04,1.0,45.0,0,0,43131,111.79
1785358323.073,6.8,100.0,77.06,2.0,51.0,0,0,43131,111.79
1785358324.073,6.0,100.0,77.05,3.0,59.0,0,0,43131,111.84
1785358325.073,7.0,100.0,77.07,1.0,57.0,0,0,43131,111.88
1785358326.073,7.7,100.0,77.08,2.0,181.0,0,0,43131,111.79
1785358327.073,6.3,100.0,77.07,2.0,16.0,0,0,43131,111.75
1785358328.073,4.8,100.0,77.07,3.0,14.0,0,0,43131,111.69
1785358329.073,4.8,100.0,77.05,3.0,18.0,0,0,43131,111.64
1785358330.074,6.3,100.0,77.05,2.0,25.0,0,0,43131,111.69
1785358331.074,6.4,100.0,77.06,2.0,44.0,0,0,43131,111.69
1785358332.074,6.7,100.0,77.03,2.0,54.0,0,0,43131,111.69
1785358333.074,6.9,100.0,77.03,1.0,48.0,0,0,43131,111.69
1785358334.074,6.7,100.0,77.03,3.0,48.0,0,0,43131,111.69
1785358335.074,5.7,85.9,77.02,2.0,28.0,0,0,43131,111.64
1785358336.074,5.4,100.0,77.06,4.0,16.0,0,0,43131,111.69
1785358337.074,6.7,100.0,77.03,1.0,29.0,0,0,43131,111.59
1785358338.074,7.6,100.0,77.01,3.0,61.0,0,0,43131,111.49
1785358339.074,7.4,100.0,77.37,3.0,43.0,0,0,43131,111.54
1785358340.075,7.1,100.0,77.20,0.0,45.0,0,0,43131,111.54
1785358341.075,6.3,100.0,77.21,3.0,38.0,0,0,43131,111.54
1785358342.075,6.5,100.0,77.21,3.0,43.0,0,0,43131,111.50
1785358343.075,4.0,100.0,77.23,2.0,26.0,0,0,43131,111.59
1785358344.075,5.4,100.0,77.33,2.0,44.0,0,0,43131,111.64
1785358345.075,7.1,100.0,77.35,3.0,87.0,0,0,43131,111.54
1785358346.075,6.6,100.0,77.35,38.0,5.0,100,62,43131,217.17
1785358347.075,8.3,100.0,77.18,35.0,7.0,87,100,43131,267.04
1785358348.075,6.5,100.0,77.30,38.0,8.0,87,100,43131,280.23
1785358349.075,5.7,100.0,77.30,35.0,8.0,87,100,43131,274.84
1785358350.076,6.2,100.0,77.30,38.0,9.0,87,100,43131,268.99
1785358351.076,6.5,100.0,77.31,37.0,5.0,91,85,43131,253.48
1785358352.076,6.2,100.0,77.28,45.0,5.0,90,88,43131,270.39
1785358353.076,5.1,100.0,77.27,54.0,9.0,88,100,43131,284.60
1785358354.076,4.4,85.0,77.24,42.0,9.0,87,100,43131,275.75
1785358355.076,5.0,78.0,77.42,52.0,11.0,85,83,43131,277.99
1785358356.076,6.4,100.0,77.42,58.0,13.0,92,79,43131,290.67
1785358357.076,6.3,100.0,77.41,57.0,12.0,87,90,43131,294.55
1785358358.076,6.5,100.0,77.38,58.0,14.0,81,91,43131,286.90
1785358359.076,7.0,100.0,77.38,54.0,12.0,91,59,43131,294.72
1785358360.077,5.6,100.0,77.39,53.0,14.0,83,95,43131,277.90
1785358361.077,6.7,100.0,77.38,56.0,15.0,89,100,43131,274.82
1785358362.077,6.5,100.0,77.37,55.0,13.0,80,87,43131,294.54
1785358363.077,6.9,100.0,77.38,52.0,13.0,87,87,43131,275.30
1785358364.077,7.4,99.0,77.38,54.0,13.0,85,96,43131,300.10
1785358365.077,7.1,85.0,76.84,58.0,10.0,89,88,43131,276.24
1785358366.077,6.8,100.0,77.22,52.0,13.0,88,87,43131,287.34
1785358367.077,5.6,100.0,77.21,45.0,13.0,88,100,43131,263.16
1785358368.077,4.2,100.0,77.22,42.0,12.0,89,89,43131,285.04
1785358369.077,5.0,100.0,77.20,57.0,12.0,87,92,43131,304.48
1785358370.077,6.0,100.0,77.20,51.0,11.0,87,100,43131,280.89
1785358371.078,6.6,100.0,77.19,54.0,12.0,85,98,43131,300.36
1785358372.078,6.9,100.0,77.17,52.0,11.0,85,90,43131,295.44
1785358373.078,6.0,100.0,77.17,50.0,12.0,88,100,43131,292.52
1785358374.078,5.5,67.0,77.14,49.0,10.0,95,67,43131,284.48
1785358375.078,6.7,99.0,77.35,51.0,12.0,86,99,43131,290.25
1785358376.078,7.4,100.0,77.33,46.0,11.0,87,100,43131,285.59
1785358377.078,9.7,100.0,77.34,40.8,11.0,86,98,43131,278.33
1785358378.078,8.4,100.0,77.35,38.1,7.0,86,98,43131,274.19
1785358379.078,7.0,100.0,77.36,31.0,5.0,89,100,43131,250.43
1785358380.078,5.8,100.0,77.33,22.0,29.0,0,0,43131,204.92
1785358381.079,6.0,100.0,76.58,2.0,0.0,0,0,43131,130.08
1785358382.079,4.1,100.0,76.57,4.0,0.0,0,0,43131,116.04
1785358383.079,5.5,91.9,76.75,2.0,0.0,0,0,43131,115.78
1785358384.079,8.4,100.0,76.82,3.0,185.1,0,0,43131,115.34
1785358385.079,5.6,100.0,76.82,3.0,42.0,0,0,43131,115.00
1785358386.079,5.5,99.0,76.43,0.0,32.0,0,0,43131,114.75
1785358387.079,7.3,100.0,76.46,3.0,34.0,0,0,43131,114.41
1785358388.079,6.4,100.0,76.45,3.0,38.0,0,0,43131,114.12
1785358389.079,6.9,100.0,76.47,1.0,29.0,0,0,43131,114.03
1785358390.079,6.0,100.0,76.50,3.0,76.0,0,0,43131,113.88
1785358391.079,6.0,100.0,76.52,2.0,45.0,0,0,43131,113.59
1785358392.080,7.4,100.0,76.53,2.0,40.0,0,0,43131,113.49
1785358393.080,6.1,100.0,76.55,3.0,44.0,0,0,43131,113.20
1785358394.080,5.4,100.0,76.56,4.0,42.0,0,0,43131,112.86
1785358395.080,4.5,100.0,76.59,2.0,47.0,0,0,43131,112.76
1785358396.080,4.0,84.0,76.59,3.0,28.0,0,0,43131,112.57
1785358397.080,5.6,84.0,76.88,1.0,27.0,0,0,43131,112.47
1785358398.080,7.8,100.0,76.93,3.0,59.0,0,0,43131,112.37
1785358399.080,6.4,100.0,76.93,1.0,62.0,0,0,43131,112.27
1785358400.080,6.3,100.0,76.93,2.0,51.9,0,0,43131,112.13
1785358401.080,6.5,100.0,76.91,4.0,31.0,0,0,43131,111.93
1785358402.081,5.9,100.0,76.92,1.0,46.0,0,0,43131,111.93
1785358403.081,7.1,100.0,76.90,2.0,61.0,0,0,43131,111.89
1785358404.081,6.8,100.0,76.92,3.0,44.0,0,0,43131,111.69
1785358405.081,7.0,100.0,76.94,2.0,53.0,0,0,43131,111.54
1785358406.081,5.5,100.0,76.93,2.0,49.0,0,0,43131,111.45
1785358407.081,5.1,100.0,76.93,1.0,37.0,0,0,43131,111.45
1785358408.081,7.8,84.0,76.92,4.0,33.0,0,0,43131,111.40
1785358409.081,7.5,100.0,76.46,3.0,36.0,0,0,43131,111.25
1785358410.081,7.0,100.0,76.46,0.0,36.0,0,0,43131,111.20
1785358411.081,7.0,100.0,76.47,4.0,28.0,0,0,43131,111.11
1785358412.081,6.2,100.0,76.45,1.0,32.0,0,0,43131,111.01
1785358413.082,6.6,100.0,76.47,1.0,33.0,0,0,43131,110.96
1785358414.082,6.2,100.0,76.45,5.0,38.0,0,0,43131,110.86
1785358415.082,6.5,100.0,76.44,2.0,33.0,0,0,43131,110.83
1785358416.082,6.9,100.0,76.43,1.0,36.0,0,0,43131,110.83
1785358417.082,5.3,100.0,76.44,3.0,31.0,0,0,43131,110.72
1785358418.082,6.9,99.0,76.63,2.0,29.0,0,0,43131,110.63
1785358419.082,6.1,100.0,76.66,1.0,33.0,0,0,43131,110.62
1785358420.082,4.8,100.0,76.66,5.0,34.0,0,0,43131,110.57
1785358421.082,3.9,100.0,76.67,3.0,32.0,0,0,43131,110.47
1785358422.082,7.6,100.0,76.64,3.0,42.0,0,0,43131,110.42
1785358423.083,6.2,100.0,76.62,2.0,33.0,0,0,43131,110.43
1785358424.083,7.6,100.0,76.64,4.0,28.0,0,0,43131,110.33
1785358425.083,6.9,100.0,76.67,1.0,28.0,0,0,43131,110.28
1785358426.083,4.8,100.0,76.66,5.0,28.0,0,0,43131,110.24
1785358427.083,5.2,100.0,76.66,2.0,17.0,0,0,43131,110.14
1785358428.083,6.9,100.0,76.64,3.0,18.0,0,0,43131,110.13
1785358429.083,5.3,100.0,76.65,1.0,18.0,0,0,43131,110.09
1785358430.083,6.2,100.0,76.88,3.0,27.0,0,0,43131,111.16
1785358431.083,4.3,100.0,76.91,4.0,26.0,0,0,43131,111.89
1785358432.083,4.8,100.0,76.93,2.0,30.0,0,0,43131,111.94
1785358433.083,4.9,100.0,76.92,4.0,28.0,0,0,43131,112.38
1785358434.084,6.4,100.0,76.89,3.0,18.0,0,0,43131,112.32
1785358435.084,7.4,100.0,76.91,2.0,26.0,0,0,43131,112.27
1785358436.084,7.4,100.0,76.93,1.0,48.0,0,0,43131,112.22
1785358437.084,14.5,100.0,76.99,3.0,192.9,0,0,43131,112.52
1785358438.084,8.9,85.0,77.00,2.0,30.0,0,0,43131,112.47
1785358439.084,7.3,99.0,77.04,2.0,40.9,0,0,43131,112.08
1785358440.084,6.7,100.0,77.06,2.0,13.0,0,0,43131,112.03
1785358441.084,8.2,99.0,77.15,3.0,33.0,0,0,43131,112.03
1785358442.084,7.0,100.0,77.20,2.0,47.0,0,0,43131,111.98
1785358443.085,6.9,97.0,77.22,2.0,32.0,0,0,43131,111.89
1785358444.085,4.8,85.0,77.19,3.0,34.0,0,0,43131,111.95
1785358445.085,7.2,88.9,77.19,3.0,28.0,0,0,43131,111.94
1785358446.085,5.6,100.0,77.20,3.0,26.0,0,0,43131,112.22
1785358447.085,6.7,99.0,77.22,3.0,40.0,0,0,43131,112.22
1785358448.085,5.2,93.9,77.23,3.0,27.0,0,0,43131,111.89
1785358449.085,5.7,95.0,77.26,4.0,47.0,0,0,43131,111.90
1785358450.085,5.6,98.0,77.27,2.0,51.0,0,0,43131,111.89
1785358451.085,7.7,91.0,77.01,3.0,58.0,0,0,43131,111.98
1785358452.085,7.8,100.0,77.03,3.0,182.9,0,0,43131,111.93
1785358453.086,6.0,100.0,77.04,2.0,16.0,0,0,43131,111.75
1785358454.086,8.0,100.0,77.07,2.0,17.0,0,0,43131,111.79
1785358455.086,7.1,100.0,77.10,2.0,17.0,0,0,43131,111.89
1785358456.086,8.0,100.0,77.25,2.0,26.0,0,0,43131,111.84
1785358457.086,8.5,100.0,77.32,2.0,39.0,0,0,43131,111.74
1785358458.086,8.0,100.0,77.31,4.0,56.0,0,0,43131,111.74
1785358459.086,7.3,100.0,77.41,3.0,50.0,0,0,43131,111.69
1785358460.086,7.2,100.0,77.85,1.0,45.0,0,0,43131,111.70
1785358461.086,6.4,100.0,78.07,4.0,34.0,0,0,43131,111.79
1785358462.086,3.8,100.0,78.07,0.0,18.0,0,0,43131,111.65
1785358463.086,5.8,100.0,78.07,3.0,39.0,0,0,43131,111.50
1785358464.087,7.3,100.0,78.14,3.0,68.0,0,0,43131,111.50
1785358465.087,7.2,100.0,78.17,1.0,44.0,0,0,43131,111.54
1785358466.087,6.0,100.0,78.22,4.0,49.0,0,0,43131,111.59
1785358467.087,6.7,100.0,78.20,2.0,42.0,0,0,43131,111.59
1785358468.087,5.3,87.9,78.26,2.0,47.0,0,0,43131,111.54
1785358469.087,7.3,79.2,78.31,2.0,9.0,0,0,43131,111.50
1785358470.087,4.3,64.0,78.48,4.0,63.9,0,0,43131,111.50
1785358471.087,4.9,78.2,78.46,30.0,77.1,85,86,43131,124.83
1785358472.088,4.4,88.9,78.46,27.0,2.0,94,72,43131,294.19
1785358473.088,4.4,62.6,78.46,39.0,9.0,86,99,43131,272.09
1785358474.088,5.8,77.0,78.43,38.0,8.0,85,98,43131,277.89
1785358475.088,5.4,100.0,78.41,43.0,9.0,87,100,43131,262.49
1785358476.088,6.2,100.0,78.37,37.0,8.0,88,100,43131,275.39
1785358477.088,5.8,90.1,78.31,118.8,40.9,100,62,43131,247.60
1785358478.088,3.4,93.0,78.29,29.0,2.0,92,59,43131,304.90
1785358479.088,4.9,86.0,78.29,26.0,2.0,100,63,43131,295.11
1785358480.089,5.8,100.0,78.19,24.0,2.0,95,63,43131,299.98
1785358481.089,6.2,99.0,78.19,28.0,4.0,100,65,43131,295.55
1785358482.089,5.3,74.0,78.16,31.0,4.0,87,60,43131,310.87
1785358483.089,4.6,78.0,78.08,26.0,4.0,100,68,43131,308.92
1785358484.089,5.9,100.0,78.10,35.0,6.0,100,69,43131,309.16
1785358485.089,5.7,74.0,78.12,77.0,30.0,86,91,43131,291.45
1785358486.089,5.4,99.0,78.16,73.0,33.0,83,89,43131,292.68
1785358487.089,6.9,89.9,78.28,76.0,31.0,88,94,43131,291.50
1785358488.089,6.3,99.0,78.28,73.0,31.0,79,84,43131,295.90
1785358489.090,6.8,78.8,77.96,77.0,33.0,77,82,43131,289.11
1785358490.090,5.9,100.0,77.95,76.0,30.0,79,89,43131,289.90
1785358491.090,5.8,100.0,77.94,65.0,28.0,73,82,43131,272.97
1785358492.090,4.6,100.0,77.29,3.0,0.0,0,0,43131,133.34
1785358493.090,5.5,100.0,77.26,2.0,0.0,0,0,43131,114.59
1785358494.090,4.0,100.0,77.39,4.0,0.0,0,0,43131,114.32
1785358495.090,6.0,88.8,77.58,2.0,200.1,0,0,43131,114.23
1785358496.090,3.7,67.0,77.73,3.0,32.0,0,0,43131,113.79
1785358497.090,11.0,100.0,77.76,2.0,43.8,0,0,43131,112.96
1785358498.090,8.3,100.0,77.76,3.0,41.0,0,0,43131,112.72
1785358499.091,7.6,100.0,77.70,4.0,26.1,0,0,43131,112.72
1785358500.091,5.8,100.0,77.69,2.0,20.0,0,0,43131,112.57
1785358501.091,7.5,100.0,77.68,2.0,59.0,0,0,43131,112.47
1785358502.091,6.6,100.0,77.65,3.0,39.0,0,0,43131,112.32
1785358503.091,6.4,100.0,77.65,2.0,40.0,0,0,43131,112.14
1785358504.091,5.5,99.0,77.66,2.0,38.0,0,0,43131,112.00
1785358505.091,5.4,79.8,77.24,3.0,29.0,0,0,43131,111.89
1785358506.091,5.3,100.0,77.23,5.0,45.0,0,0,43131,111.74
1785358507.091,7.1,100.0,77.22,2.0,46.0,0,0,43131,111.54
1785358508.091,5.1,100.0,77.32,2.0,15.0,0,0,43131,111.45
1785358509.091,4.2,100.0,77.31,5.0,47.0,0,0,43131,111.40
1785358510.091,5.0,100.0,77.37,1.0,48.0,0,0,43131,111.32
1785358511.092,4.3,100.0,77.36,3.0,69.0,0,0,43131,111.25
1785358512.092,5.0,84.0,77.36,4.0,29.0,0,0,43131,111.22
1785358513.092,5.8,100.0,77.64,3.0,21.0,0,0,43131,111.11
1785358514.092,7.2,100.0,77.63,2.0,46.0,0,0,43131,110.98
1785358515.092,5.9,100.0,77.64,3.0,62.0,0,0,43131,110.93
1785358516.092,6.9,100.0,77.61,1.0,44.0,0,0,43131,110.91
1785358517.092,5.4,100.0,77.59,2.0,53.0,0,0,43131,110.81
1785358518.092,5.4,100.0,77.67,3.0,49.0,0,0,43131,110.72
1785358519.092,5.9,100.0,77.81,3.0,37.0,0,0,43131,110.67
1785358520.092,6.1,100.0,77.79,1.0,35.0,0,0,43131,110.57
1785358521.092,6.7,100.0,77.78,2.0,29.0,0,0,43131,110.52
1785358522.093,6.3,86.0,77.84,4.0,23.0,0,0,43131,110.57
1785358523.093,5.8,100.0,78.12,1.0,34.0,0,0,43131,110.47
1785358524.093,8.1,100.0,78.16,2.0,36.0,0,0,43131,110.28
1785358525.093,6.3,100.0,78.18,3.0,35.0,0,0,43131,110.18
1785358526.093,6.6,100.0,78.18,2.0,37.0,0,0,43131,110.18
1785358527.093,5.8,100.0,78.16,4.0,31.0,0,0,43131,111.31
1785358528.093,6.5,100.0,78.12,2.0,35.0,0,0,43131,112.38
1785358529.093,7.1,100.0,78.23,3.0,34.0,0,0,43131,112.32
1785358530.093,8.4,100.0,78.21,0.0,28.9,0,0,43131,112.32
1785358531.093,5.6,100.0,78.21,4.0,30.1,0,0,43131,112.37
1785358532.093,4.0,76.2,78.21,3.0,25.0,0,0,43131,112.35
1785358533.094,4.7,85.0,78.11,5.0,32.0,0,0,43131,112.25
1785358534.094,4.6,100.0,78.08,3.0,38.9,0,0,43131,112.27
1785358535.094,8.3,100.0,78.05,1.0,39.1,0,0,43131,112.32
1785358536.094,6.0,100.0,78.02,2.0,27.0,0,0,43131,112.27
1785358537.094,7.1,100.0,77.99,4.0,28.0,0,0,43131,112.22
1785358538.094,6.0,100.0,77.98,0.0,28.0,0,0,43131,112.08
1785358539.094,5.1,100.0,77.99,3.0,25.0,0,0,43131,111.98
1785358540.094,6.8,100.0,78.14,2.0,24.0,0,0,43131,112.22
1785358541.094,6.5,100.0,78.13,3.0,28.0,0,0,43131,112.27
1785358542.094,5.5,100.0,78.47,2.0,19.0,0,0,43131,112.04
1785358543.095,6.6,100.0,78.45,3.0,29.0,0,0,43131,111.94
1785358544.095,6.6,100.0,78.42,1.0,29.0,0,0,43131,111.88
1785358545.095,6.8,100.0,78.49,2.0,30.0,0,0,43131,111.84
1785358546.095,6.4,100.0,78.45,3.0,17.0,0,0,43131,111.84
1785358547.095,6.9,100.0,78.61,2.0,26.0,0,0,43131,111.84
1785358548.095,6.4,100.0,78.58,3.0,52.0,0,0,43131,111.84
1785358549.095,8.8,87.0,78.62,2.0,169.9,0,0,43131,111.84
1785358550.095,6.2,57.6,78.18,3.0,30.0,0,0,43131,111.74
1785358551.095,6.1,100.0,78.18,3.0,47.0,0,0,43131,111.69
1785358552.096,6.6,100.0,78.14,1.0,16.0,0,0,43131,111.79
1785358553.096,7.9,100.0,78.29,1.0,61.3,0,0,43131,111.79
1785358554.096,6.7,100.0,78.29,4.0,47.7,0,0,43131,111.60
1785358555.096,6.4,100.0,78.29,0.0,44.9,0,0,43131,111.60
1785358556.096,6.4,100.0,78.36,3.0,51.1,0,0,43131,111.64
1785358557.096,9.1,100.0,78.33,3.0,54.2,0,0,43131,111.55
1785358558.096,7.4,100.0,78.28,3.0,53.8,0,0,43131,111.50
1785358559.096,10.2,100.0,78.26,1.0,205.0,0,0,43131,111.59
1785358560.096,5.9,99.0,78.26,3.0,20.9,0,0,43131,111.59
1785358561.097,5.5,69.0,78.85,1.0,17.0,0,0,43131,111.54
1785358562.097,6.6,100.0,79.00,3.0,17.0,0,0,43131,111.54
1785358563.097,4.2,100.0,78.86,3.0,17.0,0,0,43131,111.45
1785358564.097,5.9,100.0,78.96,2.0,43.2,0,0,43131,111.45
1785358565.097,6.3,100.0,78.97,3.0,46.8,0,0,43131,111.50
1785358566.097,6.7,100.0,78.94,2.0,58.0,0,0,43131,111.45
1785358567.097,5.3,100.0,78.92,3.0,49.0,0,0,43131,111.65
1785358568.097,5.7,88.8,78.83,3.0,24.0,0,0,43131,111.60
1785358569.097,5.8,100.0,78.35,3.0,23.0,0,0,43131,111.40
1785358570.097,7.6,100.0,78.46,2.0,20.0,0,0,43131,111.45
1785358571.097,5.9,100.0,78.47,4.0,60.0,0,0,43131,111.40
1785358572.098,6.9,100.0,78.45,1.0,51.0,0,0,43131,111.35
1785358573.098,5.7,100.0,78.39,3.0,41.0,0,0,43131,111.26
1785358574.098,6.7,100.0,78.52,1.0,48.0,0,0,43131,111.31
1785358575.098,5.9,100.0,78.51,3.0,43.0,0,0,43131,111.35
1785358576.098,4.5,85.1,78.54,3.0,31.0,0,0,43131,111.25
1785358577.098,4.4,71.0,78.68,4.0,43.0,0,0,43131,111.22
1785358578.098,4.9,95.0,78.96,3.0,73.1,0,0,43131,111.29
1785358579.098,6.5,100.0,79.05,32.0,31.0,92,58,43131,209.53
1785358580.098,6.1,100.0,79.08,34.0,6.0,86,98,43131,274.00
1785358581.098,7.3,100.0,79.09,39.0,10.0,85,98,43131,252.85
1785358582.099,5.4,100.0,79.10,36.0,10.0,87,100,43131,246.43
1785358583.099,7.6,100.0,79.02,39.0,9.0,87,100,43131,249.92
1785358584.099,5.3,100.0,79.08,70.0,33.0,100,60,43131,246.81
1785358585.099,5.1,100.0,79.11,81.0,3.0,100,63,43131,292.79
1785358586.099,3.3,53.5,79.09,26.0,2.0,91,59,43131,300.42
1785358587.099,6.4,87.0,78.89,22.0,2.0,100,64,43131,304.84
1785358588.099,5.2,100.0,78.95,27.0,3.0,88,60,43131,294.60
1785358589.099,4.3,100.0,78.97,25.0,4.0,100,66,43131,307.00
1785358590.099,6.6,100.0,79.10,32.0,5.0,100,67,43131,305.11
1785358591.099,7.8,100.0,79.12,28.0,5.0,86,61,43131,308.92
1785358592.100,7.8,100.0,79.10,61.0,20.0,84,89,43131,301.71
1785358593.100,6.3,100.0,79.09,74.0,31.0,87,93,43131,291.18
1785358594.100,6.4,100.0,79.02,78.0,31.0,87,93,43131,296.18
1785358595.100,7.2,100.0,79.00,71.0,33.0,82,88,43131,298.08
1785358596.100,5.3,65.0,78.99,78.0,31.0,76,81,43131,293.50
1785358597.100,6.2,99.0,79.42,72.0,30.0,82,88,43131,288.56
1785358598.100,6.3,100.0,79.49,71.0,28.0,84,97,43131,282.74
1785358599.100,5.0,100.0,78.85,15.0,0.0,0,0,43131,148.44
1785358600.100,3.9,100.0,78.89,1.0,0.0,0,0,43131,134.04
1785358601.100,5.6,100.0,78.91,5.0,0.0,0,0,43131,114.58
1785358602.101,9.1,100.0,79.15,1.0,209.0,0,0,43131,114.27
1785358603.101,7.7,100.0,79.18,2.0,50.0,0,0,43131,113.83
1785358604.101,7.1,100.0,79.19,2.0,34.0,0,0,43131,113.44
1785358605.101,4.7,100.0,79.18,3.0,27.0,0,0,43131,113.10
1785358606.101,4.6,100.0,79.20,5.0,27.0,0,0,43131,112.86
1785358607.101,4.9,100.0,79.19,2.0,30.0,0,0,43131,112.71
1785358608.101,5.4,100.0,79.21,3.0,72.0,0,0,43131,112.57
1785358609.101,5.5,82.8,79.24,3.0,24.0,0,0,43131,112.37
1785358610.101,2.9,56.4,79.25,4.0,34.0,0,0,43131,112.13
1785358611.102,4.6,61.0,79.28,3.0,27.0,0,0,43131,111.95
1785358612.102,3.7,94.9,79.31,5.0,34.0,0,0,43131,111.85
1785358613.102,3.8,69.0,79.33,4.0,25.0,0,0,43131,111.70
1785358614.102,4.3,69.1,79.21,4.0,23.0,0,0,43131,111.65
1785358615.102,4.8,100.0,79.20,1.0,32.0,0,0,43131,111.55
1785358616.102,5.6,100.0,79.19,2.0,22.0,0,0,43131,111.45
1785358617.102,9.6,100.0,79.36,4.0,42.0,0,0,43131,111.40
1785358618.102,8.4,65.0,79.45,2.0,26.0,0,0,43131,111.26
1785358619.102,3.1,70.3,79.44,4.0,17.0,0,0,43131,111.20
1785358620.103,5.8,82.0,79.45,3.0,16.0,0,0,43131,111.08
1785358621.103,4.8,60.6,79.43,3.0,16.0,0,0,43131,110.94
1785358622.103,5.9,100.0,79.38,3.0,19.0,0,0,43131,110.96
1785358623.103,5.3,99.0,79.38,2.0,39.9,0,0,43131,110.88
1785358624.103,5.1,100.0,79.39,3.0,39.0,0,0,43131,110.68
1785358625.103,5.2,64.6,79.40,3.0,27.0,0,0,43131,110.68
1785358626.103,3.9,73.0,79.43,4.0,58.0,0,0,43131,110.71
1785358627.103,5.7,73.3,79.48,3.0,38.0,0,0,43131,110.64
1785358628.103,3.7,47.0,79.41,2.0,17.0,0,0,43131,110.52
1785358629.104,6.2,100.0,79.39,3.0,19.0,0,0,43131,110.43
1785358630.104,6.2,99.0,79.38,2.0,20.0,0,0,43131,110.33
1785358631.104,6.1,100.0,79.42,3.0,26.0,0,0,43131,110.29
1785358632.104,3.8,77.0,79.40,3.0,46.0,0,0,43131,110.29
1785358633.104,3.6,76.8,79.43,4.0,43.0,0,0,43131,111.56
1785358634.104,4.2,61.0,79.41,2.0,27.0,0,0,43131,112.48
1785358635.104,4.7,71.6,79.41,6.0,24.0,0,0,43131,112.38
1785358636.104,3.6,52.0,79.40,3.0,39.0,0,0,43131,112.38
1785358637.105,4.3,92.9,79.41,3.0,34.0,0,0,43131,112.43
1785358638.105,4.6,62.4,79.41,3.0,37.0,0,0,43131,112.38
1785358639.105,5.4,81.2,79.38,3.0,26.0,0,0,43131,112.33
1785358640.105,4.8,99.0,79.35,3.0,23.0,0,0,43131,112.27
1785358641.105,5.9,99.0,79.28,3.0,20.0,0,0,43131,112.27
1785358642.105,5.1,81.6,79.26,2.0,20.0,0,0,43131,112.23
1785358643.105,5.6,99.0,79.24,2.0,22.0,0,0,43131,112.18
1785358644.105,3.7,98.0,79.21,3.0,23.0,0,0,43131,112.18
1785358645.105,4.9,84.2,79.21,3.0,20.0,0,0,43131,112.07
1785358646.106,5.6,100.0,79.20,2.0,23.0,0,0,43131,112.03
1785358647.106,6.3,100.0,79.18,2.0,20.0,0,0,43131,112.04
1785358648.106,6.1,100.0,79.28,4.0,20.0,0,0,43131,111.98
1785358649.106,6.5,100.0,79.28,1.0,22.0,0,0,43131,112.03
1785358650.106,6.5,100.0,79.26,3.0,20.0,0,0,43131,111.98
1785358651.106,5.7,100.0,79.27,3.0,21.0,0,0,43131,112.03
1785358652.106,8.0,100.0,79.27,1.0,20.0,0,0,43131,112.03
1785358653.106,4.9,100.0,79.28,3.0,28.0,0,0,43131,112.03
1785358654.106,4.5,100.0,79.28,3.0,31.0,0,0,43131,111.84
1785358655.107,4.5,100.0,79.27,3.0,32.0,0,0,43131,111.79
1785358656.107,4.8,100.0,79.26,3.0,32.9,0,0,43131,111.79
1785358657.107,4.2,100.0,79.26,3.0,32.9,0,0,43131,112.04
1785358658.107,5.0,100.0,79.23,3.0,24.0,0,0,43131,112.04
1785358659.107,5.4,100.0,79.23,3.0,35.1,0,0,43131,111.75
1785358660.107,5.4,83.0,79.23,1.0,33.1,0,0,43131,111.64
1785358661.107,7.0,100.0,78.50,3.0,34.0,0,0,43131,111.57
1785358662.107,8.2,100.0,78.77,2.0,40.0,0,0,43131,111.71
1785358663.107,6.2,100.0,78.75,3.0,29.0,0,0,43131,111.75
1785358664.107,6.5,100.0,78.75,4.0,28.9,0,0,43131,111.60
1785358665.108,6.0,100.0,78.76,2.0,28.1,0,0,43131,111.54
1785358666.108,4.6,100.0,78.92,2.0,27.0,0,0,43131,111.50
1785358667.108,6.3,100.0,78.91,4.0,12.0,0,0,43131,111.55
1785358668.108,6.4,100.0,78.89,2.0,34.0,0,0,43131,111.54
1785358669.108,6.8,100.0,78.86,3.0,26.9,0,0,43131,111.50
1785358670.108,6.1,100.0,78.85,2.0,28.1,0,0,43131,111.50
1785358671.108,6.3,100.0,78.83,4.0,27.8,0,0,43131,111.50
1785358672.108,4.1,100.0,78.82,2.0,28.2,0,0,43131,111.50
1785358673.108,7.4,100.0,78.79,3.0,16.9,0,0,43131,111.50
1785358674.108,6.1,100.0,78.80,1.0,22.0,0,0,43131,111.50
1785358675.109,5.1,100.0,78.80,5.0,34.1,0,0,43131,111.45
1785358676.109,8.6,100.0,78.81,1.0,205.1,0,0,43131,111.40
1785358677.109,7.7,100.0,78.81,3.0,45.0,0,0,43131,111.45
1785358678.109,8.2,100.0,78.80,3.0,46.0,0,0,43131,111.45
1785358679.109,7.8,100.0,78.80,3.0,17.0,0,0,43131,111.36
1785358680.109,7.2,100.0,78.82,1.0,59.0,0,0,43131,111.35
1785358681.109,7.7,100.0,78.80,3.0,48.9,0,0,43131,111.35
1785358682.109,8.0,100.0,78.82,2.0,39.0,0,0,43131,111.35
1785358683.109,6.4,100.0,78.81,3.0,51.1,0,0,43131,111.35
1785358684.110,8.8,100.0,78.35,1.0,56.0,0,0,43131,111.30
1785358685.110,7.9,100.0,78.76,3.0,50.8,0,0,43131,111.30
1785358686.160,9.4,100.0,78.76,1.0,201.6,0,0,43131,111.40
1785358687.160,7.4,100.0,78.80,3.0,26.9,0,0,43131,111.35
1785358688.160,7.0,100.0,78.81,2.0,19.0,0,0,43131,111.20
1785358689.160,6.9,100.0,78.81,3.0,19.0,0,0,43131,111.30
1785358690.160,7.5,100.0,78.81,3.0,33.0,0,0,43131,111.35
1785358691.160,7.3,100.0,78.83,1.0,49.0,0,0,43131,111.30
1785358692.160,5.2,100.0,78.82,4.0,46.0,0,0,43131,111.25
1785358693.160,6.1,100.0,79.10,4.0,50.7,0,0,43131,111.21
1785358694.160,7.8,100.0,79.28,3.0,46.3,0,0,43131,111.26
1785358695.161,6.4,100.0,79.26,3.0,30.0,0,0,43131,111.30
1785358696.161,7.4,100.0,79.25,2.0,22.0,0,0,43131,111.30
1785358697.161,6.2,100.0,79.21,2.0,64.0,0,0,43131,111.25
1785358698.161,7.4,100.0,79.23,2.0,47.0,0,0,43131,111.25
1785358699.161,6.3,100.0,79.24,2.0,41.0,0,0,43131,111.30
1785358700.161,4.8,100.0,79.24,2.0,45.0,0,0,43131,111.25
1785358701.161,8.0,100.0,79.22,1.0,43.0,0,0,43131,111.20
1785358702.161,8.2,99.0,79.23,4.0,30.0,0,0,43131,111.20
1785358703.161,7.7,100.0,79.57,4.0,43.0,0,0,43131,111.15
1785358704.161,8.2,100.0,79.74,1.0,80.0,0,0,43131,111.15
1785358705.161,6.1,100.0,80.08,31.0,5.0,100,61,43131,195.75
1785358706.162,5.0,100.0,80.04,37.0,7.0,87,100,43131,258.15
1785358707.162,6.4,100.0,80.17,35.0,10.0,87,100,43131,268.04
1785358708.162,4.4,100.0,80.14,39.0,7.0,87,100,43131,271.75
1785358709.162,6.0,100.0,80.13,36.0,8.0,86,99,43131,269.89
1785358710.162,8.1,100.0,80.09,119.6,30.2,100,61,43131,257.01
1785358711.162,7.9,100.0,80.08,24.9,1.0,100,62,43131,296.55
1785358712.162,7.5,100.0,80.06,21.0,2.0,90,60,43131,302.65
1785358713.162,8.5,100.0,80.04,28.0,3.0,100,64,43131,293.75
1785358714.162,8.8,100.0,80.03,22.0,3.0,89,61,43131,300.13
1785358715.163,8.3,100.0,80.00,30.9,4.0,100,66,43131,305.48
1785358716.163,6.6,100.0,79.99,27.0,4.0,100,67,43131,308.05
1785358717.163,8.0,100.0,80.15,25.0,6.0,87,62,43131,306.64
1785358718.163,6.5,100.0,79.95,80.0,28.0,78,83,43131,290.76
1785358719.163,7.6,100.0,79.95,76.0,31.0,79,85,43131,293.28
1785358720.163,7.9,100.0,79.93,74.0,32.0,79,84,43131,292.00
1785358721.163,8.4,100.0,80.08,72.0,32.0,78,84,43131,289.86
1785358722.163,7.6,100.0,80.07,79.0,28.0,76,81,43131,286.81
1785358723.163,5.1,100.0,80.04,75.0,32.0,87,97,43131,294.42
1785358724.163,6.3,100.0,79.99,58.3,32.1,66,75,43131,266.06
1785358725.164,4.2,100.0,79.24,3.0,0.0,0,0,43131,133.22
1785358726.164,4.4,100.0,79.22,1.0,0.0,0,0,43131,114.42
1785358727.164,5.6,100.0,79.35,3.0,0.0,0,0,43131,114.09
1785358728.164,7.4,100.0,79.42,1.0,203.4,0,0,43131,113.55
1785358729.164,4.9,87.0,79.40,4.0,48.8,0,0,43131,113.16
1785358730.164,5.2,76.0,79.40,2.0,33.0,0,0,43131,112.97
1785358731.164,5.8,100.0,79.39,3.0,32.0,0,0,43131,112.72
1785358732.164,5.9,99.0,79.38,1.0,38.0,0,0,43131,112.52
1785358733.164,6.1,100.0,79.36,2.0,17.0,0,0,43131,112.32
1785358734.164,6.8,100.0,79.35,2.0,56.0,0,0,43131,112.18
1785358735.164,6.2,99.0,79.35,3.0,43.0,0,0,43131,112.13
1785358736.165,5.5,100.0,79.34,3.0,39.0,0,0,43131,111.98
1785358737.165,8.1,90.1,79.34,1.0,44.0,0,0,43131,111.88
1785358738.165,9.2,100.0,79.31,3.0,36.0,0,0,43131,111.74
1785358739.165,6.4,100.0,79.29,1.0,38.0,0,0,43131,111.64
1785358740.165,4.8,100.0,79.27,3.0,49.0,0,0,43131,111.54
1785358741.165,4.0,100.0,79.27,3.0,16.0,0,0,43131,111.40
1785358742.165,7.5,87.0,79.25,4.0,31.0,0,0,43131,111.31
1785358743.165,5.8,100.0,79.18,4.0,52.0,0,0,43131,111.11
1785358744.165,5.6,100.0,79.20,3.0,59.0,0,0,43131,111.30
1785358745.165,4.6,100.0,79.20,3.0,48.0,0,0,43131,111.30
1785358746.166,6.7,100.0,79.21,1.0,29.0,0,0,43131,110.96
1785358747.166,6.3,100.0,79.23,1.0,45.0,0,0,43131,110.91
1785358748.166,6.7,81.0,78.78,4.0,60.0,0,0,43131,110.81
1785358749.166,7.1,100.0,79.31,3.0,41.0,0,0,43131,110.81
1785358750.166,6.4,100.0,79.33,1.0,55.0,0,0,43131,110.72
1785358751.166,7.2,100.0,79.34,3.0,47.0,0,0,43131,110.57
1785358752.166,5.8,100.0,79.34,3.0,39.0,0,0,43131,110.47
1785358753.166,6.6,100.0,79.32,1.0,35.0,0,0,43131,110.38
1785358754.166,5.6,100.0,79.32,3.0,31.0,0,0,43131,110.41
1785358755.167,4.8,100.0,79.31,2.0,37.0,0,0,43131,110.36
1785358756.167,5.7,100.0,79.29,4.0,35.0,0,0,43131,110.33
1785358757.167,7.1,100.0,79.29,0.0,35.0,0,0,43131,110.28
1785358758.167,6.2,100.0,79.26,3.0,35.0,0,0,43131,111.40
1785358759.167,6.4,95.0,78.65,4.0,35.0,0,0,43131,112.47
1785358760.167,6.8,100.0,79.35,0.0,36.0,0,0,43131,112.32
1785358761.167,8.0,100.0,79.33,4.0,35.0,0,0,43131,112.41
1785358762.167,7.7,100.0,79.33,1.0,32.0,0,0,43131,112.41
1785358763.167,8.3,100.0,79.36,1.0,34.0,0,0,43131,112.32
1785358764.167,7.6,100.0,79.37,3.0,34.0,0,0,43131,112.22
1785358765.167,7.8,100.0,79.38,3.0,36.0,0,0,43131,112.16
1785358766.167,7.4,100.0,79.37,3.0,29.0,0,0,43131,112.21
1785358767.168,6.0,100.0,79.71,1.0,44.0,0,0,43131,112.18
1785358768.168,5.2,95.0,79.55,4.0,30.0,0,0,43131,112.08
1785358769.168,5.5,73.0,79.52,3.0,25.0,0,0,43131,112.13
1785358770.168,6.5,100.0,79.56,1.0,28.0,0,0,43131,112.18
1785358771.168,6.5,100.0,79.57,3.0,30.0,0,0,43131,111.98
1785358772.168,5.7,100.0,79.56,3.0,22.0,0,0,43131,111.89
1785358773.168,7.1,97.0,79.52,2.0,26.0,0,0,43131,112.03
1785358774.168,8.0,100.0,79.49,2.0,18.0,0,0,43131,112.08
1785358775.169,8.1,100.0,79.46,2.0,25.0,0,0,43131,111.98
1785358776.169,6.3,100.0,79.44,2.0,26.0,0,0,43131,111.93
1785358777.169,5.9,100.0,79.42,2.0,31.0,0,0,43131,111.84
1785358778.169,6.6,100.0,79.39,4.0,34.0,0,0,43131,111.79
1785358779.169,5.2,100.0,79.40,3.0,25.0,0,0,43131,111.84
1785358780.169,7.0,100.0,79.39,0.0,21.0,0,0,43131,111.84
1785358781.169,6.3,85.9,79.40,4.0,39.0,0,0,43131,111.79
1785358782.169,5.6,82.8,78.28,2.0,46.0,0,0,43131,111.75
1785358783.169,6.2,100.0,79.19,3.0,186.0,0,0,43131,111.70
1785358784.169,5.9,78.0,79.39,3.0,34.0,0,0,43131,111.69
1785358785.169,5.9,100.0,79.41,3.0,29.0,0,0,43131,111.69
1785358786.170,5.1,85.0,79.40,3.0,14.0,0,0,43131,111.75
1785358787.170,5.8,100.0,79.70,3.0,51.0,0,0,43131,111.79
1785358788.170,5.0,100.0,80.43,5.0,42.0,0,0,43131,111.64
1785358789.170,8.1,100.0,80.26,3.0,44.0,0,0,43131,111.59
1785358790.170,4.5,100.0,80.27,3.0,43.0,0,0,43131,111.69
1785358791.170,5.5,100.0,80.23,4.0,44.0,0,0,43131,111.69
1785358792.170,3.4,100.0,80.24,3.0,53.0,0,0,43131,111.60
1785358793.170,5.8,100.0,80.19,4.0,50.0,0,0,43131,111.50
1785358794.170,7.4,100.0,80.19,3.0,203.0,0,0,43131,111.54
1785358795.171,6.4,100.0,80.19,5.0,23.0,0,0,43131,111.56
1785358796.171,5.9,100.0,80.18,1.0,17.0,0,0,43131,111.51
1785358797.171,8.8,100.0,80.15,4.0,17.0,0,0,43131,111.50
1785358798.171,5.5,100.0,80.13,2.0,27.0,0,0,43131,111.50
1785358799.171,4.5,100.0,80.15,4.0,40.0,0,0,43131,111.45
1785358800.171,4.2,100.0,80.11,3.0,54.0,0,0,43131,111.40
1785358801.171,4.6,100.0,79.74,4.0,53.0,0,0,43131,111.40
1785358802.171,9.1,100.0,79.87,2.0,50.0,0,0,43131,111.39
1785358804.853,8.7,84.3,79.81,1.9,18.3,0,0,43131,111.39
1785358805.853,7.6,92.9,79.75,5.0,16.0,0,0,43131,111.78
1785358806.853,7.5,100.0,79.90,2.0,24.0,0,0,43131,111.75
1785358807.853,10.9,100.0,80.11,3.0,60.0,0,0,43131,111.35
1785358808.854,8.4,100.0,80.53,4.0,45.0,0,0,43398,111.43
1785358809.854,10.1,100.0,80.89,2.0,45.0,0,0,43398,111.45
1785358810.854,10.0,100.0,80.81,2.0,43.0,0,0,43398,111.48
1785358811.854,10.9,100.0,79.89,2.0,46.0,0,0,43131,111.61
1785358812.854,6.5,100.0,79.94,4.0,21.0,0,0,43131,111.54
1785358813.854,8.6,100.0,80.08,3.0,45.0,0,0,43131,111.23
1785358814.854,10.1,100.0,80.13,1.0,95.0,0,0,43131,111.30
1785358815.854,9.2,100.0,80.15,35.0,36.0,100,60,43131,181.81
1785358816.854,7.9,100.0,80.13,23.0,1.0,92,59,43131,303.18
1785358817.854,5.9,100.0,79.85,33.0,5.0,86,99,43131,281.71
1785358818.854,8.9,100.0,79.80,38.0,8.0,86,99,43131,262.57
1785358819.854,8.0,100.0,79.77,34.0,9.0,87,100,43131,256.90
1785358820.855,6.5,100.0,79.76,37.0,9.0,88,100,43131,273.41
1785358821.855,6.8,100.0,79.72,38.0,8.0,0,0,43131,238.28
1785358822.855,6.8,100.0,79.72,47.0,3.0,93,68,43131,277.80
1785358823.855,5.1,100.0,79.68,52.0,4.0,88,73,43131,272.35
1785358824.855,6.0,100.0,79.66,41.0,8.0,88,100,43131,268.36
1785358825.855,6.9,100.0,79.98,47.0,6.0,87,98,43131,270.68
1785358826.855,7.3,100.0,79.96,48.0,8.0,89,100,43131,288.32
1785358827.855,8.5,100.0,79.93,42.0,6.0,93,82,43131,289.19
1785358828.855,7.7,100.0,80.24,50.0,4.0,95,60,43131,277.54
1785358829.855,6.2,100.0,80.06,44.0,7.0,86,98,43131,276.90
1785358830.856,6.2,100.0,80.02,47.0,6.0,95,84,43131,275.54
1785358831.856,6.5,100.0,79.85,55.0,8.0,93,79,43131,288.54
1785358832.856,6.5,100.0,79.81,49.0,6.0,84,96,43131,291.46
1785358833.856,5.3,84.0,79.81,48.0,10.0,84,98,43131,280.70
1785358834.856,6.2,81.0,79.79,53.0,9.0,93,81,43131,271.20
1785358835.856,7.7,100.0,79.77,51.0,8.0,87,93,43131,285.16
1785358836.856,5.7,100.0,79.77,48.0,10.0,84,97,43131,281.07
1785358837.856,3.7,100.0,79.76,50.0,10.0,86,100,43131,295.34
1785358838.856,5.5,100.0,79.77,49.0,10.0,87,87,43131,291.03
1785358839.856,4.7,100.0,79.76,52.0,7.0,82,92,43131,280.29
1785358840.857,5.2,100.0,79.75,54.0,7.0,93,83,43131,275.42
1785358841.857,4.4,100.0,79.72,53.0,8.0,85,94,43131,282.25
1785358842.857,5.4,100.0,79.73,40.0,6.0,87,97,43131,286.43
1785358843.857,5.6,100.0,79.70,43.0,8.0,91,100,43131,277.51
1785358844.857,4.4,100.0,79.70,41.0,6.0,96,68,43131,271.17
1785358845.857,6.8,100.0,79.68,44.0,8.0,96,84,43131,266.63
1785358846.857,6.5,100.0,79.67,52.0,8.0,90,88,43131,274.94
1785358847.857,6.0,100.0,79.64,41.0,6.0,88,100,43131,294.05
1785358848.857,6.3,100.0,79.61,46.0,5.0,87,99,43131,280.12
1785358849.857,4.9,100.0,79.60,49.0,4.0,88,100,43131,290.28
1785358850.857,5.8,100.0,79.57,55.0,10.0,88,100,43131,294.26
1785358851.858,6.0,100.0,79.57,34.0,6.0,86,100,43131,296.27
1785358852.858,5.0,100.0,79.58,56.0,9.0,92,80,43131,294.98
1785358853.858,6.0,100.0,79.72,45.0,13.0,84,97,43131,286.10
1785358854.858,5.6,100.0,79.90,61.0,10.0,91,68,43131,292.84
1785358855.858,5.0,96.0,79.79,45.0,6.0,85,98,43131,286.04
1785358856.858,8.9,100.0,79.77,50.0,10.0,95,84,43131,283.47
1785358857.858,8.5,100.0,79.73,61.0,9.0,94,88,43131,293.33
1785358858.858,7.7,100.0,79.74,49.0,8.0,94,82,43131,281.71
1785358859.858,6.7,100.0,79.73,52.0,12.0,87,100,43131,288.59
1785358860.859,5.5,100.0,79.72,42.0,10.0,86,99,43131,285.28
1785358861.859,7.6,100.0,79.70,48.0,9.0,82,89,43131,281.61
1785358862.859,6.8,100.0,79.66,36.0,6.0,87,100,43131,271.57
1785358863.859,7.2,100.0,79.64,34.0,8.0,89,100,43131,268.77
1785358864.859,8.0,100.0,79.60,29.0,3.0,90,100,43131,249.40
1785358865.859,5.5,100.0,79.59,24.0,3.0,91,100,43131,256.94
1785358866.859,4.7,100.0,78.83,11.0,0.0,0,0,43131,157.55
1785358867.859,4.9,100.0,78.78,2.0,0.0,0,0,43131,130.85
1785358868.859,6.4,100.0,78.80,2.0,0.0,0,0,43131,117.41
1785358869.859,8.9,100.0,78.99,4.0,211.8,0,0,43131,116.99
1785358870.859,7.7,100.0,79.00,2.0,50.2,0,0,43131,116.50
1785358871.860,6.1,100.0,78.99,4.0,38.0,0,0,43131,116.17
1785358872.860,5.1,100.0,78.90,1.0,33.0,0,0,43131,115.78
1785358873.860,6.7,100.0,78.91,2.0,39.0,0,0,43131,115.49
1785358874.860,6.7,99.0,78.91,3.0,21.0,0,0,43131,115.24
1785358875.860,5.8,76.0,78.91,2.0,68.0,0,0,43131,115.00
1785358876.860,5.7,66.7,78.92,2.0,40.0,0,0,43131,115.15
1785358877.860,5.7,100.0,78.94,3.0,40.0,0,0,43131,114.90
1785358878.860,7.2,94.1,78.60,2.0,42.0,0,0,43131,114.37
1785358879.860,6.2,100.0,78.60,1.0,48.0,0,0,43131,114.18
1785358880.860,5.8,100.0,78.62,3.0,48.0,0,0,43131,113.93
1785358881.861,4.7,100.0,78.60,3.0,28.9,0,0,43131,113.64
1785358882.861,3.8,61.0,78.61,2.0,14.0,0,0,43131,113.34
1785358883.861,4.4,88.9,78.63,2.0,19.0,0,0,43131,113.15
1785358884.861,4.7,100.0,78.63,4.0,46.9,0,0,43131,113.05
1785358885.861,6.3,100.0,78.64,3.0,33.1,0,0,43131,112.93
1785358886.861,4.7,100.0,78.64,0.0,37.0,0,0,43131,112.79
1785358887.861,4.9,100.0,78.65,3.0,60.0,0,0,43131,113.01
1785358888.861,4.0,79.2,78.64,3.0,25.0,0,0,43131,112.88
1785358889.861,5.6,79.0,79.08,1.0,20.0,0,0,43131,112.35
1785358890.862,7.3,85.1,79.13,5.0,20.0,0,0,43131,112.18
1785358891.862,6.3,100.0,79.14,1.0,17.0,0,0,43131,112.08
1785358892.862,6.9,100.0,79.13,3.0,39.0,0,0,43131,111.98
1785358893.862,6.0,99.0,79.12,0.0,54.0,0,0,43131,111.93
1785358894.862,4.3,100.0,79.10,4.0,33.0,0,0,43131,111.79
1785358895.862,4.7,100.0,79.10,2.0,25.0,0,0,43131,111.64
1785358896.862,5.3,73.0,79.10,3.0,38.0,0,0,43131,111.64
1785358897.862,4.6,70.0,79.08,3.0,35.0,0,0,43131,111.64
1785358898.863,4.7,74.7,78.64,2.0,38.0,0,0,43131,111.50
1785358899.863,3.7,100.0,78.64,3.0,26.0,0,0,43131,111.45
1785358900.863,4.3,100.0,78.66,3.0,22.0,0,0,43131,111.36
1785358901.863,4.2,100.0,78.65,3.0,23.0,0,0,43131,111.21
1785358902.863,4.7,100.0,78.67,1.0,23.0,0,0,43131,111.59
1785358903.863,5.2,100.0,78.64,2.0,25.0,0,0,43131,111.51
1785358904.863,6.2,94.0,78.65,4.0,20.0,0,0,43131,110.98
1785358905.863,6.0,99.0,78.66,2.0,24.0,0,0,43131,110.99
1785358906.863,5.2,100.0,78.64,4.0,21.0,0,0,43131,110.94
1785358907.864,4.5,100.0,78.65,1.0,21.0,0,0,43131,110.86
1785358908.864,6.1,63.4,78.63,2.0,20.0,0,0,43131,110.82
1785358909.864,6.9,100.0,78.63,3.0,20.0,0,0,43131,110.67
1785358910.864,5.8,100.0,78.64,2.0,20.0,0,0,43131,110.96
1785358911.864,5.6,99.0,79.30,3.0,20.0,0,0,43131,110.96
1785358912.864,4.8,100.0,79.30,4.0,20.0,0,0,43131,110.52
1785358913.864,4.7,100.0,79.31,4.0,25.0,0,0,43131,110.41
1785358914.864,5.4,100.0,79.29,2.0,30.0,0,0,43131,110.37
1785358915.864,6.5,100.0,79.30,2.0,35.0,0,0,43131,110.38
1785358916.864,10.9,100.0,79.32,2.0,31.0,0,0,43131,111.45
1785358917.865,8.8,100.0,79.32,2.0,32.0,0,0,43131,112.47
1785358918.865,5.7,100.0,79.33,3.0,34.0,0,0,43131,112.47
1785358919.865,4.8,65.0,79.33,3.0,35.0,0,0,43131,112.47
1785358920.865,4.5,72.7,79.33,4.0,23.0,0,0,43131,112.52
1785358921.865,4.7,85.0,79.03,3.0,29.0,0,0,43131,112.50
1785358922.865,4.6,100.0,79.01,3.0,43.0,0,0,43131,112.36
1785358923.865,5.6,100.0,79.02,3.0,22.0,0,0,43131,112.27
1785358924.865,5.2,72.7,79.01,3.0,24.0,0,0,43131,112.27
1785358925.865,7.3,100.0,79.02,4.0,26.0,0,0,43131,112.22
1785358926.866,5.7,100.0,79.02,2.0,29.0,0,0,43131,112.22
1785358927.866,6.6,100.0,79.00,2.0,21.0,0,0,43131,112.22
1785358928.866,3.9,100.0,78.98,3.0,24.0,0,0,43131,112.18
1785358929.866,5.5,100.0,78.96,3.0,23.0,0,0,43131,112.22
1785358930.866,6.6,100.0,78.95,2.0,26.0,0,0,43131,112.22
1785358931.866,5.9,100.0,78.96,2.0,18.0,0,0,43131,112.13
1785358932.866,5.3,99.0,78.96,4.0,19.0,0,0,43131,112.13
1785358933.866,6.3,98.0,78.80,2.0,29.0,0,0,43131,112.08
1785358934.866,5.1,100.0,78.79,3.0,30.0,0,0,43131,112.37
1785358935.866,4.8,100.0,78.78,3.0,18.0,0,0,43131,112.32
1785358936.867,5.8,100.0,78.79,3.0,22.0,0,0,43131,111.84
1785358937.867,6.8,100.0,78.81,1.0,40.0,0,0,43131,111.89
1785358938.867,7.0,100.0,78.81,4.0,202.0,0,0,43131,111.93
1785358939.867,6.0,100.0,78.84,3.0,38.0,0,0,43131,111.93
1785358940.867,5.4,100.0,78.85,4.0,44.0,0,0,43131,111.93
1785358941.867,5.7,100.0,78.85,3.0,14.0,0,0,43131,111.89
1785358942.867,7.4,100.0,78.88,1.0,39.0,0,0,43131,111.93
1785358943.867,6.6,100.0,79.12,3.0,51.0,0,0,43131,111.89
1785358944.867,6.8,100.0,79.13,0.0,44.0,0,0,43131,111.79
1785358945.867,5.3,100.0,79.13,4.0,39.0,0,0,43131,111.74
1785358946.868,6.0,100.0,79.11,3.0,51.0,0,0,43131,111.69
1785358947.868,5.9,100.0,79.09,1.0,53.0,0,0,43131,111.74
1785358948.868,5.9,100.0,79.06,4.0,50.0,0,0,43131,111.74
1785358949.868,4.0,63.0,79.05,3.0,57.9,0,0,43131,111.64
1785358950.868,6.7,79.2,79.23,1.0,188.1,0,0,43131,111.68
1785358951.868,4.6,100.0,79.22,5.0,16.0,0,0,43131,111.68
1785358952.868,5.6,100.0,79.21,1.0,13.0,0,0,43131,111.65
1785358953.868,6.0,100.0,79.20,4.0,15.0,0,0,43131,111.74
1785358954.868,6.8,100.0,79.18,4.0,22.0,0,0,43131,111.74
1785358955.868,6.7,100.0,79.22,4.0,36.0,0,0,43131,111.64
1785358956.869,6.9,100.0,79.22,3.0,45.0,0,0,43131,111.59
1785358957.869,8.4,100.0,79.24,2.0,50.0,0,0,43131,111.59
1785358958.869,6.4,100.0,79.25,1.0,53.0,0,0,43131,111.56
1785358959.869,6.1,100.0,79.24,3.0,25.0,0,0,43131,111.56
1785358960.869,6.2,100.0,79.20,3.0,26.0,0,0,43131,111.64
1785358961.869,6.5,100.0,79.18,2.0,17.0,0,0,43131,111.69
1785358962.869,5.7,100.0,79.18,1.0,29.0,0,0,43131,111.59
1785358963.869,6.3,100.0,79.20,2.0,68.3,0,0,43131,111.69
1785358964.869,5.6,100.0,79.21,2.0,41.7,0,0,43131,111.83
1785358965.869,7.0,100.0,79.18,5.0,43.0,0,0,43131,111.69
1785358966.869,5.7,100.0,79.15,2.0,43.0,0,0,43131,111.64
1785358967.870,6.7,100.0,79.15,2.0,43.0,0,0,43131,111.54
1785358968.870,5.6,99.0,79.17,12.0,31.0,0,0,43131,111.45
1785358969.870,7.3,88.9,79.79,0.0,43.9,0,0,43131,111.49
1785358970.870,6.2,100.0,79.83,3.0,74.0,0,0,43131,111.51
1785358971.870,7.5,100.0,79.84,26.0,54.1,94,58,43131,156.43
1785358972.870,3.8,100.0,79.85,19.0,2.0,100,63,43131,295.32
1785358973.870,5.9,100.0,79.79,29.0,3.0,86,99,43131,275.42
1785358974.870,6.1,100.0,79.78,37.0,9.0,88,100,43131,272.32
1785358975.870,6.7,100.0,79.78,37.0,8.0,88,100,43131,262.61
1785358976.870,8.7,100.0,79.78,37.0,9.0,88,100,43131,264.89
1785358977.871,8.3,100.0,79.78,30.0,9.0,57,65,43131,259.68
1785358978.871,7.1,100.0,79.76,43.0,4.0,87,98,43131,262.57
1785358979.871,6.0,100.0,79.78,51.0,3.0,90,98,43131,281.74
1785358980.871,7.3,100.0,79.31,41.0,6.0,87,98,43131,267.95
1785358981.871,7.1,100.0,79.31,54.0,6.0,100,62,43131,294.97
1785358982.871,5.9,100.0,79.30,49.0,7.0,91,95,43131,298.17
1785358983.871,6.7,100.0,79.28,49.0,9.0,89,100,43131,285.52
1785358984.871,6.8,100.0,79.28,47.0,10.0,85,98,43131,277.31
1785358985.871,5.3,100.0,79.27,58.0,9.0,89,100,43131,282.10
1785358986.871,6.5,100.0,79.29,44.0,9.0,86,85,43131,285.20
1785358987.871,7.4,100.0,79.31,52.0,7.0,93,59,43131,286.03
1785358988.872,6.5,100.0,79.33,41.0,10.0,89,100,43131,281.77
1785358989.872,4.6,86.0,79.31,39.0,7.0,96,86,43131,272.41
1785358990.872,6.7,100.0,79.61,54.0,6.0,93,76,43131,291.75
1785358991.872,5.5,91.9,79.63,35.0,7.0,89,100,43131,281.42
1785358992.872,4.3,88.9,79.65,55.0,6.0,87,99,43131,291.92
1785358993.872,6.5,82.7,79.44,49.0,6.0,94,77,43131,253.18
1785358994.872,7.0,100.0,79.42,51.0,7.0,96,84,43131,268.47
1785358995.872,6.8,100.0,79.43,46.0,9.0,93,79,43131,249.30
1785358996.872,6.1,100.0,79.44,51.0,7.0,90,100,43131,268.02
1785358997.873,5.6,100.0,79.44,47.0,8.0,87,100,43131,280.42
1785358998.873,7.2,100.0,79.42,50.0,9.0,90,86,43131,288.98
1785358999.873,6.5,100.0,79.43,46.0,8.0,82,94,43131,288.42
1785359000.873,6.8,100.0,79.42,50.0,7.0,88,100,43131,280.22
1785359001.873,4.5,100.0,79.42,49.0,7.0,83,92,43131,291.77
1785359002.873,5.0,100.0,79.48,53.0,7.0,87,100,43131,279.71
1785359003.873,7.5,100.0,79.68,48.0,6.0,92,57,43131,303.03
1785359004.873,5.9,100.0,79.67,43.0,8.0,85,98,43131,285.29
1785359005.873,7.5,100.0,79.66,51.0,8.0,87,85,43131,292.35
1785359006.873,6.8,100.0,79.65,51.0,10.0,89,94,43131,278.44
1785359007.874,6.6,100.0,79.67,50.0,7.0,100,63,43131,286.80
1785359008.874,5.6,100.0,79.69,49.0,8.0,84,97,43131,294.96
1785359009.874,5.6,100.0,79.70,52.0,9.0,84,97,43131,289.69
1785359010.874,6.1,100.0,79.69,55.0,10.0,95,86,43131,292.01
1785359011.874,7.5,100.0,79.68,48.0,7.0,86,99,43131,280.76
1785359012.874,7.1,100.0,79.69,45.0,10.0,84,97,43131,283.94
1785359013.874,5.7,100.0,79.13,53.0,11.0,84,91,43131,283.95
1785359014.874,4.6,100.0,79.15,49.0,8.0,88,85,43131,283.23
1785359015.874,4.7,100.0,79.14,41.0,8.0,93,64,43131,287.54
1785359016.874,5.7,100.0,79.12,52.0,8.0,87,100,43131,280.39
1785359017.875,6.0,100.0,79.12,44.0,9.0,88,100,43131,276.30
1785359018.875,8.8,100.0,79.12,34.0,7.0,88,99,43131,273.67
1785359019.875,6.5,100.0,79.14,32.0,6.0,90,100,43131,268.07
1785359020.875,6.9,100.0,79.12,28.0,4.0,91,100,43131,258.73
1785359021.875,6.2,100.0,79.11,22.1,2.0,92,100,43131,255.59
1785359022.875,5.5,100.0,78.32,12.0,0.0,0,0,43131,158.21
1785359023.875,6.2,100.0,78.32,2.0,0.0,0,0,43131,131.58
1785359024.875,6.6,100.0,78.35,1.0,0.0,0,0,43131,117.22
1785359025.875,8.5,100.0,78.55,4.0,211.1,0,0,43131,116.89
1785359026.875,5.4,100.0,78.57,3.0,46.0,0,0,43131,116.46
1785359027.876,8.2,100.0,78.70,2.0,32.0,0,0,43131,116.12
1785359028.876,5.5,88.0,78.76,3.0,37.0,0,0,43131,115.78
1785359029.876,8.7,100.0,78.70,3.0,30.0,0,0,43131,115.53
1785359030.876,5.4,100.0,79.20,3.0,28.0,0,0,43131,115.25
1785359031.876,7.0,100.0,79.22,3.0,68.0,0,0,43131,114.91
1785359032.876,6.5,100.0,78.39,1.0,38.1,0,0,43131,114.95
1785359033.876,6.6,100.0,79.25,3.0,49.8,0,0,43131,114.80
1785359034.876,6.8,100.0,79.20,1.0,37.0,0,0,43131,114.36
1785359035.876,7.8,100.0,79.21,2.0,42.0,0,0,43131,114.17
1785359036.876,7.1,100.0,79.21,4.0,46.0,0,0,43131,114.03
1785359037.876,6.4,100.0,79.21,2.0,18.0,0,0,43131,114.17
1785359038.877,6.8,100.0,79.20,2.0,53.0,0,0,43131,113.83
1785359039.877,5.3,100.0,79.19,5.0,60.0,0,0,43131,113.29
1785359040.877,5.5,100.0,79.20,3.0,54.0,0,0,43131,113.20
1785359041.877,6.4,100.0,79.20,0.0,31.0,0,0,43131,112.96
1785359042.877,4.6,100.0,79.22,3.0,52.0,0,0,43131,112.76
1785359043.877,4.4,100.0,79.21,4.0,58.0,0,0,43131,112.57
1785359044.877,6.0,100.0,79.20,4.0,50.0,0,0,43131,112.47
1785359045.877,7.0,100.0,79.20,3.0,51.0,0,0,43131,112.42
1785359046.877,8.2,100.0,79.20,0.0,49.0,0,0,43131,112.27
1785359047.877,6.9,100.0,79.22,3.0,33.0,0,0,43131,112.08
1785359048.877,7.0,100.0,79.24,2.0,30.0,0,0,43131,112.03
1785359049.878,5.7,100.0,79.25,1.0,36.0,0,0,43131,111.98
1785359050.878,6.9,100.0,79.23,3.0,33.9,0,0,43131,111.89
1785359051.878,6.5,100.0,79.22,1.0,32.1,0,0,43131,111.79
1785359052.878,6.1,100.0,79.20,3.0,34.0,0,0,43131,111.64
1785359053.878,5.4,100.0,79.19,5.0,30.0,0,0,43131,111.55
1785359054.878,6.7,100.0,79.16,0.0,37.0,0,0,43131,111.45
1785359055.878,4.5,85.0,79.17,3.0,31.0,0,0,43131,111.35
1785359056.878,4.8,84.2,79.07,3.0,33.0,0,0,43131,111.26
1785359057.878,5.7,86.0,79.13,3.0,33.0,0,0,43131,111.17
1785359058.878,6.5,100.0,79.13,3.0,32.0,0,0,43131,111.11
1785359059.879,4.3,100.0,79.12,1.0,35.0,0,0,43131,111.11
1785359060.879,4.3,100.0,79.13,5.0,33.0,0,0,43131,111.06
1785359061.879,7.5,100.0,79.13,3.0,32.0,0,0,43131,110.96
1785359062.879,7.1,100.0,79.15,2.0,46.2,0,0,43131,110.86
1785359063.879,6.8,100.0,79.14,1.0,26.9,0,0,43131,110.81
1785359064.879,4.5,100.0,79.12,3.0,28.0,0,0,43131,110.72
1785359065.879,5.2,84.8,79.11,3.0,26.0,0,0,43131,110.62
1785359066.879,6.5,86.0,79.44,2.0,30.0,0,0,43131,110.62
1785359067.879,7.0,100.0,79.59,2.0,15.0,0,0,43131,110.62
1785359068.880,6.3,100.0,79.60,4.0,32.0,0,0,43131,110.52
1785359069.880,6.5,100.0,79.58,2.0,29.0,0,0,43131,110.38
1785359070.880,4.6,100.0,79.56,2.0,29.0,0,0,43131,110.33
1785359071.880,5.8,100.0,79.53,2.0,31.0,0,0,43131,110.28
1785359072.880,4.9,100.0,79.52,3.0,28.0,0,0,43131,110.23
1785359073.880,7.3,100.0,79.50,2.0,16.0,0,0,43131,111.40
1785359074.880,6.9,100.0,79.50,3.0,30.0,0,0,43131,112.37
1785359075.880,7.1,89.0,79.51,5.0,48.0,0,0,43131,112.27
1785359076.880,8.4,100.0,78.67,2.0,189.0,0,0,43131,112.32
1785359077.880,8.6,100.0,79.26,3.0,45.0,0,0,43131,112.27
1785359078.881,8.0,100.0,79.29,2.0,35.0,0,0,43131,112.32
1785359079.881,10.6,100.0,79.33,1.0,27.0,0,0,43131,112.37
1785359080.881,7.5,100.0,79.67,3.0,55.0,0,0,43131,112.47
1785359081.881,4.6,100.0,79.47,3.0,43.0,0,0,43131,112.38
1785359082.881,4.9,100.0,79.49,4.0,45.0,0,0,43131,112.18
1785359083.881,7.4,100.0,79.54,2.0,49.0,0,0,43131,112.19
1785359084.881,6.1,100.0,79.55,2.0,58.0,0,0,43131,112.14
1785359085.881,4.9,100.0,79.57,3.0,49.0,0,0,43131,112.08
1785359086.960,6.8,100.0,79.72,4.7,197.6,0,0,43131,112.04
1785359087.960,6.5,100.0,79.72,1.0,26.0,0,0,43131,112.28
1785359088.960,7.7,100.0,79.85,2.0,18.0,0,0,43131,112.27
1785359089.960,6.1,100.0,79.82,5.0,14.0,0,0,43131,112.03
1785359090.960,7.6,100.0,79.98,1.0,22.0,0,0,43131,112.03
1785359091.960,6.9,100.0,79.90,1.0,37.0,0,0,43131,111.93
1785359092.960,6.5,100.0,79.87,4.0,46.0,0,0,43131,112.13
1785359093.960,5.8,99.0,79.82,1.0,35.0,0,0,43131,112.13
1785359094.960,6.1,100.0,80.08,3.0,50.0,0,0,43131,111.84
1785359095.960,4.9,100.0,80.04,3.0,42.0,0,0,43131,111.79
1785359096.960,7.9,100.0,80.05,3.0,25.0,0,0,43131,111.84
1785359097.961,6.5,100.0,80.01,3.0,17.0,0,0,43131,111.89
1785359098.961,4.6,100.0,79.98,2.0,47.0,0,0,43131,111.84
1785359099.961,4.7,100.0,80.00,2.0,58.0,0,0,43131,111.74
1785359100.961,6.2,100.0,79.97,4.0,37.0,0,0,43131,111.83
1785359101.961,6.4,100.0,79.92,1.0,52.0,0,0,43131,111.84
1785359102.961,5.5,100.0,79.91,3.0,39.0,0,0,43131,111.64
1785359103.961,6.9,100.0,79.86,4.0,42.0,0,0,43131,111.64
1785359104.961,6.7,100.0,79.85,1.0,8.0,0,0,43131,111.69
1785359105.961,6.4,100.0,79.95,2.0,71.0,0,0,43131,111.64
1785359106.961,6.6,100.0,79.95,15.0,94.0,0,0,43131,129.84
1785359107.962,7.5,100.0,79.91,28.0,0.0,85,54,43131,307.99
1785359108.962,6.9,96.0,79.57,23.0,1.0,100,63,43131,301.51
1785359109.962,3.9,100.0,79.56,38.0,9.0,86,99,43131,265.94
1785359110.962,5.0,100.0,79.54,40.0,10.0,88,100,43131,261.88
1785359111.962,5.7,100.0,79.51,38.0,10.0,88,100,43131,276.12
1785359112.962,7.2,100.0,79.49,35.0,9.0,86,99,43131,264.42
1785359113.962,6.4,100.0,79.50,36.0,6.0,93,83,43131,247.71
1785359114.962,5.9,100.0,79.51,35.0,3.0,90,100,43131,267.27
1785359115.962,5.3,100.0,79.51,51.0,3.0,86,90,43131,286.57
1785359116.962,7.4,100.0,79.49,56.0,7.0,89,83,43131,293.42
1785359117.963,6.9,99.0,79.50,49.0,8.0,87,100,43131,296.49
1785359118.963,7.8,100.0,79.64,45.0,8.0,86,99,43131,277.46
1785359119.963,6.3,100.0,79.66,40.8,9.0,86,99,43131,276.70
1785359120.963,5.6,100.0,79.66,61.2,7.0,92,80,43131,306.58
1785359121.963,5.5,100.0,79.99,48.0,9.0,92,85,43131,289.99
1785359122.963,5.6,100.0,79.83,50.0,7.0,92,89,43131,289.75
1785359123.963,5.6,100.0,79.81,58.0,9.0,84,92,43131,283.80
1785359124.963,5.9,100.0,79.78,51.0,8.0,89,100,43131,286.89
1785359125.963,6.2,100.0,79.79,51.0,10.0,91,91,43131,290.81
1785359126.964,4.2,91.0,79.77,45.0,7.0,96,64,43131,298.69
1785359127.964,5.2,82.8,79.46,55.7,10.9,90,90,43131,283.68
1785359128.964,6.4,100.0,79.47,53.3,12.1,84,96,43131,280.70
1785359129.964,7.0,100.0,79.49,48.0,10.0,95,87,43131,276.10
1785359130.964,5.7,100.0,79.49,48.0,10.0,92,86,43131,273.31
1785359131.964,5.4,100.0,79.48,54.0,7.0,86,99,43131,285.75
1785359132.964,4.6,100.0,79.48,40.0,10.0,91,94,43131,278.82
1785359133.964,6.9,100.0,79.46,47.0,6.0,87,99,43131,275.85
1785359134.964,5.2,99.0,79.46,45.0,6.0,100,61,43131,280.92
1785359135.964,7.2,100.0,79.62,49.0,8.0,88,92,43131,297.21
1785359136.965,6.4,100.0,79.70,49.0,7.0,87,100,43131,272.14
1785359137.965,6.0,100.0,79.76,48.0,8.0,87,100,43131,292.21
1785359138.965,5.7,100.0,79.72,48.0,7.0,87,92,43131,278.50
1785359139.965,5.7,100.0,79.67,50.0,8.0,85,92,43131,293.48
1785359140.965,9.2,100.0,79.67,49.0,9.0,89,100,43131,288.55
1785359141.965,7.3,100.0,79.67,52.0,8.0,95,83,43131,285.44
1785359142.965,8.1,100.0,79.66,51.0,10.0,87,100,43131,279.76
1785359143.965,7.6,100.0,79.65,44.0,8.0,93,77,43131,285.99
1785359144.965,5.9,100.0,79.65,39.0,7.0,85,98,43131,286.20
1785359145.965,5.2,83.0,79.63,51.0,7.0,88,89,43131,289.04
1785359146.966,7.6,99.0,79.57,43.0,7.0,89,92,43131,291.47
1785359147.966,6.6,100.0,79.58,50.3,6.0,87,99,43131,298.92
1785359148.966,6.5,100.0,79.61,45.7,7.0,87,100,43131,276.11
1785359149.966,5.3,100.0,79.70,44.0,8.0,87,99,43131,281.83
1785359150.966,5.9,100.0,80.04,49.0,6.0,92,60,43131,282.61
1785359151.966,5.1,100.0,79.84,48.0,7.0,86,99,43131,295.47
1785359152.966,4.4,100.0,79.83,48.0,7.0,94,72,43131,289.09
1785359153.966,6.2,100.0,79.83,45.0,8.0,88,100,43131,279.24
1785359154.966,6.3,100.0,80.07,34.0,6.0,88,100,43131,274.69
1785359155.967,6.5,100.0,80.06,32.0,6.0,89,100,43131,272.54
1785359156.967,9.2,100.0,80.06,31.0,4.0,89,100,43131,263.66
1785359157.967,9.2,100.0,80.03,22.0,30.0,0,0,43131,204.99
1785359158.967,5.9,100.0,79.29,2.0,0.0,0,0,43131,133.36
1785359159.967,4.4,100.0,79.28,5.0,0.0,0,0,43131,117.43
1785359160.967,5.4,100.0,79.45,1.0,0.0,0,0,43131,117.14
1785359161.967,7.9,100.0,79.47,3.0,163.0,0,0,43131,116.65
1785359162.967,5.9,84.0,79.47,2.0,45.0,0,0,43131,116.21
1785359163.967,5.2,84.0,79.06,3.0,39.0,0,0,43131,115.93
1785359164.967,7.2,100.0,79.08,3.0,39.0,0,0,43131,115.69
1785359165.967,5.6,100.0,79.04,0.0,19.0,0,0,43131,115.44
1785359166.967,6.1,100.0,79.06,3.0,49.0,0,0,43131,115.14
1785359167.968,5.3,82.0,79.07,4.0,54.0,0,0,43131,114.81
1785359168.968,8.7,100.0,79.11,1.0,46.0,0,0,43131,114.56
1785359169.968,6.4,100.0,79.12,2.0,45.0,0,0,43131,114.41
1785359170.968,6.8,100.0,79.10,4.0,41.0,0,0,43131,114.17
1785359171.968,6.3,100.0,79.10,1.0,34.0,0,0,43131,113.98
1785359172.968,6.1,84.8,79.58,3.0,48.0,0,0,43131,113.88
1785359173.968,4.7,100.0,79.58,2.0,18.0,0,0,43131,113.54
1785359174.968,5.1,100.0,79.58,3.0,51.0,0,0,43131,113.25
1785359175.968,6.5,100.0,79.59,3.0,59.0,0,0,43131,113.15
1785359176.969,7.0,100.0,79.56,2.0,68.0,0,0,43131,112.95
1785359177.969,6.0,100.0,79.57,2.0,28.0,0,0,43131,112.78
1785359178.969,6.7,100.0,79.59,2.0,44.0,0,0,43131,112.63
1785359179.969,6.8,100.0,79.59,2.0,67.0,0,0,43131,112.52
1785359180.969,7.1,100.0,79.60,3.0,45.0,0,0,43131,112.42
1785359181.969,5.9,99.0,79.58,2.0,51.0,0,0,43131,112.28
1785359182.969,5.7,84.2,78.75,3.0,48.8,0,0,43131,112.14
1785359183.969,5.8,100.0,79.00,3.0,39.1,0,0,43131,112.01
1785359184.969,5.7,100.0,79.01,2.0,35.0,0,0,43131,111.91
1785359185.969,6.3,100.0,79.00,2.0,38.0,0,0,43131,111.84
1785359186.970,6.0,100.0,78.97,3.0,32.0,0,0,43131,111.79
1785359187.970,6.7,100.0,78.97,2.0,35.0,0,0,43131,111.74
1785359188.970,5.5,100.0,78.95,3.0,33.0,0,0,43131,111.64
1785359189.970,4.0,71.7,78.94,3.0,20.0,0,0,43131,111.53
1785359190.970,6.8,79.2,79.11,1.0,32.0,0,0,43131,111.45
1785359191.970,7.0,100.0,79.02,3.0,33.0,0,0,43131,111.36
1785359192.970,6.0,100.0,79.01,4.0,34.0,0,0,43131,111.30
1785359193.970,6.5,100.0,79.00,1.0,32.0,0,0,43131,111.15
1785359194.970,4.9,100.0,78.99,3.0,33.0,0,0,43131,111.01
1785359195.970,6.5,100.0,78.97,3.0,33.0,0,0,43131,110.96
1785359196.970,6.7,100.0,78.95,2.0,36.9,0,0,43131,110.96
1785359197.971,7.2,100.0,78.94,3.0,37.1,0,0,43131,110.96
1785359198.971,6.1,100.0,78.93,1.0,43.0,0,0,43131,110.86
1785359199.971,7.0,100.0,78.90,2.0,34.0,0,0,43131,110.72
1785359200.971,5.7,100.0,78.90,3.0,29.0,0,0,43131,110.62
1785359201.971,8.8,100.0,78.89,2.0,29.0,0,0,43131,110.57
1785359202.971,7.3,100.0,78.90,3.0,30.0,0,0,43131,110.52
1785359203.971,7.7,100.0,78.88,1.0,16.0,0,0,43131,110.57
1785359204.971,5.9,100.0,78.89,2.0,18.0,0,0,43131,110.57
1785359205.971,6.8,100.0,78.75,3.0,24.0,0,0,43131,110.42
1785359206.972,4.8,100.0,78.76,4.0,27.0,0,0,43131,110.28
1785359207.972,6.6,100.0,78.76,2.0,34.0,0,0,43131,111.40
1785359208.972,6.6,100.0,78.74,4.0,23.0,0,0,43131,112.52
1785359209.972,5.2,100.0,78.73,1.0,18.0,0,0,43131,112.47
1785359210.972,3.8,81.0,78.74,4.0,36.0,0,0,43131,112.52
1785359211.972,5.4,67.0,79.54,3.0,40.0,0,0,43131,112.48
1785359212.972,7.8,100.0,79.56,1.0,158.0,0,0,43131,112.42
1785359213.972,6.3,80.8,79.57,4.0,30.0,0,0,43131,112.32
1785359214.972,6.1,100.0,79.57,5.0,37.0,0,0,43131,112.22
1785359215.972,5.3,100.0,79.57,0.0,21.0,0,0,43131,112.32
1785359216.973,9.3,100.0,79.00,3.0,31.0,0,0,43131,112.27
1785359217.973,8.1,100.0,78.99,1.0,43.0,0,0,43131,112.27
1785359218.973,7.4,100.0,79.01,2.0,22.0,0,0,43131,112.27
1785359219.973,6.7,100.0,79.01,3.0,22.0,0,0,43131,112.13
1785359220.973,5.5,100.0,79.00,4.0,37.0,0,0,43131,112.08
1785359221.973,6.3,100.0,79.00,1.0,44.0,0,0,43131,112.08
1785359222.973,7.8,99.0,79.01,2.0,53.0,0,0,43131,112.13
1785359223.973,4.5,80.0,79.04,4.0,36.0,0,0,43131,112.12
1785359224.973,6.8,100.0,79.18,1.0,61.0,0,0,43131,112.02
1785359225.973,6.2,100.0,79.20,3.0,173.0,0,0,43131,111.93
1785359226.973,4.4,80.0,79.20,4.0,12.0,0,0,43131,111.89
1785359227.974,5.0,82.0,79.21,4.0,15.0,0,0,43131,111.89
1785359228.974,6.9,76.8,79.36,1.0,16.0,0,0,43131,111.84
1785359229.974,7.4,100.0,79.35,3.0,25.0,0,0,43131,111.84
1785359230.974,6.4,100.0,79.35,2.0,42.0,0,0,43131,111.89
1785359231.974,6.4,100.0,79.33,2.0,51.0,0,0,43131,111.84
1785359232.974,6.2,100.0,79.35,3.0,53.7,0,0,43131,111.79
1785359233.974,6.4,100.0,79.36,1.0,49.2,0,0,43131,111.74
1785359234.974,4.9,100.0,79.37,5.0,29.9,0,0,43131,111.74
1785359235.974,4.5,100.0,79.37,3.0,16.0,0,0,43131,111.79
1785359236.974,5.2,100.0,79.36,2.0,34.0,0,0,43131,111.74
1785359237.975,4.9,100.0,79.33,4.0,63.0,0,0,43131,111.69
1785359238.975,5.4,100.0,79.35,2.0,42.0,0,0,43131,111.69
1785359239.975,5.9,100.0,79.36,1.0,41.0,0,0,43131,111.64
1785359240.975,5.7,88.0,79.16,5.0,37.0,0,0,43131,111.64
1785359241.975,6.1,100.0,79.17,1.0,44.0,0,0,43131,111.64
1785359242.975,4.9,100.0,79.17,3.0,25.0,0,0,43131,111.54
1785359243.975,6.6,100.0,79.26,3.0,42.0,0,0,43131,111.54
1785359244.975,7.7,100.0,79.30,17.0,64.0,100,61,43131,155.51
1785359245.975,7.9,100.0,79.30,34.0,7.0,87,100,43131,268.67
1785359246.975,7.0,100.0,79.31,32.0,9.0,87,100,43131,271.61
1785359247.976,7.6,100.0,79.30,28.0,9.0,86,99,43131,255.86
1785359248.976,6.9,99.0,79.54,29.0,9.0,84,97,43131,261.78
1785359249.976,8.8,100.0,79.97,34.0,9.0,86,98,43131,242.96
1785359250.976,6.8,100.0,79.98,30.0,9.0,87,100,43131,277.01
1785359251.976,6.3,100.0,79.96,28.0,9.0,87,100,43131,281.12
1785359252.976,6.2,100.0,79.95,30.0,8.0,87,100,43131,282.68
1785359253.976,6.0,100.0,79.93,29.0,9.0,87,100,43131,281.34
1785359254.976,6.1,100.0,79.92,30.0,10.0,87,100,43131,274.00
1785359255.976,6.2,100.0,79.90,28.0,8.0,86,99,43131,262.87
1785359256.976,6.2,87.0,79.78,27.0,9.0,87,100,43131,250.01
1785359257.977,6.6,100.0,79.83,30.0,9.0,87,100,43131,278.83
1785359258.977,7.0,100.0,79.84,30.0,8.0,87,100,43131,260.55
1785359259.977,5.6,100.0,79.84,28.0,10.0,87,100,43131,281.40
1785359260.977,7.3,100.0,79.83,29.0,8.0,89,100,43131,264.01
1785359261.977,5.8,100.0,79.80,28.0,9.0,87,100,43131,272.83
1785359262.977,8.1,100.0,79.80,34.0,8.0,85,83,43131,233.78
1785359263.977,7.7,100.0,79.78,38.0,5.0,92,100,43131,269.45
1785359264.977,6.8,100.0,79.77,44.0,7.0,86,97,43131,272.90
1785359265.977,6.3,100.0,79.75,42.0,7.0,84,93,43131,273.69
1785359266.977,6.2,98.0,79.73,39.0,8.0,87,100,43131,264.27
1785359267.978,5.1,81.0,79.53,48.0,11.0,85,98,43131,266.52
1785359268.978,6.8,100.0,79.54,49.0,12.0,86,99,43131,286.08
1785359269.978,6.2,100.0,79.52,48.0,11.0,84,97,43131,280.76
1785359270.978,5.7,100.0,79.50,47.0,11.0,85,96,43131,282.53
1785359271.978,7.1,100.0,79.50,51.0,14.0,86,97,43131,278.36
1785359272.978,6.3,100.0,79.48,59.0,15.0,82,93,43131,275.54
1785359273.978,6.8,100.0,79.48,59.0,16.0,88,96,43131,289.50
1785359274.978,7.0,100.0,79.59,53.0,17.0,82,91,43131,283.00
1785359275.978,6.8,100.0,79.59,56.0,16.0,88,97,43131,289.28
1785359276.978,8.4,100.0,79.60,56.0,19.0,84,93,43131,290.48
1785359277.978,6.7,97.0,79.60,58.0,17.0,80,90,43131,294.18
1785359278.979,6.3,83.2,79.66,61.0,20.0,86,96,43131,280.79
1785359279.979,6.6,100.0,80.07,57.0,20.0,83,91,43131,291.05
1785359280.979,8.0,100.0,80.07,64.0,19.0,82,92,43131,278.62
1785359281.979,8.7,100.0,80.03,59.0,20.0,90,100,43131,284.48
1785359282.979,7.8,100.0,80.02,64.0,21.0,85,97,43131,284.30
1785359283.979,7.6,100.0,79.99,63.0,22.0,85,96,43131,285.66
1785359284.979,5.9,100.0,79.99,59.0,21.0,79,89,43131,275.14
1785359285.979,7.7,100.0,79.98,62.0,20.0,83,93,43131,284.65
1785359286.979,7.4,100.0,79.97,64.0,19.0,86,98,43131,278.35
1785359287.980,7.7,100.0,79.93,62.0,22.0,78,88,43131,293.99
1785359288.980,6.7,100.0,80.12,65.0,22.0,85,92,43131,280.14
1785359289.980,7.5,99.0,79.95,64.0,23.0,90,94,43131,289.13
1785359290.980,8.5,100.0,80.25,64.6,22.9,85,96,43131,296.11
1785359291.980,5.8,82.8,80.08,65.4,24.1,84,96,43131,298.09
1785359292.980,5.2,78.0,80.09,68.0,26.0,82,92,43131,281.35
1785359293.980,4.8,89.1,80.09,65.0,23.0,78,89,43131,288.30
1785359294.980,5.3,100.0,80.11,67.0,25.0,85,96,43131,294.82
1785359295.980,5.7,99.0,80.08,67.7,24.9,84,95,43131,288.95
1785359296.980,6.9,83.2,79.92,72.3,27.1,83,94,43131,281.78
1785359297.981,5.0,100.0,79.92,66.0,23.0,79,90,43131,282.39
1785359298.981,4.6,100.0,79.90,65.0,25.0,83,94,43131,296.30
1785359299.981,5.9,100.0,79.90,72.0,26.0,84,96,43131,278.83
1785359300.981,6.6,100.0,79.89,67.0,25.0,84,96,43131,286.38
1785359301.981,6.9,100.0,79.90,65.0,25.0,82,93,43131,277.83
1785359302.981,6.8,100.0,79.89,68.0,28.0,84,96,43131,285.41
1785359303.981,5.4,100.0,79.88,68.0,25.0,84,96,43131,284.83
1785359304.981,4.6,100.0,79.87,64.0,28.0,80,91,43131,289.45
1785359305.981,6.2,96.0,79.86,62.0,23.0,78,89,43131,282.60
1785359306.981,7.0,100.0,79.87,60.0,23.0,92,100,43131,287.07
1785359307.981,6.8,100.0,79.86,51.0,24.0,90,100,43131,296.23
1785359308.982,6.7,100.0,79.87,49.0,23.0,91,100,43131,297.71
1785359309.982,6.2,100.0,79.88,51.0,21.0,81,91,43131,294.18
1785359310.982,5.9,100.0,79.87,52.0,20.0,88,100,43131,292.38
1785359311.982,5.4,100.0,79.87,50.0,21.0,95,100,43131,293.80
1785359312.982,6.9,100.0,79.86,41.0,17.0,93,100,43131,299.24
1785359313.982,7.2,100.0,79.75,45.0,18.0,92,100,43131,299.67
1785359314.982,6.9,100.0,79.74,41.0,17.0,93,100,43131,296.16
1785359315.982,5.3,100.0,79.72,39.0,13.0,88,100,43131,290.32
1785359316.982,5.0,100.0,79.72,43.0,12.0,84,97,43131,284.49
1785359317.983,3.9,100.0,79.71,40.0,11.0,86,99,43131,284.81
1785359318.983,6.3,100.0,79.69,29.0,8.0,92,100,43131,292.21
1785359319.983,5.8,100.0,79.69,23.0,6.0,96,100,43131,276.63
1785359320.983,5.6,100.0,79.70,28.0,5.0,89,100,43131,261.82
1785359321.983,5.1,100.0,79.69,22.0,28.0,0,0,43131,217.90
1785359322.983,6.5,100.0,78.92,1.0,0.0,0,0,43131,121.39
1785359323.983,7.7,100.0,78.91,3.0,0.0,0,0,43131,119.07
1785359324.983,8.3,100.0,79.10,1.0,0.0,0,0,43131,118.60
1785359325.983,7.2,100.0,79.13,3.0,128.3,0,0,43131,118.01
1785359326.983,6.5,100.0,79.14,2.0,45.0,0,0,43131,117.62
1785359327.983,6.4,100.0,79.13,2.0,42.0,0,0,43131,117.58
1785359328.984,6.7,100.0,79.14,3.0,36.0,0,0,43131,117.19
1785359329.984,6.5,100.0,79.15,2.0,23.0,0,0,43131,116.56
1785359330.984,7.3,100.0,79.17,1.0,47.0,0,0,43131,116.26
1785359331.984,7.3,100.0,79.37,3.0,57.0,0,0,43131,115.88
1785359332.984,7.3,100.0,79.85,1.0,34.0,0,0,43131,115.64
1785359333.984,7.3,100.0,79.70,3.0,47.9,0,0,43131,115.48
1785359334.984,5.1,94.0,79.71,3.0,44.1,0,0,43131,115.24
1785359335.984,4.8,100.0,79.72,3.0,48.0,0,0,43131,114.95
1785359336.984,7.5,100.0,79.71,2.0,24.0,0,0,43131,114.71
1785359337.984,8.5,100.0,79.70,3.0,41.0,0,0,43131,114.57
1785359338.985,8.1,100.0,79.71,1.0,56.0,0,0,43131,114.41
1785359339.985,4.9,100.0,79.15,4.0,70.0,0,0,43131,114.23
1785359340.985,6.1,91.0,79.13,2.0,38.0,0,0,43131,114.03
1785359341.985,6.3,100.0,79.11,4.0,30.0,0,0,43131,113.88
1785359342.985,5.8,100.0,79.09,4.0,60.0,0,0,43131,113.54
1785359343.985,5.2,100.0,79.06,3.0,54.0,0,0,43131,113.30
1785359344.985,6.4,100.0,79.06,1.0,47.0,0,0,43131,113.20
1785359345.985,6.9,100.0,79.11,3.0,58.0,0,0,43131,113.05
1785359346.985,6.5,100.0,79.11,3.0,39.0,0,0,43131,112.91
1785359347.985,4.4,100.0,79.25,2.0,28.0,0,0,43131,112.71
1785359348.986,4.5,100.0,79.27,5.0,33.0,0,0,43131,112.71
1785359349.986,4.1,100.0,79.23,3.0,31.0,0,0,43131,112.57
1785359350.986,5.8,100.0,79.22,3.0,37.0,0,0,43131,112.32
1785359351.986,9.5,100.0,79.41,1.0,34.0,0,0,43131,112.22
1785359352.986,6.0,100.0,79.48,3.0,35.0,0,0,43131,112.08
1785359353.986,7.4,100.0,79.50,2.0,28.0,0,0,43131,112.03
1785359354.986,7.2,100.0,79.47,2.0,33.0,0,0,43131,111.95
1785359355.986,7.2,100.0,79.46,3.0,34.0,0,0,43131,111.80
1785359356.986,6.8,100.0,79.45,2.0,37.0,0,0,43131,111.74
1785359357.987,8.4,100.0,79.58,1.0,31.0,0,0,43131,111.69
1785359358.987,5.0,100.0,79.56,4.0,34.0,0,0,43131,111.56
1785359359.987,6.4,100.0,79.54,3.0,34.0,0,0,43131,111.46
1785359360.987,6.6,100.0,79.54,4.0,35.0,0,0,43131,111.35
1785359361.987,7.6,100.0,79.54,3.0,34.0,0,0,43131,111.20
1785359362.987,6.8,100.0,79.70,1.0,43.0,0,0,43131,111.11
1785359363.987,7.5,100.0,79.69,2.0,33.0,0,0,43131,111.06
1785359364.987,5.1,100.0,79.69,4.0,29.0,0,0,43131,111.06
1785359365.987,5.9,100.0,79.67,2.0,28.0,0,0,43131,111.06
1785359366.987,5.3,100.0,79.65,3.0,29.0,0,0,43131,110.96
1785359367.987,5.4,100.0,79.67,3.0,19.0,0,0,43131,110.76
1785359368.988,6.3,100.0,79.63,3.0,32.0,0,0,43131,110.72
1785359369.988,5.9,100.0,79.61,2.0,28.0,0,0,43131,110.67
1785359370.988,7.1,100.0,79.62,2.0,27.0,0,0,43131,110.76
1785359371.988,6.3,100.0,79.62,2.0,31.0,0,0,43131,110.76
1785359372.988,4.8,100.0,79.61,2.0,34.0,0,0,43131,110.59
1785359373.988,5.9,97.0,79.59,4.0,18.0,0,0,43131,110.49
1785359374.988,8.3,100.0,79.60,2.0,20.0,0,0,43131,110.39
1785359375.988,6.2,100.0,79.60,2.0,39.0,0,0,43131,110.39
1785359376.988,10.8,100.0,79.60,2.0,203.9,0,0,43131,110.28
1785359377.988,7.2,100.0,79.59,2.0,46.0,0,0,43131,110.18
1785359378.988,6.5,100.0,79.60,2.0,41.0,0,0,43131,111.35
1785359379.989,4.0,100.0,79.59,4.0,28.0,0,0,43131,112.32
1785359380.989,6.8,100.0,79.59,4.0,54.0,0,0,43131,112.66
1785359381.989,6.5,100.0,79.61,1.0,46.0,0,0,43131,112.81
1785359382.989,6.9,100.0,79.62,3.0,44.0,0,0,43131,112.37
1785359383.989,6.5,78.0,79.63,2.0,52.0,0,0,43131,112.27
1785359384.989,6.5,100.0,79.63,3.0,52.0,0,0,43131,112.18
1785359385.989,6.1,81.0,79.60,3.0,50.0,0,0,43131,112.57
1785359387.060,8.7,100.0,79.60,1.9,197.7,0,0,43131,112.71
1785359388.060,4.8,100.0,79.62,3.0,24.9,0,0,43131,112.32
1785359389.060,6.6,100.0,79.12,0.0,18.0,0,0,43131,112.18
1785359390.060,6.6,100.0,79.11,4.0,18.9,0,0,43131,112.13
1785359391.060,5.9,100.0,79.10,2.0,24.1,0,0,43131,112.27
1785359392.060,6.8,100.0,79.14,2.0,41.0,0,0,43131,112.22
1785359393.060,7.4,100.0,79.14,1.0,49.0,0,0,43131,112.13
1785359394.060,6.4,100.0,79.42,4.0,53.0,0,0,43131,112.13
1785359395.060,7.1,100.0,79.39,2.0,52.0,0,0,43131,112.03
1785359396.061,6.4,100.0,79.38,2.0,28.0,0,0,43131,111.98
1785359397.061,9.4,89.0,79.38,2.0,19.0,0,0,43131,111.93
1785359398.061,8.4,100.0,79.36,3.0,16.0,0,0,43131,111.89
1785359399.061,4.8,100.0,79.37,3.0,14.0,0,0,43131,111.92
1785359400.061,4.4,85.9,79.37,1.0,19.0,0,0,43131,111.97
1785359401.061,5.7,100.0,79.37,5.0,33.0,0,0,43131,111.93
1785359402.061,6.9,99.0,79.36,1.0,58.0,0,0,43131,111.84
1785359403.061,5.5,100.0,79.38,2.0,35.0,0,0,43131,111.79
1785359404.061,3.8,84.0,79.39,5.0,36.0,0,0,43131,111.81
1785359405.061,5.2,77.8,79.17,2.0,49.0,0,0,43131,111.78
1785359406.062,7.0,100.0,79.36,1.0,36.0,0,0,43131,111.76
1785359407.062,6.4,100.0,79.39,4.0,40.0,0,0,43131,111.69
1785359408.062,6.1,100.0,79.37,2.0,13.0,0,0,43131,111.64
1785359409.062,5.7,100.0,79.48,3.0,73.0,0,0,43131,111.69
1785359410.062,4.9,100.0,79.50,35.0,27.0,86,96,43131,210.51
1785359411.062,4.2,100.0,79.48,38.0,9.0,85,98,43131,260.44
1785359412.062,6.0,100.0,79.48,29.0,9.0,94,100,43131,271.89
1785359413.062,6.8,100.0,79.48,38.0,9.0,88,100,43131,266.40
1785359414.063,7.1,91.0,79.51,32.0,9.0,88,100,43131,268.75
1785359415.063,6.3,100.0,79.52,37.0,9.0,89,100,43131,273.23
1785359416.063,7.1,100.0,79.52,36.0,9.0,88,100,43131,265.62
1785359417.063,6.6,100.0,79.52,37.0,9.0,87,100,43131,243.68
1785359418.063,7.7,99.0,79.50,37.0,8.0,88,100,43131,263.18
1785359419.063,6.9,99.0,79.48,38.0,10.0,88,100,43131,267.51
1785359420.063,7.2,100.0,79.47,37.0,9.0,88,100,43131,257.69
1785359421.063,7.4,100.0,79.47,36.0,9.0,87,100,43131,261.38
1785359422.063,8.7,100.0,79.82,37.0,9.0,91,100,43131,283.67
1785359423.064,7.2,100.0,79.67,35.0,8.0,88,100,43131,279.29
1785359424.064,6.6,100.0,79.67,39.0,8.0,89,100,43131,266.98
1785359425.064,6.7,92.0,79.65,38.0,9.0,87,100,43131,274.73
1785359426.064,5.4,100.0,79.65,34.0,9.0,87,100,43131,267.21
1785359427.064,4.3,100.0,79.66,40.0,10.0,0,0,43131,237.73
1785359428.064,4.6,100.0,79.65,43.0,3.0,86,95,43131,249.35
1785359429.064,3.8,100.0,79.64,42.0,6.0,88,99,43131,269.21
1785359430.064,5.3,84.8,79.63,39.0,7.0,87,98,43131,254.96
1785359431.064,5.1,82.2,79.93,56.0,10.0,88,97,43131,271.08
1785359432.064,5.8,100.0,79.93,48.0,11.0,85,98,43131,276.23
1785359433.065,5.5,100.0,79.94,50.0,12.0,85,98,43131,287.37
1785359434.065,3.9,100.0,79.94,48.0,13.0,85,98,43131,266.54
1785359435.065,5.9,100.0,79.93,55.0,14.0,88,100,43131,280.09
1785359436.065,7.0,100.0,79.82,48.0,14.0,85,97,43131,291.68
1785359437.065,5.9,100.0,79.80,56.0,14.0,88,100,43131,274.49
1785359438.065,4.4,100.0,79.79,52.0,16.0,86,98,43131,272.55
1785359439.065,6.3,95.0,79.78,50.0,14.0,84,96,43131,270.37
1785359440.065,6.5,99.0,79.71,60.0,18.0,89,99,43131,277.19
1785359441.065,5.6,100.0,79.80,49.0,15.0,86,96,43131,296.99
1785359442.065,5.0,100.0,79.81,58.0,16.0,83,93,43131,288.83
1785359443.066,6.7,100.0,79.77,59.0,18.0,86,96,43131,282.77
1785359444.066,7.0,100.0,79.75,59.0,18.0,87,97,43131,293.21
1785359445.066,7.0,100.0,79.77,58.0,19.0,85,94,43131,281.11
1785359446.066,7.2,100.0,79.78,65.0,19.0,85,95,43131,283.34
1785359447.066,8.0,100.0,79.77,60.0,22.0,78,89,43131,297.19
1785359448.066,7.3,100.0,79.75,60.0,19.0,83,93,43131,292.19
1785359449.066,5.9,100.0,79.75,62.0,21.0,86,98,43131,290.12
1785359450.066,7.5,100.0,79.75,62.0,20.0,85,96,43131,294.21
1785359451.066,5.8,99.0,79.73,59.0,19.0,83,93,43131,286.73
1785359452.066,7.9,100.0,79.41,67.0,21.0,78,89,43131,296.42
1785359453.066,5.5,100.0,79.41,61.0,20.0,83,94,43131,290.98
1785359454.067,7.8,100.0,79.42,65.0,22.0,78,89,43131,274.99
1785359455.067,6.3,100.0,79.44,62.0,19.0,81,91,43131,278.44
1785359456.067,6.2,100.0,79.42,62.0,21.0,85,97,43131,290.64
1785359457.067,9.9,100.0,79.42,68.0,23.0,84,91,43131,298.10
1785359458.067,9.2,100.0,79.42,65.0,20.0,73,83,43131,275.12
1785359459.067,5.9,100.0,79.43,67.0,21.0,83,95,43131,285.77
1785359460.067,5.0,92.0,79.43,65.0,21.0,81,93,43131,273.50
1785359461.067,6.3,100.0,79.64,69.0,23.0,81,92,43131,270.49
1785359462.067,6.6,100.0,79.73,66.0,25.0,83,94,43131,278.75
1785359463.067,7.0,100.0,79.72,64.0,22.0,75,86,43131,273.37
1785359464.068,7.0,100.0,79.70,69.0,23.0,87,99,43131,290.84
1785359465.068,8.4,100.0,79.69,60.0,21.0,89,89,43131,282.34
1785359466.068,6.5,100.0,79.67,61.6,19.9,81,87,43131,311.17
1785359467.068,8.2,100.0,79.67,63.0,20.0,83,91,43131,313.47
1785359468.068,7.6,100.0,79.68,61.4,24.2,84,97,43131,307.52
1785359469.068,8.1,100.0,79.69,68.0,25.0,81,93,43131,291.36
1785359470.068,8.4,100.0,79.71,64.5,24.8,85,97,43131,282.23
1785359471.068,7.6,99.0,79.72,64.2,23.1,79,90,43131,286.59
1785359472.068,7.6,100.0,79.65,63.8,21.9,79,89,43131,288.27
1785359473.068,6.5,100.0,79.64,62.2,22.1,83,95,43131,280.15
1785359474.069,10.4,100.0,80.02,53.0,21.0,85,96,43131,290.38
1785359475.069,7.9,100.0,79.86,58.0,20.0,85,96,43131,283.25
1785359476.069,4.7,100.0,79.83,59.0,19.0,80,90,43131,283.36
1785359477.069,4.3,100.0,79.81,52.0,19.0,82,92,43131,286.00
1785359478.069,4.8,100.0,79.81,52.0,16.0,88,99,43131,288.88
1785359479.069,5.8,100.0,79.81,49.0,16.0,88,100,43131,281.35
1785359480.069,5.4,81.2,79.81,50.0,15.0,88,100,43131,284.73
1785359481.069,6.2,96.0,79.79,48.0,14.0,83,96,43131,286.94
1785359482.069,4.9,99.0,79.80,43.8,11.9,85,98,43131,283.71
1785359483.070,5.4,100.0,79.78,42.2,10.0,87,100,43131,280.90
1785359484.070,5.3,99.0,79.75,33.0,8.0,88,100,43131,274.64
1785359485.070,5.0,100.0,79.74,35.0,7.0,87,99,43131,280.74
1785359486.070,5.7,100.0,79.76,28.0,5.0,88,100,43131,271.42
1785359487.070,6.1,99.0,79.76,27.0,3.0,91,100,43131,258.29
1785359488.070,3.9,74.0,79.05,5.0,0.0,0,0,43131,146.27
1785359489.070,6.5,99.0,79.05,2.0,0.0,0,0,43131,133.71
1785359490.070,6.7,100.0,79.11,2.0,0.0,0,0,43131,118.95
1785359491.070,7.3,100.0,79.20,3.0,206.1,0,0,43131,117.62
1785359492.070,7.7,100.0,79.36,4.0,53.0,0,0,43131,117.62
1785359493.071,5.8,100.0,79.36,1.0,34.0,0,0,43131,117.43
1785359494.071,6.8,100.0,79.36,2.0,35.0,0,0,43131,116.80
1785359495.071,6.7,100.0,79.33,2.0,37.0,0,0,43131,116.80
1785359496.071,6.7,100.0,79.30,3.0,23.0,0,0,43131,116.41
1785359497.071,4.8,100.0,79.32,3.0,74.0,0,0,43131,116.17
1785359498.071,5.8,89.0,79.34,2.0,35.0,0,0,43131,115.92
1785359499.071,5.8,100.0,79.10,2.0,41.0,0,0,43131,115.49
1785359500.071,5.2,100.0,79.12,4.0,45.0,0,0,43131,115.49
1785359501.071,4.2,77.0,79.15,3.0,41.0,0,0,43131,115.24
1785359502.071,7.0,90.0,79.16,1.0,52.0,0,0,43131,115.00
1785359503.071,6.1,100.0,79.13,4.0,22.0,0,0,43131,114.75
1785359504.072,5.3,100.0,79.06,2.0,41.0,0,0,43131,114.42
1785359505.072,6.5,100.0,79.08,2.0,55.1,0,0,43131,114.42
1785359506.072,7.2,99.0,79.08,3.0,67.0,0,0,43131,114.07
1785359507.072,7.3,100.0,79.21,2.0,29.0,0,0,43131,114.07
1785359508.072,8.6,99.0,79.29,3.0,34.0,0,0,43131,113.78
1785359509.072,6.3,100.0,79.31,2.0,64.0,0,0,43131,113.44
1785359510.072,4.2,100.0,79.32,1.0,52.0,0,0,43131,113.25
1785359511.072,5.1,100.0,79.32,4.0,55.0,0,0,43131,113.07
1785359512.072,4.7,100.0,79.33,3.0,50.0,0,0,43131,112.98
1785359513.072,6.6,100.0,79.34,4.0,37.0,0,0,43131,112.86
1785359514.073,6.0,100.0,79.35,0.0,36.0,0,0,43131,112.52
1785359515.073,6.6,100.0,79.36,3.0,37.0,0,0,43131,112.52
1785359516.073,5.6,100.0,79.34,2.0,36.0,0,0,43131,112.42
1785359517.073,10.2,100.0,79.34,2.0,33.0,0,0,43131,112.32
1785359518.073,8.7,100.0,79.34,1.0,38.0,0,0,43131,112.22
1785359519.073,6.6,99.0,79.34,4.0,32.0,0,0,43131,112.08
1785359520.073,5.2,83.2,78.96,2.0,28.9,0,0,43131,112.08
1785359521.073,5.9,100.0,79.11,3.0,39.1,0,0,43131,111.99
1785359522.073,6.5,100.0,79.13,2.0,33.9,0,0,43131,111.84
1785359523.073,7.6,100.0,79.11,3.0,32.1,0,0,43131,111.79
1785359524.074,6.1,100.0,79.10,2.0,32.9,0,0,43131,111.54
1785359525.074,4.6,100.0,79.10,3.0,30.0,0,0,43131,111.54
1785359526.074,4.7,100.0,79.10,4.0,33.0,0,0,43131,111.45
1785359527.074,6.4,100.0,79.10,3.0,34.1,0,0,43131,111.40
1785359528.074,8.3,100.0,79.10,3.0,34.0,0,0,43131,111.20
1785359529.074,7.0,100.0,79.10,2.0,44.1,0,0,43131,111.20
1785359530.074,6.7,99.0,79.07,2.0,25.9,0,0,43131,111.20
1785359531.074,7.8,100.0,79.51,1.0,26.1,0,0,43131,111.01
1785359532.074,6.7,100.0,79.52,3.0,29.0,0,0,43131,111.01
1785359533.074,5.4,84.0,79.52,3.0,27.0,0,0,43131,110.86
1785359534.075,5.0,81.0,79.27,4.0,15.9,0,0,43131,110.77
1785359535.075,8.7,100.0,79.51,3.0,32.1,0,0,43131,110.83
1785359536.075,6.1,100.0,79.49,1.0,27.0,0,0,43131,111.01
1785359537.075,6.9,100.0,79.47,3.0,29.1,0,0,43131,111.01
1785359538.075,5.8,100.0,79.47,2.0,30.9,0,0,43131,110.91
1785359539.075,5.2,100.0,79.47,2.0,33.0,0,0,43131,110.57
1785359540.075,6.0,100.0,79.46,5.0,18.0,0,0,43131,110.47
1785359541.075,7.0,100.0,79.45,1.0,19.1,0,0,43131,110.42
1785359542.075,7.0,100.0,79.45,4.0,39.8,0,0,43131,110.33
1785359543.160,7.8,100.0,79.46,1.8,194.8,0,0,43131,111.30
1785359544.160,6.6,100.0,79.48,2.0,43.0,0,0,43131,112.47
1785359545.160,7.1,100.0,79.48,2.0,46.0,0,0,43131,112.52
1785359546.160,4.3,86.0,79.48,2.0,13.0,0,0,43131,112.42
1785359547.160,3.6,78.0,79.48,5.0,46.1,0,0,43131,112.38
1785359548.160,3.5,83.0,79.48,3.0,44.9,0,0,43131,112.38
1785359549.160,3.4,74.7,79.47,3.0,42.1,0,0,43131,112.43
1785359550.160,4.2,74.0,79.50,4.0,38.0,0,0,43131,112.43
1785359551.160,6.3,100.0,79.41,2.0,47.8,0,0,43131,112.32
1785359552.161,4.2,100.0,79.38,3.0,54.2,0,0,43131,112.32
1785359553.161,5.0,100.0,79.39,5.0,42.9,0,0,43131,112.27
1785359554.161,5.9,100.0,79.40,2.0,58.0,0,0,43131,112.18
1785359555.161,8.6,100.0,79.41,1.0,187.0,0,0,43131,112.18
1785359556.161,6.9,100.0,79.41,3.0,20.0,0,0,43131,112.13
1785359557.161,7.1,100.0,79.42,2.0,16.0,0,0,43131,112.41
1785359558.161,5.5,100.0,79.42,2.0,25.0,0,0,43131,112.46
1785359559.161,7.1,100.0,79.46,3.0,38.0,0,0,43131,112.13
1785359560.161,5.4,83.0,79.41,2.0,48.0,0,0,43131,112.03
1785359561.161,4.9,100.0,79.41,4.0,51.0,0,0,43131,111.89
1785359562.162,4.9,88.0,79.42,3.0,47.0,0,0,43131,112.08
1785359563.162,4.4,100.0,79.40,2.0,35.0,0,0,43131,112.13
1785359564.162,4.8,100.0,79.39,3.0,28.0,0,0,43131,111.89
1785359565.162,4.9,100.0,79.40,1.0,18.0,0,0,43131,111.89
1785359566.162,5.7,100.0,79.39,3.0,55.0,0,0,43131,111.93
1785359567.162,6.4,100.0,79.41,1.0,49.0,0,0,43131,111.93
1785359568.162,7.6,100.0,79.43,4.0,40.0,0,0,43131,111.84
1785359569.162,7.8,92.0,79.43,9.0,49.0,0,0,43131,111.79
1785359570.162,7.0,100.0,79.42,3.0,40.9,0,0,43131,111.74
1785359571.162,7.1,100.0,79.41,3.0,36.9,0,0,43131,111.69
1785359572.163,5.4,83.7,78.90,1.0,20.1,0,0,43131,111.65
1785359573.163,7.4,100.0,79.28,6.0,73.6,0,0,43131,111.65
1785359574.163,4.0,100.0,79.26,28.1,26.1,87,85,43131,231.60
1785359575.163,3.8,80.6,79.27,39.1,9.0,86,98,43131,253.41
1785359576.163,5.0,80.0,79.26,39.0,10.0,86,99,43131,275.23
1785359577.163,9.8,100.0,79.39,40.0,9.0,89,100,43131,256.01
1785359578.163,8.4,100.0,79.37,36.0,9.0,86,99,43131,277.16
1785359579.163,7.0,100.0,79.39,39.0,10.0,88,100,43131,251.45
1785359580.163,6.6,100.0,79.39,36.0,9.0,88,100,43131,268.57
1785359581.163,6.8,100.0,79.41,37.0,10.0,87,100,43131,280.68
1785359582.164,6.5,100.0,79.38,35.0,9.0,88,100,43131,254.19
1785359583.164,7.5,100.0,79.41,38.0,8.0,88,100,43131,253.49
1785359584.164,6.5,100.0,79.43,36.0,9.0,87,100,43131,262.61
1785359585.164,6.8,79.8,79.66,36.0,10.0,86,99,43131,253.27
1785359586.164,5.5,100.0,79.65,42.0,10.0,85,98,43131,269.86
1785359587.164,5.7,100.0,79.66,39.0,9.0,86,99,43131,268.97
1785359588.164,4.0,100.0,79.67,38.0,8.0,89,100,43131,266.82
1785359589.164,5.9,100.0,79.68,36.0,10.0,87,100,43131,264.96
1785359590.164,6.0,100.0,79.69,37.0,8.0,86,100,43131,276.28
1785359591.165,4.5,100.0,79.70,40.0,10.0,86,99,43131,254.65
1785359592.165,2.9,80.0,79.66,32.0,2.0,89,100,43131,229.38
1785359593.165,4.3,82.8,79.55,43.0,6.0,90,88,43131,256.77
1785359594.165,5.7,100.0,79.54,45.0,7.0,83,92,43131,258.65
1785359595.165,7.4,99.0,79.55,49.0,9.0,88,100,43131,272.36
1785359596.165,7.6,100.0,79.54,45.0,9.0,87,100,43131,266.34
1785359597.165,6.5,100.0,79.53,43.8,9.9,86,98,43131,271.09
1785359598.165,5.5,100.0,79.55,50.3,12.1,90,100,43131,293.24
1785359599.165,6.5,100.0,79.56,55.0,13.0,86,97,43131,285.94
1785359600.166,6.7,100.0,79.57,59.0,15.0,84,96,43131,278.16
1785359601.166,5.1,81.0,79.57,55.0,16.0,88,100,43131,283.71
1785359602.166,5.7,85.0,79.36,66.0,17.0,84,94,43131,286.96
1785359603.166,6.4,100.0,79.34,56.0,16.0,82,90,43131,292.05
1785359604.166,6.9,100.0,79.32,59.0,18.0,87,97,43131,308.67
1785359605.166,6.2,100.0,79.33,57.0,18.0,88,99,43131,291.18
1785359606.166,7.3,100.0,79.32,58.0,20.0,84,95,43131,291.96
1785359607.166,5.5,95.0,79.29,60.0,20.0,84,95,43131,283.68
1785359608.166,5.3,100.0,79.27,62.0,21.0,79,89,43131,278.15
1785359609.166,7.2,100.0,79.29,61.0,19.0,80,91,43131,278.73
1785359610.167,5.6,99.0,79.55,62.0,20.0,85,96,43131,299.11
1785359611.167,7.5,100.0,79.55,63.0,21.0,83,93,43131,278.17
1785359612.167,4.8,83.0,79.58,63.0,23.0,83,95,43131,289.42
1785359613.167,5.0,80.8,79.79,64.0,21.0,83,94,43131,272.88
1785359614.167,5.8,100.0,79.78,68.0,21.0,81,91,43131,271.94
1785359615.167,7.1,87.0,79.79,64.0,22.0,81,90,43131,277.01
1785359616.167,7.1,100.0,79.78,64.0,23.0,83,95,43131,284.45
1785359617.167,7.5,100.0,79.79,70.0,22.0,84,96,43131,288.85
1785359618.167,6.8,100.0,79.80,63.0,22.0,89,100,43131,292.97
1785359619.168,7.0,100.0,79.80,68.0,21.0,89,100,43131,286.39
1785359620.168,5.6,100.0,79.81,65.0,22.0,89,100,43131,282.65
1785359621.168,7.5,100.0,79.80,67.0,25.0,84,96,43131,274.27
1785359622.168,6.9,91.9,79.81,67.0,23.0,83,95,43131,290.01
1785359623.168,6.6,100.0,79.82,66.0,23.0,81,92,43131,289.55
1785359624.168,6.0,98.0,79.81,65.0,23.0,81,92,43131,287.12
1785359625.168,7.1,100.0,79.23,65.0,23.0,89,100,43131,294.35
1785359626.168,6.8,100.0,79.23,66.0,23.0,76,87,43131,283.36
1785359627.168,7.1,100.0,79.30,64.0,23.0,89,100,43131,280.62
1785359628.168,6.2,99.0,79.39,67.0,22.0,86,97,43131,279.91
1785359629.169,6.8,100.0,79.37,62.0,22.0,92,100,43131,283.15
1785359630.169,9.0,100.0,79.37,70.0,24.0,89,100,43131,289.35
1785359631.169,6.1,100.0,79.39,69.0,22.0,84,96,43131,282.55
1785359632.169,5.1,100.0,79.38,61.0,23.0,84,95,43131,283.92
1785359633.169,5.1,100.0,79.38,62.0,24.0,85,96,43131,282.17
1785359634.169,6.2,100.0,79.19,65.0,24.0,85,96,43131,286.53
1785359635.169,6.0,100.0,79.63,59.0,22.0,85,97,43131,285.30
1785359636.169,4.1,100.0,79.63,62.0,22.0,78,89,43131,285.27
1785359637.169,7.6,100.0,79.64,60.0,20.0,77,87,43131,282.97
1785359638.169,8.2,100.0,79.61,60.0,22.0,80,90,43131,289.88
1785359639.170,6.4,100.0,79.61,54.0,17.0,83,93,43131,289.31
1785359640.170,6.8,100.0,79.62,54.0,18.0,87,98,43131,286.42
1785359641.170,5.8,100.0,79.62,50.0,15.0,85,95,43131,286.91
1785359642.170,6.5,100.0,79.60,47.0,17.0,88,100,43131,285.86
1785359643.170,6.7,99.0,79.58,50.0,15.0,88,100,43131,284.16
1785359644.170,6.2,100.0,79.58,44.0,13.0,81,93,43131,280.97
1785359645.170,5.0,98.0,79.40,45.0,13.0,85,98,43131,280.53
1785359646.170,6.0,84.0,79.38,43.0,10.0,88,100,43131,285.32
1785359647.171,7.1,100.0,79.38,41.0,10.0,87,100,43131,281.42
1785359648.171,4.0,100.0,79.37,35.0,8.0,87,99,43131,279.21
1785359649.171,4.5,100.0,79.39,33.0,6.0,87,99,43131,277.17
1785359650.171,3.8,100.0,79.36,31.0,4.0,89,100,43131,265.55
1785359651.171,4.4,100.0,79.35,22.0,28.0,0,0,43131,220.01
1785359652.171,4.5,100.0,78.55,1.0,0.0,0,0,43131,133.51
1785359653.171,4.7,59.0,78.53,3.0,0.0,0,0,43131,118.42
1785359654.171,6.8,100.0,78.69,4.0,0.0,0,0,43131,118.41
1785359655.171,8.1,100.0,78.75,2.0,188.0,0,0,43131,117.96
1785359656.172,6.4,99.0,78.74,3.0,41.0,0,0,43131,117.19
1785359657.172,8.5,99.0,78.66,1.0,37.0,0,0,43131,116.80
1785359658.172,5.8,100.0,78.67,3.0,27.0,0,0,43131,116.51
1785359659.172,6.7,100.0,78.69,3.0,21.0,0,0,43131,116.17
1785359660.172,4.6,100.0,78.68,2.0,17.0,0,0,43131,115.97
1785359661.172,3.4,100.0,78.70,3.0,32.0,0,0,43131,115.88
1785359662.172,2.5,100.0,78.70,2.0,16.0,0,0,43131,115.60
1785359663.172,5.6,92.0,78.70,3.0,15.0,0,0,43131,115.30
1785359664.172,4.8,100.0,78.70,2.0,15.0,0,0,43131,115.10
1785359665.173,6.5,100.0,78.71,3.0,39.9,0,0,43131,114.90
1785359666.173,6.0,100.0,78.73,2.0,55.2,0,0,43131,114.61
1785359667.173,6.3,91.9,79.02,4.0,27.0,0,0,43131,114.61
1785359668.173,6.5,100.0,79.19,1.0,42.0,0,0,43131,114.58
1785359669.173,6.5,100.0,79.21,3.0,42.0,0,0,43131,114.19
1785359670.173,4.8,100.0,79.21,1.0,39.0,0,0,43131,113.84
1785359671.173,5.1,100.0,79.23,3.0,40.0,0,0,43131,113.59
1785359672.173,6.5,100.0,79.24,3.0,36.0,0,0,43131,113.54
1785359673.173,5.7,100.0,79.22,1.0,16.0,0,0,43131,113.25
1785359674.173,5.1,100.0,79.22,4.0,53.8,0,0,43131,113.00
1785359675.174,5.9,91.1,79.24,2.0,48.2,0,0,43131,112.91
1785359676.174,6.8,76.8,79.35,4.0,67.0,0,0,43131,112.71
1785359677.174,4.3,100.0,79.36,3.0,32.0,0,0,43131,112.62
1785359678.174,5.0,100.0,79.33,1.0,27.0,0,0,43131,112.57
1785359679.174,6.4,100.0,79.38,3.0,61.0,0,0,43131,112.47
1785359680.174,6.2,100.0,79.39,2.0,55.0,0,0,43131,112.27
1785359681.174,4.7,100.0,79.41,3.0,44.0,0,0,43131,112.18
1785359682.174,5.1,100.0,79.40,3.0,56.0,0,0,43131,112.13
1785359683.174,5.4,100.0,78.88,4.0,37.0,0,0,43131,112.08
1785359684.174,7.4,100.0,78.92,3.0,34.0,0,0,43131,112.04
1785359685.175,6.3,100.0,78.93,1.0,34.0,0,0,43131,112.03
1785359686.175,7.4,100.0,78.92,2.0,36.0,0,0,43131,111.88
1785359687.175,5.8,100.0,78.92,3.0,35.0,0,0,43131,111.69
1785359688.175,7.0,100.0,78.92,2.0,33.0,0,0,43131,111.54
1785359689.175,5.9,100.0,78.90,2.0,34.0,0,0,43131,111.40
1785359690.175,7.7,100.0,78.88,2.0,32.1,0,0,43131,111.35
1785359691.175,8.1,99.0,78.89,0.0,35.0,0,0,43131,111.25
1785359692.175,6.6,83.8,79.06,2.0,34.0,0,0,43131,111.25
1785359693.175,5.9,100.0,79.08,2.0,33.0,0,0,43131,111.15
1785359694.175,5.8,100.0,79.08,4.0,32.0,0,0,43131,111.01
1785359695.175,8.9,100.0,79.07,3.0,23.0,0,0,43131,111.01
1785359696.175,6.2,100.0,79.07,3.0,32.8,0,0,43131,110.98
1785359697.176,10.9,100.0,79.07,2.0,35.0,0,0,43131,110.94
1785359698.176,9.3,100.0,79.08,2.0,29.0,0,0,43131,110.88
1785359699.176,7.6,100.0,79.24,2.0,38.0,0,0,43131,110.76
1785359700.176,6.2,100.0,79.57,2.0,36.0,0,0,43131,110.67
1785359701.176,4.7,100.0,79.57,3.0,27.0,0,0,43131,110.67
1785359702.176,5.9,100.0,79.54,3.0,26.0,0,0,43131,110.64
1785359703.176,7.1,100.0,79.56,1.0,29.0,0,0,43131,110.38
1785359704.765,6.1,100.0,79.54,1.9,18.3,0,0,43131,110.38
1785359705.765,5.5,100.0,79.54,3.0,28.0,0,0,43131,110.47
1785359706.765,4.9,100.0,79.51,3.0,25.0,0,0,43131,111.50
1785359707.765,6.7,90.0,79.78,2.0,24.0,0,0,43131,112.76
1785359708.765,6.6,90.9,80.28,4.0,19.0,0,0,43398,112.65
1785359709.766,8.2,100.0,80.62,2.0,29.0,0,0,43398,112.63
1785359710.766,8.5,100.0,80.00,3.0,27.0,0,0,43131,112.74
1785359711.766,6.5,100.0,79.66,3.0,14.0,0,0,43131,112.54
1785359712.766,6.2,100.0,79.69,3.0,15.0,0,0,43131,112.65
1785359713.766,8.4,100.0,79.74,2.0,36.0,0,0,43131,112.55
1785359714.766,9.7,100.0,79.80,2.0,156.0,0,0,43131,112.35
1785359715.766,7.9,100.0,79.77,2.0,43.0,0,0,43131,112.32
1785359716.766,6.1,100.0,79.75,4.0,34.0,0,0,43131,112.32
1785359717.766,6.8,100.0,79.73,4.0,24.0,0,0,43131,112.27
1785359718.766,6.1,100.0,79.70,1.0,51.0,0,0,43131,112.42
1785359719.767,6.5,100.0,79.85,3.0,47.0,0,0,43131,112.42
1785359720.767,6.6,100.0,79.81,2.0,41.0,0,0,43131,112.37
1785359721.767,6.6,100.0,79.30,3.0,28.0,0,0,43131,112.18
1785359722.767,6.7,100.0,79.97,2.0,48.1,0,0,43131,112.18
1785359723.767,6.0,100.0,79.95,2.0,57.0,0,0,43131,112.18
1785359724.767,7.2,100.0,79.93,3.0,60.0,0,0,43131,112.13
1785359725.767,8.5,100.0,79.94,2.0,198.0,0,0,43131,112.03
1785359726.767,7.1,100.0,79.91,2.0,18.0,0,0,43131,111.98
1785359727.767,7.1,100.0,79.89,3.0,16.0,0,0,43131,111.98
1785359728.767,6.9,100.0,79.86,1.0,18.0,0,0,43131,112.32
1785359729.767,5.4,100.0,79.85,4.0,34.1,0,0,43131,112.32
1785359730.768,5.9,100.0,79.84,2.0,47.8,0,0,43131,112.32
1785359731.768,5.6,100.0,79.86,3.0,47.0,0,0,43131,111.93
1785359732.768,6.1,100.0,79.88,2.0,61.0,0,0,43131,111.84
1785359733.768,5.1,100.0,79.62,3.0,38.0,0,0,43131,111.79
1785359734.768,4.8,100.0,79.59,2.0,28.0,0,0,43131,111.98
1785359735.768,4.6,100.0,79.58,3.0,19.0,0,0,43131,111.98
1785359736.768,5.9,100.0,79.55,4.0,52.0,0,0,43131,111.79
1785359737.768,7.0,100.0,79.57,1.0,54.0,0,0,43131,111.79
1785359738.768,6.0,100.0,79.56,3.0,39.0,0,0,43131,111.74
1785359739.768,8.3,100.0,79.55,2.0,51.0,0,0,43131,111.74
1785359740.769,5.7,100.0,79.54,1.0,39.0,0,0,43131,111.79
1785359741.769,6.6,100.0,79.53,3.0,37.0,0,0,43131,111.74
1785359742.769,3.9,100.0,79.53,3.0,20.0,0,0,43131,111.69
1785359743.769,6.5,100.0,79.90,2.0,57.0,0,0,43131,111.69
1785359744.769,6.6,100.0,80.31,4.0,53.0,0,0,43131,111.64
1785359745.769,5.2,92.2,81.11,3.0,86.0,0,0,43131,111.64
1785359746.769,6.0,100.0,81.15,3.0,100.0,0,0,43131,111.69
1785359747.769,5.3,100.0,81.33,4.0,101.0,0,0,43131,111.64
1785359748.769,7.1,100.0,81.18,20.0,81.1,84,95,43131,121.71
1785359749.770,6.0,100.0,81.16,39.0,8.0,88,100,43131,269.75
1785359750.770,7.5,100.0,81.17,38.0,9.0,85,98,43131,271.83
1785359751.770,6.6,100.0,81.10,36.0,9.0,88,100,43131,256.20
1785359752.770,4.7,100.0,81.09,38.0,7.0,88,100,43131,258.69
1785359753.770,5.4,100.0,81.06,38.0,10.0,87,100,43131,270.72
1785359754.770,4.3,100.0,81.04,36.0,8.0,88,100,43131,264.60
1785359755.770,7.0,100.0,81.02,37.0,9.0,86,99,43131,277.17
1785359756.770,10.3,100.0,80.94,40.0,10.0,87,99,43131,253.17
1785359757.770,7.5,100.0,81.19,43.0,6.0,92,81,43131,246.11
1785359758.770,6.2,100.0,81.18,40.0,4.0,87,97,43131,264.07
1785359759.771,4.5,100.0,81.15,40.0,7.0,86,97,43131,253.56
1785359760.771,6.8,100.0,81.13,43.0,7.0,88,100,43131,266.96
1785359761.771,6.5,100.0,81.09,40.0,6.0,88,95,43131,272.79
1785359762.771,6.6,100.0,81.10,47.0,9.0,88,95,43131,282.75
1785359763.771,5.1,100.0,81.10,44.0,8.0,87,100,43131,279.38
1785359764.771,5.1,100.0,81.08,40.0,8.0,86,98,43131,272.64
1785359765.771,5.0,100.0,81.06,48.0,8.0,93,72,43131,263.98
1785359766.771,4.7,100.0,81.04,51.0,9.0,82,92,43131,286.91
1785359767.771,5.9,100.0,81.02,55.0,10.0,89,79,43131,274.57
1785359768.771,7.2,100.0,80.99,46.0,10.0,87,99,43131,271.59
1785359769.772,6.5,100.0,80.97,51.0,9.0,86,98,43131,267.15
1785359770.772,5.5,86.0,80.93,46.0,7.0,86,99,43131,287.56
1785359771.772,6.7,91.9,79.94,51.0,11.0,85,98,43131,274.59
1785359772.772,6.0,100.0,80.64,44.0,8.0,85,87,43131,268.64
1785359773.772,8.0,95.0,80.64,45.0,9.0,88,100,43131,285.70
1785359774.772,4.8,100.0,80.63,47.0,9.0,86,98,43131,255.64
1785359775.772,5.4,100.0,80.63,49.0,10.0,85,98,43131,277.13
1785359776.772,3.8,100.0,80.62,45.0,9.0,86,99,43131,286.61
1785359777.772,5.6,100.0,80.62,50.0,10.0,92,82,43131,285.68
1785359778.772,8.6,100.0,80.61,43.0,9.0,87,100,43131,269.02
1785359779.772,4.1,81.2,80.60,44.0,9.0,85,72,43131,291.06
1785359780.773,3.7,81.8,80.60,47.0,9.0,90,75,43131,270.40
1785359781.773,3.5,100.0,80.58,40.0,7.0,86,98,43131,266.24
1785359782.773,3.8,81.2,80.55,50.0,12.0,85,97,43131,272.38
1785359783.773,5.9,100.0,80.50,45.0,9.0,87,99,43131,291.41
1785359784.773,5.4,99.0,80.49,48.0,11.0,86,97,43131,271.29
1785359785.773,6.1,100.0,80.48,44.0,9.0,89,98,43131,287.99
1785359786.773,5.2,99.0,80.47,51.9,11.0,85,97,43131,287.39
1785359787.773,5.4,100.0,80.47,52.0,14.0,86,97,43131,285.33
1785359788.773,5.7,82.7,80.44,45.0,12.0,88,93,43131,286.81
1785359789.773,3.0,77.0,80.45,53.0,11.0,83,94,43131,286.80
1785359790.774,5.1,79.8,80.69,47.0,10.0,84,96,43131,269.80
1785359791.774,6.9,100.0,80.83,48.0,14.0,82,93,43131,279.50
1785359792.774,6.3,100.0,80.81,52.0,10.0,81,92,43131,282.59
1785359793.774,4.0,100.0,80.79,56.0,12.0,84,95,43131,278.95
1785359794.774,5.3,100.0,80.74,51.0,12.0,90,100,43131,283.58
1785359795.774,4.0,100.0,80.72,46.0,11.0,86,98,43131,283.01
1785359796.774,6.4,100.0,80.68,46.0,10.0,90,100,43131,272.89
1785359797.774,7.2,100.0,80.67,43.0,11.0,85,98,43131,279.18
1785359798.775,4.2,79.8,80.66,42.0,10.0,86,99,43131,275.70
1785359799.775,4.8,90.9,80.91,36.0,8.0,88,100,43131,270.65
1785359800.775,4.5,100.0,80.90,39.0,9.0,86,99,43131,280.43
1785359801.775,3.9,100.0,80.86,38.0,8.0,86,98,43131,260.29
1785359802.775,4.3,100.0,80.85,35.0,7.0,86,98,43131,277.76
1785359803.775,5.1,100.0,80.84,34.0,7.0,88,100,43131,265.06
1785359804.775,6.2,100.0,80.84,31.0,4.0,89,100,43131,262.41
1785359805.775,5.7,100.0,80.82,28.0,4.0,89,100,43131,252.05
1785359806.775,4.8,100.0,80.80,27.0,5.0,90,100,43131,253.81
1785359807.775,4.9,100.0,80.76,28.0,3.0,90,100,43131,259.44
1785359808.776,6.1,100.0,80.80,26.0,4.0,90,100,43131,256.79
1785359809.776,7.0,100.0,80.77,26.0,3.0,91,100,43131,254.98
1785359810.776,5.6,100.0,80.77,26.0,3.0,90,100,43131,256.01
1785359811.776,5.0,100.0,80.76,26.0,2.0,90,100,43131,256.82
1785359812.776,8.5,100.0,80.75,27.0,3.0,89,100,43131,252.43
1785359813.776,5.6,100.0,80.75,24.0,2.0,90,100,43131,253.96
1785359814.776,3.5,100.0,80.75,27.0,1.0,91,100,43131,256.13
1785359815.776,4.4,100.0,80.75,25.0,3.0,89,100,43131,255.83
1785359816.776,5.4,100.0,80.72,26.0,1.0,89,100,43131,251.15
1785359817.776,7.6,80.8,80.72,24.0,3.0,91,100,43131,253.76
1785359818.777,7.0,99.0,80.72,24.0,1.0,91,100,43131,255.53
1785359819.777,6.6,100.0,80.72,23.0,1.0,90,100,43131,255.47
1785359820.777,6.2,100.0,80.69,26.0,2.0,91,100,43131,252.54
1785359821.777,5.9,100.0,80.68,22.0,2.0,91,100,43131,259.00
1785359822.777,6.2,100.0,80.66,22.0,1.0,88,100,43131,259.52
1785359823.777,6.7,100.0,79.45,15.0,0.0,0,0,43131,183.88
1785359824.777,6.3,86.1,79.16,3.0,0.0,0,0,43131,132.75
1785359825.777,4.3,85.9,79.17,3.0,0.0,0,0,43131,119.38
1785359826.860,8.0,86.2,79.19,1.8,0.0,0,0,43131,119.18
1785359827.860,6.2,100.0,79.18,2.0,44.9,0,0,43131,118.26
1785359828.860,4.8,100.0,79.20,5.0,43.0,0,0,43131,117.43
1785359829.860,4.9,100.0,79.19,2.0,39.0,0,0,43131,117.14
1785359830.860,6.4,100.0,79.19,3.0,40.0,0,0,43131,117.09
1785359831.860,5.6,100.0,79.19,3.0,18.0,0,0,43131,116.70
1785359832.860,4.9,100.0,79.19,2.0,54.0,0,0,43131,116.21
1785359833.860,6.1,100.0,79.22,2.0,50.0,0,0,43131,115.97
1785359834.860,6.6,100.0,79.23,4.0,44.0,0,0,43131,115.87
1785359835.861,5.4,99.0,79.24,3.0,43.0,0,0,43131,115.87
1785359836.861,7.0,99.0,79.10,2.0,40.0,0,0,43131,115.53
1785359837.861,5.8,100.0,79.11,1.0,41.0,0,0,43131,115.19
1785359838.861,5.6,100.0,79.10,2.0,38.0,0,0,43131,115.05
1785359839.861,6.4,87.0,79.10,3.0,20.0,0,0,43131,114.71
1785359840.861,6.6,86.1,79.08,4.0,54.0,0,0,43131,114.13
1785359841.861,6.5,100.0,79.09,1.0,59.0,0,0,43131,113.45
1785359842.861,6.1,100.0,79.10,4.0,61.0,0,0,43131,113.25
1785359843.861,5.5,100.0,79.11,1.0,29.0,0,0,43131,113.06
1785359844.861,6.8,97.0,79.13,3.0,45.0,0,0,43131,112.97
1785359845.862,6.9,100.0,79.42,2.0,62.0,0,0,43131,112.81
1785359846.862,5.3,100.0,79.43,2.0,39.0,0,0,43131,112.56
1785359847.862,4.4,100.0,79.40,3.0,59.0,0,0,43131,112.47
1785359848.862,3.9,100.0,79.38,4.0,49.0,0,0,43131,112.47
1785359849.862,4.4,100.0,79.36,3.0,37.0,0,0,43131,112.37
1785359850.862,5.5,100.0,79.37,2.0,30.0,0,0,43131,112.22
1785359851.862,4.3,100.0,79.36,3.0,30.0,0,0,43131,112.08
1785359852.862,6.1,100.0,79.37,2.0,36.0,0,0,43131,111.84
1785359853.862,6.4,100.0,79.38,2.0,31.0,0,0,43131,111.79
1785359854.862,5.5,89.0,78.81,2.0,28.0,0,0,43131,111.74
1785359855.863,2.6,98.0,78.90,4.0,22.0,0,0,43131,111.61
1785359856.863,4.6,100.0,78.92,5.0,19.0,0,0,43131,111.53
1785359857.863,4.8,100.0,78.89,2.0,21.0,0,0,43131,111.50
1785359858.863,4.1,100.0,78.90,4.0,26.0,0,0,43131,111.45
1785359859.863,5.7,100.0,78.90,1.0,23.0,0,0,43131,111.36
1785359860.863,6.2,100.0,78.88,3.0,33.0,0,0,43131,111.25
1785359861.863,4.0,100.0,78.87,2.0,34.0,0,0,43131,111.20
1785359862.863,4.1,100.0,78.87,5.0,29.0,0,0,43131,111.20
1785359863.863,4.4,100.0,78.88,2.0,27.0,0,0,43131,111.15
1785359864.863,5.0,83.0,78.88,2.0,27.0,0,0,43131,111.06
1785359865.864,4.8,100.0,78.86,4.0,24.0,0,0,43131,110.92
1785359866.864,5.5,100.0,78.84,2.0,38.0,0,0,43131,110.77
1785359867.864,6.0,100.0,78.83,2.0,37.0,0,0,43131,110.72
1785359868.864,4.0,100.0,78.85,2.0,28.0,0,0,43131,110.72
1785359869.864,4.0,100.0,78.82,2.0,25.9,0,0,43131,110.67
1785359870.864,5.1,100.0,78.82,1.0,30.1,0,0,43131,110.57
1785359871.864,5.8,100.0,78.82,4.0,22.0,0,0,43131,110.43
1785359872.864,6.4,100.0,78.83,2.0,22.9,0,0,43131,110.47
1785359873.864,7.4,100.0,78.81,3.0,28.2,0,0,43131,110.47
1785359874.864,4.2,100.0,78.80,2.0,26.9,0,0,43131,111.74
1785359875.865,6.0,100.0,78.81,3.0,28.1,0,0,43131,112.91
1785359876.865,7.3,100.0,78.80,2.0,21.0,0,0,43131,112.57
1785359877.865,6.2,96.0,78.58,2.0,30.0,0,0,43131,112.47
1785359878.865,4.3,71.7,78.60,4.0,17.0,0,0,43131,112.47
1785359879.865,4.6,88.0,78.59,3.0,22.0,0,0,43131,112.52
1785359880.865,3.4,100.0,78.60,2.0,36.0,0,0,43131,112.50
1785359881.865,6.3,100.0,78.59,3.0,202.0,0,0,43131,112.36
1785359882.865,3.9,100.0,78.96,3.0,37.0,0,0,43131,112.38
1785359883.865,4.0,100.0,78.90,3.0,37.0,0,0,43131,112.37
1785359884.865,4.8,100.0,78.89,2.0,23.0,0,0,43131,112.31
1785359885.865,4.7,100.0,78.90,2.0,31.0,0,0,43131,112.33
1785359886.866,4.1,65.0,78.90,4.0,49.0,0,0,43131,112.23
1785359887.866,4.5,88.9,78.73,2.0,41.0,0,0,43131,112.23
1785359888.866,4.4,71.3,78.72,3.0,41.0,0,0,43131,112.19
1785359889.866,5.1,100.0,78.74,2.0,49.0,0,0,43131,112.14
1785359890.866,3.3,100.0,78.73,3.0,51.0,0,0,43131,112.13
1785359891.866,4.3,100.0,78.70,3.0,55.0,0,0,43131,112.08
1785359892.866,5.3,100.0,78.71,1.0,64.0,0,0,43131,112.24
1785359893.866,5.1,85.1,78.73,3.0,186.0,0,0,43131,112.18
1785359894.866,3.5,70.0,78.74,5.0,11.0,0,0,43131,111.96
1785359895.866,2.4,90.0,78.74,3.0,12.0,0,0,43131,111.93
1785359896.867,3.6,87.9,78.73,3.0,15.9,0,0,43131,111.98
1785359897.867,4.3,99.0,78.81,2.0,17.1,0,0,43131,111.93
1785359898.867,4.7,100.0,78.81,1.0,23.0,0,0,43131,111.86
1785359899.867,2.7,100.0,78.80,5.0,39.0,0,0,43131,111.89
1785359900.867,4.9,100.0,78.83,2.0,50.0,0,0,43131,111.95
1785359901.867,3.2,100.0,78.85,5.0,60.0,0,0,43131,111.95
1785359902.867,3.7,100.0,78.86,3.0,47.0,0,0,43131,111.82
1785359903.867,5.3,100.0,78.84,2.0,29.0,0,0,43131,111.72
1785359904.867,4.9,100.0,78.84,2.0,24.0,0,0,43131,111.70
1785359905.867,5.6,100.0,78.82,4.0,26.0,0,0,43131,111.69
1785359906.868,3.6,100.0,78.83,2.0,65.0,0,0,43131,111.69
1785359907.868,2.8,100.0,78.83,4.0,39.0,0,0,43131,111.71
1785359908.868,3.5,100.0,78.60,2.0,30.0,0,0,43131,111.74
1785359909.868,4.5,100.0,78.60,4.0,44.0,0,0,43131,111.69
1785359910.868,5.0,100.0,78.60,1.0,41.0,0,0,43131,111.69
1785359911.868,3.4,100.0,78.60,3.0,48.0,0,0,43131,111.69
1785359912.868,2.9,100.0,78.60,5.0,9.0,0,0,43131,111.62
1785359913.868,5.7,100.0,78.83,0.0,61.0,0,0,43131,111.60
1785359914.868,4.7,100.0,79.97,3.0,100.0,0,0,43131,111.59
1785359915.868,6.1,100.0,79.97,2.0,99.0,0,0,43131,111.55
1785359916.869,3.1,100.0,80.20,3.0,101.0,0,0,43131,111.86
1785359917.869,4.1,82.0,80.08,15.0,87.7,0,0,43131,120.67
1785359918.869,4.6,100.0,80.08,39.1,8.0,89,100,43131,261.36
1785359919.869,6.0,100.0,80.09,38.0,4.0,86,82,43131,232.52
1785359920.869,4.7,100.0,80.07,42.0,5.0,87,97,43131,250.63
1785359921.869,5.8,90.0,80.05,31.0,4.0,88,99,43131,248.55
1785359922.869,6.2,100.0,79.92,52.0,7.0,85,94,43131,255.34
1785359923.869,5.4,100.0,80.21,40.2,7.0,90,99,43131,261.81
1785359924.869,3.3,100.0,80.23,41.8,8.0,85,95,43131,258.76
1785359925.869,3.0,100.0,80.19,40.0,7.0,87,96,43131,269.96
1785359926.870,3.0,100.0,80.17,45.0,8.0,84,93,43131,270.21
1785359927.870,2.5,69.7,80.18,43.0,7.0,84,95,43131,281.18
1785359928.870,3.3,100.0,80.16,47.0,8.0,87,96,43131,262.69
1785359929.870,3.4,100.0,80.17,37.0,7.0,86,97,43131,272.39
1785359930.870,4.4,100.0,80.16,38.0,6.0,87,98,43131,274.49
1785359931.870,5.0,91.9,80.15,47.0,8.0,87,98,43131,272.63
1785359932.870,5.6,100.0,80.51,40.0,9.0,87,99,43131,262.18
1785359933.870,5.5,100.0,80.51,45.0,8.0,85,94,43131,263.75
1785359934.870,6.7,100.0,80.48,46.0,8.0,87,98,43131,275.03
1785359935.870,5.0,63.0,80.48,52.0,9.0,87,98,43131,271.46
1785359936.871,8.1,100.0,80.44,43.0,10.0,87,99,43131,270.84
1785359937.871,6.3,100.0,80.43,49.0,8.0,84,95,43131,271.58
1785359938.871,5.3,100.0,80.76,47.0,10.0,87,100,43131,268.03
1785359939.871,4.7,100.0,80.74,48.0,10.0,95,69,43131,275.41
1785359940.871,4.3,100.0,80.73,46.0,9.0,85,98,43131,284.21
1785359941.871,4.7,99.0,80.41,49.0,10.0,85,98,43131,277.86
1785359942.871,2.7,65.7,80.06,46.0,9.0,87,99,43131,267.72
1785359943.871,4.0,75.2,80.06,47.0,9.0,86,94,43131,279.98
1785359944.871,4.6,100.0,80.03,58.0,9.0,86,91,43131,278.69
1785359945.872,5.4,100.0,80.01,48.0,11.0,85,96,43131,286.28
1785359946.872,4.6,100.0,79.98,44.0,10.0,96,76,43131,288.86
1785359947.872,3.7,100.0,79.98,48.0,9.0,83,93,43131,281.74
1785359948.872,4.7,100.0,79.95,49.0,11.0,84,94,43131,273.10
1785359949.872,4.3,100.0,79.95,46.0,10.0,83,94,43131,281.21
1785359950.872,2.4,46.0,79.92,52.0,12.0,88,90,43131,277.78
1785359951.872,4.3,70.4,80.21,50.0,11.0,82,91,43131,270.49
1785359952.872,3.5,100.0,80.20,50.0,11.0,84,95,43131,287.85
1785359953.872,4.6,100.0,80.17,48.0,10.0,84,94,43131,282.93
1785359954.872,5.4,100.0,80.16,48.0,11.0,88,81,43131,278.17
1785359955.873,5.4,100.0,80.11,43.0,10.0,84,94,43131,267.93
1785359956.873,4.5,99.0,80.10,47.0,10.0,89,100,43131,284.40
1785359957.873,4.4,100.0,80.07,43.0,9.0,89,100,43131,274.40
1785359958.873,5.0,100.0,80.05,47.0,12.0,90,91,43131,275.03
1785359959.873,3.1,100.0,80.05,44.0,10.0,87,99,43131,272.75
1785359960.873,4.0,92.0,80.05,40.0,10.0,87,100,43131,278.67
1785359961.873,6.3,99.0,80.03,38.0,9.0,87,100,43131,274.84
1785359962.873,3.0,71.0,80.52,39.0,7.0,86,98,43131,282.07
1785359963.873,2.6,100.0,80.49,35.0,8.0,87,99,43131,276.64
1785359964.874,3.3,100.0,80.50,36.0,7.0,88,100,43131,272.33
1785359965.874,4.0,100.0,80.49,34.0,6.0,89,100,43131,270.46
1785359966.874,5.6,99.0,80.47,30.0,5.0,90,100,43131,261.79
1785359967.874,4.1,100.0,80.48,26.0,3.0,90,100,43131,265.87
1785359968.874,5.1,100.0,80.45,20.0,4.0,96,100,43131,267.93
1785359969.874,5.7,100.0,80.45,20.0,4.0,92,100,43131,263.28
1785359970.874,5.1,100.0,80.43,16.0,2.0,96,100,43131,266.51
1785359971.874,5.2,100.0,80.43,17.0,4.0,96,100,43131,266.62
1785359972.874,4.6,100.0,80.40,16.0,2.0,95,100,43131,265.92
1785359973.874,3.9,100.0,80.38,18.0,2.0,88,100,43131,265.58
1785359974.875,5.0,100.0,80.37,18.0,3.0,95,100,43131,259.01
1785359975.875,2.4,100.0,80.34,23.0,1.0,90,100,43131,256.74
1785359976.875,3.2,100.0,80.31,25.0,2.0,90,100,43131,259.56
1785359977.875,2.3,100.0,80.31,25.0,1.0,87,99,43131,260.84
1785359978.875,4.3,100.0,80.30,23.0,0.0,91,100,43131,258.92
1785359979.875,3.5,100.0,80.29,26.0,1.0,91,100,43131,257.08
1785359980.875,2.9,100.0,80.26,22.0,1.0,91,100,43131,259.16
1785359981.875,4.2,68.0,78.75,8.0,0.0,0,0,43131,146.16
1785359982.875,4.0,100.0,78.73,2.0,0.0,0,0,43131,119.92
1785359983.875,4.5,100.0,78.72,4.0,0.0,0,0,43131,118.29
1785359984.875,6.5,100.0,78.92,3.0,207.3,0,0,43131,117.58
1785359985.876,6.5,100.0,78.92,1.0,47.9,0,0,43131,117.58
1785359986.876,5.0,100.0,78.91,4.0,33.0,0,0,43131,117.14
1785359987.876,3.1,60.4,78.50,2.0,29.0,0,0,43131,116.91
1785359988.876,3.6,100.0,78.71,2.0,31.0,0,0,43131,116.91
1785359989.876,5.1,100.0,78.70,2.0,37.0,0,0,43131,116.54
1785359990.876,4.1,100.0,78.66,2.0,21.0,0,0,43131,115.83
1785359991.876,5.0,100.0,78.67,4.0,73.0,0,0,43131,115.83
1785359992.876,4.1,100.0,78.67,2.0,37.0,0,0,43131,115.60
1785359993.876,2.6,100.0,78.68,3.0,39.0,0,0,43131,115.40
1785359994.876,2.9,100.0,78.67,2.0,40.0,0,0,43131,115.20
1785359995.876,4.3,100.0,78.66,3.0,40.0,0,0,43131,114.80
1785359996.877,6.7,100.0,78.67,3.0,51.0,0,0,43131,114.12
1785359997.877,6.9,100.0,78.66,2.0,19.0,0,0,43131,113.44
1785359998.877,5.3,100.0,78.67,3.0,36.0,0,0,43131,113.34
1785359999.877,5.1,100.0,78.67,1.0,51.0,0,0,43131,113.20
1785360000.877,4.9,100.0,78.66,3.0,65.0,0,0,43131,113.05
1785360001.877,4.0,100.0,78.67,2.0,36.0,0,0,43131,112.86
1785360002.877,4.7,100.0,78.68,2.0,29.0,0,0,43131,112.86
1785360003.877,5.3,100.0,78.67,2.0,54.0,0,0,43131,112.76
1785360004.877,4.0,100.0,78.67,3.0,56.0,0,0,43131,112.54
1785360005.877,5.2,100.0,78.68,1.0,49.0,0,0,43131,112.33
1785360006.878,2.4,34.7,78.66,4.0,39.0,0,0,43131,112.19
1785360007.878,2.5,76.8,78.56,3.0,45.0,0,0,43131,112.19
1785360008.878,3.3,100.0,78.56,2.0,38.0,0,0,43131,112.04
1785360009.878,4.3,100.0,78.54,3.0,33.0,0,0,43131,111.93
1785360010.878,5.0,100.0,78.53,3.0,36.0,0,0,43131,111.93
1785360011.878,4.8,100.0,78.54,1.0,35.0,0,0,43131,111.74
1785360012.878,5.1,100.0,78.55,2.0,32.0,0,0,43131,111.60
1785360013.878,4.5,100.0,78.69,3.0,17.0,0,0,43131,111.51
1785360014.878,5.1,100.0,78.70,3.0,18.0,0,0,43131,111.47
1785360015.878,4.6,100.0,78.69,1.0,17.0,0,0,43131,111.47
1785360016.879,5.3,100.0,78.67,2.0,31.0,0,0,43131,111.40
1785360017.879,5.3,100.0,78.68,3.0,37.0,0,0,43131,111.35
1785360018.879,4.5,100.0,78.67,1.0,31.0,0,0,43131,111.20
1785360019.879,4.0,100.0,78.67,2.0,31.0,0,0,43131,111.06
1785360020.879,3.1,100.0,78.65,4.0,33.0,0,0,43131,111.02
1785360021.879,4.4,100.0,78.63,4.0,34.0,0,0,43131,111.02
1785360022.879,5.7,98.0,78.64,3.0,26.0,0,0,43131,110.92
1785360023.879,4.3,89.9,78.31,3.0,28.0,0,0,43131,111.11
1785360024.879,4.0,100.0,78.30,2.0,42.0,0,0,43131,111.11
1785360025.879,5.0,93.0,78.29,2.0,26.0,0,0,43131,111.01
1785360026.880,4.1,100.0,78.30,3.0,26.0,0,0,43131,110.62
1785360027.880,5.1,100.0,78.29,3.0,28.0,0,0,43131,110.62
1785360028.880,5.3,100.0,78.28,2.0,28.0,0,0,43131,111.55
1785360029.880,4.9,100.0,78.32,1.0,15.1,0,0,43131,112.57
1785360030.880,4.6,99.0,78.48,4.0,21.9,0,0,43131,112.71
1785360031.880,5.0,100.0,78.46,0.0,29.0,0,0,43131,112.73
1785360032.880,5.1,100.0,78.50,3.0,26.0,0,0,43131,112.64
1785360033.880,3.9,90.9,78.47,3.0,26.0,0,0,43131,112.52
1785360034.880,5.0,99.0,78.48,2.0,29.0,0,0,43131,112.49
1785360035.880,4.1,100.0,78.47,3.0,28.0,0,0,43131,112.59
1785360036.880,2.4,59.6,78.47,3.0,16.0,0,0,43131,112.47
1785360037.881,3.3,48.0,78.62,3.0,16.0,0,0,43131,112.35
1785360038.881,3.1,100.0,78.64,2.0,29.0,0,0,43131,112.46
1785360039.881,3.4,100.0,78.65,3.0,48.0,0,0,43131,112.42
1785360040.881,6.5,100.0,78.65,2.0,192.0,0,0,43131,112.35
1785360041.881,5.1,100.0,78.67,3.0,43.0,0,0,43131,112.30
1785360042.881,4.1,99.0,78.67,1.0,32.0,0,0,43131,112.30
1785360043.881,6.9,64.0,78.83,3.0,9.0,0,0,43131,112.25
1785360044.881,5.8,100.0,78.87,4.0,45.9,0,0,43131,112.18
1785360045.881,6.5,100.0,78.85,1.0,49.0,0,0,43131,112.18
1785360046.881,5.6,100.0,78.84,3.0,44.0,0,0,43131,112.08
1785360047.882,5.0,100.0,78.86,3.0,41.0,0,0,43131,111.98
1785360048.882,5.5,100.0,79.04,2.0,49.0,0,0,43131,112.03
1785360049.882,6.0,82.8,78.87,1.0,55.0,0,0,43131,112.03
1785360050.882,4.6,96.0,78.45,3.0,50.0,0,0,43131,112.10
1785360051.960,6.2,100.0,78.47,2.8,195.7,0,0,43131,111.98
1785360052.960,5.5,100.0,78.48,3.0,23.9,0,0,43131,111.93
1785360053.960,5.1,100.0,78.50,2.0,18.0,0,0,43131,111.98
1785360054.960,4.5,100.0,78.51,2.0,17.0,0,0,43131,111.88
1785360055.960,4.9,99.0,78.49,2.0,24.0,0,0,43131,111.81
1785360056.960,8.0,71.0,78.69,4.0,29.0,0,0,43131,111.91
1785360057.960,7.5,100.0,78.67,2.0,23.0,0,0,43131,111.93
1785360058.960,5.1,100.0,78.68,3.0,38.0,0,0,43131,111.81
1785360059.960,4.4,100.0,78.72,2.0,33.0,0,0,43131,111.77
1785360060.961,5.4,100.0,78.72,2.0,46.0,0,0,43131,111.79
1785360061.961,2.5,100.0,78.71,4.0,51.0,0,0,43131,111.75
1785360062.961,3.8,73.7,78.83,2.0,20.0,0,0,43131,111.65
1785360063.961,2.4,100.0,78.84,4.0,23.0,0,0,43131,111.61
1785360064.961,4.3,100.0,78.86,3.0,25.0,0,0,43131,111.65
1785360065.961,5.5,100.0,78.88,3.0,67.0,0,0,43131,111.70
1785360066.961,5.9,100.0,78.90,2.0,44.0,0,0,43131,111.64
1785360067.961,5.4,100.0,78.89,2.0,45.0,0,0,43131,111.69
1785360068.961,5.2,99.0,78.89,1.0,35.0,0,0,43131,111.70
1785360069.961,3.6,79.0,79.06,3.0,39.0,0,0,43131,111.61
1785360070.961,3.9,100.0,79.07,4.0,36.0,0,0,43131,111.84
1785360071.962,4.2,100.0,79.10,2.0,24.0,0,0,43131,111.83
1785360072.962,5.5,100.0,79.82,3.0,74.0,0,0,43131,111.59
1785360073.962,5.6,100.0,80.45,1.0,99.0,0,0,43131,111.54
1785360074.962,3.9,100.0,80.50,3.0,101.0,0,0,43131,111.50
1785360075.962,3.5,100.0,80.20,3.0,99.0,0,0,43131,111.49
1785360076.962,3.3,100.0,80.11,26.0,70.0,67,71,43131,124.39
1785360077.962,4.5,100.0,80.09,29.0,4.0,87,94,43131,288.47
1785360078.962,4.7,100.0,80.07,38.0,9.0,86,99,43131,271.58
1785360079.962,4.5,100.0,80.07,36.0,8.0,86,99,43131,277.68
1785360080.963,5.1,75.2,80.08,37.0,8.0,87,100,43131,280.60
1785360081.963,5.6,99.0,80.18,31.0,9.0,95,100,43131,278.78
1785360082.963,5.8,100.0,80.20,29.0,9.0,93,100,43131,277.12
1785360083.963,6.6,100.0,80.20,28.0,9.0,94,100,43131,277.97
1785360084.963,5.1,100.0,80.20,38.0,8.0,87,100,43131,261.48
1785360085.963,4.4,100.0,80.19,41.0,8.0,87,100,43131,263.67
1785360086.963,5.4,100.0,80.35,38.0,6.0,87,85,43131,239.96
1785360087.963,3.9,100.0,80.35,30.0,4.0,87,99,43131,249.49
1785360088.963,5.6,100.0,80.36,48.0,5.0,86,96,43131,256.96
1785360089.963,4.8,100.0,80.36,45.2,7.0,84,90,43131,282.62
1785360090.964,5.4,100.0,80.35,42.8,8.0,88,99,43131,269.92
1785360091.964,4.7,100.0,80.33,40.0,7.0,87,99,43131,275.41
1785360092.964,4.9,99.0,80.31,45.0,6.0,87,98,43131,271.40
1785360093.964,5.0,87.0,80.45,56.0,4.0,91,88,43131,283.21
1785360094.964,5.7,100.0,80.42,51.0,4.0,85,93,43131,267.12
1785360095.964,4.6,100.0,80.42,48.0,4.0,88,75,43131,279.65
1785360096.964,3.8,100.0,80.42,47.0,4.0,86,99,43131,277.52
1785360097.964,4.4,100.0,80.39,50.0,6.0,87,100,43131,278.79
1785360098.964,5.1,100.0,80.40,48.0,4.0,86,99,43131,277.87
1785360099.964,5.7,100.0,80.39,56.0,6.0,83,95,43131,276.85
1785360100.964,5.0,100.0,80.39,50.0,10.0,83,94,43131,279.60
1785360101.965,5.0,99.0,80.09,46.0,12.0,83,90,43131,276.78
1785360102.965,4.6,100.0,80.07,50.0,10.0,86,97,43131,280.76
1785360103.965,5.8,100.0,80.06,45.0,9.0,86,94,43131,283.22
1785360104.965,4.9,100.0,80.06,49.0,10.0,88,100,43131,283.49
1785360105.965,5.4,100.0,80.07,45.0,11.0,86,97,43131,271.88
1785360106.965,4.5,100.0,80.07,47.0,12.0,83,93,43131,269.18
1785360107.965,5.7,100.0,80.07,49.0,10.0,89,100,43131,279.18
1785360108.965,2.8,100.0,80.04,53.0,11.0,85,97,43131,293.99
1785360109.965,4.4,91.0,80.01,46.0,11.0,85,97,43131,274.23
1785360110.966,4.9,66.0,79.33,48.0,10.0,83,95,43131,286.57
1785360111.966,5.5,100.0,79.82,47.0,9.0,85,98,43131,282.27
1785360112.966,6.9,100.0,79.79,49.0,11.0,87,75,43131,284.23
1785360113.966,5.7,100.0,79.80,48.0,11.0,96,67,43131,261.85
1785360114.966,7.2,100.0,79.82,49.0,10.0,85,97,43131,266.40
1785360115.966,5.8,100.0,79.81,46.0,10.0,89,100,43131,286.56
1785360116.966,10.0,100.0,79.81,47.0,9.0,92,72,43131,285.26
1785360117.966,9.5,100.0,79.83,45.0,12.0,87,100,43131,265.80
1785360118.966,6.9,68.0,79.82,48.0,10.0,86,99,43131,270.98
1785360119.967,4.7,87.9,79.95,49.0,10.0,87,100,43131,283.01
1785360120.967,4.3,100.0,80.10,55.0,11.0,87,97,43131,283.51
1785360121.967,6.1,100.0,80.08,45.0,11.0,87,99,43131,280.91
1785360122.967,3.0,100.0,80.07,43.0,9.0,89,100,43131,280.74
1785360123.967,3.4,100.0,80.05,49.0,10.0,85,97,43131,285.49
1785360124.967,4.4,100.0,80.05,44.0,8.0,87,99,43131,276.63
1785360125.967,5.1,100.0,80.06,46.0,8.0,86,90,43131,287.15
1785360126.967,5.0,100.0,80.05,39.0,5.0,87,100,43131,280.87
1785360127.967,4.5,100.0,80.04,36.0,7.0,87,100,43131,287.55
1785360128.968,4.9,99.0,80.05,37.0,8.0,85,96,43131,282.51
1785360129.968,4.1,100.0,79.77,32.0,6.0,87,98,43131,273.05
1785360130.968,5.8,100.0,79.75,32.0,6.0,89,100,43131,252.12
1785360131.968,4.2,100.0,79.75,30.0,6.0,89,100,43131,269.20
1785360132.968,4.2,100.0,79.77,29.0,5.0,88,100,43131,262.43
1785360133.968,6.3,100.0,79.78,30.0,4.0,89,100,43131,268.26
1785360134.968,6.2,100.0,79.74,28.0,4.0,91,100,43131,253.77
1785360135.968,5.6,100.0,79.74,25.0,3.0,90,100,43131,260.33
1785360136.968,6.1,100.0,79.72,29.0,4.0,88,99,43131,266.58
1785360137.969,4.9,100.0,79.70,26.0,2.0,89,100,43131,255.25
1785360138.969,4.6,67.7,79.69,26.0,3.0,89,100,43131,257.26
1785360139.969,5.9,97.0,79.68,27.0,4.0,90,100,43131,257.92
1785360140.969,3.5,100.0,79.65,26.0,3.0,89,100,43131,260.61
1785360141.969,5.7,100.0,79.82,28.0,2.0,90,100,43131,254.76
1785360142.969,3.3,100.0,79.81,26.0,3.0,90,100,43131,256.28
1785360143.969,4.6,100.0,79.80,27.0,2.0,90,100,43131,256.59
1785360144.969,3.6,100.0,79.80,26.0,2.0,90,100,43131,257.18
1785360145.969,3.6,100.0,79.64,16.0,41.0,0,0,43131,195.71
1785360146.970,4.5,100.0,78.28,4.0,0.0,0,0,43131,135.15
1785360147.970,2.1,67.7,78.25,3.0,0.0,0,0,43131,118.68
1785360148.970,4.4,99.0,78.61,4.0,0.0,0,0,43131,118.26
1785360149.970,4.5,100.0,78.60,4.0,0.0,0,0,43131,117.72
1785360150.970,5.6,100.0,78.62,2.0,0.0,0,0,43131,117.48
1785360151.970,6.2,100.0,76.90,74.2,0.0,100,9,0,121.19
1785360152.970,5.4,100.0,76.31,1.0,0.0,0,0,0,121.85
1785360153.970,6.8,100.0,76.29,186.1,0.0,0,0,0,117.47
1785360154.970,4.6,100.0,76.28,43.0,0.0,0,0,0,71.38
1785360155.970,5.2,100.0,76.28,43.0,0.0,0,0,0,65.69
1785360156.971,4.5,100.0,76.29,36.0,0.0,0,0,0,64.37
1785360157.971,4.5,100.0,76.29,23.0,0.0,0,0,0,64.14
1785360158.971,2.5,100.0,76.29,32.0,0.0,0,0,0,63.88
1785360159.971,3.7,100.0,76.27,67.0,0.0,0,0,0,63.58
1785360160.971,3.5,100.0,76.30,40.0,0.0,0,0,0,63.48
1785360161.971,4.2,100.0,76.28,42.0,0.0,0,0,0,63.38
1785360162.971,3.4,100.0,76.25,41.0,0.0,0,0,0,63.05
1785360163.971,3.8,100.0,76.25,40.0,0.0,0,0,0,63.10
1785360164.971,4.6,100.0,76.25,51.0,0.0,0,0,0,50.14
1785360165.972,5.4,100.0,76.26,24.0,0.0,0,0,0,36.97
1785360166.972,5.6,100.0,76.27,45.0,0.0,0,0,0,36.73
1785360167.972,4.9,100.0,76.26,52.0,0.0,0,0,0,36.64
1785360168.972,4.9,100.0,76.26,66.0,0.0,0,0,0,36.49
1785360169.972,4.4,100.0,76.25,24.0,0.0,0,0,0,36.34
1785360170.972,5.5,99.0,76.24,29.0,0.0,0,0,0,36.19
1785360171.972,4.1,85.1,76.24,46.0,0.0,0,0,0,36.04
1785360172.972,4.5,100.0,76.23,64.0,0.0,0,0,0,35.95
1785360173.972,2.6,100.0,76.25,49.0,0.0,0,0,0,35.90
1785360174.972,4.8,100.0,76.23,52.0,0.0,0,0,0,35.94
1785360175.972,4.2,100.0,76.21,51.0,0.0,0,0,0,35.99
1785360176.973,6.0,100.0,76.23,37.0,0.0,0,0,0,35.94
1785360177.973,4.6,100.0,76.21,35.0,0.0,0,0,0,35.84
1785360178.973,7.0,100.0,76.22,37.9,0.0,0,0,0,35.75
1785360179.973,5.8,100.0,76.22,36.0,0.0,0,0,0,35.65
1785360180.973,4.8,100.0,76.21,37.1,0.0,0,0,0,35.56
1785360181.973,4.3,100.0,76.20,36.0,0.0,0,0,0,35.45
1785360182.973,5.2,100.0,76.18,26.0,0.0,0,0,0,35.41
1785360183.973,4.9,100.0,76.15,38.0,0.0,0,0,0,35.31
1785360184.973,4.8,100.0,76.13,33.0,0.0,0,0,0,35.17
1785360185.973,5.2,100.0,76.13,33.0,0.0,0,0,0,35.17
1785360186.974,5.0,100.0,76.13,31.0,0.0,0,0,0,35.21
1785360187.974,5.0,100.0,76.12,32.0,0.0,0,0,0,35.16
1785360188.974,3.5,100.0,76.13,36.0,0.0,0,0,0,35.07
1785360189.974,2.5,81.0,76.14,28.0,0.0,0,0,0,34.93
1785360190.974,3.0,69.0,75.78,27.0,0.0,0,0,0,34.83
1785360191.974,4.3,100.0,75.75,43.0,0.0,0,0,0,34.83
1785360192.974,4.2,100.0,75.74,29.0,0.0,0,0,0,34.73
1785360193.974,5.8,100.0,75.74,28.0,0.0,0,0,0,34.62
1785360194.974,3.7,96.0,75.75,20.0,0.0,0,0,0,34.67
1785360195.974,4.6,100.0,75.75,21.0,0.0,0,0,0,34.62
1785360196.974,6.6,100.0,75.77,21.0,0.0,0,0,0,34.47
1785360197.975,6.7,100.0,75.78,27.0,0.0,0,0,0,34.38
1785360198.975,5.3,100.0,75.76,28.0,0.0,0,0,0,34.48
1785360199.975,6.3,99.0,75.77,29.0,0.0,0,0,0,34.53
1785360200.975,5.8,100.0,75.78,31.0,0.0,0,0,0,34.38
1785360201.975,6.6,100.0,75.76,30.0,0.0,0,0,0,34.33
1785360202.975,5.0,64.0,75.77,22.0,0.0,0,0,0,34.28
1785360203.975,6.4,99.0,76.27,19.0,0.0,0,0,0,34.23
1785360204.975,5.0,96.0,76.26,18.0,0.0,0,0,0,34.19
1785360205.975,6.5,99.0,76.24,40.0,0.0,0,0,0,34.09
1785360206.975,7.1,100.0,76.24,203.0,0.0,0,0,0,34.09
1785360207.976,3.5,100.0,76.25,39.0,0.0,0,0,0,34.19
1785360208.976,4.9,100.0,76.26,48.0,0.0,0,0,0,34.09
1785360209.976,4.4,100.0,76.26,10.0,0.0,0,0,0,34.08
1785360210.976,4.1,100.0,76.27,37.0,0.0,0,0,0,34.18
1785360211.976,3.4,100.0,76.28,50.0,0.0,0,0,0,34.09
1785360212.976,5.8,100.0,76.24,42.0,0.0,0,0,0,33.99
1785360213.976,5.6,100.0,76.23,46.0,0.0,0,0,0,33.89
1785360214.976,5.6,100.0,76.22,53.0,0.0,0,0,0,33.94
1785360215.976,5.0,100.0,76.24,60.0,0.0,0,0,0,33.95
1785360216.976,4.5,100.0,76.25,55.0,0.0,0,0,0,33.90
1785360217.977,3.3,57.6,76.23,58.0,0.0,0,0,0,33.90
1785360218.977,7.1,100.0,75.84,191.0,0.0,0,0,0,33.80
1785360219.977,3.9,100.0,75.84,17.0,0.0,0,0,0,33.75
1785360220.977,5.1,100.0,75.82,21.0,0.0,0,0,0,33.79
1785360221.977,4.4,100.0,75.82,23.0,0.0,0,0,0,33.74
1785360222.977,3.5,91.0,75.84,41.0,0.0,0,0,0,33.74
1785360223.977,5.1,80.0,75.81,36.0,0.0,0,0,0,33.75
1785360224.977,5.3,99.0,75.84,45.0,0.0,0,0,0,33.65
1785360225.977,4.6,100.0,75.89,43.0,0.0,0,0,0,33.70
1785360226.978,5.9,100.0,75.88,50.0,0.0,0,0,0,33.74
1785360227.978,6.0,100.0,75.87,31.0,0.0,0,0,0,33.78
1785360228.978,5.4,100.0,75.86,18.0,0.0,0,0,0,33.70
1785360229.978,4.0,100.0,75.86,35.0,0.0,0,0,0,33.61
1785360230.978,5.3,100.0,75.86,8.0,0.0,0,0,0,33.61
1785360231.978,4.4,100.0,75.86,66.0,0.0,0,0,0,33.60
1785360232.978,5.1,100.0,75.88,45.0,0.0,0,0,0,33.60
1785360233.978,4.5,100.0,75.88,31.0,0.0,0,0,0,33.50
1785360234.978,4.5,99.0,75.88,17.0,0.0,0,0,0,33.51
1785360235.978,4.6,100.0,76.61,68.0,0.0,0,0,0,33.56
1785360236.978,7.1,100.0,76.70,100.0,0.0,0,0,0,33.51
1785360237.979,5.8,100.0,76.76,100.0,0.0,0,0,0,33.47
1785360238.979,5.2,100.0,76.84,37.0,0.0,0,0,0,33.47
1785360239.979,8.3,100.0,77.02,211.0,0.0,0,0,0,33.47
1785360240.979,5.6,100.0,77.05,54.0,0.0,0,0,0,33.51
1785360241.979,5.7,82.0,77.03,38.0,0.0,0,0,0,33.55
1785360242.979,4.0,99.0,77.05,29.0,0.0,0,0,0,33.45
1785360243.979,4.4,78.0,76.17,24.0,0.0,0,0,0,33.45
1785360244.979,3.8,100.0,76.17,30.0,0.0,0,0,0,33.50
1785360245.979,5.4,100.0,76.15,12.0,0.0,0,0,0,33.45
1785360246.979,4.2,100.0,76.15,19.0,0.0,0,0,0,33.45
1785360247.980,5.3,100.0,76.16,70.0,0.0,0,0,0,33.40
1785360248.980,4.4,100.0,76.17,43.0,0.0,0,0,0,33.35
1785360249.980,3.8,57.6,76.17,31.0,0.0,0,0,0,33.35
1785360250.980,4.7,100.0,76.38,45.0,0.0,0,0,0,33.35
1785360251.980,5.3,100.0,76.38,45.0,0.0,0,0,0,33.35
1785360252.980,5.2,100.0,76.39,44.0,0.0,0,0,0,33.36
1785360253.980,5.3,100.0,76.41,26.0,0.0,0,0,0,33.41
1785360254.980,3.9,100.0,76.41,37.0,0.0,0,0,0,33.41
1785360255.980,4.4,100.0,76.41,54.0,0.0,0,0,0,33.36
1785360256.980,4.9,100.0,76.39,64.0,0.0,0,0,0,33.36
1785360257.980,3.5,100.0,76.38,38.0,0.0,0,0,0,33.36
1785360258.981,4.8,70.7,76.36,26.0,0.0,0,0,0,33.50
1785360259.981,5.1,83.8,76.71,22.0,0.0,0,0,0,33.50
1785360260.981,6.3,100.0,76.82,67.1,0.0,0,0,0,33.36
1785360261.981,4.9,100.0,76.87,51.0,0.0,0,0,0,33.35
1785360262.981,7.3,100.0,76.87,200.0,0.0,0,0,0,33.31
1785360263.981,4.1,100.0,76.87,48.0,0.0,0,0,0,33.35
1785360264.981,4.0,100.0,76.87,69.0,0.0,0,0,0,33.30
1785360265.981,5.2,100.0,76.88,61.0,0.0,0,0,0,33.21
1785360266.981,8.2,100.0,76.87,179.0,0.0,0,0,0,33.26
1785360267.981,4.3,98.0,76.85,18.0,0.0,0,0,0,33.21
1785360268.981,4.1,100.0,76.85,19.0,0.0,0,0,0,33.31
1785360269.982,2.2,32.3,76.87,27.0,0.0,0,0,0,33.36
1785360270.982,5.5,79.2,77.01,43.0,0.0,0,0,0,33.21
1785360271.982,4.6,100.0,77.00,22.0,0.0,0,0,0,33.20
1785360272.982,3.2,100.0,76.99,26.0,0.0,0,0,0,33.25
1785360273.982,2.9,100.0,76.97,21.0,0.0,0,0,0,33.25
1785360274.982,3.4,100.0,76.95,23.0,0.0,0,0,0,33.25
1785360275.982,4.5,100.0,76.97,18.0,0.0,0,0,0,33.26
1785360276.982,5.2,100.0,76.97,27.0,0.0,0,0,0,33.22
1785360277.982,3.0,100.0,76.97,22.0,0.0,0,0,0,33.22
1785360278.982,2.3,26.0,77.02,21.0,0.0,0,0,0,33.27
1785360279.983,2.9,100.0,77.01,21.0,0.0,0,0,0,33.22
1785360280.983,4.1,100.0,76.99,23.0,0.0,0,0,0,33.27
1785360281.983,4.3,100.0,76.97,23.0,0.0,0,0,0,33.26
1785360282.983,4.1,100.0,76.97,22.0,0.0,0,0,0,33.16
1785360283.983,5.2,100.0,77.00,31.0,0.0,0,0,0,33.16
1785360284.983,4.6,71.0,77.00,37.0,0.0,0,0,0,33.16
1785360285.983,2.7,100.0,77.01,27.0,0.0,0,0,0,33.11
1785360286.983,4.4,100.0,77.02,28.0,0.0,0,0,0,33.17
1785360287.983,4.5,100.0,77.01,31.0,0.0,0,0,0,33.26
1785360288.983,4.6,100.0,76.99,39.0,0.0,0,0,0,33.15
1785360289.983,5.3,100.0,77.01,18.0,0.0,0,0,0,33.10
1785360290.984,3.1,66.7,77.02,25.0,0.0,0,0,0,33.20
1785360291.984,4.3,100.0,77.13,18.0,0.0,0,0,0,33.26
1785360292.984,5.2,100.0,77.13,19.0,0.0,0,0,0,33.26
1785360293.984,4.4,100.0,77.12,18.0,0.0,0,0,0,33.21
1785360294.984,2.8,100.0,77.11,21.0,0.0,0,0,0,33.16
1785360295.984,3.1,100.0,77.13,30.0,0.0,0,0,0,33.21
1785360296.984,5.6,100.0,77.11,45.0,0.0,0,0,0,33.21
1785360297.984,5.0,100.0,77.12,24.0,0.0,0,0,0,33.11
1785360298.984,4.0,100.0,77.14,40.0,0.0,0,0,0,33.11
1785360299.985,4.6,90.0,77.13,19.0,0.0,0,0,0,33.16
1785360300.985,3.9,38.4,76.86,16.0,0.0,0,0,0,33.16
1785360301.985,4.5,100.0,77.09,41.0,0.0,0,0,0,33.16
1785360302.985,2.9,100.0,77.07,55.0,0.0,0,0,0,33.16
1785360303.985,3.2,100.0,77.07,47.0,0.0,0,0,0,33.11
1785360304.985,2.9,100.0,77.08,45.0,0.0,0,0,0,33.06
1785360305.985,3.3,100.0,77.10,60.0,0.0,0,0,0,33.10
1785360306.985,4.4,100.0,77.11,51.0,0.0,0,0,0,33.30
1785360307.985,6.0,100.0,77.14,45.0,0.0,0,0,0,33.31
1785360308.985,5.1,100.0,77.13,35.0,0.0,0,0,0,33.25
1785360309.985,5.0,100.0,77.12,29.0,0.0,0,0,0,33.25
1785360310.986,5.0,93.9,77.18,19.0,0.0,0,0,0,33.11
1785360311.986,4.2,100.0,77.16,20.0,0.0,0,0,0,33.11
1785360312.986,3.2,100.0,77.15,20.0,0.0,0,0,0,33.16
1785360313.986,2.9,100.0,77.15,36.0,0.0,0,0,0,33.21
1785360314.986,4.0,100.0,77.16,52.0,0.0,0,0,0,33.16
1785360315.986,4.3,100.0,77.17,41.0,0.0,0,0,0,33.11
1785360316.986,4.6,100.0,77.17,49.0,0.0,0,0,0,33.16
1785360317.986,3.0,100.0,77.29,44.0,0.0,0,0,0,33.11
1785360318.986,5.8,55.4,77.50,168.0,0.0,0,0,0,33.06
1785360319.986,7.4,100.0,77.61,261.0,0.0,0,0,0,33.06
1785360320.987,5.8,100.0,77.66,115.0,0.0,0,0,0,33.11
1785360321.987,5.8,100.0,77.68,103.8,0.0,0,0,0,33.16
1785360322.987,4.3,100.0,77.74,120.1,0.0,0,0,3,33.16
1785360323.987,8.0,100.0,78.03,182.9,0.0,0,0,637,88.69
1785360324.987,7.0,100.0,78.06,156.0,0.0,0,0,637,104.95
1785360325.987,5.3,100.0,78.04,104.0,0.0,0,0,637,105.05
1785360326.987,4.2,71.7,78.08,150.0,0.0,0,0,637,105.34
1785360327.987,7.1,95.0,77.71,131.0,0.0,0,0,637,105.39
1785360328.987,5.4,100.0,77.74,107.0,0.0,0,0,637,105.45
1785360329.987,6.8,100.0,77.47,69.0,0.0,0,0,975,105.73
1785360330.987,3.8,79.0,77.25,37.0,0.0,0,0,1335,105.88
1785360331.988,2.9,100.0,77.25,26.0,0.0,0,0,1335,105.95
1785360332.988,3.0,100.0,77.23,84.0,0.0,0,0,1335,106.32
1785360333.988,4.8,100.0,77.25,74.0,0.0,0,0,1509,106.14
1785360334.988,5.5,100.0,77.26,104.0,0.0,0,0,1509,106.17
1785360335.988,5.3,100.0,77.34,54.0,0.0,0,0,1509,106.14
1785360336.988,5.0,99.0,77.23,29.0,0.0,0,0,1509,106.13
1785360337.988,4.3,100.0,77.66,11.0,0.0,0,0,1509,106.28
1785360338.988,4.7,100.0,77.66,12.0,0.0,0,0,1509,106.44
1785360339.988,4.2,100.0,77.65,10.0,0.0,0,0,1509,106.47
1785360340.989,5.0,100.0,77.66,11.0,0.0,0,0,1509,106.52
1785360341.989,4.5,100.0,77.66,12.0,0.0,0,0,1509,106.64
1785360342.989,3.5,100.0,77.62,9.0,0.0,0,0,1509,106.73
1785360343.989,4.2,100.0,77.63,10.0,0.0,0,0,1509,107.17
1785360344.989,2.2,46.0,77.62,12.0,0.0,0,0,1509,107.19
1785360345.989,3.5,78.8,77.43,9.0,0.0,0,0,1509,106.84
1785360346.989,3.8,100.0,77.43,13.0,0.0,0,0,1509,106.94
1785360347.989,2.6,100.0,77.40,10.0,0.0,0,0,1509,106.95
1785360348.989,3.7,100.0,77.43,70.0,0.0,0,0,1509,107.15
1785360349.989,4.5,100.0,77.62,88.1,0.0,0,0,1831,107.22
1785360350.989,5.4,100.0,77.67,80.0,0.0,0,0,1831,109.91
1785360351.990,5.3,100.0,77.70,72.0,0.0,12,8,42237,115.11
1785360352.990,5.3,100.0,77.76,99.0,0.0,13,8,42383,124.95
1785360353.990,4.9,99.0,77.82,90.0,0.0,14,7,42543,123.92
1785360354.990,4.6,49.5,77.57,91.0,0.0,0,0,42795,113.70
1785360355.990,3.6,100.0,77.64,30.0,0.0,0,0,43097,109.41
1785360356.990,6.7,100.0,77.66,73.0,0.0,0,0,43097,112.87
1785360357.990,5.3,100.0,77.67,28.9,0.0,0,0,43097,108.72
1785360358.990,5.6,100.0,77.79,57.2,0.0,0,0,43097,108.56
1785360359.990,4.3,85.9,77.81,41.0,0.0,0,0,43097,108.62
1785360360.990,2.5,100.0,77.80,48.0,0.0,0,0,43097,108.68
1785360361.991,4.7,100.0,77.80,8.0,0.0,0,0,43097,108.72
1785360362.991,4.4,100.0,77.83,46.1,0.0,0,0,43097,108.92
1785360363.991,4.2,99.0,78.02,20.0,0.0,0,0,43097,108.86
1785360364.991,6.0,100.0,78.22,41.0,0.0,0,0,43097,108.71
1785360365.991,5.2,100.0,78.22,4.0,0.0,0,0,43097,108.78
1785360366.991,4.2,100.0,78.20,1.0,0.0,0,0,43097,108.82
1785360367.991,5.3,100.0,78.40,2.0,0.0,0,0,43097,108.92
1785360368.991,5.9,100.0,78.42,2.0,198.0,0,0,43097,108.94
1785360369.991,3.0,100.0,78.42,2.0,44.0,0,0,43097,108.94
1785360370.991,2.7,100.0,78.42,4.0,39.0,0,0,43097,109.01
1785360371.992,3.1,100.0,78.44,4.0,36.0,0,0,43097,109.06
1785360372.992,3.4,66.7,78.45,3.0,22.0,0,0,43097,109.02
1785360373.992,5.4,99.0,78.40,2.0,16.0,0,0,43097,108.98
1785360374.992,4.4,100.0,78.41,4.0,17.0,0,0,43097,108.99
1785360375.992,3.9,100.0,78.43,3.0,61.0,0,0,43097,108.97
1785360376.992,5.4,100.0,78.47,2.0,39.0,0,0,43097,109.05
1785360377.992,4.9,100.0,78.46,3.0,42.0,0,0,43097,109.16
1785360378.992,5.0,100.0,78.48,3.0,40.0,0,0,43097,109.17
1785360379.992,3.7,100.0,78.48,1.0,39.0,0,0,43097,109.07
1785360380.992,4.4,100.0,78.48,3.0,45.0,0,0,43097,109.07
1785360381.992,4.6,100.0,78.49,1.0,19.0,0,0,43097,109.15
1785360382.992,4.4,100.0,78.48,3.0,47.0,0,0,43097,109.12
1785360383.993,2.6,59.6,78.36,2.0,39.0,0,0,43097,109.11
1785360384.993,3.4,100.0,78.47,4.0,67.0,0,0,43097,109.20
1785360385.993,5.0,100.0,78.48,1.0,40.0,0,0,43097,109.33
1785360386.993,4.4,100.0,78.50,3.0,29.0,0,0,43097,109.32
1785360387.993,6.7,100.0,78.51,4.0,62.9,0,0,43097,109.22
1785360388.993,6.4,100.0,78.53,2.0,55.1,0,0,43097,109.17
1785360389.993,5.0,100.0,78.53,2.0,45.0,0,0,43097,109.56
1785360390.993,6.8,100.0,78.56,2.0,58.0,0,0,43097,109.61
1785360391.993,5.4,100.0,78.55,2.0,40.0,0,0,43097,109.31
1785360392.993,4.5,100.0,78.55,3.0,35.0,0,0,43097,109.40
1785360393.993,4.8,100.0,78.55,2.0,39.0,0,0,43097,109.45
1785360394.994,3.9,100.0,78.56,3.0,24.0,0,0,43097,109.41
1785360395.994,5.7,100.0,78.45,1.0,34.0,0,0,43097,109.36
1785360396.994,4.4,100.0,78.43,2.0,34.0,0,0,43097,109.36
1785360397.994,4.8,100.0,78.41,3.0,35.0,0,0,43097,109.40
1785360398.994,4.4,100.0,78.42,3.0,34.0,0,0,43097,109.43
1785360399.994,5.2,100.0,78.41,2.0,36.0,0,0,43097,109.43
1785360400.994,3.2,100.0,78.41,2.0,32.0,0,0,43097,109.41
1785360401.994,3.5,100.0,78.41,2.0,35.0,0,0,43097,109.36
1785360402.994,4.7,100.0,78.41,3.0,34.0,0,0,43097,109.43
1785360403.994,5.2,100.0,78.39,1.0,27.0,0,0,43097,109.45
1785360404.995,7.3,100.0,78.38,2.0,32.0,0,0,43097,109.47
1785360405.995,5.1,100.0,78.23,4.0,25.0,0,0,43097,109.51
1785360406.995,4.4,100.0,78.24,2.0,32.0,0,0,43097,109.46
1785360407.995,4.7,100.0,78.25,3.0,40.0,0,0,43097,109.40
1785360408.995,4.1,100.0,78.26,1.0,38.0,0,0,43097,109.46
1785360409.995,3.0,100.0,78.25,4.0,26.0,0,0,43097,109.56
1785360410.995,3.2,100.0,78.26,1.0,29.0,0,0,43097,109.56
1785360411.995,2.5,100.0,78.27,3.0,29.0,0,0,43097,109.61
1785360412.995,4.3,100.0,78.27,2.0,20.0,0,0,43097,109.56
1785360413.995,4.4,100.0,78.26,1.0,29.0,0,0,43097,109.46
1785360414.995,5.5,100.0,78.25,4.0,28.0,0,0,43097,109.46
1785360415.996,4.6,100.0,78.25,3.0,20.0,0,0,43097,109.56
1785360416.996,7.2,90.0,78.62,2.0,28.0,0,0,43097,109.68
1785360417.996,4.1,100.0,78.62,2.0,29.0,0,0,43097,109.66
1785360418.996,5.0,100.0,78.61,4.0,27.0,0,0,43097,109.59
1785360419.996,5.8,100.0,78.60,0.0,19.0,0,0,43097,109.57
1785360420.996,5.6,100.0,78.61,3.0,38.0,0,0,43097,109.56
1785360421.996,4.0,100.0,78.60,3.0,49.0,0,0,43097,109.65
1785360422.996,7.4,100.0,78.62,1.0,199.0,0,0,43097,109.70
1785360423.996,4.2,100.0,78.63,4.0,50.0,0,0,43097,109.65
1785360424.996,4.5,100.0,78.06,4.0,16.0,0,0,43097,109.70
1785360425.997,5.0,99.0,77.28,1.0,31.0,0,0,43097,109.68
1785360426.997,3.5,100.0,77.29,3.0,45.0,0,0,43097,109.61
1785360427.997,4.6,99.0,77.32,3.0,27.0,0,0,43097,109.64
1785360428.997,4.2,100.0,77.31,2.0,36.0,0,0,43097,109.59
1785360429.997,3.0,52.5,77.35,3.0,29.0,0,0,43097,109.65
1785360430.997,3.2,33.7,77.41,2.0,32.0,0,0,43097,109.67
1785360431.997,3.5,78.2,77.42,6.0,43.0,0,0,43097,109.58
1785360432.997,3.1,63.6,77.12,4.0,29.0,0,0,43097,109.81
1785360433.997,4.7,100.0,77.16,2.0,52.0,0,0,43097,109.84
1785360434.998,4.5,100.0,77.19,3.0,31.0,0,0,43097,109.67
1785360435.998,6.1,100.0,77.23,3.0,36.0,0,0,43097,109.72
1785360436.998,9.0,100.0,77.26,2.0,46.0,0,0,43097,109.72
1785360437.998,7.4,100.0,77.29,3.0,182.1,0,0,43097,109.65
1785360438.998,5.1,99.0,77.29,1.0,17.1,0,0,43097,109.63
1785360439.998,4.7,100.0,77.29,2.0,18.9,0,0,43097,109.63
1785360440.998,5.1,100.0,77.30,3.0,25.0,0,0,43097,109.65
1785360441.998,5.0,100.0,77.33,2.0,39.0,0,0,43097,109.67
1785360442.998,4.2,100.0,77.36,2.0,51.0,0,0,43097,109.68
1785360443.998,2.9,41.8,77.35,3.0,42.0,0,0,43097,109.88
1785360444.999,3.9,97.0,77.44,4.0,28.0,0,0,43097,109.89
1785360445.999,4.9,100.0,77.43,1.0,47.0,0,0,43097,109.72
1785360446.999,5.9,100.0,77.47,4.0,22.0,0,0,43097,109.99
1785360447.999,4.9,100.0,77.46,3.0,28.0,0,0,43097,110.00
1785360448.999,6.4,100.0,77.45,1.0,20.0,0,0,43097,109.71
1785360449.999,6.6,100.0,77.47,2.0,55.0,0,0,43097,109.65
1785360450.999,6.7,100.0,77.24,4.0,52.1,0,0,43097,109.65
1785360451.999,5.5,100.0,77.26,1.0,40.0,0,0,43097,109.70
1785360452.999,4.4,71.7,77.40,2.0,43.0,0,0,43097,109.80
1785360453.999,2.4,100.0,77.66,4.0,34.0,0,0,43097,109.76
1785360455.000,3.2,100.0,77.67,3.0,37.0,0,0,43097,109.70
1785360456.000,3.6,100.0,77.68,3.0,17.0,0,0,43097,109.79
1785360457.000,6.0,100.0,77.93,1.0,47.0,0,0,43097,109.80
1785360458.000,7.8,100.0,77.98,41.0,47.0,13,8,43099,111.99
1785360459.000,7.2,100.0,78.00,136.2,34.0,57,41,43099,159.94
1785360460.000,6.1,100.0,77.43,3.0,0.0,0,0,43099,115.62
1785360461.000,6.0,100.0,77.52,2.0,159.1,0,0,43099,110.06
1785360462.000,5.7,100.0,77.51,1.0,51.0,0,0,43099,109.94
1785360463.000,5.3,100.0,77.51,4.0,40.0,0,0,43099,109.94
1785360464.000,5.5,99.0,77.54,1.0,35.0,0,0,43099,110.04
1785360465.000,4.3,100.0,77.55,4.0,23.0,0,0,43099,109.94
1785360466.001,4.8,100.0,77.55,3.0,49.0,0,0,43099,109.85
1785360467.001,6.2,100.0,77.55,2.0,50.0,0,0,43099,109.94
1785360468.001,4.9,100.0,77.58,2.0,40.0,0,0,43099,109.94
1785360469.001,6.6,100.0,77.60,2.0,45.0,0,0,43099,109.90
1785360470.001,3.1,100.0,77.62,3.0,42.0,0,0,43099,109.92
1785360471.001,5.6,100.0,77.65,3.0,49.0,0,0,43099,109.92
1785360472.001,4.7,100.0,77.64,2.0,26.0,0,0,43099,109.95
1785360473.001,3.7,100.0,77.67,3.0,35.0,0,0,43099,109.92
1785360474.001,3.3,100.0,77.70,2.0,55.0,0,0,43099,109.93
1785360475.001,5.1,100.0,77.69,3.0,66.0,0,0,43099,109.96
1785360476.002,5.1,100.0,77.69,3.0,36.0,0,0,43099,109.90
1785360477.002,6.7,47.7,77.53,3.0,29.0,0,0,43099,109.90
1785360478.002,5.6,100.0,78.04,4.0,45.0,0,0,43099,109.94
1785360479.002,4.6,100.0,78.04,3.0,62.0,0,0,43099,109.90
1785360480.002,4.8,100.0,78.04,1.0,50.0,0,0,43099,109.99
1785360481.002,5.5,100.0,78.05,3.0,54.0,0,0,43099,110.04
1785360482.002,4.6,100.0,78.05,2.0,52.0,0,0,43099,109.90
1785360483.002,4.9,100.0,78.02,3.0,34.0,0,0,43099,109.85
1785360484.002,5.4,100.0,78.01,1.0,36.9,0,0,43099,109.84
1785360485.002,8.0,100.0,78.04,5.0,36.1,0,0,43099,109.82
1785360486.002,6.1,100.0,78.05,1.0,36.0,0,0,43099,109.82
1785360487.003,5.2,100.0,78.05,2.0,37.0,0,0,43099,109.85
1785360488.003,5.1,100.0,78.04,2.0,33.0,0,0,43099,109.86
1785360489.003,3.4,100.0,78.06,3.0,34.0,0,0,43099,109.85
1785360490.003,3.4,100.0,78.06,2.0,36.0,0,0,43099,109.90
1785360491.003,3.0,100.0,78.04,3.0,25.0,0,0,43099,109.94
1785360492.003,5.1,100.0,78.01,3.0,34.0,0,0,43099,109.94
1785360493.003,5.1,100.0,77.99,3.0,33.0,0,0,43099,109.87
1785360494.003,6.8,59.6,77.44,2.0,22.0,0,0,43099,109.89
1785360495.003,5.0,100.0,77.99,4.0,36.0,0,0,43099,109.91
1785360496.003,6.4,100.0,77.99,0.0,29.0,0,0,43099,109.91
1785360497.003,5.0,100.0,77.98,2.0,30.0,0,0,43099,109.96
1785360498.004,7.6,100.0,77.97,3.0,37.0,0,0,43099,110.33
1785360499.004,4.7,100.0,77.97,3.0,27.0,0,0,43099,110.29
1785360500.004,5.7,100.0,77.99,2.0,28.0,0,0,43099,109.91
1785360501.004,4.9,87.0,78.00,3.0,30.0,0,0,43099,109.90
1785360502.004,4.0,100.0,78.01,3.0,26.0,0,0,43099,109.85
1785360503.004,4.0,100.0,78.02,2.0,18.0,0,0,43099,109.79
1785360504.004,5.8,100.0,78.00,3.0,32.0,0,0,43099,109.80
1785360505.004,4.5,100.0,78.00,3.0,26.0,0,0,43099,109.92
1785360506.004,4.8,100.0,78.01,3.0,28.0,0,0,43099,109.93
1785360507.004,2.9,76.0,78.02,3.0,31.0,0,0,43099,109.89
1785360508.004,4.4,100.0,78.00,2.0,26.0,0,0,43099,109.84
1785360509.005,4.6,100.0,77.99,5.0,16.0,0,0,43099,109.77
1785360510.005,6.2,100.0,77.99,1.0,18.0,0,0,43099,109.81
1785360511.005,6.4,98.0,77.97,2.0,36.0,0,0,43099,109.87
1785360512.060,7.6,100.0,77.98,3.4,181.6,0,0,43099,109.85
1785360513.061,5.4,100.0,78.00,2.2,43.1,0,0,43099,109.86
1785360514.061,5.8,100.0,78.00,0.0,48.0,0,0,43099,109.86
1785360515.061,4.7,100.0,78.00,5.0,11.0,0,0,43099,109.94
1785360516.061,4.2,100.0,77.98,4.0,49.0,0,0,43099,109.90
1785360517.061,3.5,100.0,78.00,2.0,46.0,0,0,43099,109.80
1785360518.061,5.3,86.0,77.99,2.0,45.0,0,0,43099,109.86
1785360519.061,6.0,100.0,77.99,4.0,50.0,0,0,43099,109.91
1785360520.061,6.0,100.0,77.99,1.0,52.0,0,0,43099,109.90
1785360521.061,5.9,89.0,78.00,1.0,54.0,0,0,43099,109.90
1785360522.061,4.9,100.0,77.99,4.0,62.0,0,0,43099,109.89
1785360523.062,6.0,100.0,78.00,1.0,183.0,0,0,43099,109.85
1785360524.062,5.6,79.2,77.92,6.0,15.0,0,0,43099,109.81
1785360525.062,4.8,100.0,77.92,2.0,18.0,0,0,43099,109.85
1785360526.062,4.2,100.0,77.90,2.0,14.0,0,0,43099,110.23
1785360527.062,3.7,100.0,77.91,4.0,25.0,0,0,43099,110.23
1785360528.062,3.7,100.0,77.90,3.0,37.0,0,0,43099,109.89
1785360529.062,3.6,100.0,77.92,3.0,46.0,0,0,43099,109.90
1785360530.062,3.3,100.0,77.92,2.0,47.0,0,0,43099,109.90
1785360531.062,4.9,100.0,77.99,5.0,52.0,0,0,43099,109.80
1785360532.062,6.2,100.0,78.09,2.0,34.0,0,0,43099,109.84
1785360533.062,4.9,99.0,78.27,3.0,15.0,0,0,43099,109.90
1785360534.063,5.2,85.0,78.30,3.0,19.0,0,0,43099,109.88
1785360535.063,3.2,100.0,78.32,3.0,66.0,0,0,43099,109.89
1785360536.063,4.4,100.0,78.34,3.0,42.0,0,0,43099,109.91
1785360537.063,8.7,100.0,78.46,2.0,36.0,0,0,43099,109.94
1785360538.063,8.4,100.0,78.48,2.0,42.0,0,0,43099,109.89
1785360539.063,5.5,100.0,78.61,4.0,47.0,0,0,43099,109.89
1785360540.063,4.4,100.0,78.60,3.0,22.0,0,0,43099,109.90
1785360541.063,5.3,100.0,78.80,2.0,43.0,0,0,43099,109.90
1785360542.063,6.3,70.0,79.15,3.0,53.0,0,0,43099,109.91
1785360543.063,6.5,100.0,80.24,3.0,58.3,0,0,43099,109.92
1785360544.064,5.9,100.0,80.38,1.0,99.5,0,0,43099,109.92
1785360545.064,7.4,100.0,80.54,4.0,101.0,0,0,43099,109.93
1785360546.064,7.3,100.0,80.43,2.0,100.0,0,0,43099,109.93
1785360547.064,3.8,70.3,80.41,100.0,62.0,48,34,43099,132.71
1785360548.064,5.1,73.7,80.40,153.0,48.0,52,38,43099,165.69
1785360549.064,5.2,100.0,80.39,53.0,12.0,12,9,43099,134.48
1785360550.064,6.0,99.0,80.37,102.0,5.0,54,40,43099,168.89
1785360551.064,4.8,82.8,80.35,111.0,11.0,55,38,43099,163.99
1785360552.064,2.8,73.0,80.34,116.9,12.0,53,37,43099,162.82
1785360553.065,5.0,84.0,80.33,114.0,12.0,53,38,43099,165.78
1785360554.065,4.9,99.0,80.29,107.0,12.0,56,39,43099,165.57
1785360555.065,4.4,88.9,80.26,109.0,8.0,53,36,43099,170.13
1785360556.065,3.9,74.7,80.24,110.0,7.0,51,38,43099,167.90
1785360557.065,4.0,70.4,80.26,111.0,8.0,47,33,43099,167.31
1785360558.065,5.4,100.0,80.26,106.0,8.0,54,40,43099,168.60
1785360559.065,5.5,100.0,80.27,106.0,8.0,55,37,43099,164.79
1785360560.065,4.9,99.0,80.27,110.4,12.0,54,39,43099,164.04
1785360561.065,6.5,76.0,80.27,111.5,11.9,55,39,43099,164.42
1785360562.066,6.5,100.0,80.41,106.0,11.0,55,38,43099,166.67
1785360563.066,6.0,100.0,80.41,104.0,7.0,55,38,43099,162.87
1785360564.066,4.2,73.0,80.40,106.9,8.0,54,40,43099,164.47
1785360565.066,5.4,100.0,80.41,34.0,3.0,0,0,43099,133.14
1785360566.066,6.1,100.0,80.45,81.0,6.0,53,39,43099,153.99
1785360567.066,6.3,100.0,80.45,107.0,7.0,55,41,43099,169.46
1785360568.066,5.6,100.0,80.46,100.0,6.0,55,41,43099,171.55
1785360569.066,6.0,81.0,80.34,45.0,4.0,52,38,43099,137.70
1785360570.066,4.3,100.0,80.33,106.0,5.0,53,39,43099,170.21
1785360571.067,6.5,100.0,80.35,100.0,6.0,56,42,43099,175.32
1785360572.067,7.1,100.0,80.36,97.0,7.0,59,40,43099,171.86
1785360573.067,5.1,100.0,80.36,96.9,4.0,55,40,43099,174.16
1785360574.067,6.0,100.0,80.36,98.1,4.0,58,43,43099,175.15
1785360575.067,6.2,100.0,80.35,97.0,4.0,57,39,43099,168.08
1785360576.067,5.7,100.0,80.35,3.0,0.0,0,0,43099,121.57
1785360577.067,2.6,100.0,80.32,1.0,0.0,0,0,43099,112.98
1785360578.067,5.5,100.0,80.32,81.0,4.0,54,40,43099,134.96
1785360579.067,5.8,100.0,80.33,87.0,4.0,57,42,43099,167.58
1785360580.067,6.0,100.0,80.32,80.0,4.0,57,42,43099,160.26
1785360581.067,5.1,100.0,80.33,73.9,2.0,22,16,43099,159.36
1785360582.068,5.0,100.0,80.31,95.1,4.0,57,42,43099,172.91
1785360583.068,4.4,100.0,80.29,97.0,5.0,56,39,43099,170.69
1785360584.068,4.9,100.0,80.25,97.0,4.0,57,43,43099,174.13
1785360585.068,3.9,100.0,80.25,97.0,3.0,56,41,43099,173.48
1785360586.068,3.8,100.0,80.24,95.0,5.0,55,41,43099,176.15
1785360587.068,4.3,100.0,80.21,99.0,2.0,55,41,43099,172.69
1785360588.068,6.1,100.0,80.22,95.0,4.0,55,41,43099,177.27
1785360589.068,7.9,98.0,80.23,96.0,6.0,54,37,43099,174.78
1785360590.068,4.3,72.0,79.90,105.9,8.0,56,41,43099,171.54
1785360591.068,4.3,100.0,80.36,18.9,1.0,0,0,43099,124.90
1785360592.069,5.6,100.0,80.37,11.0,0.0,0,0,43099,117.27
1785360593.069,7.1,100.0,80.37,34.1,1.0,0,0,43099,131.83
1785360594.069,5.3,100.0,80.38,1.0,0.0,0,0,43099,118.31
1785360595.069,5.5,100.0,80.37,3.0,0.0,0,0,43099,113.17
1785360596.069,4.9,100.0,80.38,95.0,7.0,58,39,43103,155.48
1785360597.069,6.7,100.0,80.38,57.0,3.0,0,0,43103,143.05
1785360598.069,7.2,100.0,80.36,89.0,5.0,55,38,43103,155.64
1785360599.069,4.2,100.0,80.36,105.0,4.0,55,41,43103,172.42
1785360600.069,4.3,100.0,80.34,99.0,6.0,55,40,43103,169.06
1785360601.069,5.0,100.0,80.33,97.9,5.0,56,38,43103,167.84
1785360602.069,8.3,88.9,79.87,87.0,6.0,0,0,43103,142.69
1785360604.030,5.7,100.0,80.30,72.4,5.1,0,0,43103,138.14
1785360605.030,6.3,100.0,80.31,94.0,5.0,67,49,43103,167.11
1785360606.030,4.1,100.0,80.31,19.1,1.0,0,0,43103,130.23
1785360607.030,9.6,100.0,80.58,93.8,2.0,57,39,43103,169.43
1785360608.030,7.9,100.0,81.00,94.7,3.0,58,43,43370,173.12
1785360609.030,5.9,100.0,81.34,94.0,3.0,57,42,43370,178.77
1785360610.031,5.0,93.0,80.51,96.0,4.0,60,44,43103,176.60
1785360611.031,5.8,100.0,80.58,78.0,3.0,56,41,43103,166.45
1785360612.031,6.4,99.0,80.61,99.5,5.0,52,39,43103,178.28
1785360613.031,6.5,100.0,80.64,103.5,5.0,58,43,43103,175.09
1785360614.031,7.9,100.0,80.48,100.0,8.0,56,40,43103,172.58
1785360615.031,3.8,100.0,80.45,99.0,4.0,54,38,43103,167.15
1785360616.031,4.0,100.0,80.52,68.6,4.0,0,0,43103,155.46
1785360617.031,3.8,100.0,80.60,4.0,0.0,0,0,43103,120.01
1785360618.031,4.8,100.0,80.60,1.0,0.0,0,0,43103,113.67
1785360619.032,5.1,100.0,80.54,23.0,1.0,22,17,43103,115.20
1785360620.032,5.3,100.0,80.66,3.0,0.0,0,0,43103,114.03
1785360621.032,3.2,100.0,80.66,13.0,1.0,0,0,43103,117.48
1785360622.032,6.4,100.0,80.65,53.2,3.0,58,43,43103,139.55
1785360623.032,5.8,100.0,79.87,26.9,0.0,0,0,43103,137.34
1785360624.032,5.5,100.0,78.56,9.0,1.0,0,0,43103,127.86
1785360625.032,4.8,82.0,78.55,38.0,1.0,56,41,43103,130.25
1785360626.032,3.7,100.0,78.58,75.0,3.0,14,10,43103,162.27
1785360627.032,6.1,97.0,78.57,98.0,5.0,50,34,43103,161.76
1785360628.032,4.3,100.0,78.57,108.0,10.0,55,38,43103,166.29
1785360629.032,4.4,80.6,78.57,108.9,8.0,52,36,43103,162.50
1785360630.033,4.4,76.0,78.55,110.1,11.0,56,40,43103,166.88
1785360631.033,5.3,99.0,78.55,110.0,10.0,54,38,43103,166.50
1785360632.033,6.0,100.0,78.53,104.0,7.0,54,40,43103,171.39
1785360633.033,3.1,54.5,78.53,19.0,1.0,0,0,43103,130.40
1785360634.033,4.5,99.0,78.50,96.1,6.0,53,39,43103,158.47
1785360635.033,4.2,99.0,78.47,105.0,7.0,54,40,43103,171.79
1785360636.033,4.2,99.0,78.48,107.0,8.0,53,40,43103,171.93
1785360637.033,4.1,73.7,77.80,105.9,6.0,52,38,43103,173.06
1785360638.034,3.2,84.0,77.79,107.0,7.0,52,39,43103,171.38
1785360639.034,4.9,100.0,77.78,111.0,9.0,54,36,43103,165.62
1785360640.034,4.6,99.0,77.77,73.0,3.0,0,0,43103,163.13
1785360641.034,4.5,100.0,77.77,85.0,3.0,58,39,43103,166.19
1785360642.034,3.8,100.0,77.76,95.0,4.0,55,38,43103,166.43
1785360643.034,3.8,100.0,77.76,8.0,0.0,0,0,43103,125.56
1785360644.034,5.5,100.0,77.73,59.0,4.0,0,0,43103,142.87
1785360645.034,5.8,100.0,77.74,100.0,5.0,59,40,43103,164.07
1785360646.034,5.6,99.0,77.74,92.0,5.0,58,43,43103,174.21
1785360647.034,3.8,92.9,77.73,98.9,6.0,49,36,43103,166.21
1785360648.035,3.3,75.0,78.44,98.0,3.0,54,40,43103,173.78
1785360649.035,5.8,100.0,78.43,82.0,4.0,47,35,43103,162.66
1785360650.035,4.7,100.0,78.44,93.0,4.0,58,43,43103,176.87
1785360651.035,4.8,71.7,78.41,71.0,3.0,0,0,43103,166.05
1785360652.035,5.5,100.0,78.40,83.0,3.0,57,42,43103,159.32
1785360653.035,4.7,100.0,78.40,95.0,5.0,57,42,43103,174.35
1785360654.035,3.8,100.0,78.39,51.0,2.0,0,0,43103,153.05
1785360655.035,2.5,100.0,78.40,16.0,0.0,0,0,43103,116.01
1785360656.035,2.3,79.0,78.41,15.0,1.0,0,0,43103,126.07
1785360657.035,6.9,100.0,78.39,15.0,0.0,0,0,43103,118.77
1785360658.035,6.0,100.0,78.40,2.0,0.0,0,0,43103,118.73
1785360659.036,3.0,69.0,78.41,4.0,1.0,0,0,43103,113.39
1785360660.036,2.3,35.0,78.07,3.0,0.0,0,0,43103,113.35
1785360661.036,4.2,100.0,78.11,3.0,0.0,0,0,43103,113.29
1785360662.036,3.7,100.0,78.13,3.0,0.0,0,0,43103,113.25
1785360663.036,5.3,100.0,78.12,85.0,4.0,58,43,43103,152.56
1785360664.036,4.3,100.0,78.10,94.0,3.0,58,43,43103,177.10
1785360665.036,3.7,100.0,78.12,44.0,2.0,0,0,43103,147.95
1785360666.036,4.1,100.0,78.10,55.0,1.0,9,7,43103,143.17
1785360667.036,2.2,100.0,78.09,18.0,2.0,0,0,43103,118.94
1785360668.037,4.5,100.0,78.08,11.0,1.0,0,0,43103,116.87
1785360669.037,4.2,100.0,78.09,2.0,0.0,0,0,43103,118.81
1785360670.037,4.7,93.9,78.08,33.0,1.0,0,0,43103,130.68
1785360671.037,1.1,43.4,78.07,4.0,0.0,0,0,43103,118.79
1785360672.037,2.5,41.0,78.06,8.0,0.0,0,0,43103,116.28
1785360673.037,3.5,99.0,78.07,16.0,1.0,0,0,43103,120.10
1785360674.037,4.7,79.0,78.08,92.0,11.0,49,35,43103,148.38
1785360675.037,4.9,99.0,78.11,115.0,13.0,55,39,43103,167.40
1785360676.037,3.3,58.0,78.10,108.0,9.0,54,37,43103,164.98
1785360677.038,4.1,100.0,78.11,106.0,9.0,60,41,43103,164.23
1785360678.038,3.9,100.0,78.11,108.0,9.0,53,36,43103,162.90
1785360679.038,2.8,65.3,78.11,40.0,3.0,0,0,43103,133.64
1785360680.038,2.1,52.0,78.10,85.0,6.0,53,36,43103,149.43
1785360681.038,2.9,48.5,78.11,108.0,9.0,53,37,43103,160.64
1785360682.038,2.2,65.7,78.11,99.0,7.0,39,29,43103,156.45
1785360683.038,2.9,63.0,78.13,4.0,0.0,0,0,43103,120.30
1785360684.038,3.0,100.0,78.12,4.0,0.0,0,0,43103,113.09
1785360685.038,3.1,64.3,78.10,95.0,7.0,52,38,43103,153.96
1785360686.039,1.6,44.0,78.10,65.0,6.0,0,0,43103,143.01
1785360687.039,1.3,24.0,78.11,29.0,1.0,0,0,43103,120.76
1785360688.039,4.7,88.8,78.10,106.0,7.0,54,40,43103,170.20
1785360689.039,4.3,90.0,78.09,106.0,7.0,53,39,43103,171.37
1785360690.039,4.6,100.0,78.06,93.9,6.0,37,28,43103,162.40
1785360691.039,5.1,100.0,78.10,3.0,0.0,0,0,43103,119.69
1785360692.039,3.8,66.0,78.12,97.0,6.0,50,37,43103,156.56
1785360693.039,3.4,74.0,78.13,106.0,7.0,51,38,43103,168.47
1785360694.040,5.5,64.2,78.12,115.0,13.0,50,35,43103,166.29
1785360695.040,4.8,91.0,78.12,116.0,13.0,53,37,43103,169.06
1785360696.040,5.1,99.0,78.13,111.0,11.0,53,37,43103,165.18
1785360697.040,4.3,73.0,78.12,112.0,10.0,54,40,43103,169.01
1785360698.040,4.4,99.0,78.14,25.0,1.0,0,0,43103,130.32
1785360699.040,2.2,52.0,78.14,3.0,0.0,0,0,43103,119.66
1785360700.040,2.8,83.0,78.12,25.0,2.0,44,33,43103,123.57
1785360701.040,3.2,97.0,78.13,110.0,8.0,49,33,43103,166.57
1785360702.040,5.2,100.0,78.11,111.0,10.0,55,37,43103,164.63
1785360703.041,5.7,100.0,78.10,108.0,10.0,53,37,43103,165.85
1785360704.041,6.2,100.0,78.09,108.0,10.0,58,40,43103,167.50
1785360705.041,4.9,100.0,78.10,65.0,4.0,0,0,43103,150.87
1785360706.041,2.2,100.0,78.09,4.0,0.0,0,0,43103,120.44
1785360707.041,3.2,100.0,78.08,3.0,0.0,0,0,43103,113.55
1785360708.041,2.5,100.0,78.07,20.0,1.0,0,0,43103,123.32
1785360709.041,3.3,100.0,78.05,3.0,0.0,0,0,43103,118.41
1785360710.041,4.6,100.0,78.07,23.0,1.0,0,0,43103,135.74
1785360711.041,4.1,100.0,78.08,83.8,3.0,56,41,43103,161.32
1785360712.041,4.9,100.0,78.10,105.3,6.0,52,38,43103,172.55
1785360713.042,3.2,97.0,78.02,41.0,2.0,0,0,43103,142.02
1785360714.042,5.0,100.0,78.03,105.0,9.0,55,39,43103,170.71
1785360715.042,5.5,100.0,78.02,98.0,7.0,57,42,43103,173.14
1785360716.042,4.7,100.0,78.00,95.0,3.0,60,42,43103,176.60
1785360717.042,6.9,100.0,78.00,97.0,6.0,57,39,43103,167.64
1785360718.042,4.8,100.0,78.01,99.0,4.0,55,41,43103,171.38
1785360719.042,4.9,100.0,78.02,82.0,3.0,35,26,43103,167.21
1785360720.042,4.0,100.0,78.03,3.0,0.0,0,0,43103,120.80
1785360721.042,3.8,100.0,78.03,41.0,1.0,51,38,43103,135.40
1785360722.042,3.9,100.0,78.02,101.0,6.0,51,38,43103,171.62
1785360723.042,4.4,69.0,77.50,52.0,2.0,38,28,43103,142.35
1785360724.043,4.5,100.0,77.50,95.0,3.0,57,42,43103,177.30
1785360725.043,3.9,100.0,77.47,97.0,5.0,56,38,43103,168.00
1785360726.043,4.9,100.0,77.48,102.0,7.0,60,42,43103,169.28
1785360727.043,5.9,100.0,77.49,87.0,4.0,59,44,43103,170.57
1785360728.043,4.4,100.0,77.50,66.0,4.0,34,25,43103,145.72
1785360729.043,7.5,100.0,77.48,18.0,1.0,9,7,43103,122.61
1785360730.043,5.3,100.0,77.49,99.0,6.0,55,39,43103,168.73
1785360731.043,5.1,100.0,77.50,104.0,7.0,57,40,43103,167.99
1785360732.043,3.3,57.6,77.52,104.0,8.0,54,40,43103,168.78
1785360733.043,5.8,99.0,78.01,104.0,8.0,54,40,43103,170.58
1785360734.044,5.4,100.0,78.15,3.0,0.0,0,0,43103,125.08
1785360735.044,5.2,100.0,78.14,2.0,0.0,0,0,43103,113.57
1785360736.044,2.7,100.0,78.15,48.0,2.0,47,35,43103,126.66
1785360737.044,3.9,100.0,78.13,94.0,3.0,66,49,43103,172.60
1785360738.044,4.0,100.0,78.10,93.0,4.0,56,41,43103,174.47
1785360739.044,2.7,100.0,78.11,99.0,3.0,49,33,43103,172.95
1785360740.044,3.5,69.4,78.11,87.9,4.0,27,20,43103,163.68
1785360741.044,3.3,81.0,78.35,1.0,0.0,0,0,43103,119.85
1785360742.044,5.1,100.0,78.36,27.0,1.0,0,0,43103,124.00
1785360743.045,5.3,100.0,78.39,4.0,1.0,0,0,43103,120.49
1785360744.045,4.3,100.0,78.36,7.0,0.0,0,0,43103,113.45
1785360745.045,4.5,100.0,78.38,99.0,6.0,58,39,43103,147.31
1785360746.045,5.6,100.0,78.38,80.0,4.0,0,0,43103,165.10
1785360747.045,3.3,100.0,78.36,1.0,0.0,0,0,43103,122.41
1785360748.045,3.3,100.0,78.35,2.0,0.0,0,0,43103,113.38
1785360749.045,4.2,100.0,76.83,19.1,0.0,0,0,43103,118.43
1785360750.045,2.6,64.0,76.85,2.0,0.0,0,0,43103,118.82
1785360751.045,4.4,83.8,76.54,3.0,0.0,0,0,43103,113.07
1785360752.060,4.6,100.0,76.73,2.0,0.0,0,0,43103,113.03
1785360753.060,3.2,100.0,76.75,2.0,44.8,0,0,43103,112.90
1785360754.060,4.5,100.0,76.76,2.0,44.0,0,0,43103,112.84
1785360755.060,7.0,100.0,76.77,3.0,38.0,0,0,43103,112.86
1785360756.060,5.3,100.0,76.80,2.0,37.0,0,0,43103,112.86
1785360757.060,3.6,100.0,76.78,3.0,21.0,0,0,43103,112.86
1785360758.060,3.6,100.0,76.79,3.0,45.0,0,0,43103,112.67
1785360759.061,5.2,100.0,76.84,0.0,55.0,0,0,43103,112.56
1785360760.061,5.8,100.0,76.87,3.0,40.0,0,0,43103,112.65
1785360761.061,5.0,77.0,76.89,3.0,42.0,0,0,43103,112.57
1785360762.061,5.0,100.0,76.84,3.0,27.0,0,0,43103,112.49
1785360763.061,4.1,100.0,76.87,1.0,39.0,0,0,43103,112.49
1785360764.061,6.2,100.0,76.87,5.0,46.0,0,0,43103,112.42
1785360765.061,4.1,100.0,76.88,0.0,21.0,0,0,43103,112.37
1785360766.061,3.5,100.0,76.90,4.0,39.0,0,0,43103,112.32
1785360767.061,5.5,100.0,76.92,3.0,53.0,0,0,43103,112.32
1785360768.061,4.4,100.0,76.91,1.0,67.0,0,0,43103,112.27
1785360769.062,4.9,100.0,76.91,2.0,30.0,0,0,43103,112.18
1785360770.062,4.2,87.1,76.94,3.0,24.0,0,0,43103,112.18
1785360771.062,4.1,99.0,77.26,3.0,45.0,0,0,43103,112.28
1785360772.062,4.3,100.0,77.26,0.0,56.0,0,0,43103,112.18
1785360773.062,5.4,100.0,77.28,4.0,45.0,0,0,43103,111.98
1785360774.062,4.8,100.0,77.28,3.0,53.0,0,0,43103,112.08
1785360775.062,4.1,100.0,77.30,1.0,49.0,0,0,43103,112.08
1785360776.062,5.1,100.0,77.31,3.0,37.0,0,0,43103,111.98
1785360777.062,7.5,100.0,77.31,2.0,33.8,0,0,43103,111.94
1785360778.062,5.4,79.0,76.94,3.0,27.2,0,0,43103,111.94
1785360779.063,5.6,100.0,77.11,1.0,33.0,0,0,43103,111.98
1785360780.063,2.6,100.0,77.10,3.0,33.0,0,0,43103,111.96
1785360781.063,4.4,100.0,77.09,1.0,33.0,0,0,43103,111.91
1785360782.063,4.3,100.0,77.08,3.0,34.0,0,0,43103,111.85
1785360783.063,3.0,100.0,77.08,2.0,31.0,0,0,43103,111.79
1785360784.063,4.7,100.0,77.05,2.0,36.0,0,0,43103,111.79
1785360785.063,4.6,97.0,77.05,1.0,32.9,0,0,43103,111.75
1785360786.063,3.3,44.0,77.25,3.0,23.1,0,0,43103,111.73
1785360787.063,3.7,100.0,77.24,2.0,32.0,0,0,43103,111.75
1785360788.063,4.6,100.0,77.23,1.0,31.0,0,0,43103,111.72
1785360789.063,4.3,100.0,77.22,3.0,32.0,0,0,43103,111.67
1785360790.063,4.5,80.8,77.20,2.0,31.8,0,0,43103,111.67
1785360791.064,5.7,60.0,77.33,3.0,26.1,0,0,43103,111.65
1785360792.064,4.3,100.0,77.34,1.0,31.0,0,0,43103,111.60
1785360793.064,5.2,100.0,77.35,3.0,44.0,0,0,43103,111.64
1785360794.064,3.7,100.0,77.35,1.0,25.0,0,0,43103,111.69
1785360795.064,2.4,100.0,77.35,2.0,26.0,0,0,43103,111.65
1785360796.064,3.9,100.0,77.34,2.0,26.0,0,0,43103,111.61
1785360797.064,2.8,100.0,77.35,2.0,28.0,0,0,43103,111.57
1785360798.064,3.1,100.0,77.36,2.0,16.0,0,0,43103,111.54
1785360799.064,2.5,31.6,77.35,4.0,23.9,0,0,43103,111.59
1785360800.064,3.2,85.0,77.33,2.0,26.1,0,0,43103,111.65
1785360801.064,3.9,100.0,77.32,1.0,26.0,0,0,43103,111.60
1785360802.064,5.1,100.0,77.32,2.0,28.0,0,0,43103,111.60
1785360803.065,4.6,100.0,77.32,3.0,28.0,0,0,43103,111.58
1785360804.065,3.8,82.2,77.30,1.0,27.0,0,0,43103,111.55
1785360805.065,3.4,98.0,77.29,3.0,15.9,0,0,43103,111.61
1785360806.065,2.5,100.0,77.29,1.0,32.0,0,0,43103,111.54
1785360807.065,3.7,77.2,77.31,3.0,47.0,0,0,43103,111.49
1785360808.065,4.8,44.0,77.32,3.0,180.0,0,0,43103,111.46
1785360809.065,4.3,100.0,77.34,4.0,44.0,0,0,43103,111.44
1785360810.065,5.3,100.0,77.35,2.0,41.0,0,0,43103,111.50
1785360811.065,4.6,100.0,77.34,1.0,18.0,0,0,43103,111.50
1785360812.065,5.8,100.0,77.36,4.0,60.0,0,0,43103,111.40
1785360813.066,5.1,100.0,77.38,1.0,47.0,0,0,43103,111.35
1785360814.066,3.5,100.0,77.37,3.0,42.0,0,0,43103,111.40
1785360815.066,3.8,68.0,77.39,2.0,52.0,0,0,43103,111.40
1785360816.066,3.7,37.4,77.01,4.0,38.0,0,0,43103,111.41
1785360817.066,3.3,100.0,77.03,2.0,57.0,0,0,43103,111.40
1785360818.066,3.7,100.0,77.04,2.0,62.0,0,0,43103,111.40
1785360819.066,4.5,100.0,77.07,3.0,185.0,0,0,43103,111.35
1785360820.066,2.5,100.0,77.08,3.0,16.0,0,0,43103,111.26
1785360821.066,3.5,100.0,77.08,2.0,17.0,0,0,43103,111.36
1785360822.066,3.2,100.0,77.06,4.0,18.0,0,0,43103,111.40
1785360823.067,4.6,99.0,77.17,2.0,22.0,0,0,43103,111.31
1785360824.067,5.6,100.0,77.21,2.0,43.0,0,0,43103,111.36
1785360825.067,4.5,100.0,77.23,1.0,55.0,0,0,43103,111.40
1785360826.067,5.2,100.0,77.22,3.0,50.0,0,0,43103,111.36
1785360827.067,4.5,88.0,77.22,3.0,49.0,0,0,43103,111.31
1785360828.067,2.8,100.0,77.21,2.0,33.0,0,0,43103,111.41
1785360829.067,2.6,100.0,77.21,3.0,15.0,0,0,43103,111.38
1785360830.067,2.6,100.0,77.20,5.0,38.0,0,0,43103,111.25
1785360831.067,3.8,100.0,77.23,2.0,60.0,0,0,43103,111.28
1785360832.067,3.8,86.3,77.08,3.0,40.0,0,0,43103,111.28
1785360833.068,4.6,100.0,77.07,2.0,44.0,0,0,43103,111.32
1785360834.068,4.7,100.0,77.07,2.0,44.0,0,0,43103,111.35
1785360835.068,2.8,100.0,77.09,3.0,41.0,0,0,43103,111.31
1785360836.068,4.7,100.0,77.09,3.0,30.0,0,0,43103,111.26
1785360837.068,7.0,100.0,77.17,2.0,31.0,0,0,43103,111.26
1785360838.068,7.9,100.0,78.08,3.0,74.0,0,0,43103,111.25
1785360839.068,6.3,100.0,78.51,3.0,100.0,0,0,43103,111.27
1785360840.068,5.8,100.0,78.59,1.0,100.0,0,0,43103,111.27
1785360841.068,5.7,100.0,78.61,2.0,101.0,0,0,43103,111.21
1785360842.068,4.2,64.6,78.61,54.0,35.0,0,0,43103,117.73
1785360843.069,4.4,89.1,78.94,13.0,2.0,0,0,43103,123.80
1785360844.069,5.5,100.0,78.92,22.0,2.0,0,0,43103,133.58
1785360845.069,5.6,100.0,78.91,14.0,0.0,0,0,43103,126.47
1785360846.069,3.6,100.0,78.90,11.0,1.0,0,0,43103,120.90
1785360847.069,3.8,63.4,78.91,57.0,4.0,54,39,43103,144.47
1785360848.069,3.0,100.0,78.92,30.0,2.0,0,0,43103,132.52
1785360849.069,5.1,100.0,78.91,75.0,3.0,59,43,43103,151.11
1785360850.069,5.9,100.0,78.91,97.0,5.0,60,41,43103,173.62
1785360851.069,6.4,100.0,78.89,99.0,5.0,57,39,43103,170.24
1785360852.069,6.1,100.0,78.90,85.0,4.0,56,42,43103,166.29
1785360853.070,4.1,100.0,78.89,82.0,2.0,56,42,43103,158.38
1785360854.070,4.3,74.3,78.91,3.0,0.0,0,0,43103,120.55
1785360855.070,4.7,70.0,78.98,68.0,3.0,59,43,43103,146.28
1785360856.070,5.9,100.0,78.99,98.0,4.0,58,43,43103,175.29
1785360857.070,3.1,100.0,78.98,28.0,1.0,0,0,43103,135.26
1785360858.070,2.4,100.0,78.96,43.0,3.0,0,0,43103,134.96
1785360859.070,4.5,100.0,78.97,68.0,3.0,0,0,43103,143.32
1785360860.070,4.9,100.0,78.96,95.0,5.0,60,41,43103,168.11
1785360861.070,4.7,100.0,78.95,102.0,7.0,57,40,43103,165.92
1785360862.070,3.5,100.0,78.91,102.0,8.0,58,40,43103,168.49
1785360863.071,5.1,91.9,78.90,103.0,8.0,58,40,43103,165.84
1785360864.071,4.5,61.0,78.92,107.0,8.0,53,36,43103,164.41
1785360865.071,5.6,100.0,78.49,95.0,6.0,59,40,43103,170.14
1785360866.071,4.3,100.0,78.48,99.0,5.0,57,39,43103,170.70
1785360867.071,3.5,100.0,78.48,95.0,4.0,59,43,43103,175.28
1785360868.071,5.9,100.0,78.46,93.0,3.0,60,44,43103,178.25
1785360869.071,4.3,100.0,78.45,74.0,4.0,60,41,43103,161.65
1785360870.071,3.2,100.0,78.44,39.0,2.0,0,0,43103,140.14
1785360871.071,5.9,100.0,78.43,91.9,3.0,59,44,43103,170.40
1785360872.072,3.3,100.0,78.43,16.0,1.0,0,0,43103,125.00
1785360873.072,3.8,100.0,78.44,2.0,0.0,0,0,43103,119.33
1785360874.072,4.7,100.0,78.42,8.0,0.0,35,25,43103,116.32
1785360875.072,5.7,100.0,78.41,38.0,2.0,52,38,43103,131.37
1785360876.072,3.6,39.4,78.41,29.9,3.0,0,0,43103,129.67
1785360877.072,3.1,55.3,78.39,3.0,0.0,0,0,43103,118.53
1785360878.072,1.4,43.9,78.37,37.0,1.0,9,6,43103,121.86
1785360879.072,2.4,44.2,78.35,40.0,3.0,49,36,43103,132.41
1785360880.072,3.9,58.5,78.34,107.0,9.0,52,35,43103,161.96
1785360881.073,4.8,78.8,78.32,107.0,8.0,54,40,43103,168.59
1785360882.073,4.4,99.0,78.33,82.0,5.0,52,39,43103,161.38
1785360883.073,5.4,73.5,78.39,106.0,7.0,53,37,43103,170.70
1785360884.073,6.3,100.0,78.39,104.9,9.0,51,35,43103,163.32
1785360885.073,5.5,100.0,78.42,106.0,8.0,53,40,43103,168.04
1785360886.073,6.1,100.0,78.42,105.0,6.0,50,38,43103,171.42
1785360887.073,4.3,100.0,78.40,98.3,6.0,57,39,43103,170.87
1785360888.073,3.2,100.0,78.41,84.8,4.0,37,28,43103,157.94
1785360889.073,2.4,100.0,78.39,1.0,0.0,0,0,43103,119.48
1785360890.074,2.2,100.0,78.39,21.0,0.0,52,39,43103,123.12
1785360891.074,3.6,100.0,78.38,46.0,4.0,50,34,43103,135.55
1785360892.074,2.8,61.5,78.36,76.0,4.0,0,0,43103,150.05
1785360893.074,1.0,26.8,78.34,4.0,0.0,0,0,43103,118.13
1785360894.074,2.2,36.0,78.34,3.0,0.0,0,0,43103,112.89
1785360895.074,2.9,76.2,78.32,4.0,0.0,0,0,43103,112.87
1785360896.074,3.6,100.0,78.31,4.0,0.0,0,0,43103,112.77
1785360897.074,6.9,100.0,78.32,40.0,3.0,52,38,43103,132.43
1785360898.075,5.2,48.5,78.32,93.0,5.0,41,30,43103,163.27
1785360899.075,1.8,26.3,78.31,4.0,0.0,0,0,43103,120.23
1785360900.075,3.2,100.0,78.31,5.0,0.0,0,0,43103,112.60
1785360901.075,2.9,100.0,78.30,24.0,2.0,43,32,43103,134.11
1785360902.075,2.4,65.3,78.29,3.0,0.0,0,0,43103,119.10
1785360903.075,2.3,84.8,78.30,30.0,2.0,0,0,43103,118.80
1785360904.075,2.3,27.0,78.30,46.0,3.0,47,35,43103,132.71
1785360905.075,3.9,72.9,78.29,107.0,6.0,51,37,43103,167.99
1785360906.075,3.4,58.0,78.25,88.0,7.0,50,34,43103,150.06
1785360907.076,4.6,82.0,78.25,112.0,10.0,55,38,43103,163.03
1785360908.076,5.8,100.0,78.26,111.0,11.0,54,38,43103,165.84
1785360909.076,5.0,100.0,78.27,105.0,8.0,54,37,43103,164.27
1785360910.076,3.6,99.0,78.25,25.0,2.0,0,0,43103,127.76
1785360911.076,3.2,100.0,78.24,4.0,0.0,0,0,43103,123.47
1785360912.076,3.7,69.0,78.25,5.0,0.0,0,0,43103,112.68
1785360913.076,3.9,57.6,78.25,84.0,6.0,0,0,43103,150.09
1785360914.076,3.5,42.0,78.23,62.0,3.0,49,36,43103,141.78
1785360915.077,3.1,73.5,78.24,112.0,11.0,49,34,43103,163.62
1785360916.077,1.9,34.3,78.25,50.0,4.0,0,0,43103,136.72
1785360917.077,4.1,100.0,78.63,14.0,1.0,36,27,43103,121.96
1785360918.077,2.4,100.0,78.63,4.0,0.0,0,0,43103,114.15
1785360919.077,3.7,100.0,78.62,69.0,5.0,54,40,43103,152.02
1785360920.077,6.0,100.0,78.64,106.0,9.0,59,41,43103,163.55
1785360921.077,4.3,100.0,78.64,96.9,6.0,56,40,43103,167.17
1785360922.077,6.2,100.0,78.61,95.1,5.0,59,44,43103,173.95
1785360923.077,4.6,100.0,78.61,99.0,5.0,59,44,43103,173.46
1785360924.077,6.0,100.0,78.58,94.0,5.0,58,43,43103,174.08
1785360925.078,4.2,100.0,78.59,45.0,2.0,52,38,43103,142.54
1785360926.078,3.4,100.0,78.57,96.0,5.0,55,37,43103,169.12
1785360927.078,3.1,100.0,78.55,103.0,5.0,55,38,43103,168.71
1785360928.078,4.5,84.0,78.55,109.0,8.0,51,34,43103,162.91
1785360929.078,2.8,77.0,78.03,99.0,6.0,56,39,43103,163.97
1785360930.078,4.4,100.0,78.03,100.0,6.0,57,40,43103,166.42
1785360931.078,4.3,100.0,78.03,96.0,3.0,57,42,43103,173.62
1785360932.078,3.6,100.0,78.03,100.0,7.0,57,39,43103,168.93
1785360933.078,4.8,100.0,78.01,97.0,6.0,56,41,43103,168.55
1785360934.078,3.8,100.0,78.00,96.0,4.0,56,38,43103,169.52
1785360935.078,6.2,100.0,78.01,101.0,6.0,58,41,43103,172.15
1785360936.079,6.6,100.0,78.02,97.0,6.0,59,44,43103,173.47
1785360937.079,6.8,100.0,77.98,65.8,4.0,0,0,43103,163.15
1785360938.079,5.8,100.0,77.98,23.1,1.0,4,3,43103,121.01
1785360939.079,2.9,100.0,78.01,18.0,1.0,0,0,43103,127.91
1785360940.079,5.3,100.0,78.00,2.0,0.0,0,0,43103,120.61
1785360941.079,6.1,100.0,78.02,67.0,2.0,60,44,43103,133.71
1785360942.079,7.2,79.0,77.60,79.0,5.0,0,0,43103,160.62
1785360943.079,8.3,100.0,78.57,94.0,6.0,58,43,43103,167.50
1785360944.079,7.3,100.0,78.61,96.0,3.0,58,43,43103,177.57
1785360945.079,8.4,100.0,78.62,76.0,4.0,0,0,43103,168.90
1785360946.079,4.6,100.0,78.61,2.0,0.0,0,0,43103,122.03
1785360947.080,6.8,100.0,78.59,53.0,1.0,0,0,43103,136.49
1785360948.080,5.4,100.0,78.53,7.0,1.0,0,0,43103,120.50
1785360949.080,6.4,100.0,78.53,100.0,4.0,49,36,43103,169.89
1785360950.080,5.4,100.0,78.56,100.0,7.0,57,40,43103,165.71
1785360951.080,7.5,87.1,78.57,105.0,6.0,56,39,43103,164.20
1785360952.080,8.4,100.0,78.41,100.0,5.0,56,42,43103,174.97
1785360953.080,6.3,100.0,78.41,99.0,4.0,55,42,43103,176.38
1785360954.080,8.0,100.0,78.41,101.0,6.0,58,39,43103,170.25
1785360955.080,6.8,100.0,78.40,104.0,6.0,57,39,43103,168.34
1785360956.080,5.0,100.0,78.40,39.0,2.0,0,0,43103,146.72
1785360957.081,7.0,100.0,78.39,14.0,1.0,17,13,43103,119.16
1785360958.081,9.7,100.0,78.44,66.0,2.0,59,43,43103,147.08
1785360959.081,8.5,100.0,78.47,26.0,1.0,0,0,43103,142.76
1785360960.081,7.4,99.0,78.48,30.0,1.0,0,0,43103,124.79
1785360961.081,6.7,94.9,78.51,3.0,0.0,0,0,43103,119.74
1785360962.081,6.4,81.0,78.48,54.0,3.0,9,6,43103,138.49
1785360963.081,6.5,100.0,78.48,47.0,3.0,48,35,43103,133.39
1785360964.081,7.6,100.0,78.48,71.0,4.0,50,37,43103,149.90
1785360965.081,8.4,100.0,78.82,105.0,7.0,53,39,43103,174.55
1785360966.082,7.0,100.0,78.65,106.0,8.0,51,38,43103,168.80
1785360967.082,4.8,100.0,78.63,17.0,0.0,40,30,43103,127.65
1785360968.082,7.2,100.0,78.65,109.0,10.0,50,33,43103,157.98
1785360969.082,7.0,100.0,78.65,108.0,9.0,53,37,43103,165.46
1785360970.082,7.4,100.0,78.65,105.0,8.0,56,39,43103,166.23
1785360971.082,7.0,99.0,78.62,114.4,11.0,53,37,43103,164.26
1785360972.082,6.9,100.0,78.68,99.7,11.0,58,41,43103,169.63
1785360973.082,6.7,100.0,78.67,98.0,8.0,55,41,43103,170.71
1785360974.082,7.6,100.0,78.74,89.0,5.0,55,41,43103,176.48
1785360975.082,6.7,100.0,78.76,96.9,8.0,56,41,43103,172.17
1785360976.083,7.8,100.0,78.76,97.0,3.0,58,43,43103,178.71
1785360977.083,7.2,100.0,78.78,94.0,4.0,58,43,43103,176.81
1785360978.083,6.2,100.0,78.77,61.0,3.0,0,0,43103,160.61
1785360979.083,3.8,100.0,78.77,3.0,0.0,0,0,43103,119.82
1785360980.083,3.7,100.0,78.72,36.0,1.0,54,40,43103,125.87
1785360981.083,6.3,68.7,78.74,27.0,2.0,0,0,43103,135.60
1785360982.083,7.3,100.0,78.81,83.0,5.0,56,38,43103,147.45
1785360983.083,7.7,100.0,78.78,96.0,6.0,58,39,43103,167.65
1785360984.083,7.0,100.0,78.78,99.1,4.0,57,39,43103,169.89
1785360985.083,5.3,100.0,78.76,97.9,8.0,55,41,43103,171.32
1785360986.083,6.3,100.0,78.77,49.0,2.0,56,42,43103,144.22
1785360987.084,7.3,100.0,78.64,52.0,2.0,29,21,43103,147.76
1785360988.084,7.4,100.0,78.69,47.0,2.0,0,0,43103,153.77
1785360989.084,7.1,100.0,78.72,42.0,2.0,56,39,43103,124.43
1785360990.084,7.4,100.0,78.76,97.0,7.0,56,38,43103,166.55
1785360991.084,7.1,89.0,78.76,105.0,9.0,54,38,43103,167.34
1785360992.084,6.6,73.7,78.28,111.9,11.0,50,35,43103,165.41
1785360993.084,7.4,100.0,78.26,119.1,16.0,52,36,43103,168.98
1785360994.084,7.1,100.0,78.21,106.0,11.0,57,40,43103,171.79
1785360995.084,8.4,100.0,78.20,98.4,8.9,60,41,43103,171.54
1785360996.084,8.1,99.0,78.26,90.5,5.0,57,42,43103,172.06
1785360997.084,6.4,100.0,78.24,27.0,1.0,52,38,43103,127.82
1785360998.085,8.2,100.0,78.24,49.0,2.0,0,0,43103,147.61
1785360999.085,7.0,99.0,78.23,30.0,1.0,0,0,43103,122.54
1785361000.085,6.9,100.0,78.25,31.0,3.0,0,0,43103,134.54
1785361001.085,6.5,99.0,78.26,17.0,1.0,0,0,43103,118.86
1785361002.085,4.5,43.6,77.38,4.0,0.0,0,0,43103,118.84
1785361003.085,5.8,100.0,77.62,3.0,0.0,0,0,43103,113.47
1785361004.085,6.6,100.0,77.63,35.0,2.0,23,17,43103,120.79
1785361005.085,6.3,100.0,77.68,57.9,3.0,0,0,43103,138.38
1785361006.085,6.7,100.0,77.65,82.0,6.0,36,25,43103,151.17
1785361007.085,6.3,100.0,77.65,27.0,1.0,29,21,43103,123.96
1785361008.086,5.6,100.0,77.63,59.9,4.0,54,40,43103,140.02
1785361009.086,7.8,100.0,77.66,98.2,5.0,56,42,43103,173.41
1785361010.086,7.5,100.0,77.67,61.9,2.0,29,21,43103,155.73
1785361011.086,7.0,100.0,77.66,2.0,0.0,0,0,43103,118.39
1785361012.086,6.9,100.0,77.67,37.0,1.0,52,39,43103,134.28
1785361013.086,5.8,100.0,77.56,2.0,0.0,0,0,43103,123.99
1785361014.086,6.3,100.0,77.57,15.0,1.0,0,0,43103,114.48
1785361015.086,5.9,99.0,77.60,14.0,1.0,0,0,43103,115.03
1785361016.086,6.4,72.0,78.07,1.0,0.0,0,0,43103,114.99
1785361017.086,8.5,100.0,78.10,4.0,0.0,0,0,43103,113.05
1785361018.086,9.4,100.0,78.08,38.1,2.0,55,40,43103,122.84
1785361019.087,7.5,100.0,78.09,98.0,1.0,57,42,43103,176.20
1785361020.087,5.5,94.9,78.11,35.0,1.0,0,0,43103,143.71
1785361021.087,6.7,100.0,78.04,28.0,1.0,0,0,43103,123.56
1785361022.087,7.1,100.0,78.11,2.0,0.0,0,0,43103,118.37
1785361023.087,6.3,66.0,78.13,35.0,1.0,53,40,43103,122.49
1785361024.087,7.0,100.0,78.17,79.9,4.0,55,41,43103,163.27
1785361025.087,7.2,100.0,78.19,74.0,4.0,3,2,43103,168.81
1785361026.087,7.8,100.0,78.21,55.0,3.0,57,42,43103,135.80
1785361027.087,6.2,99.0,78.21,105.9,7.0,56,38,43103,166.75
1785361028.087,7.8,76.0,78.55,108.0,8.0,58,41,43103,165.59
1785361029.087,5.7,100.0,78.44,97.2,7.0,56,38,43103,166.10
1785361030.088,4.8,100.0,78.47,94.9,3.0,59,43,43103,172.01
1785361031.088,6.0,100.0,78.53,97.0,5.0,57,42,43103,177.90
1785361032.088,7.5,100.0,78.54,84.0,6.0,49,36,43103,168.68
1785361033.088,7.1,100.0,78.56,75.0,3.0,55,41,43103,153.32
1785361034.088,9.2,100.0,78.53,101.1,6.0,55,41,43103,171.38
1785361035.088,8.8,100.0,78.52,67.0,2.0,0,0,43103,166.08
1785361036.088,6.1,100.0,78.50,1.0,0.0,0,0,43103,120.64
1785361037.088,5.2,100.0,78.41,60.0,2.0,55,41,43103,141.27
1785361038.088,5.9,100.0,78.46,97.0,5.0,57,42,43103,173.63
1785361039.088,5.9,99.0,77.99,66.0,4.0,0,0,43103,152.29
1785361040.089,7.1,100.0,78.22,1.0,0.0,0,0,43103,120.15
1785361041.089,7.8,100.0,78.23,10.0,1.0,0,0,43103,123.62
1785361042.089,8.2,100.0,78.22,40.1,1.0,55,40,43103,130.50
1785361043.089,7.7,100.0,78.22,95.4,4.0,56,42,43103,170.66
1785361044.089,6.3,100.0,77.04,7.0,0.0,0,0,43103,119.47
1785361045.089,7.5,100.0,76.90,2.0,0.0,0,0,43103,113.00
1785361046.089,6.6,100.0,76.82,2.0,0.0,0,0,43103,113.01
1785361047.089,7.8,100.0,77.03,3.0,204.2,0,0,43103,112.93
1785361048.089,5.2,100.0,77.08,3.0,34.0,0,0,43103,112.80
1785361049.089,4.7,28.6,77.49,4.0,28.0,0,0,43103,112.81
1785361050.090,5.1,100.0,77.54,1.0,28.0,0,0,43103,112.73
1785361051.090,5.0,100.0,77.54,4.0,31.0,0,0,43103,112.56
1785361052.090,7.3,100.0,77.52,2.0,23.0,0,0,43103,112.57
1785361053.090,6.5,100.0,77.43,1.0,32.0,0,0,43103,112.61
1785361054.090,6.4,100.0,77.49,2.0,21.0,0,0,43103,112.62
1785361055.090,7.5,100.0,77.53,3.0,66.0,0,0,43103,112.52
1785361056.090,7.7,100.0,77.57,2.0,41.0,0,0,43103,112.44
1785361057.090,7.0,100.0,77.58,4.0,33.0,0,0,43103,112.44
1785361058.090,6.4,96.0,77.58,3.0,29.0,0,0,43103,112.33
1785361059.090,5.8,78.8,76.81,3.0,30.0,0,0,43103,112.23
1785361060.091,5.9,100.0,76.71,2.0,33.0,0,0,43103,112.27
1785361061.091,5.5,100.0,76.83,2.0,33.0,0,0,43103,112.32
1785361062.091,6.2,100.0,76.84,4.0,42.0,0,0,43103,112.23
1785361063.091,5.9,100.0,76.83,1.0,21.0,0,0,43103,112.18
1785361064.091,8.6,100.0,76.84,3.0,35.0,0,0,43103,112.13
1785361065.091,7.8,100.0,76.87,3.0,43.0,0,0,43103,112.08
1785361066.091,6.7,100.0,76.84,2.0,44.0,0,0,43103,112.08
1785361067.091,6.3,100.0,76.76,3.0,56.0,0,0,43103,112.03
1785361068.091,6.1,100.0,76.80,0.0,26.0,0,0,43103,111.98
1785361069.091,7.2,100.0,76.80,4.0,22.0,0,0,43103,111.93
1785361070.091,5.5,51.5,76.79,3.0,40.0,0,0,43103,111.92
1785361071.092,7.2,99.0,77.53,2.0,56.0,0,0,43103,111.92
1785361072.092,6.7,100.0,77.56,3.0,37.0,0,0,43103,111.81
1785361073.092,4.5,100.0,77.57,2.0,39.0,0,0,43103,111.72
1785361074.092,6.9,100.0,77.58,4.0,49.0,0,0,43103,111.75
1785361075.092,5.4,100.0,77.46,3.0,35.0,0,0,43103,111.79
1785361076.092,4.9,100.0,77.49,1.0,32.0,0,0,43103,111.77
1785361077.092,10.1,100.0,77.58,4.0,35.0,0,0,43103,111.72
1785361078.092,9.0,100.0,77.58,0.0,33.0,0,0,43103,111.85
1785361079.092,4.5,77.8,77.58,4.0,33.0,0,0,43103,111.87
1785361080.092,5.4,69.0,76.93,3.0,25.0,0,0,43103,111.72
1785361081.093,7.9,100.0,76.91,2.0,31.0,0,0,43103,111.84
1785361082.093,6.3,100.0,76.81,4.0,35.0,0,0,43103,111.88
1785361083.093,7.4,100.0,76.85,1.0,35.0,0,0,43103,111.74
1785361084.093,7.5,100.0,76.88,3.0,38.0,0,0,43103,111.69
1785361085.093,7.5,100.0,76.89,2.0,33.0,0,0,43103,111.64
1785361086.093,7.3,100.0,76.89,1.0,36.0,0,0,43103,111.64
1785361087.093,6.4,100.0,76.89,3.0,32.0,0,0,43103,111.69
1785361088.093,6.9,89.0,76.89,3.0,27.0,0,0,43103,111.54
1785361089.093,6.1,100.0,76.81,0.0,31.0,0,0,43103,111.45
1785361090.093,7.1,100.0,77.29,4.0,23.0,0,0,43103,111.56
1785361091.094,6.0,100.0,77.28,3.0,34.0,0,0,43103,111.61
1785361092.094,5.2,100.0,77.33,2.0,29.0,0,0,43103,111.55
1785361093.094,4.7,100.0,77.36,2.0,44.0,0,0,43103,111.55
1785361094.094,5.9,100.0,77.36,3.0,20.0,0,0,43103,111.55
1785361095.094,6.0,100.0,77.36,2.0,19.0,0,0,43103,111.50
1785361096.094,6.8,100.0,77.36,2.0,18.0,0,0,43103,111.45
1785361097.094,6.0,100.0,77.29,2.0,18.0,0,0,43103,111.40
1785361098.094,6.8,100.0,77.36,3.0,17.0,0,0,43103,111.45
1785361099.094,7.3,100.0,77.52,3.0,17.0,0,0,43103,111.45
1785361100.094,6.4,100.0,77.58,3.0,15.0,0,0,43103,111.45
1785361101.094,5.9,100.0,77.57,2.0,12.0,0,0,43103,111.45
1785361102.095,5.9,100.0,77.56,3.0,16.0,0,0,43103,111.40
1785361103.095,5.1,100.0,77.55,6.0,10.0,0,0,43103,111.40
1785361104.095,6.3,100.0,77.53,1.0,9.0,0,0,43103,111.35
1785361105.095,7.4,100.0,77.53,4.0,15.0,0,0,43103,111.47
1785361106.095,5.2,100.0,77.54,3.0,20.0,0,0,43103,111.47
1785361107.095,4.1,100.0,77.54,2.0,16.0,0,0,43103,111.30
1785361108.095,4.5,100.0,77.53,5.0,16.0,0,0,43103,111.45
1785361109.095,4.9,100.0,77.54,2.0,17.0,0,0,43103,111.50
1785361110.095,3.8,100.0,77.46,4.0,15.0,0,0,43103,111.40
1785361111.096,3.4,27.0,77.53,3.0,18.0,0,0,43103,111.41
1785361112.096,4.4,100.0,76.89,4.0,17.0,0,0,43103,111.31
1785361113.096,5.3,100.0,77.13,4.0,15.0,0,0,43103,111.26
1785361114.096,6.7,100.0,77.17,3.0,20.0,0,0,43103,111.40
1785361115.096,7.9,100.0,77.19,4.0,19.0,0,0,43103,111.35
1785361116.096,7.2,100.0,77.24,4.0,28.0,0,0,43103,111.30
1785361117.096,7.5,91.0,77.24,1.0,19.0,0,0,43103,111.30
1785361118.096,7.0,100.0,77.21,2.0,18.0,0,0,43103,111.54
1785361119.096,7.0,100.0,77.21,3.0,21.0,0,0,43103,111.54
1785361120.097,7.6,100.0,77.21,4.0,18.0,0,0,43103,111.25
1785361121.097,6.6,100.0,77.20,1.0,40.0,0,0,43103,111.26
1785361122.097,5.6,100.0,77.22,5.0,130.0,0,0,43103,111.22
1785361123.097,4.1,47.5,77.22,3.0,26.0,0,0,43103,111.31
1785361124.097,5.7,100.0,77.15,2.0,26.0,0,0,43103,111.26
1785361125.097,4.7,43.9,77.28,3.0,32.0,0,0,43103,111.17
1785361126.097,6.5,89.9,77.28,3.0,24.0,0,0,43103,111.22
1785361127.097,6.1,87.0,77.26,3.0,9.0,0,0,43103,111.22
1785361128.097,4.0,28.3,77.28,4.0,10.0,0,0,43103,111.22
1785361129.098,5.8,100.0,77.29,2.0,10.0,0,0,43103,111.21
1785361130.098,5.8,100.0,77.27,2.0,23.0,0,0,43103,111.20
1785361131.098,5.5,46.0,77.30,3.0,31.0,0,0,43103,111.21
1785361132.098,4.1,100.0,77.45,4.0,35.0,0,0,43103,111.26
1785361133.098,4.9,100.0,77.44,3.0,19.0,0,0,43103,111.31
1785361134.098,6.6,100.0,77.44,3.0,30.0,0,0,43103,111.30
1785361135.098,6.3,100.0,77.45,4.0,21.0,0,0,43103,111.37
1785361136.098,6.6,100.0,77.46,2.0,19.0,0,0,43103,111.27
1785361137.099,8.8,100.0,77.31,2.0,24.0,0,0,43103,111.15
1785361138.099,7.3,100.0,77.38,3.0,26.0,0,0,43103,111.18
1785361139.099,5.8,100.0,77.33,3.0,28.0,0,0,43103,111.20
1785361140.099,3.9,100.0,77.32,4.0,22.0,0,0,43103,111.19
1785361141.099,5.8,99.0,77.36,2.0,43.0,0,0,43103,111.13
1785361142.099,6.4,100.0,77.45,2.0,32.0,0,0,43103,111.22
1785361143.099,6.3,100.0,77.50,1.0,54.9,0,0,43103,111.22
1785361144.099,6.9,100.0,77.42,3.0,195.9,0,0,43103,111.11
1785361145.099,6.6,100.0,77.39,3.0,18.0,0,0,43103,111.11
1785361146.099,5.3,80.0,77.40,2.0,18.0,0,0,43103,111.25
1785361147.100,5.6,100.0,77.39,3.0,17.0,0,0,43103,111.20
1785361148.100,5.8,100.0,77.39,2.0,31.0,0,0,43103,111.10
1785361149.100,6.0,100.0,77.40,2.0,37.0,0,0,43103,111.15
1785361150.100,6.5,100.0,77.45,2.0,43.0,0,0,43103,111.11
1785361151.100,4.8,100.0,77.57,3.0,52.0,0,0,43103,111.11
1785361152.100,2.7,73.0,77.59,2.0,45.0,0,0,43103,111.11
1785361153.100,2.7,78.2,77.25,5.0,20.0,0,0,43103,111.07
1785361154.100,4.1,100.0,77.26,3.0,27.0,0,0,43103,111.06
1785361155.100,5.6,100.0,77.25,1.0,20.0,0,0,43103,111.15
1785361156.100,5.0,100.0,77.24,3.0,36.0,0,0,43103,111.15
1785361157.100,7.4,100.0,77.25,2.0,62.0,0,0,43103,111.11
1785361158.101,3.6,100.0,77.25,2.0,36.0,0,0,43103,111.18
1785361159.101,2.2,100.0,77.24,3.0,30.0,0,0,43103,111.20
1785361160.101,3.6,100.0,77.22,3.0,45.0,0,0,43103,111.05
1785361161.101,5.6,100.0,77.25,3.0,32.0,0,0,43103,111.13
1785361162.101,5.3,100.0,77.24,3.0,39.0,0,0,43103,111.21
1785361163.101,4.2,100.0,77.24,3.0,17.0,0,0,43103,111.11
1785361164.101,3.7,90.0,77.35,1.0,47.0,0,0,43103,111.11
1785361165.101,4.8,100.0,78.33,4.0,60.0,0,0,43103,111.06
1785361166.101,4.5,100.0,79.29,2.0,80.0,0,0,43103,111.15
1785361167.101,4.4,100.0,79.28,4.0,99.0,0,0,43103,111.13
1785361168.102,5.4,100.0,79.37,2.0,101.0,0,0,43103,111.11
1785361169.102,6.1,100.0,79.24,25.0,87.8,0,0,43103,111.06
1785361170.102,5.9,100.0,79.22,140.7,35.9,51,38,43103,175.60
1785361171.102,4.1,100.0,79.22,130.4,34.1,42,32,43103,168.12
1785361172.102,3.9,100.0,79.21,24.9,1.0,52,39,43103,121.27
1785361173.102,3.8,100.0,79.18,94.3,3.0,54,40,43103,172.84
1785361174.102,3.8,100.0,79.14,99.0,5.0,58,43,43103,173.54
1785361175.102,6.0,100.0,79.12,96.0,5.0,57,41,43103,171.02
1785361176.102,4.6,100.0,79.10,91.0,3.0,59,44,43103,176.48
1785361177.102,4.0,100.0,79.09,42.0,2.0,49,36,43103,138.85
1785361178.102,2.8,100.0,79.06,2.0,0.0,0,0,43103,120.68
1785361179.103,4.6,100.0,79.04,17.0,0.0,4,3,43103,114.24
1785361180.103,5.1,99.0,78.37,110.0,10.0,57,39,43103,160.96
1785361181.103,7.2,100.0,78.89,102.0,8.0,59,40,43103,167.77
1785361182.103,4.8,100.0,78.86,96.0,5.0,59,40,43103,165.87
1785361183.103,3.7,100.0,78.85,100.0,8.0,58,41,43103,167.95
1785361184.103,7.2,100.0,78.83,102.0,8.0,59,41,43103,168.16
1785361185.103,5.2,100.0,78.82,98.7,8.0,58,41,43103,166.33
1785361186.103,4.2,100.0,78.82,102.0,7.0,56,39,43103,169.15
1785361187.103,3.6,100.0,78.81,100.0,9.0,55,39,43103,166.65
1785361188.104,3.9,100.0,78.78,101.0,8.0,56,40,43103,166.84
1785361189.104,5.2,100.0,78.76,108.3,11.0,57,40,43103,168.62
1785361190.104,4.9,100.0,78.75,107.7,11.0,53,38,43103,166.94
1785361191.104,4.8,73.5,78.39,104.0,6.0,55,40,43103,167.96
1785361192.104,5.1,100.0,78.39,99.1,7.0,55,38,43103,171.95
1785361193.104,6.0,100.0,78.39,97.9,7.0,59,40,43103,169.37
1785361194.104,6.0,100.0,78.40,98.0,4.0,59,44,43103,172.21
1785361195.104,5.4,100.0,78.36,94.3,4.0,60,43,43103,176.89
1785361196.104,4.9,100.0,78.37,48.0,3.0,0,0,43103,154.71
1785361197.104,7.0,100.0,78.37,3.0,0.0,0,0,43103,119.27
1785361198.104,6.5,100.0,78.34,2.0,0.0,0,0,43103,112.90
1785361199.105,4.7,100.0,78.35,41.7,1.0,55,41,43103,125.91
1785361200.105,3.4,100.0,78.34,80.2,5.0,14,9,43103,160.92
1785361201.105,2.9,99.0,78.69,4.0,0.0,0,0,43103,116.21
1785361202.105,2.4,100.0,78.68,2.0,0.0,0,0,43103,112.78
1785361203.105,5.2,100.0,78.66,20.0,1.0,0,0,43103,121.15
1785361204.105,2.3,100.0,78.64,3.0,0.0,0,0,43103,118.39
1785361205.105,5.2,100.0,78.63,24.0,1.0,9,6,43103,133.43
1785361206.105,5.0,100.0,78.65,17.0,1.0,6,4,43103,116.33
1785361207.105,5.7,100.0,78.65,34.0,1.0,55,41,43103,132.04
1785361208.105,6.5,100.0,78.67,97.0,7.0,59,42,43103,171.44
1785361209.106,5.1,83.0,78.67,100.0,5.0,53,39,43103,174.04
1785361210.106,5.0,71.4,78.62,102.7,7.0,56,41,43103,170.44
1785361211.106,3.4,100.0,78.62,76.2,3.0,0,0,43103,163.77
1785361212.106,2.9,100.0,78.61,2.0,0.0,0,0,43103,123.48
1785361213.106,3.9,100.0,78.60,31.8,2.0,0,0,43103,119.74
1785361214.106,6.9,100.0,78.61,100.3,5.0,58,41,43103,165.25
1785361215.106,5.6,100.0,78.61,101.9,8.0,57,39,43103,169.80
1785361216.106,4.1,100.0,78.59,97.9,5.0,56,38,43103,166.37
1785361217.106,4.3,79.2,78.59,104.1,6.0,57,39,43103,167.99
1785361218.106,7.3,99.0,78.74,97.4,5.0,59,44,43103,172.99
1785361219.107,5.8,100.0,78.72,97.0,4.0,57,42,43103,177.25
1785361220.107,3.9,100.0,78.72,16.0,1.0,0,0,43103,130.71
1785361221.107,3.8,100.0,78.72,33.0,1.0,54,40,43103,122.63
1785361222.107,4.2,100.0,78.73,98.0,4.0,54,40,43103,173.05
1785361223.107,5.8,100.0,78.71,94.0,4.0,58,42,43103,172.88
1785361224.107,6.4,100.0,78.71,101.0,4.0,59,43,43103,173.15
1785361225.107,6.3,100.0,78.72,96.0,6.0,59,44,43103,172.49
1785361226.107,6.0,100.0,78.72,97.0,4.0,58,43,43103,174.78
1785361227.108,6.5,99.0,78.71,108.0,10.0,54,38,43103,169.37
1785361228.108,6.4,100.0,78.39,102.0,9.0,59,41,43103,167.68
1785361229.108,6.3,100.0,78.37,94.0,6.0,60,41,43103,170.83
1785361230.108,6.4,100.0,78.37,97.0,6.0,56,39,43103,171.02
1785361231.108,7.4,100.0,78.39,87.0,6.0,58,43,43103,173.79
1785361232.108,6.0,100.0,78.37,52.0,2.0,58,43,43103,142.90
1785361233.108,6.4,100.0,78.36,97.0,4.0,59,40,43103,174.73
1785361234.108,5.9,100.0,78.34,95.0,4.0,58,43,43103,175.56
1785361235.108,5.8,100.0,78.37,97.0,6.0,56,38,43103,169.11
1785361236.108,5.1,100.0,78.36,100.0,5.0,60,45,43103,173.03
1785361237.109,4.5,100.0,78.37,87.0,6.0,59,43,43103,174.31
1785361238.109,4.9,69.7,78.34,86.0,5.0,55,38,43103,153.05
1785361239.109,6.3,99.0,78.81,48.0,4.0,0,0,43103,145.03
1785361240.109,4.0,100.0,78.81,1.0,0.0,0,0,43103,120.44
1785361241.109,4.4,100.0,78.80,44.0,1.0,56,41,43103,128.82
1785361242.109,6.9,100.0,78.78,93.0,4.0,52,36,43103,174.93
1785361243.109,5.1,100.0,78.78,92.0,6.0,58,41,43103,169.19
1785361244.109,4.8,100.0,78.74,10.0,1.0,21,15,43103,120.46
1785361245.109,6.1,100.0,78.73,15.0,0.0,0,0,43103,120.61
1785361246.109,4.6,100.0,78.70,3.0,0.0,0,0,43103,119.79
1785361247.110,2.5,49.5,78.73,12.0,1.0,26,18,43103,115.00
1785361248.110,5.1,78.2,78.56,98.0,3.0,57,43,43103,171.29
1785361249.110,4.9,100.0,78.55,93.0,4.0,58,40,43103,174.56
1785361250.110,5.4,100.0,78.55,93.0,6.0,58,43,43103,171.35
1785361251.110,4.7,100.0,78.54,98.0,5.0,55,37,43103,172.86
1785361252.110,5.7,100.0,78.54,94.0,4.0,58,43,43103,177.08
1785361253.110,3.9,100.0,78.53,93.0,4.0,59,41,43103,176.62
1785361254.110,3.3,100.0,78.50,53.0,2.0,0,0,43103,153.78
1785361255.110,5.0,100.0,78.49,78.0,3.0,58,43,43103,158.98
1785361256.111,5.3,100.0,78.47,96.0,5.0,59,40,43103,171.96
1785361257.111,7.2,100.0,78.45,82.0,4.0,8,6,43103,168.03
1785361258.111,4.3,58.0,78.46,13.0,0.0,5,3,43103,117.36
1785361259.111,2.7,61.0,78.82,7.0,1.0,0,0,43103,117.08
1785361260.111,2.8,100.0,78.81,56.0,2.0,23,17,43103,140.82
1785361261.111,4.8,100.0,78.79,49.0,2.0,52,39,43103,134.58
1785361262.111,2.4,100.0,78.76,3.0,0.0,0,0,43103,119.27
1785361263.111,5.1,100.0,78.76,88.0,4.0,59,44,43103,161.59
1785361264.111,5.6,100.0,78.72,77.0,4.0,56,42,43103,165.25
1785361265.111,4.4,67.7,78.74,78.0,4.0,0,0,43103,165.97
1785361266.112,2.4,80.2,78.74,3.0,0.0,0,0,43103,119.93
1785361267.112,2.7,100.0,78.70,3.0,0.0,0,0,43103,114.10
1785361268.112,3.4,43.6,78.65,60.0,3.0,58,43,43103,140.05
1785361269.112,4.6,100.0,78.65,57.0,2.0,0,0,43103,155.40
1785361270.112,4.1,100.0,78.64,7.0,0.0,0,0,43103,117.26
1785361271.112,4.2,77.8,78.64,74.0,4.0,59,44,43103,150.91
1785361272.112,5.0,100.0,78.60,14.0,0.0,0,0,43103,124.47
1785361273.112,3.8,100.0,78.59,2.0,0.0,0,0,43103,118.22
1785361274.112,4.7,99.0,78.61,10.0,1.0,0,0,43103,121.93
1785361275.113,3.0,75.8,78.30,1.0,0.0,0,0,43103,114.94
1785361276.113,3.6,100.0,78.27,60.8,2.0,54,40,43103,143.74
1785361277.113,4.9,100.0,71.35,97.2,6.0,60,40,43103,174.09
1785361278.113,7.0,100.0,68.51,102.8,8.0,56,40,43103,171.71
1785361279.113,7.6,100.0,68.52,78.0,3.0,0,0,43103,165.81
1785361280.113,4.6,100.0,68.52,43.0,3.0,58,43,43103,133.82
1785361281.113,5.5,100.0,68.52,98.0,5.0,60,41,43103,175.33
1785361282.113,5.0,100.0,68.49,98.0,6.0,59,41,43103,173.46
1785361283.113,4.4,100.0,68.47,13.0,0.0,0,0,43103,124.95
1785361284.113,5.7,100.0,68.48,91.0,4.0,58,43,43103,165.85
1785361285.114,2.8,100.0,68.49,45.0,2.0,42,30,43103,141.65
1785361286.114,2.7,66.0,68.54,8.0,0.0,0,0,43103,120.02
1785361287.114,2.7,100.0,68.84,73.0,3.0,54,40,43103,148.78
1785361288.114,4.0,100.0,68.82,96.0,3.0,57,42,43103,175.18
1785361289.114,3.8,100.0,68.82,12.0,0.0,0,0,43103,126.91
1785361290.114,6.1,100.0,68.81,47.0,2.0,59,43,43103,137.66
1785361291.114,4.9,100.0,68.80,102.0,8.0,55,39,43103,171.97
1785361292.114,3.3,100.0,68.80,99.0,5.0,56,39,43103,168.77
1785361293.114,3.2,100.0,68.79,94.0,3.0,55,41,43103,174.31
1785361294.114,3.2,100.0,68.77,23.0,0.0,46,34,43103,126.91
1785361295.115,5.7,100.0,68.79,29.0,2.0,0,0,43103,128.07
1785361296.115,4.7,100.0,68.80,2.0,0.0,0,0,43103,120.36
1785361297.115,4.0,99.0,68.80,62.0,5.0,54,37,43103,139.33
1785361298.115,5.3,82.2,68.27,105.0,8.0,57,39,43103,166.66
1785361299.115,3.5,100.0,68.24,97.0,5.0,55,40,43103,167.68
1785361300.115,2.9,100.0,68.24,84.0,3.0,26,19,43103,167.50
1785361301.115,5.4,100.0,68.22,49.0,2.0,60,44,43103,137.48
1785361302.115,4.8,100.0,68.21,95.0,6.0,60,41,43103,170.98
1785361303.115,6.3,100.0,68.22,96.0,4.0,58,43,43103,177.04
1785361304.115,6.2,100.0,68.29,100.0,4.0,58,43,43103,175.92
1785361305.116,3.9,100.0,68.36,20.0,1.0,9,7,43103,128.14
1785361306.116,6.7,100.0,68.39,96.1,4.0,57,42,43103,171.35
1785361307.116,6.2,100.0,68.45,98.9,5.0,56,38,43103,169.83
1785361308.116,6.0,100.0,68.50,97.0,5.0,55,40,43103,166.59
1785361309.116,7.5,100.0,68.51,96.0,5.0,59,41,43103,172.46
1785361310.116,4.5,100.0,68.50,44.0,2.0,0,0,43103,147.07
1785361311.116,5.5,100.0,68.49,91.0,4.0,57,42,43103,164.16
1785361312.116,5.5,100.0,68.50,97.0,5.0,59,41,43103,174.07
1785361313.116,4.0,100.0,68.49,96.0,6.0,60,42,43103,166.16
1785361314.116,4.4,100.0,68.48,81.0,2.0,6,4,43103,173.20
1785361315.117,3.3,100.0,68.48,32.0,3.0,47,34,43103,124.31
1785361316.117,4.0,100.0,68.50,68.0,2.0,0,0,43103,157.26
1785361317.117,8.6,100.0,68.51,2.0,0.0,0,0,43103,120.50
1785361318.117,6.3,78.8,68.51,90.0,4.0,49,36,43103,161.69
1785361319.117,3.5,37.4,68.17,56.0,4.0,17,12,43103,148.90
1785361320.117,3.3,100.0,68.65,2.0,0.0,0,0,43103,118.01
1785361321.117,4.7,100.0,68.68,4.0,0.0,0,0,43103,113.46
1785361322.117,5.0,94.9,68.71,1.0,0.0,0,0,43103,113.40
1785361323.117,3.5,100.0,68.73,43.0,1.0,45,33,43103,134.32
1785361324.117,5.3,100.0,68.72,70.0,4.0,58,43,43103,146.16
1785361325.118,5.4,100.0,68.73,16.0,0.0,0,0,43103,130.95
1785361326.118,5.8,100.0,68.74,64.0,3.0,54,40,43103,144.24
1785361327.118,3.7,100.0,68.74,63.0,2.0,0,0,43103,159.81
1785361328.118,4.1,100.0,68.75,2.0,0.0,0,0,43103,119.39
1785361329.118,3.8,100.0,68.73,10.0,0.0,42,31,43103,116.30
1785361330.118,6.3,100.0,68.72,4.0,0.0,0,0,43103,115.29
1785361331.118,4.9,59.6,68.50,93.0,7.0,50,34,43103,153.08
1785361332.118,5.0,100.0,68.73,98.0,6.0,58,43,43103,168.39
1785361333.118,4.0,100.0,68.72,15.0,0.0,0,0,43103,130.84
1785361334.118,4.5,100.0,68.72,92.9,4.0,57,43,43103,165.75
1785361335.118,5.1,100.0,68.73,96.1,3.0,58,43,43103,174.74
1785361336.119,6.3,100.0,68.75,101.0,9.0,58,41,43103,173.71
1785361337.119,6.5,100.0,68.76,98.0,7.0,59,41,43103,171.41
1785361338.119,5.5,100.0,68.75,97.0,5.0,58,43,43103,172.96
1785361339.119,6.0,100.0,68.72,95.0,3.0,56,42,43103,177.77
1785361340.119,7.6,99.0,68.73,75.4,5.0,49,33,43103,159.37
1785361341.119,6.2,100.0,68.96,103.5,8.0,58,39,43103,165.40
1785361342.119,5.9,100.0,68.95,97.0,7.0,43,31,43103,169.06
1785361343.119,6.1,100.0,68.96,94.0,7.0,60,41,43103,171.71
1785361344.119,5.1,100.0,68.98,50.0,3.0,0,0,43103,147.16
1785361345.119,4.3,100.0,68.99,13.0,0.0,0,0,43103,116.75
1785361346.119,4.2,100.0,68.97,16.0,2.0,40,30,43103,115.52
1785361347.120,5.4,100.0,68.95,83.0,3.0,14,11,43103,165.58
1785361348.120,5.2,100.0,68.96,3.0,0.0,0,0,43103,119.68
1785361349.120,7.5,100.0,68.98,3.0,0.0,0,0,43103,113.31
1785361350.120,4.5,100.0,68.98,38.0,1.0,55,41,43103,137.57
1785361351.120,7.1,100.0,69.01,52.0,3.0,0,0,43103,154.57
1785361352.120,6.4,100.0,69.02,67.0,3.0,55,41,43103,141.88
1785361353.120,8.1,100.0,69.05,85.0,3.0,57,43,43103,178.15
1785361354.120,5.3,100.0,69.05,3.0,0.0,0,0,43103,119.37
1785361355.120,4.6,100.0,69.36,39.0,2.0,50,37,43103,130.64
1785361356.121,4.8,100.0,69.33,23.0,1.0,0,0,43103,129.16
1785361357.121,4.6,100.0,69.33,13.0,1.0,0,0,43103,122.10
1785361358.121,5.2,100.0,69.33,21.0,2.0,39,28,43103,116.53
1785361359.121,5.3,100.0,69.32,99.0,6.0,59,42,43103,168.36
1785361360.121,4.2,100.0,69.33,97.0,4.0,57,41,43103,174.66
1785361361.121,4.3,73.3,69.33,104.9,8.0,52,36,43103,169.58
1785361362.121,2.7,79.0,69.55,45.1,3.0,0,0,43103,143.34
1785361363.121,3.2,100.0,69.53,2.0,0.0,0,0,43103,119.76
1785361364.121,6.9,100.0,69.57,3.0,0.0,0,0,43103,113.29
1785361365.121,4.1,100.0,69.57,37.0,1.0,56,41,43103,126.43
1785361366.121,4.7,100.0,69.57,98.0,5.0,54,37,43103,171.62
1785361367.122,5.5,100.0,69.58,96.0,5.0,58,43,43103,172.36
1785361368.122,5.8,100.0,69.56,97.0,8.0,59,43,43103,177.41
1785361369.122,5.5,100.0,69.56,37.0,2.0,0,0,43103,144.27
1785361370.122,5.4,100.0,69.59,4.0,0.0,0,0,43103,120.72
1785361371.122,3.6,100.0,69.60,27.0,1.0,0,0,43103,117.00
1785361372.122,3.5,100.0,68.05,6.0,0.0,0,0,43103,118.64
1785361373.122,2.1,80.0,68.06,5.0,0.0,0,0,43103,118.62
1785361374.122,1.8,74.0,68.06,2.0,0.0,0,0,43103,113.14
1785361375.122,2.4,34.3,68.08,2.0,19.0,0,0,43103,113.12
1785361376.123,3.5,35.0,68.18,4.0,17.0,0,0,43103,113.06
1785361377.123,7.4,98.0,68.18,4.0,8.0,0,0,43103,112.94
1785361378.123,5.2,63.5,68.29,4.0,14.0,0,0,43103,112.84
1785361379.123,3.2,55.6,68.28,3.0,38.0,0,0,43103,112.80
1785361380.123,2.6,56.0,68.29,4.0,39.0,0,0,43103,112.75
1785361381.123,4.1,28.0,68.31,3.0,173.0,0,0,43103,112.69
1785361382.123,2.4,50.5,68.29,3.0,27.0,0,0,43103,112.60
1785361383.123,2.4,46.2,68.29,4.0,20.0,0,0,43103,112.54
1785361384.123,3.4,47.3,68.30,4.0,26.0,0,0,43103,112.54
1785361385.124,4.2,97.0,68.29,4.0,17.0,0,0,43103,112.56
1785361386.124,5.8,83.0,68.31,4.0,16.0,0,0,43103,112.68
1785361387.124,3.1,27.3,68.31,4.0,26.0,0,0,43103,112.62
1785361388.124,2.4,82.8,68.32,3.0,13.0,0,0,43103,112.48
1785361389.124,3.6,41.4,67.98,4.0,15.0,0,0,43103,112.43
1785361390.124,4.6,100.0,68.04,3.0,27.0,0,0,43103,112.30
1785361391.124,4.4,100.0,68.04,3.0,20.0,0,0,43103,112.23
1785361392.125,3.1,100.0,68.06,5.0,18.0,0,0,43103,112.16
1785361393.125,5.9,100.0,68.06,1.0,17.0,0,0,43103,112.22
1785361394.125,5.6,100.0,68.08,4.0,38.0,0,0,43103,112.21
1785361395.125,6.0,100.0,68.09,3.0,55.0,0,0,43103,112.08
1785361396.125,6.0,100.0,68.20,2.0,29.0,0,0,43103,112.13
1785361397.125,5.4,100.0,68.39,3.0,36.0,0,0,43103,112.13
1785361398.125,6.2,100.0,68.43,1.0,30.0,0,0,43103,112.08
1785361399.125,3.8,100.0,68.44,3.0,32.0,0,0,43103,112.08
1785361400.125,5.3,99.0,68.45,2.0,16.0,0,0,43103,112.03
1785361401.125,6.5,98.0,68.54,3.0,34.0,0,0,43103,112.04
1785361402.126,3.8,100.0,68.59,3.0,39.0,0,0,43103,112.08
1785361403.126,5.2,100.0,68.58,3.0,17.0,0,0,43103,112.04
1785361404.126,6.0,100.0,68.69,2.0,41.0,0,0,43103,112.04
1785361405.126,5.3,100.0,68.69,3.0,48.0,0,0,43103,112.08
1785361406.126,7.2,100.0,68.79,2.0,64.2,0,0,43103,111.97
1785361407.126,7.3,100.0,68.89,2.0,32.9,0,0,43103,111.86
1785361408.126,3.7,100.0,68.95,2.0,22.0,0,0,43103,111.88
1785361409.126,7.0,100.0,69.12,2.0,42.2,0,0,43103,111.90
1785361410.126,6.2,99.0,69.13,4.0,50.7,0,0,43103,111.84
1785361411.126,4.6,57.6,69.08,2.0,33.0,0,0,43103,111.81
1785361412.126,4.9,100.0,69.09,3.0,37.0,0,0,43103,111.77
1785361413.127,4.3,100.0,69.11,2.0,44.0,0,0,43103,111.70
1785361414.127,3.4,100.0,69.13,3.0,42.0,0,0,43103,111.77
1785361415.127,4.0,100.0,69.14,2.0,36.0,0,0,43103,111.82
1785361416.127,3.5,100.0,69.15,4.0,31.0,0,0,43103,111.82
1785361417.127,5.7,100.0,69.15,3.0,38.0,0,0,43103,111.77
1785361418.127,6.5,100.0,69.16,3.0,35.9,0,0,43103,111.84
1785361419.127,4.3,100.0,69.15,2.0,34.1,0,0,43103,111.84
1785361420.127,3.5,100.0,69.15,3.0,35.0,0,0,43103,111.75
1785361421.127,6.6,99.0,69.17,2.0,25.0,0,0,43103,111.75
1785361422.127,4.9,99.0,69.13,4.0,36.0,0,0,43103,111.70
1785361423.127,6.5,100.0,69.12,2.0,37.0,0,0,43103,111.70
1785361424.128,6.3,100.0,69.10,1.0,22.0,0,0,43103,111.75
1785361425.128,5.6,100.0,69.12,3.0,29.0,0,0,43103,111.69
1785361426.128,7.7,100.0,69.12,3.0,31.0,0,0,43103,111.64
1785361427.128,4.3,76.0,69.12,2.0,25.0,0,0,43103,111.60
1785361428.128,4.5,100.0,69.26,4.0,22.0,0,0,43103,111.60
1785361429.128,6.1,100.0,69.26,2.0,34.0,0,0,43103,111.60
1785361430.128,5.4,99.0,69.26,1.0,27.0,0,0,43103,111.57
1785361431.128,5.7,86.0,69.34,4.0,25.0,0,0,43103,111.57
1785361432.128,5.5,100.0,69.32,3.0,36.0,0,0,43103,111.64
1785361433.128,4.2,100.0,69.31,3.0,23.0,0,0,43103,111.69
1785361434.129,4.4,100.0,69.32,3.0,19.0,0,0,43103,111.53
1785361435.129,7.9,100.0,69.33,1.0,16.0,0,0,43103,111.43
1785361436.129,5.4,100.0,69.32,4.0,20.0,0,0,43103,111.54
1785361437.129,10.1,100.0,69.31,2.0,18.0,0,0,43103,111.59
1785361438.129,8.6,88.0,69.31,2.0,21.0,0,0,43103,111.77
1785361439.129,6.0,99.0,69.06,2.0,14.0,0,0,43103,111.72
1785361440.129,7.6,100.0,69.04,3.0,10.0,0,0,43103,111.50
1785361441.129,5.0,100.0,69.37,2.0,33.0,0,0,43103,111.55
1785361442.129,5.3,100.0,69.38,2.0,29.0,0,0,43103,111.56
1785361443.129,7.0,100.0,69.40,4.0,27.0,0,0,43103,111.75
1785361444.129,8.0,100.0,69.41,3.0,30.0,0,0,43103,111.69
1785361445.129,8.2,100.0,69.57,2.0,30.0,0,0,43103,111.47
1785361446.130,6.3,100.0,69.42,2.0,20.0,0,0,43103,111.52
1785361447.130,7.4,100.0,69.45,3.0,15.9,0,0,43103,111.43
1785361448.130,5.1,87.0,69.47,3.0,17.1,0,0,43103,111.44
1785361449.130,5.6,71.0,69.52,2.0,23.0,0,0,43103,111.70
1785361450.130,7.3,100.0,69.52,4.0,195.6,0,0,43103,111.70
1785361451.130,6.9,100.0,69.55,2.0,37.1,0,0,43103,111.48
1785361452.130,5.3,100.0,69.54,3.0,41.0,0,0,43103,111.43
1785361453.130,5.6,100.0,69.54,2.0,22.0,0,0,43103,111.40
1785361454.130,4.3,100.0,69.55,2.0,28.9,0,0,43103,111.45
1785361455.130,7.3,100.0,69.54,3.0,50.1,0,0,43103,111.47
1785361456.131,6.6,100.0,69.53,2.0,41.0,0,0,43103,111.42
1785361457.131,6.3,100.0,69.53,2.0,33.0,0,0,43103,111.45
1785361458.131,5.6,100.0,69.55,2.0,40.0,0,0,43103,111.45
1785361459.131,5.3,100.0,69.54,2.0,46.0,0,0,43103,111.40
1785361460.131,5.3,100.0,69.53,4.0,50.0,0,0,43103,111.40
1785361461.131,3.5,61.7,68.91,3.0,30.0,0,0,43103,111.36
1785361462.131,6.3,100.0,69.77,4.0,57.0,0,0,43103,111.36
1785361463.131,6.5,100.0,69.79,3.0,182.1,0,0,43103,111.36
1785361464.131,5.1,100.0,69.79,0.0,30.0,0,0,43103,111.31
1785361465.131,5.8,100.0,69.76,3.0,21.0,0,0,43103,111.36
1785361466.131,5.3,100.0,69.73,4.0,19.0,0,0,43103,111.41
1785361467.131,7.2,99.0,69.74,1.0,25.0,0,0,43103,111.43
1785361468.132,6.3,91.0,69.45,4.0,35.0,0,0,43103,111.38
1785361469.132,5.2,100.0,69.44,1.0,35.0,0,0,43103,111.31
1785361470.132,5.4,100.0,69.54,2.0,42.0,0,0,43103,111.35
1785361471.132,4.4,100.0,69.66,4.0,47.0,0,0,43103,111.36
1785361472.132,6.4,100.0,69.69,3.0,42.0,0,0,43103,111.36
1785361473.132,8.4,100.0,69.95,1.0,18.0,0,0,43103,111.30
1785361474.132,6.7,100.0,70.05,3.0,21.0,0,0,43103,111.25
1785361475.132,4.9,99.0,70.03,2.0,15.0,0,0,43103,111.35
1785361476.132,5.7,100.0,70.43,3.0,17.0,0,0,43103,111.35
1785361477.132,5.4,100.0,70.46,2.0,63.0,0,0,43103,111.30
1785361478.133,6.2,100.0,70.48,2.0,34.0,0,0,43103,111.30
1785361479.133,5.1,100.0,70.61,3.0,32.0,0,0,43103,111.31
1785361480.133,4.2,100.0,70.61,3.0,37.0,0,0,43103,111.28
1785361481.133,4.6,100.0,70.61,3.0,33.0,0,0,43103,111.28
1785361482.133,5.3,100.0,70.68,2.0,34.0,0,0,43103,111.31
1785361483.133,6.1,99.0,70.99,2.0,36.0,0,0,43103,111.26
1785361484.133,8.0,100.0,70.97,1.0,9.0,0,0,43103,111.21
1785361485.133,5.4,100.0,71.00,6.0,64.0,0,0,43103,111.16
1785361486.133,9.0,100.0,71.32,1.0,59.0,0,0,43103,111.16
1785361487.133,7.2,100.0,72.16,3.0,85.0,0,0,43103,111.25
1785361488.134,4.9,100.0,72.57,3.0,101.0,0,0,43103,111.23
1785361489.134,6.6,100.0,72.89,1.0,100.0,0,0,43103,111.18
1785361490.134,6.1,100.0,72.77,3.0,99.5,0,0,43103,111.30
1785361491.134,6.2,99.0,72.75,113.5,25.9,49,35,43103,129.45
1785361492.134,5.3,92.1,72.74,150.0,40.0,50,37,43103,167.05
1785361493.134,4.1,100.0,72.70,77.0,7.0,52,39,43103,149.54
1785361494.134,6.4,99.0,72.68,114.0,14.0,52,37,43103,164.52
1785361495.134,7.1,100.0,72.68,116.9,15.0,52,37,43103,167.32
1785361496.134,14.2,100.0,73.22,111.6,14.9,53,37,43103,168.36
1785361497.134,19.3,100.0,73.90,111.2,12.0,58,40,43103,167.66
1785361498.135,13.5,99.0,72.69,112.1,14.0,52,37,43103,166.43
1785361499.135,14.2,100.0,72.55,110.0,12.0,52,37,43103,166.27
1785361500.135,14.8,99.0,72.46,109.5,14.1,59,41,43103,163.24
1785361501.135,11.0,64.0,72.37,109.3,9.9,49,34,43103,162.45
1785361502.135,13.8,92.9,72.40,109.0,9.0,55,37,43103,163.27
1785361503.135,9.3,99.0,72.45,104.3,10.0,51,35,43103,163.02
1785361504.314,12.6,69.6,72.42,103.2,9.3,51,35,43103,161.48
1785361505.314,13.1,99.0,72.42,101.0,10.0,51,36,43103,167.26
1785361506.314,13.1,100.0,72.44,103.5,7.0,53,36,43103,162.85
1785361507.314,15.4,76.0,72.73,102.5,9.0,49,33,43103,170.98
1785361508.314,12.1,88.8,73.10,111.0,11.0,54,38,43370,164.48
1785361509.314,9.6,94.9,73.34,106.0,9.0,53,36,43370,166.09
1785361510.314,14.0,62.6,72.39,102.0,8.0,54,38,43103,172.43
1785361511.314,10.7,100.0,72.40,98.5,7.0,52,38,43103,174.49
1785361512.314,15.8,99.0,72.34,105.2,6.9,55,41,43103,174.26
1785361513.315,14.8,92.1,72.31,109.3,9.0,50,34,43103,166.28
1785361514.315,13.8,99.0,72.39,106.0,9.0,50,35,43103,165.77
1785361515.315,12.0,99.0,72.27,104.0,8.0,50,38,43103,171.18
1785361516.315,14.4,91.0,72.20,114.0,11.0,47,32,43103,167.87
1785361517.315,6.9,72.0,72.20,114.9,14.0,51,36,43103,163.61
1785361518.315,16.6,100.0,72.19,110.0,12.0,49,33,43103,168.51
1785361519.315,10.9,99.0,72.16,111.1,12.0,55,38,43103,166.22
1785361520.315,14.2,100.0,72.11,107.0,11.0,48,35,43103,165.68
1785361521.315,7.5,82.0,72.13,109.0,8.0,49,35,43103,169.14
1785361522.316,11.9,81.0,72.11,107.2,9.0,55,37,43103,165.67
1785361523.316,14.1,76.8,72.09,109.6,8.0,51,38,43103,166.97
1785361524.316,14.3,67.7,72.06,109.0,9.0,51,35,43103,163.94
1785361525.316,12.1,100.0,72.02,113.9,12.0,52,37,43103,163.90
1785361526.316,11.7,100.0,72.03,115.0,13.0,50,35,43103,168.61
1785361527.316,12.3,84.0,72.02,120.0,10.0,53,37,43103,163.57
1785361528.316,7.7,74.3,72.00,32.9,4.0,0,0,43103,126.24
1785361529.316,14.1,98.0,71.97,53.1,2.0,49,36,43103,137.44
1785361530.316,12.9,93.0,71.96,60.0,4.0,0,0,43103,149.82
1785361531.317,12.4,67.7,71.98,97.0,7.0,46,34,43103,148.29
1785361532.317,14.6,98.0,71.95,113.0,11.0,49,34,43103,161.95
1785361533.317,9.7,100.0,71.93,116.0,12.0,50,35,43103,163.69
1785361534.317,13.3,99.0,71.91,115.7,11.0,51,36,43103,164.35
1785361535.317,14.4,99.0,71.91,113.1,13.0,51,36,43103,164.09
1785361536.317,11.9,61.0,71.88,120.0,14.0,53,37,43103,164.95
1785361537.317,11.7,87.0,71.86,110.0,7.0,49,36,43103,165.95
1785361538.317,8.3,88.0,71.86,109.9,10.0,53,36,43103,160.85
1785361539.318,13.4,71.7,71.86,114.0,12.0,51,36,43103,163.16
1785361540.318,9.8,100.0,72.08,115.9,12.0,48,34,43103,162.20
1785361541.318,16.3,87.8,72.61,115.9,11.0,51,34,43103,160.09
1785361542.318,13.8,41.7,73.19,116.1,12.0,50,34,43103,158.93
1785361543.318,13.0,82.8,73.62,109.1,10.0,53,36,43103,163.72
1785361544.318,12.6,89.9,71.63,106.0,9.0,54,36,43103,164.89
1785361545.318,14.4,99.0,71.62,110.1,10.0,52,35,43103,163.52
1785361546.318,14.2,100.0,71.61,70.9,6.0,1,1,43103,148.18
1785361547.319,16.5,96.0,71.67,5.0,0.0,0,0,43103,118.98
1785361548.319,13.7,67.3,71.65,5.0,0.0,0,0,43103,118.98
1785361549.319,11.1,27.0,71.64,20.0,1.0,0,0,43103,123.69
1785361550.319,12.0,63.0,71.63,107.7,8.0,50,37,43103,166.69
1785361551.319,12.2,45.5,71.60,109.3,8.0,51,35,43103,166.23
1785361552.319,14.2,89.0,71.60,56.0,4.0,36,25,43103,151.67
1785361553.319,12.4,100.0,71.59,37.0,2.0,26,19,43103,133.28
1785361554.319,12.2,82.0,71.61,25.0,2.0,23,17,43103,118.41
1785361555.319,13.8,98.0,71.56,72.0,10.0,55,39,43103,143.14
1785361556.320,13.2,66.3,71.54,116.7,15.0,52,37,43103,165.10
1785361557.320,16.3,57.6,71.55,114.3,13.0,55,38,43103,165.91
1785361558.320,15.9,99.0,71.55,109.0,10.0,62,43,43103,168.60
1785361559.320,11.8,99.0,71.58,111.0,11.0,53,38,43103,166.64
1785361560.320,5.6,100.0,71.59,90.0,6.0,0,0,43103,159.55
1785361561.320,5.8,76.0,72.02,110.0,9.0,52,35,43103,160.25
1785361562.320,11.9,53.0,73.19,103.5,8.0,58,42,43103,169.13
1785361563.320,8.8,99.0,72.61,103.5,7.0,54,40,43103,175.01
1785361564.320,5.9,74.0,72.72,107.0,8.0,52,35,43103,168.28
1785361565.321,7.7,100.0,72.72,116.0,13.0,53,38,43103,168.01
1785361566.321,5.4,100.0,72.70,123.0,17.0,53,38,43103,171.92
1785361567.321,5.4,69.7,72.70,110.9,14.0,52,37,43103,169.33
1785361568.321,3.2,53.6,72.70,103.0,9.0,56,38,43103,165.56
1785361569.321,4.8,73.7,72.71,114.0,12.0,51,36,43103,166.91
1785361570.321,3.6,73.5,72.71,116.0,12.0,52,37,43103,164.42
1785361571.321,6.0,89.2,72.71,111.0,12.0,55,38,43103,168.97
1785361572.321,5.6,100.0,72.69,106.0,8.0,52,39,43103,170.89
1785361573.321,4.2,61.4,72.67,41.9,2.0,0,0,43103,130.81
1785361574.321,6.9,100.0,72.67,106.9,8.0,54,40,43103,171.99
1785361575.322,5.3,93.9,72.67,114.9,12.0,55,40,43103,171.89
1785361576.322,6.9,87.3,72.65,116.1,12.0,50,35,43103,168.73
1785361577.322,5.3,100.0,72.65,104.2,9.0,57,39,43103,167.72
1785361578.322,5.1,100.0,72.66,95.6,5.0,59,44,43103,173.98
1785361579.322,7.1,99.0,72.76,106.0,5.0,58,40,43103,168.20
1785361580.322,6.2,100.0,72.76,109.0,4.0,49,36,43103,166.34
1785361581.322,4.4,100.0,72.79,112.3,5.0,51,36,43103,165.52
1785361582.322,5.7,100.0,72.77,113.0,10.0,55,39,43103,166.81
1785361583.322,3.5,74.3,72.77,109.0,9.0,52,36,43103,167.16
1785361584.323,5.3,74.3,72.76,116.0,12.0,49,34,43103,165.02
1785361585.323,4.5,100.0,72.73,113.0,12.0,54,39,43103,167.52
1785361586.323,4.6,69.0,72.73,83.0,7.0,55,39,43103,154.68
1785361587.323,5.2,77.0,72.72,105.9,7.0,51,38,43103,172.56
1785361588.323,3.4,73.5,72.72,108.0,7.0,53,39,43103,172.70
1785361589.323,4.4,82.0,72.70,107.0,8.0,51,38,43103,170.31
1785361590.323,3.5,74.0,72.68,107.9,8.0,55,39,43103,170.59
1785361591.323,4.6,100.0,72.67,106.0,9.0,56,38,43103,165.24
1785361592.323,4.2,84.2,72.65,68.0,5.0,0,0,43103,148.99
1785361593.324,4.8,100.0,72.49,12.0,41.0,0,0,43103,118.77
1785361594.324,3.7,86.3,72.47,4.0,20.0,0,0,43103,118.75
1785361595.324,4.5,87.8,72.49,4.0,5.0,0,0,43103,114.17
1785361596.324,1.7,22.2,72.50,3.0,7.0,0,0,43103,113.96
1785361597.324,2.7,83.5,71.23,3.0,0.0,0,0,43103,113.74
1785361598.324,4.2,89.9,71.23,4.0,0.0,0,0,43103,113.71
1785361599.324,3.3,100.0,71.24,2.0,0.0,0,0,43103,113.59
1785361600.324,4.5,99.0,71.43,4.0,51.0,0,0,43103,113.50
1785361601.324,6.6,98.0,71.49,2.0,181.0,0,0,43103,113.50
1785361602.325,2.3,48.0,71.49,4.0,32.0,0,0,43103,113.43
1785361603.325,4.0,78.8,71.53,3.0,31.0,0,0,43103,113.32
1785361604.325,5.5,99.0,71.52,2.0,24.0,0,0,43103,113.20
1785361605.325,3.7,100.0,71.54,4.0,19.0,0,0,43103,113.13
1785361606.325,5.0,100.0,71.53,3.0,28.0,0,0,43103,113.05
1785361607.325,4.7,99.0,71.54,3.0,16.0,0,0,43103,113.06
1785361608.325,4.8,54.0,71.58,2.0,29.0,0,0,43103,113.00
1785361609.325,4.0,99.0,71.59,5.0,22.0,0,0,43103,112.89
1785361610.325,1.8,29.6,71.61,4.0,17.0,0,0,43103,112.81
1785361611.326,3.2,68.7,71.62,3.0,17.0,0,0,43103,112.67
1785361612.326,3.1,24.0,71.63,4.0,15.0,0,0,43103,112.67
1785361613.326,4.6,100.0,71.62,2.0,20.0,0,0,43103,112.60
1785361614.326,4.5,71.0,71.63,3.0,56.0,0,0,43103,112.82
1785361615.326,3.9,77.2,71.64,5.0,47.0,0,0,43103,112.82
1785361616.326,3.1,53.7,71.64,3.0,20.0,0,0,43103,112.81
1785361617.326,6.5,100.0,71.65,3.0,31.0,0,0,43103,112.66
1785361618.327,5.2,64.6,71.66,3.0,23.0,0,0,43103,112.66
1785361619.327,3.9,100.0,71.60,2.0,31.0,0,0,43103,112.63
1785361620.327,2.6,36.0,71.61,4.0,25.0,0,0,43103,112.35
1785361621.327,4.5,100.0,71.61,3.0,21.0,0,0,43103,112.37
1785361622.327,3.8,70.3,71.61,4.0,27.0,0,0,43103,112.33
1785361623.327,2.9,39.4,71.60,4.0,23.0,0,0,43103,112.16
1785361624.327,5.0,99.0,71.59,2.0,33.0,0,0,43103,112.16
1785361625.327,3.8,78.0,71.60,3.0,31.0,0,0,43103,112.09
1785361626.327,3.6,100.0,71.58,4.0,19.0,0,0,43103,112.09
1785361627.328,5.5,100.0,71.57,3.0,16.0,0,0,43103,112.04
1785361628.328,5.3,100.0,71.60,4.0,17.0,0,0,43103,112.09
1785361629.328,5.3,87.9,71.66,3.0,15.0,0,0,43103,112.00
1785361630.328,5.5,99.0,71.69,2.0,32.0,0,0,43103,112.00
1785361631.328,4.6,81.8,71.73,3.0,34.0,0,0,43103,111.98
1785361632.328,5.4,93.1,71.74,3.0,36.0,0,0,43103,111.90
1785361633.328,5.7,99.0,71.79,2.0,37.0,0,0,43103,111.90
1785361634.328,4.8,77.2,71.83,5.0,54.9,0,0,43103,111.93
1785361635.329,6.0,95.0,71.71,3.0,23.0,0,0,43103,111.96
1785361636.329,6.4,100.0,71.70,2.0,21.0,0,0,43103,112.00
1785361637.329,5.1,52.0,71.42,3.0,17.0,0,0,43103,111.94
1785361638.329,5.6,100.0,71.62,4.0,19.0,0,0,43103,111.82
1785361639.329,6.4,100.0,71.60,3.0,38.0,0,0,43103,111.82
1785361640.329,7.1,100.0,71.59,4.0,47.0,0,0,43103,111.75
1785361641.329,7.7,100.0,71.92,2.0,36.0,0,0,43103,111.70
1785361642.329,5.6,100.0,71.88,3.0,31.0,0,0,43103,111.70
1785361643.329,5.0,100.0,71.88,2.0,47.0,0,0,43103,111.69
1785361644.329,3.6,100.0,71.94,4.0,55.0,0,0,43103,111.69
1785361645.330,5.0,100.0,72.01,2.0,40.0,0,0,43103,111.75
1785361646.330,5.1,100.0,72.00,3.0,35.0,0,0,43103,111.80
1785361647.330,5.2,100.0,72.23,2.0,39.0,0,0,43103,111.75
1785361648.330,13.2,100.0,73.05,2.0,29.1,0,0,43103,111.69
1785361649.330,8.5,100.0,72.05,3.0,25.9,0,0,43103,111.69
1785361650.330,4.6,100.0,72.05,1.0,34.0,0,0,43103,111.64
1785361651.330,5.6,99.0,72.05,4.0,26.0,0,0,43103,111.60
1785361652.330,4.7,100.0,71.49,3.0,32.0,0,0,43103,111.61
1785361653.330,6.0,100.0,71.48,1.0,38.0,0,0,43103,111.60
1785361654.330,4.3,100.0,71.47,2.0,36.0,0,0,43103,111.64
1785361655.331,4.7,100.0,71.47,2.0,34.0,0,0,43103,111.79
1785361656.331,5.9,100.0,71.47,3.0,34.0,0,0,43103,111.79
1785361657.331,5.7,100.0,71.46,1.0,32.0,0,0,43103,111.74
1785361658.331,5.6,100.0,71.43,3.0,36.0,0,0,43103,111.54
1785361659.331,6.7,100.0,71.42,3.0,35.0,0,0,43103,112.03
1785361660.331,5.8,100.0,71.42,2.0,35.0,0,0,43103,111.98
1785361661.331,5.4,100.0,71.42,2.0,47.0,0,0,43103,111.50
1785361662.331,4.8,100.0,71.40,2.0,27.0,0,0,43103,111.50
1785361663.331,5.5,99.0,71.41,3.0,26.0,0,0,43103,111.54
1785361664.331,7.2,100.0,71.46,1.0,19.0,0,0,43103,111.50
1785361665.331,5.5,99.0,71.91,3.0,27.0,0,0,43103,111.45
1785361666.331,4.4,100.0,71.88,3.0,23.0,0,0,43103,111.40
1785361667.332,4.5,100.0,71.87,1.0,27.0,0,0,43103,111.45
1785361668.332,4.4,99.0,71.86,3.0,29.0,0,0,43103,111.50
1785361669.332,3.7,100.0,71.83,4.0,28.0,0,0,43103,111.40
1785361670.332,5.4,100.0,71.81,1.0,32.0,0,0,43103,111.65
1785361671.332,5.8,100.0,71.81,2.0,32.0,0,0,43103,111.75
1785361672.332,5.4,100.0,71.79,2.0,18.0,0,0,43103,111.45
1785361673.332,4.3,100.0,71.75,2.0,19.0,0,0,43103,111.40
1785361674.332,3.2,100.0,71.74,3.0,38.0,0,0,43103,111.43
1785361675.332,4.4,100.0,71.73,4.0,200.9,0,0,43103,111.39
1785361676.332,6.3,100.0,71.73,2.0,44.0,0,0,43103,111.37
1785361677.332,8.3,100.0,71.72,3.0,45.0,0,0,43103,111.40
1785361678.333,6.3,100.0,71.70,2.0,17.0,0,0,43103,111.35
1785361679.333,4.3,100.0,71.70,3.0,57.0,0,0,43103,111.31
1785361680.333,4.3,100.0,71.68,2.0,47.0,0,0,43103,111.36
1785361681.333,4.6,100.0,71.65,3.0,44.0,0,0,43103,111.40
1785361682.333,5.5,100.0,71.65,2.0,51.0,0,0,43103,111.40
1785361683.333,4.5,100.0,71.65,1.0,57.0,0,0,43103,111.35
1785361684.333,6.3,100.0,71.65,3.0,53.0,0,0,43103,111.25
1785361685.333,6.2,100.0,71.65,3.0,187.0,0,0,43103,111.25
1785361686.333,2.7,45.5,70.91,2.0,27.0,0,0,43103,111.31
1785361687.333,3.5,100.0,71.21,4.0,18.0,0,0,43103,111.31
1785361688.333,4.2,100.0,71.21,2.0,17.0,0,0,43103,111.31
1785361689.333,4.9,100.0,71.21,1.0,28.0,0,0,43103,111.35
1785361690.334,3.9,100.0,71.22,3.0,48.0,0,0,43103,111.45
1785361691.334,2.9,100.0,71.20,3.0,53.0,0,0,43103,111.38
1785361692.334,5.1,100.0,71.17,3.0,59.0,0,0,43103,111.26
1785361693.334,5.1,100.0,71.19,3.0,41.2,0,0,43103,111.29
1785361694.334,4.3,99.0,71.18,3.0,20.9,0,0,43103,111.35
1785361695.334,5.2,100.0,71.83,1.0,15.0,0,0,43103,111.36
1785361696.334,4.5,92.0,71.83,2.0,41.9,0,0,43103,111.21
1785361697.334,3.2,100.0,71.84,4.0,65.1,0,0,43103,111.21
1785361698.334,3.5,100.0,71.84,3.0,41.0,0,0,43103,111.21
1785361699.334,2.8,100.0,71.84,3.0,51.9,0,0,43103,111.31
1785361700.334,4.2,100.0,71.86,1.0,41.0,0,0,43103,111.31
1785361701.335,4.7,100.0,71.84,2.0,35.0,0,0,43103,111.21
1785361702.335,3.6,100.0,71.94,4.0,33.0,0,0,43103,111.20
1785361703.335,5.4,100.0,72.87,1.0,74.0,0,0,43103,111.25
1785361704.335,4.4,100.0,73.21,2.0,99.0,0,0,43103,111.20
1785361705.335,4.7,100.0,73.31,4.0,101.0,0,0,43103,111.16
1785361706.335,6.9,100.0,73.41,2.0,100.0,0,0,43103,111.21
1785361707.335,3.7,100.0,73.29,48.0,58.0,0,0,43103,118.73
1785361708.335,4.2,61.0,73.29,65.0,4.0,50,37,43103,133.29
1785361709.335,5.0,83.0,73.19,45.0,3.0,0,0,43103,139.45
1785361710.336,4.4,100.0,73.18,79.0,3.0,58,43,43103,149.70
1785361711.336,4.4,100.0,73.17,99.0,5.0,58,40,43103,170.15
1785361712.336,6.0,100.0,73.16,104.0,9.0,58,40,43103,166.55
1785361713.336,5.4,100.0,73.16,90.0,6.0,58,43,43103,169.22
1785361714.336,5.3,100.0,73.16,80.0,4.0,58,43,43103,157.14
1785361715.336,6.0,100.0,73.20,95.0,5.0,60,42,43103,179.39
1785361716.336,5.0,100.0,73.20,101.0,6.0,59,40,43103,171.98
1785361717.336,5.4,100.0,73.17,106.0,12.0,57,41,43103,169.01
1785361718.336,5.8,100.0,73.14,105.0,12.0,55,38,43103,170.75
1785361719.336,5.4,99.0,73.15,104.0,11.0,54,38,43103,168.20
1785361720.337,6.1,99.0,73.12,107.4,8.9,53,36,43103,163.26
1785361721.337,5.7,96.0,73.14,100.5,8.0,55,39,43103,165.14
1785361722.337,6.3,100.0,73.13,96.0,5.0,58,43,43103,168.50
1785361723.337,6.1,100.0,73.13,22.0,2.0,0,0,43103,136.38
1785361724.337,7.1,100.0,73.16,54.2,1.0,58,42,43103,140.91
1785361725.337,6.6,100.0,73.15,30.8,2.0,0,0,43103,125.72
1785361726.337,6.1,100.0,73.48,64.2,3.0,59,40,43103,146.14
1785361727.337,5.7,100.0,73.33,98.0,7.0,55,40,43103,166.27
1785361728.337,5.4,100.0,73.49,102.0,6.0,58,42,43103,169.15
1785361729.337,5.3,100.0,73.47,96.0,7.0,60,42,43103,171.66
1785361730.338,6.8,100.0,73.45,103.1,9.0,52,36,43103,171.12
1785361731.338,5.6,100.0,72.68,103.9,8.0,54,41,43103,171.50
1785361732.338,5.1,100.0,73.28,99.0,5.0,58,43,43103,178.82
1785361733.338,4.8,100.0,73.28,24.0,1.0,0,0,43103,137.22
1785361734.338,4.9,100.0,73.26,3.0,0.0,0,0,43103,119.96
1785361735.338,4.5,100.0,73.23,61.0,3.0,59,44,43103,131.90
1785361736.338,5.6,100.0,73.20,46.0,1.0,0,0,43103,154.30
1785361737.338,7.6,100.0,73.21,19.0,1.0,0,0,43103,119.23
1785361738.338,7.2,100.0,73.18,41.0,2.0,11,8,43103,127.15
1785361739.339,5.9,100.0,73.18,100.1,6.0,52,36,43103,169.63
1785361740.339,4.8,100.0,73.19,103.9,10.0,56,40,43103,167.21
1785361741.339,4.4,100.0,73.18,99.0,8.0,55,38,43103,169.89
1785361742.339,5.2,100.0,73.16,77.0,3.0,0,0,43103,165.11
1785361743.339,4.9,100.0,73.12,93.0,3.0,50,37,43103,154.49
1785361744.339,5.0,100.0,73.09,101.0,8.0,55,39,43103,166.55
1785361745.339,4.6,100.0,73.09,62.0,3.0,0,0,43103,153.77
1785361746.339,3.5,100.0,73.16,80.0,5.0,56,40,43103,149.76
1785361747.339,5.1,100.0,73.14,102.0,8.0,58,41,43103,166.54
1785361748.339,5.5,100.0,73.12,101.0,7.0,59,41,43103,171.10
1785361749.340,4.7,100.0,73.10,100.0,8.0,59,41,43103,172.36
1785361750.340,5.8,100.0,73.08,101.0,8.0,59,41,43103,170.17
1785361751.340,3.9,100.0,73.06,102.0,7.0,55,39,43103,169.80
1785361752.340,4.3,99.0,73.06,106.0,11.0,47,32,43103,168.67
1785361753.340,5.1,90.1,73.09,109.4,10.0,56,40,43103,169.36
1785361754.340,5.0,100.0,73.07,104.5,10.9,57,41,43103,169.69
1785361755.340,5.6,100.0,73.06,101.0,8.0,58,41,43103,169.20
1785361756.340,4.6,100.0,73.02,61.0,3.0,0,0,43103,157.42
1785361757.340,5.0,100.0,73.03,78.0,2.0,58,43,43103,154.76
1785361758.340,4.1,100.0,73.00,100.0,6.0,53,39,43103,172.30
1785361759.341,3.9,100.0,72.99,96.0,3.0,57,42,43103,174.39
1785361760.341,4.9,100.0,72.99,88.0,4.0,59,44,43103,174.72
1785361761.341,5.6,100.0,72.97,98.0,6.0,58,41,43103,167.47
1785361762.341,4.0,100.0,72.92,97.0,6.0,58,40,43103,168.37
1785361763.341,3.5,100.0,72.93,103.0,6.0,51,35,43103,168.02
1785361764.341,3.1,74.0,72.90,112.9,11.0,50,35,43103,162.75
1785361765.341,3.4,87.9,72.76,101.0,8.0,60,41,43103,168.89
1785361766.341,4.9,100.0,72.75,88.0,4.0,54,40,43103,158.65
1785361767.341,5.7,100.0,72.71,33.0,2.0,57,42,43103,131.54
1785361768.341,6.3,100.0,72.71,82.0,3.0,55,38,43103,162.33
1785361769.342,3.6,100.0,72.70,98.0,5.0,55,40,43103,175.40
1785361770.342,5.0,100.0,72.67,103.0,7.0,55,38,43103,175.40
1785361771.342,6.3,100.0,72.67,104.0,11.0,57,40,43103,177.48
1785361772.342,3.5,100.0,72.64,109.0,11.0,56,40,43103,172.75
1785361773.342,3.5,100.0,72.64,104.0,10.0,58,40,43103,171.09
1785361774.342,3.9,100.0,72.62,96.0,5.0,58,40,43103,168.84
1785361775.342,4.0,85.6,72.60,105.9,7.0,51,35,43103,165.38
1785361776.342,4.2,73.7,72.37,104.0,8.0,53,37,43103,168.24
1785361777.343,4.3,100.0,72.35,100.0,5.0,60,41,43103,169.83
1785361778.343,2.9,100.0,72.34,97.0,6.0,51,35,43103,167.76
1785361779.343,5.0,100.0,72.34,104.0,9.0,59,42,43103,169.39
1785361780.343,7.0,100.0,72.33,99.0,4.0,58,43,43103,172.49
1785361781.343,5.0,100.0,72.32,79.0,5.0,59,41,43103,156.23
1785361782.343,5.6,100.0,72.29,105.0,10.0,56,40,43103,169.72
1785361783.343,4.7,100.0,72.28,113.0,13.0,54,39,43103,173.15
1785361784.343,5.8,100.0,72.22,110.0,15.0,57,41,43103,167.74
1785361785.343,4.0,100.0,72.23,105.0,9.0,56,39,43103,168.18
1785361786.343,2.8,42.4,72.23,61.0,4.0,9,6,43103,142.44
1785361787.344,2.1,76.0,72.23,21.0,1.0,0,0,43103,122.74
1785361788.344,2.7,100.0,72.24,25.0,1.0,52,38,43103,125.43
1785361789.344,4.6,100.0,72.26,88.0,4.0,56,40,43103,159.76
1785361790.344,2.6,100.0,72.26,78.0,4.0,49,35,43103,158.56
1785361791.344,5.4,100.0,72.26,98.9,4.0,52,38,43103,169.78
1785361792.344,5.6,100.0,72.25,99.0,3.0,56,39,43103,170.54
1785361793.344,3.6,100.0,72.26,22.0,2.0,0,0,43103,125.64
1785361794.344,3.7,100.0,72.24,11.0,1.0,0,0,43103,113.71
1785361795.344,3.7,100.0,72.24,18.0,0.0,45,33,43103,116.54
1785361796.344,6.0,100.0,72.21,96.1,5.0,59,40,43103,169.49
1785361797.345,7.7,100.0,72.23,36.0,2.0,0,0,43103,133.12
1785361798.345,4.3,74.0,72.21,66.0,4.0,52,39,43103,141.19
1785361799.345,4.4,75.8,72.17,104.0,6.0,59,40,43103,168.83
1785361800.345,3.4,100.0,72.18,100.0,7.0,58,41,43103,167.16
1785361801.345,4.9,100.0,72.18,99.0,7.0,58,41,43103,165.03
1785361802.345,6.0,100.0,72.18,103.0,9.0,57,40,43103,168.06
1785361803.345,5.8,100.0,72.17,105.0,9.0,59,41,43103,168.76
1785361804.345,4.2,100.0,72.15,96.0,5.0,55,38,43103,164.15
1785361805.345,4.5,100.0,72.19,87.0,4.0,60,41,43103,158.35
1785361806.345,4.9,100.0,72.18,87.0,4.0,43,32,43103,167.53
1785361807.346,4.3,99.0,72.19,27.0,2.0,38,28,43103,119.44
1785361808.346,4.2,77.6,72.40,98.0,4.0,55,40,43103,170.77
1785361809.346,4.9,100.0,70.89,27.0,0.0,0,0,43103,132.83
1785361810.346,4.2,100.0,70.88,1.0,0.0,0,0,43103,122.40
1785361811.346,4.8,100.0,70.88,3.0,0.0,0,0,43103,111.61
1785361812.346,7.2,100.0,71.10,2.0,206.9,0,0,43103,111.54
1785361813.346,5.9,100.0,71.12,2.0,51.3,0,0,43103,111.45
1785361814.346,4.3,100.0,71.14,1.0,34.8,0,0,43103,111.30
1785361815.346,4.0,100.0,71.14,4.0,35.0,0,0,43103,111.40
1785361816.346,5.0,88.0,71.16,3.0,37.0,0,0,43103,111.25
1785361817.347,1.7,20.2,71.15,2.0,18.0,0,0,43103,110.90
1785361818.347,2.2,98.0,71.48,5.0,20.9,0,0,43103,110.82
1785361819.347,4.5,100.0,71.51,3.0,71.6,0,0,43103,110.70
1785361820.347,4.7,100.0,71.53,2.0,38.9,0,0,43103,110.63
1785361821.347,4.6,100.0,71.56,2.0,42.9,0,0,43103,111.75
1785361822.347,3.0,100.0,71.57,4.0,41.0,0,0,43103,113.03
1785361823.347,3.3,100.0,71.59,2.0,42.0,0,0,43103,113.03
1785361824.347,4.9,100.0,71.58,2.0,50.0,0,0,43103,112.82
1785361825.347,5.2,100.0,71.58,1.0,21.0,0,0,43103,112.72
1785361826.347,4.6,100.0,71.58,4.0,50.0,0,0,43103,112.71
1785361827.348,3.6,100.0,71.57,2.0,53.0,0,0,43103,112.66
1785361828.348,5.0,41.0,71.44,4.0,66.9,0,0,43103,112.54
1785361829.348,4.7,100.0,71.35,3.0,39.0,0,0,43103,112.55
1785361830.348,5.0,100.0,71.37,3.0,31.0,0,0,43103,112.52
1785361831.348,4.9,100.0,71.38,2.0,66.0,0,0,43103,112.47
1785361832.348,5.7,100.0,71.60,2.0,55.0,0,0,43103,112.42
1785361833.348,4.2,100.0,71.56,4.0,52.0,0,0,43103,112.42
1785361834.348,4.4,100.0,71.55,4.0,51.0,0,0,43103,112.40
1785361835.348,5.6,100.0,71.53,0.0,41.0,0,0,43103,112.31
1785361836.348,4.7,100.0,71.54,4.0,35.0,0,0,43103,112.22
1785361837.348,4.2,100.0,71.54,0.0,39.0,0,0,43103,112.22
1785361838.349,4.2,100.0,71.54,3.0,35.0,0,0,43103,112.27
1785361839.349,4.1,100.0,71.54,2.0,22.0,0,0,43103,112.28
1785361840.349,3.4,99.0,71.55,3.0,21.0,0,0,43103,112.22
1785361841.349,3.5,55.0,71.55,3.0,21.0,0,0,43103,112.07
1785361842.349,2.8,92.9,71.55,3.0,22.0,0,0,43103,112.08
1785361843.349,4.1,81.2,71.57,3.0,20.0,0,0,43103,112.14
1785361844.349,4.2,100.0,71.51,2.0,18.0,0,0,43103,112.33
1785361845.349,3.6,87.9,71.53,3.0,20.0,0,0,43103,112.28
1785361846.349,4.1,74.3,71.52,3.0,26.9,0,0,43103,112.00
1785361847.350,3.6,99.0,71.51,5.0,20.0,0,0,43103,112.00
1785361848.350,4.8,100.0,71.49,1.0,20.0,0,0,43103,112.00
1785361849.350,3.8,99.0,71.48,2.0,21.0,0,0,43103,112.00
1785361850.350,4.5,100.0,71.51,2.0,23.0,0,0,43103,111.94
1785361851.350,3.8,82.0,71.51,3.0,13.0,0,0,43103,111.89
1785361852.350,4.2,53.1,71.51,3.0,21.0,0,0,43103,111.85
1785361853.350,3.1,26.7,71.51,4.0,15.0,0,0,43103,111.85
1785361854.350,2.8,100.0,71.49,1.0,19.0,0,0,43103,111.85
1785361855.350,4.3,100.0,71.49,3.0,18.0,0,0,43103,111.80
1785361856.351,4.7,99.0,71.50,3.0,22.0,0,0,43103,111.85
1785361857.351,5.6,31.0,71.50,2.0,21.0,0,0,43103,111.85
1785361858.351,4.1,83.8,71.51,4.0,21.0,0,0,43103,111.75
1785361859.351,3.4,65.7,71.50,5.0,20.0,0,0,43103,111.70
1785361860.351,3.9,98.0,71.50,1.0,20.0,0,0,43103,111.70
1785361861.351,1.5,26.0,71.51,3.0,21.0,0,0,43103,111.75
1785361862.351,2.2,28.0,71.48,6.0,26.0,0,0,43103,111.75
1785361863.351,4.4,100.0,71.48,1.0,30.0,0,0,43103,111.74
1785361864.351,5.4,100.0,71.44,2.0,17.0,0,0,43103,111.98
1785361865.352,4.6,99.0,71.43,3.0,15.0,0,0,43103,111.94
1785361866.352,5.3,100.0,70.99,4.0,18.0,0,0,43103,111.65
1785361867.352,5.3,100.0,71.11,1.0,16.0,0,0,43103,111.70
1785361868.352,5.5,100.0,71.23,2.0,16.0,0,0,43103,111.79
1785361869.352,6.2,100.0,71.24,3.0,16.0,0,0,43103,111.69
1785361870.352,6.0,100.0,71.25,3.0,18.0,0,0,43103,111.60
1785361871.352,5.0,100.0,71.23,2.0,21.0,0,0,43103,111.60
1785361872.352,4.3,100.0,71.23,4.0,16.0,0,0,43103,111.69
1785361873.352,4.8,100.0,71.24,3.0,23.0,0,0,43103,111.69
1785361874.352,6.5,100.0,71.23,3.0,28.0,0,0,43103,111.64
1785361875.353,5.3,100.0,71.24,1.0,28.0,0,0,43103,111.64
1785361876.353,4.7,87.0,71.23,3.0,27.0,0,0,43103,111.54
1785361877.353,5.3,85.9,71.04,3.0,31.0,0,0,43103,111.55
1785361878.353,6.2,100.0,71.04,3.0,34.0,0,0,43103,111.60
1785361879.353,7.0,100.0,71.04,1.0,18.0,0,0,43103,111.57
1785361880.353,5.4,100.0,71.05,4.0,22.0,0,0,43103,111.47
1785361881.353,5.2,100.0,71.06,2.0,38.0,0,0,43103,111.45
1785361882.353,7.0,100.0,71.08,3.0,198.0,0,0,43103,111.54
1785361883.353,5.8,100.0,71.09,3.0,42.0,0,0,43103,111.45
1785361884.353,5.4,100.0,71.10,3.0,45.0,0,0,43103,111.35
1785361885.354,7.9,86.0,71.08,2.0,12.0,0,0,43103,111.69
1785361886.354,5.1,85.0,71.52,3.0,51.0,0,0,43103,111.74
1785361887.354,5.0,100.0,71.51,4.0,50.0,0,0,43103,111.45
1785361888.354,7.8,100.0,71.52,2.0,46.0,0,0,43103,111.40
1785361889.354,9.4,100.0,71.51,1.0,52.2,0,0,43103,111.45
1785361890.354,7.8,100.0,71.68,2.0,55.0,0,0,43103,111.45
1785361891.354,7.3,100.0,71.72,2.0,52.8,0,0,43103,111.40
1785361892.354,6.2,100.0,71.74,2.0,63.0,0,0,43103,111.45
1785361893.354,7.4,100.0,71.77,1.0,179.0,0,0,43103,111.45
1785361894.354,6.2,80.8,71.77,4.0,17.0,0,0,43103,111.45
1785361895.355,5.9,100.0,72.07,3.0,17.9,0,0,43103,111.45
1785361896.355,6.2,100.0,72.05,0.0,25.1,0,0,43103,111.40
1785361897.355,6.8,100.0,72.05,4.0,34.0,0,0,43103,111.69
1785361898.355,6.3,100.0,72.04,2.0,30.0,0,0,43103,111.64
1785361899.355,4.5,100.0,72.05,3.0,48.0,0,0,43103,111.25
1785361900.355,4.2,100.0,72.04,1.0,52.0,0,0,43103,111.25
1785361901.355,4.2,100.0,72.04,2.0,48.2,0,0,43103,111.30
1785361902.355,3.8,100.0,72.05,3.0,27.9,0,0,43103,111.45
1785361903.355,5.2,100.0,72.06,2.0,22.0,0,0,43103,111.40
1785361904.355,5.0,79.8,72.04,2.0,59.0,0,0,43103,111.31
1785361905.356,4.3,73.0,71.99,3.0,49.0,0,0,43103,111.31
1785361906.356,5.0,100.0,72.01,2.0,39.0,0,0,43103,111.25
1785361907.356,4.7,100.0,71.99,3.0,52.0,0,0,43103,111.29
1785361908.356,5.2,100.0,71.99,3.0,36.0,0,0,43103,111.25
1785361909.356,4.5,100.0,71.98,1.0,39.0,0,0,43103,111.20
1785361910.356,4.8,100.0,72.00,3.0,10.0,0,0,43103,111.59
1785361911.356,4.8,100.0,72.49,1.0,74.0,0,0,43103,111.64
1785361912.356,5.2,100.0,73.37,2.0,100.0,0,0,43103,111.25
1785361913.356,8.3,100.0,73.35,5.0,99.0,0,0,43103,111.30
1785361914.357,6.6,100.0,73.58,1.0,101.0,0,0,43103,111.30
1785361915.357,7.3,99.0,73.15,56.0,67.0,56,41,43103,127.70
1785361916.357,7.3,90.0,73.39,136.0,38.0,51,39,43103,170.38
1785361917.357,8.8,100.0,73.41,87.0,21.0,0,0,43103,149.64
1785361918.357,7.0,100.0,73.42,97.0,5.0,57,39,43103,162.82
1785361919.357,5.0,100.0,73.42,97.0,6.0,60,41,43103,169.05
1785361920.357,4.5,100.0,73.43,95.0,5.0,57,42,43103,173.51
1785361921.357,2.9,100.0,73.44,98.0,5.0,55,39,43103,173.53
1785361922.357,3.8,100.0,73.40,106.0,10.0,57,40,43103,169.43
1785361923.357,5.9,100.0,73.40,104.0,10.0,59,42,43103,168.77
1785361924.357,5.7,100.0,73.38,108.0,11.0,55,39,43103,170.49
1785361925.358,5.4,100.0,73.36,109.0,12.0,57,41,43103,169.43
1785361926.358,5.6,100.0,73.34,110.0,13.0,57,41,43103,169.91
1785361927.358,3.6,83.0,73.33,112.0,15.0,53,38,43103,170.80
1785361928.358,3.4,100.0,73.34,105.0,12.0,55,40,43103,170.40
1785361929.358,3.4,100.0,73.31,104.0,9.0,57,40,43103,168.66
1785361930.358,2.9,90.0,73.29,101.0,7.0,57,39,43103,166.70
1785361931.358,4.8,78.8,72.81,99.0,6.0,57,42,43103,165.37
1785361932.358,5.1,100.0,73.31,49.0,2.0,0,0,43103,152.44
1785361933.358,5.2,100.0,73.26,18.0,1.0,0,0,43103,125.05
1785361934.359,4.5,100.0,73.25,22.9,1.0,0,0,43103,124.38
1785361935.359,4.3,100.0,73.25,67.0,5.0,53,36,43103,137.26
1785361936.359,3.8,100.0,73.24,105.0,8.0,51,34,43103,165.99
1785361937.359,5.2,100.0,73.22,97.0,6.0,58,39,43103,168.81
1785361938.359,5.1,100.0,73.22,98.0,5.0,53,37,43103,169.66
1785361939.359,4.8,100.0,73.21,107.0,11.0,59,41,43103,168.81
1785361940.359,4.8,87.0,73.21,107.0,10.0,55,38,43103,168.48
1785361941.359,5.5,100.0,73.15,103.0,8.0,59,40,43103,167.93
1785361942.359,3.0,100.0,73.15,97.1,5.0,55,38,43103,170.28
1785361943.359,4.4,100.0,73.12,99.9,6.0,56,38,43103,166.76
1785361944.360,3.2,100.0,73.14,104.0,8.0,52,36,43103,169.79
1785361945.360,2.9,100.0,73.14,105.0,11.0,54,39,43103,167.24
1785361946.360,4.7,100.0,73.16,96.0,9.0,58,40,43103,168.31
1785361947.360,5.4,100.0,73.14,99.0,7.0,60,41,43103,171.65
1785361948.360,5.0,100.0,73.12,102.0,8.0,57,40,43103,169.06
1785361949.360,4.4,100.0,73.11,105.0,11.0,55,39,43103,169.64
1785361950.360,4.6,100.0,73.13,105.0,11.0,54,37,43103,168.01
1785361951.360,5.9,100.0,73.15,97.0,6.0,59,43,43103,167.98
1785361952.360,5.3,100.0,73.16,55.0,2.0,58,43,43103,151.82
1785361953.360,3.2,100.0,73.15,98.0,6.0,54,37,43103,170.39
1785361954.360,3.6,100.0,73.23,93.0,5.0,55,40,43103,172.40
1785361955.361,4.8,100.0,73.37,40.0,2.0,54,40,43103,134.38
1785361956.361,5.7,100.0,73.34,96.0,5.0,57,39,43103,173.61
1785361957.361,4.5,100.0,73.31,102.0,7.0,58,41,43103,171.84
1785361958.361,6.5,100.0,73.29,100.0,7.0,55,38,43103,167.12
1785361959.361,7.4,100.0,73.35,94.0,7.0,53,37,43103,172.06
1785361960.361,7.2,100.0,73.38,99.0,7.0,59,40,43103,170.09
1785361961.361,7.8,100.0,73.42,68.0,3.0,38,28,43103,156.07
1785361962.361,8.0,100.0,73.62,77.0,6.0,0,0,43103,158.82
1785361963.361,6.8,100.0,73.77,78.6,4.0,59,44,43103,160.26
1785361964.361,7.3,100.0,73.76,94.4,4.0,58,43,43103,174.94
1785361965.361,5.4,100.0,73.76,28.0,1.0,49,36,43103,131.15
1785361966.362,8.1,100.0,73.78,96.0,3.0,57,41,43103,176.37
1785361967.362,8.2,100.0,73.99,75.0,5.0,58,43,43103,156.98
1785361968.362,5.1,100.0,73.97,8.0,0.0,0,0,43103,122.59
1785361969.362,4.4,100.0,73.95,22.0,1.0,51,38,43103,123.29
1785361970.362,5.7,100.0,73.92,102.0,8.0,61,43,43103,171.35
1785361971.362,8.4,100.0,74.16,105.9,9.0,50,34,43103,166.67
1785361972.362,8.2,99.0,74.46,101.1,8.0,57,39,43103,167.46
1785361973.362,8.4,100.0,74.46,96.0,6.0,58,40,43103,170.62
1785361974.362,9.6,100.0,74.60,97.0,6.0,54,40,43103,173.57
1785361975.362,7.5,99.0,74.59,72.0,5.0,54,40,43103,156.16
1785361976.362,8.8,100.0,74.70,98.0,5.0,53,38,43103,173.91
1785361977.363,10.4,100.0,74.70,98.0,8.0,59,42,43103,176.15
1785361978.363,9.2,100.0,74.70,95.0,5.0,58,40,43103,171.99
1785361979.363,6.9,100.0,74.67,92.0,6.0,38,28,43103,167.99
1785361980.363,6.9,100.0,74.64,65.0,5.0,57,39,43103,148.97
1785361981.363,6.6,100.0,74.58,97.0,7.0,59,40,43103,167.24
1785361982.363,6.9,100.0,74.52,103.0,7.0,55,39,43103,169.26
1785361983.363,4.8,100.0,74.52,101.0,7.0,53,37,43103,171.35
1785361984.363,5.6,100.0,74.51,97.0,8.0,57,39,43103,173.19
1785361985.363,5.7,100.0,74.47,101.0,8.0,59,41,43103,171.25
1785361986.363,6.6,99.0,74.44,100.0,9.0,52,37,43103,170.65
1785361987.364,6.8,100.0,74.04,103.0,9.0,54,38,43103,168.65
1785361988.364,7.2,100.0,74.02,100.0,9.0,57,43,43103,170.96
1785361989.364,7.3,100.0,73.98,98.0,5.0,57,39,43103,174.53
1785361990.364,6.9,100.0,73.96,98.0,6.0,56,39,43103,170.46
1785361991.364,7.2,100.0,73.95,94.0,7.0,58,43,43103,175.53
1785361992.364,5.3,100.0,73.96,3.0,0.0,0,0,43103,118.23
1785361993.364,5.2,100.0,73.92,58.0,5.0,34,23,43103,143.63
1785361994.364,7.1,100.0,73.88,70.0,4.0,49,36,43103,153.33
1785361995.364,6.1,99.0,74.05,102.0,5.0,56,42,43103,169.27
1785361996.364,6.8,100.0,74.03,22.0,1.0,0,0,43103,129.98
1785361997.365,6.6,100.0,74.00,80.0,5.0,58,40,43103,151.64
1785361998.365,6.9,100.0,73.98,96.0,6.0,58,42,43103,166.68
1785361999.365,8.3,100.0,73.96,99.0,5.0,56,39,43103,171.79
1785362000.365,6.7,100.0,73.93,101.0,9.0,57,40,43103,167.22
1785362001.365,6.5,100.0,73.92,95.0,6.0,58,41,43103,164.96
1785362002.365,7.0,100.0,73.89,107.0,11.0,52,36,43103,167.75
1785362003.365,6.8,100.0,73.86,103.0,8.0,55,38,43103,167.85
1785362004.365,7.0,100.0,73.84,96.0,6.0,59,41,43103,167.33
1785362005.365,6.9,100.0,73.85,105.0,10.0,55,39,43103,167.27
1785362006.365,5.3,100.0,73.80,17.0,3.0,0,0,43103,123.92
1785362007.366,6.9,83.0,73.78,106.0,7.0,51,36,43103,167.45
1785362008.366,6.7,84.2,73.77,101.0,7.0,57,42,43103,171.55
1785362009.366,7.3,74.7,73.83,91.0,6.0,42,31,43103,162.47
1785362010.366,3.9,68.0,73.81,30.0,1.0,0,0,43103,123.93
1785362011.366,7.4,73.0,73.82,104.0,13.0,56,38,43103,150.05
1785362012.366,9.5,100.0,74.00,107.0,10.0,55,37,43103,167.98
1785362013.366,8.5,100.0,73.98,105.0,7.0,54,40,43103,168.25
1785362014.366,9.1,100.0,74.30,107.0,10.0,53,36,43103,169.77
1785362015.366,8.6,100.0,74.10,107.0,10.0,56,39,43103,163.43
1785362016.367,5.3,100.0,74.09,100.0,10.0,58,40,43103,167.53
1785362017.367,6.1,100.0,73.96,61.0,28.0,0,0,43103,152.26
1785362018.367,5.9,100.0,72.57,3.0,0.0,0,0,43103,118.21
1785362019.367,5.4,100.0,72.57,1.0,0.0,0,0,43103,111.62
1785362020.367,6.8,100.0,72.71,2.0,0.0,0,0,43103,111.54
1785362021.367,7.2,100.0,72.74,3.0,191.0,0,0,43103,111.40
1785362022.367,4.2,100.0,72.83,3.0,24.0,0,0,43103,111.25
1785362023.367,4.5,91.0,72.83,3.0,33.0,0,0,43103,111.15
1785362024.368,5.7,72.0,72.69,3.0,31.0,0,0,43103,111.11
1785362025.368,6.0,100.0,72.70,3.0,25.0,0,0,43103,111.01
1785362026.368,8.0,100.0,72.70,3.0,36.0,0,0,43103,110.81
1785362027.368,6.7,100.0,72.71,2.0,61.0,0,0,43103,110.72
1785362028.368,6.0,100.0,72.72,3.0,43.0,0,0,43103,110.67
1785362029.368,5.3,87.0,72.73,3.0,48.0,0,0,43103,111.74
1785362030.368,5.7,100.0,72.73,3.0,36.0,0,0,43103,112.86
1785362031.368,6.6,100.0,72.71,3.0,41.0,0,0,43103,112.81
1785362032.368,7.5,100.0,72.72,2.0,49.0,0,0,43103,112.81
1785362033.368,5.9,100.0,72.80,1.0,18.0,0,0,43103,112.81
1785362034.369,7.5,100.0,72.78,3.0,52.0,0,0,43103,112.71
1785362035.369,7.7,67.7,71.75,3.0,34.0,0,0,43103,112.62
1785362036.369,7.5,100.0,72.54,3.0,64.0,0,0,43103,112.57
1785362037.369,9.7,100.0,72.55,2.0,45.0,0,0,43103,112.57
1785362038.369,8.2,100.0,72.56,2.0,30.0,0,0,43103,112.52
1785362039.369,6.5,100.0,72.55,3.0,58.0,0,0,43103,112.47
1785362040.369,4.7,100.0,72.56,2.0,55.0,0,0,43103,112.42
1785362041.369,4.3,100.0,72.56,3.0,52.0,0,0,43103,112.37
1785362042.369,6.4,100.0,72.56,2.0,58.0,0,0,43103,112.37
1785362043.369,7.7,100.0,72.54,3.0,40.0,0,0,43103,112.32
1785362044.369,4.2,100.0,72.54,3.0,36.0,0,0,43103,112.28
1785362045.370,4.1,100.0,72.53,2.0,38.0,0,0,43103,112.33
1785362046.370,4.0,74.3,72.54,3.0,26.0,0,0,43103,112.40
1785362047.370,4.1,80.0,72.51,3.0,32.0,0,0,43103,112.27
1785362048.370,6.6,100.0,72.48,3.0,33.0,0,0,43103,112.15
1785362049.370,5.9,100.0,72.51,2.0,34.0,0,0,43103,112.13
1785362050.370,4.8,100.0,72.48,3.0,34.0,0,0,43103,112.13
1785362051.370,4.3,100.0,72.55,2.0,34.0,0,0,43103,112.13
1785362052.370,6.0,100.0,72.55,2.0,36.0,0,0,43103,112.03
1785362053.370,6.1,100.0,72.51,2.0,33.2,0,0,43103,111.98
1785362054.370,6.2,100.0,72.58,3.0,26.9,0,0,43103,111.98
1785362055.371,5.4,100.0,72.59,2.0,32.0,0,0,43103,111.93
1785362056.371,5.5,88.9,72.57,2.0,26.0,0,0,43103,111.93
1785362057.371,6.4,100.0,72.72,3.0,22.0,0,0,43103,111.93
1785362058.371,5.4,99.0,72.73,2.0,16.0,0,0,43103,111.89
1785362059.371,5.9,100.0,72.71,2.0,34.0,0,0,43103,111.84
1785362060.371,6.6,100.0,72.72,2.0,26.0,0,0,43103,111.88
1785362061.371,6.3,100.0,72.73,2.0,19.0,0,0,43103,111.89
1785362062.371,5.2,100.0,72.73,3.0,24.0,0,0,43103,111.79
1785362063.371,5.5,100.0,72.73,1.0,16.0,0,0,43103,111.79
1785362064.371,6.0,100.0,72.74,4.0,20.0,0,0,43103,111.74
1785362065.372,4.4,100.0,72.75,1.0,27.0,0,0,43103,111.74
1785362066.372,6.1,100.0,72.73,3.0,28.0,0,0,43103,111.79
1785362067.372,6.1,100.0,72.72,3.0,24.0,0,0,43103,111.79
1785362068.372,6.1,100.0,72.73,1.0,30.0,0,0,43103,111.74
1785362069.372,5.9,100.0,72.73,3.0,14.0,0,0,43103,111.69
1785362070.372,6.4,100.0,72.73,2.0,27.0,0,0,43103,111.69
1785362071.372,7.5,100.0,72.76,3.0,48.0,0,0,43103,111.64
1785362072.372,8.9,100.0,72.74,2.0,198.8,0,0,43103,112.08
1785362073.372,7.0,99.0,72.74,4.0,35.0,0,0,43103,112.08
1785362074.372,5.6,81.8,72.35,2.0,44.0,0,0,43103,111.55
1785362075.372,6.8,100.0,72.35,3.0,17.0,0,0,43103,111.55
1785362076.372,5.7,100.0,72.35,2.0,60.0,0,0,43103,111.59
1785362077.373,6.3,100.0,72.34,3.0,48.2,0,0,43103,111.59
1785362078.373,4.5,100.0,72.33,3.0,42.8,0,0,43103,111.54
1785362079.373,5.1,100.0,72.32,3.0,51.0,0,0,43103,111.45
1785362080.373,6.7,100.0,72.40,3.0,59.0,0,0,43103,111.45
1785362081.373,5.1,100.0,72.48,3.0,55.0,0,0,43103,111.50
1785362082.373,7.5,100.0,72.85,1.0,58.1,0,0,43103,111.54
1785362083.373,8.8,100.0,72.90,3.0,187.6,0,0,43103,111.54
1785362084.373,6.0,100.0,72.89,2.0,18.0,0,0,43103,111.50
1785362085.373,7.4,100.0,72.90,2.0,17.0,0,0,43103,111.54
1785362086.373,6.9,100.0,72.92,3.0,27.0,0,0,43103,111.50
1785362087.374,7.6,100.0,72.98,1.0,41.0,0,0,43103,111.40
1785362088.374,8.8,100.0,73.06,2.0,52.0,0,0,43103,111.40
1785362089.374,5.1,100.0,73.13,5.0,55.0,0,0,43103,111.40
1785362090.374,5.0,88.1,73.21,2.0,51.2,0,0,43103,111.40
1785362091.374,6.8,100.0,73.45,3.0,27.9,0,0,43103,111.40
1785362092.374,6.8,100.0,73.46,3.0,20.0,0,0,43103,111.45
1785362093.374,6.8,100.0,73.53,1.0,34.0,0,0,43103,111.40
1785362094.374,9.7,100.0,73.57,2.0,66.0,0,0,43103,111.35
1785362095.374,7.3,100.0,73.60,5.0,44.0,0,0,43103,111.35
1785362096.374,9.6,100.0,73.83,2.0,48.0,0,0,43103,111.35
1785362097.375,11.9,100.0,73.79,2.0,45.0,0,0,43103,111.40
1785362098.375,10.0,100.0,74.18,3.0,39.0,0,0,43103,111.40
1785362099.375,8.0,100.0,75.14,2.0,24.0,0,0,43103,111.40
1785362100.375,10.4,83.0,74.71,3.0,45.0,0,0,43103,111.30
1785362101.375,7.4,100.0,75.98,3.0,92.0,0,0,43103,111.25
1785362102.375,7.0,100.0,76.00,2.0,100.0,0,0,43103,111.25
1785362103.375,8.0,100.0,76.23,3.0,100.0,0,0,43103,111.39
1785362104.375,7.0,100.0,76.12,2.0,100.0,0,0,43103,111.44
1785362105.375,7.5,100.0,76.09,128.0,45.0,54,39,43103,145.33
1785362106.375,9.3,100.0,76.08,131.0,38.0,21,15,43103,165.55
1785362107.376,6.7,100.0,76.09,102.0,10.0,56,39,43103,159.96
1785362108.376,9.1,100.0,76.03,114.0,17.0,56,40,43103,172.63
1785362109.376,8.6,100.0,75.99,116.0,18.0,59,42,43103,166.77
1785362110.376,7.5,100.0,75.97,110.0,15.0,57,41,43103,171.70
1785362111.376,7.8,100.0,75.96,108.0,12.0,57,41,43103,171.95
1785362112.376,9.4,87.0,75.67,112.0,13.0,55,39,43103,169.07
1785362113.376,5.0,100.0,75.67,109.0,12.0,52,37,43103,167.40
1785362114.376,6.0,100.0,75.67,108.0,11.0,59,42,43103,167.23
1785362115.376,6.9,100.0,75.64,109.0,12.0,55,39,43103,171.56
1785362116.376,5.8,100.0,75.59,98.0,5.0,51,37,43103,169.74
1785362117.377,7.0,100.0,75.55,99.9,8.0,50,34,43103,166.82
1785362118.377,8.6,100.0,75.56,107.1,8.0,48,33,43103,169.39
1785362119.377,6.8,100.0,75.56,113.0,15.0,57,40,43103,170.19
1785362120.377,7.5,100.0,75.54,110.0,14.0,49,35,43103,172.31
1785362121.377,6.4,100.0,75.51,107.0,12.0,59,41,43103,170.50
1785362122.377,8.0,100.0,75.13,105.0,10.0,56,40,43103,172.37
1785362123.377,7.9,88.1,75.20,114.0,14.0,57,42,43103,171.65
1785362124.377,4.2,95.0,75.67,108.0,10.0,51,36,43103,167.32
1785362125.377,5.7,100.0,75.65,103.0,10.0,55,38,43103,168.16
1785362126.377,6.7,100.0,75.66,103.0,7.0,58,41,43103,167.22
1785362127.378,7.0,100.0,75.64,112.0,10.0,57,41,43103,170.51
1785362128.378,7.3,100.0,75.59,107.0,13.0,58,42,43103,172.33
1785362129.378,7.7,100.0,75.57,112.0,14.0,51,35,43103,169.52
1785362130.378,6.2,100.0,75.61,109.0,14.0,52,37,43103,172.39
1785362131.378,7.0,97.0,75.57,101.0,13.0,72,51,43103,176.94
1785362132.378,5.8,100.0,74.99,110.0,13.0,58,41,43103,172.87
1785362133.378,7.5,100.0,75.47,104.0,9.0,52,37,43103,171.48
1785362134.378,9.1,100.0,75.58,29.0,1.0,0,0,43103,139.29
1785362135.378,7.5,100.0,75.57,65.0,4.0,59,44,43103,142.17
1785362136.378,7.0,100.0,75.51,100.0,6.0,54,37,43103,176.59
1785362137.379,6.9,100.0,75.51,74.0,5.0,23,17,43103,163.59
1785362138.379,6.9,100.0,75.54,96.0,14.0,55,40,43103,162.92
1785362139.379,4.8,100.0,75.53,111.0,12.0,54,38,43103,170.04
1785362140.379,5.3,100.0,75.55,107.0,12.0,53,38,43103,166.52
1785362141.379,5.0,79.0,75.70,111.9,12.0,52,36,43103,165.86
1785362142.379,7.8,88.0,75.40,107.0,6.0,59,42,43103,167.69
1785362143.379,7.8,100.0,75.41,117.0,16.0,53,38,43103,171.94
1785362144.379,8.0,100.0,75.39,109.0,20.0,53,38,43103,175.02
1785362145.379,5.9,100.0,75.43,116.0,14.0,52,38,43103,168.32
1785362146.379,6.4,100.0,75.39,107.0,10.0,57,40,43103,169.71
1785362147.380,7.1,100.0,75.35,105.0,9.0,59,40,43103,172.46
1785362148.380,7.4,100.0,75.30,115.0,16.0,56,41,43103,174.83
1785362149.380,6.8,100.0,75.28,107.0,10.0,59,41,43103,172.84
1785362150.380,6.9,100.0,75.25,103.0,9.0,55,38,43103,169.75
1785362151.380,7.3,100.0,75.24,116.0,16.0,56,40,43103,172.19
1785362152.380,7.2,99.0,75.57,119.0,16.0,53,38,43103,173.87
1785362153.380,6.8,100.0,75.60,107.0,11.0,60,43,43103,174.94
1785362154.380,5.1,100.0,75.57,107.0,9.0,55,38,43103,169.88
1785362155.381,4.2,100.0,75.56,101.0,5.0,50,35,43103,167.56
1785362156.381,6.5,100.0,75.52,107.0,8.0,47,33,43103,166.91
1785362157.381,12.8,100.0,75.49,98.0,6.0,58,43,43103,172.96
1785362158.381,8.9,100.0,73.94,34.0,0.0,0,0,43103,137.99
1785362159.381,6.8,100.0,73.95,3.0,0.0,0,0,43103,121.08
1785362160.381,5.9,100.0,73.94,2.0,0.0,0,0,43103,114.06
1785362161.381,8.4,100.0,74.15,2.0,210.0,0,0,43103,113.88
1785362162.381,6.8,100.0,74.20,2.0,48.0,0,0,43103,113.64
1785362163.381,4.8,99.0,74.19,3.0,37.0,0,0,43103,113.50
1785362164.381,6.5,100.0,74.17,3.0,18.0,0,0,43103,113.41
1785362165.382,6.4,99.0,74.15,3.0,29.0,0,0,43103,113.35
1785362166.382,5.6,100.0,74.13,2.0,21.0,0,0,43103,113.25
1785362167.382,5.9,100.0,74.18,2.0,34.0,0,0,43103,113.10
1785362168.382,4.4,99.0,74.17,3.0,16.0,0,0,43103,113.11
1785362169.382,4.6,90.0,74.17,2.0,14.0,0,0,43103,113.11
1785362170.382,4.6,63.0,74.27,3.0,14.0,0,0,43103,113.01
1785362171.382,3.8,100.0,74.26,5.0,45.0,0,0,43103,112.92
1785362172.382,5.5,99.0,74.27,3.0,57.0,0,0,43103,112.86
1785362173.383,4.9,78.8,74.21,2.0,20.0,0,0,43103,112.77
1785362174.383,5.1,69.0,74.45,3.0,26.0,0,0,43103,112.77
1785362175.383,4.5,69.7,74.45,3.0,24.0,0,0,43103,112.77
1785362176.383,3.8,85.0,74.43,3.0,33.0,0,0,43103,112.62
1785362177.383,3.9,74.0,74.39,4.0,22.0,0,0,43103,112.58
1785362178.383,4.4,76.0,74.39,3.0,22.0,0,0,43103,112.52
1785362179.383,5.4,96.0,74.49,3.0,30.0,0,0,43103,112.47
1785362180.383,4.7,100.0,74.47,2.0,22.0,0,0,43103,112.42
1785362181.384,5.2,68.0,74.60,3.0,43.0,0,0,43103,112.38
1785362182.384,6.2,93.0,74.56,3.0,24.0,0,0,43103,112.38
1785362183.384,2.5,75.0,74.55,3.0,18.0,0,0,43103,112.41
1785362184.384,2.8,87.1,74.50,4.0,15.0,0,0,43103,112.35
1785362185.384,4.2,75.5,74.52,3.0,17.0,0,0,43103,112.27
1785362186.384,4.6,100.0,74.50,3.0,16.0,0,0,43103,112.25
1785362187.384,4.5,73.7,74.47,4.0,25.0,0,0,43103,112.20
1785362188.384,6.2,99.0,74.46,3.0,44.0,0,0,43103,112.18
1785362189.384,5.8,100.0,74.45,3.0,32.0,0,0,43103,112.13
1785362190.385,6.8,83.2,74.51,3.0,32.9,0,0,43103,112.08
1785362191.385,7.2,80.0,74.53,4.0,58.2,0,0,43103,112.13
1785362192.385,7.9,79.0,74.64,2.0,29.0,0,0,43103,112.08
1785362193.385,6.4,90.0,74.65,3.0,19.0,0,0,43103,111.98
1785362194.385,5.8,71.0,74.87,2.0,20.0,0,0,43103,111.94
1785362195.385,9.1,91.1,75.00,4.0,18.0,0,0,43103,111.89
1785362196.385,6.7,100.0,75.19,2.0,25.0,0,0,43103,111.98
1785362197.385,5.3,99.0,75.14,3.0,48.0,0,0,43103,111.94
1785362198.386,2.9,75.0,75.15,3.0,43.0,0,0,43103,111.86
1785362199.386,3.6,69.0,75.18,2.0,26.0,0,0,43103,111.89
1785362200.386,4.4,88.8,75.21,5.0,28.0,0,0,43103,111.89
1785362201.386,3.9,90.0,75.19,4.0,38.0,0,0,43103,111.83
1785362202.386,6.6,100.0,75.22,2.0,35.0,0,0,43103,111.72
1785362203.386,4.0,75.0,75.39,4.0,36.0,0,0,43103,111.77
1785362204.386,6.3,79.8,75.74,3.0,20.0,0,0,43103,111.82
1785362205.386,6.3,100.0,75.73,1.0,23.0,0,0,43103,111.79
1785362206.386,4.7,100.0,75.68,4.0,21.0,0,0,43103,111.69
1785362207.387,5.2,99.0,75.64,1.0,20.0,0,0,43103,111.59
1785362208.387,6.6,100.0,75.82,3.0,21.0,0,0,43103,111.65
1785362209.387,5.3,99.0,75.85,5.0,25.0,0,0,43103,111.70
1785362210.387,5.0,100.0,75.80,2.0,20.0,0,0,43103,111.70
1785362211.387,6.8,100.0,75.80,4.0,24.0,0,0,43103,111.64
1785362212.387,6.2,100.0,75.81,1.0,22.0,0,0,43103,111.59
1785362213.387,7.4,100.0,75.85,3.0,35.0,0,0,43103,111.59
1785362214.387,5.1,100.0,75.81,4.0,34.0,0,0,43103,111.59
1785362215.387,6.0,100.0,75.78,2.0,34.0,0,0,43103,111.59
1785362216.388,7.9,100.0,75.84,2.0,38.0,0,0,43103,111.54
1785362217.388,10.9,99.0,75.85,2.0,23.0,0,0,43103,111.53
1785362218.388,9.2,96.0,75.82,3.0,21.0,0,0,43103,111.59
1785362219.388,6.0,100.0,75.84,4.0,23.0,0,0,43103,111.54
1785362220.388,3.7,91.0,75.86,2.0,19.0,0,0,43103,111.50
1785362221.388,4.6,100.0,75.84,1.0,22.0,0,0,43103,111.50
1785362222.388,4.1,100.0,75.86,4.0,18.0,0,0,43103,111.50
1785362223.388,6.5,100.0,75.73,3.0,19.0,0,0,43103,111.50
1785362224.388,7.0,100.0,75.83,3.0,19.0,0,0,43103,111.50
1785362225.389,6.7,100.0,75.81,3.0,21.0,0,0,43103,111.40
1785362226.389,4.7,100.0,75.89,1.0,20.0,0,0,43103,111.35
1785362227.389,6.4,100.0,75.90,4.0,21.0,0,0,43103,111.40
1785362228.389,4.5,100.0,75.97,3.0,20.0,0,0,43103,111.45
1785362229.389,3.4,100.0,75.95,1.0,20.0,0,0,43103,111.40
1785362230.389,6.5,100.0,76.07,3.0,21.0,0,0,43103,111.35
1785362231.389,6.2,100.0,76.04,3.0,29.0,0,0,43103,111.35
1785362232.389,6.5,100.0,75.98,3.0,26.0,0,0,43103,111.35
1785362233.389,5.7,99.0,75.99,2.0,17.0,0,0,43103,111.40
1785362234.390,4.3,100.0,75.97,4.0,19.0,0,0,43103,111.35
1785362235.390,4.8,100.0,75.97,2.0,16.0,0,0,43103,111.35
1785362236.390,5.3,100.0,75.92,2.0,17.0,0,0,43103,111.35
1785362237.390,5.8,100.0,75.89,4.0,18.0,0,0,43103,111.35
1785362238.390,7.0,100.0,75.92,2.0,17.0,0,0,43103,111.35
1785362239.390,6.7,100.0,75.92,1.0,18.0,0,0,43103,111.30
1785362240.390,5.7,100.0,75.90,4.0,19.0,0,0,43103,111.35
1785362241.390,4.2,100.0,75.88,2.0,15.0,0,0,43103,111.35
1785362242.390,6.7,100.0,75.93,2.0,19.0,0,0,43103,111.30
1785362243.391,6.1,100.0,75.91,1.0,12.0,0,0,43103,111.30
1785362244.391,4.9,100.0,75.87,4.0,9.0,0,0,43103,111.30
1785362245.391,5.0,91.9,76.29,3.0,14.0,0,0,43103,111.31
1785362246.391,4.5,72.0,76.09,3.0,22.0,0,0,43103,111.26
1785362247.391,5.1,68.0,76.06,4.0,18.0,0,0,43103,111.31
1785362248.391,4.9,100.0,76.06,3.0,17.0,0,0,43103,111.35
1785362249.391,6.2,90.1,76.03,2.0,17.0,0,0,43103,111.30
1785362250.391,6.3,99.0,76.00,4.0,18.0,0,0,43103,111.25
1785362251.391,6.7,99.0,76.05,3.0,16.0,0,0,43103,111.20
1785362252.392,4.7,94.1,76.11,1.0,19.0,0,0,43103,111.21
1785362253.392,6.4,85.0,76.08,2.0,18.0,0,0,43103,111.21
1785362254.392,6.7,99.0,76.14,4.0,20.0,0,0,43103,111.20
1785362255.392,7.3,100.0,76.13,2.0,16.0,0,0,43103,111.20
1785362256.392,8.4,100.0,76.07,3.0,19.0,0,0,43103,111.15
1785362257.392,4.1,66.0,76.07,2.0,19.0,0,0,43103,111.15
1785362258.392,4.8,76.8,76.42,5.0,17.0,0,0,43103,111.20
1785362259.392,3.8,71.0,76.25,5.0,17.0,0,0,43103,111.16
1785362260.393,5.5,98.0,76.21,2.0,15.0,0,0,43103,111.12
1785362261.393,5.5,93.0,76.29,3.0,12.0,0,0,43103,111.17
1785362262.393,2.7,74.0,76.25,4.0,8.0,0,0,43103,111.22
1785362263.393,4.3,79.2,76.23,3.0,13.0,0,0,43103,111.26
1785362264.393,5.0,84.8,76.22,4.0,20.0,0,0,43103,111.23
1785362265.393,6.3,82.4,76.18,3.0,41.0,0,0,43103,111.18
1785362266.393,5.2,73.7,76.13,3.0,118.0,0,0,43103,111.22
1785362267.393,5.5,99.0,76.10,3.0,33.0,0,0,43103,111.16
1785362268.393,6.2,100.0,76.09,3.0,21.0,0,0,43103,111.11
1785362269.394,5.3,99.0,76.07,1.0,38.0,0,0,43103,111.06
1785362270.394,3.7,82.7,76.05,4.0,15.0,0,0,43103,111.07
1785362271.394,3.2,83.2,76.04,5.0,10.0,0,0,43103,111.17
1785362272.394,4.6,84.3,76.00,2.0,42.0,0,0,43103,111.17
1785362273.394,4.9,99.0,75.97,2.0,49.0,0,0,43103,111.07
1785362274.394,5.4,90.1,75.98,2.0,47.0,0,0,43103,111.06
1785362275.394,5.0,91.9,75.97,3.0,42.0,0,0,43103,111.11
1785362276.394,4.4,83.0,75.93,2.0,47.0,0,0,43103,111.11
1785362277.395,6.2,67.7,75.90,2.0,55.9,0,0,43103,111.12
1785362278.395,5.8,91.0,75.89,4.0,33.0,0,0,43103,111.12
1785362279.395,6.5,99.0,75.86,1.0,48.0,0,0,43103,111.11
1785362280.395,7.1,100.0,75.87,3.0,209.0,0,0,43103,111.11
1785362281.395,5.8,99.0,75.87,1.0,18.0,0,0,43103,111.11
1785362282.395,3.5,83.8,75.87,4.0,16.0,0,0,43103,111.17
1785362283.395,3.6,81.0,75.83,3.0,17.0,0,0,43103,111.17
1785362284.395,3.9,82.8,75.82,3.0,26.0,0,0,43103,111.06
1785362285.395,4.7,72.5,75.93,3.0,43.0,0,0,43103,111.06
1785362286.396,4.5,100.0,75.94,5.0,48.0,0,0,43103,111.11
1785362287.396,5.5,93.0,75.92,1.0,52.0,0,0,43103,111.11
1785362288.396,3.5,84.2,75.90,2.0,50.0,0,0,43103,111.06
1785362289.396,4.7,100.0,75.89,3.0,30.0,0,0,43103,111.07
1785362290.396,4.3,100.0,75.91,3.0,18.0,0,0,43103,111.16
1785362291.396,5.8,94.0,75.88,0.0,25.0,0,0,43103,111.20
1785362292.396,4.9,100.0,75.91,4.0,66.0,0,0,43103,111.12
1785362293.396,5.8,99.0,75.87,1.0,41.0,0,0,43103,111.07
1785362294.396,6.8,100.0,75.54,3.0,37.0,0,0,43103,111.11
1785362295.396,5.6,100.0,75.94,1.0,43.0,0,0,43103,111.06
1785362296.396,5.7,100.0,75.94,4.0,40.0,0,0,43103,111.01
1785362297.397,7.1,100.0,75.94,1.0,29.0,0,0,43103,111.11
1785362298.397,4.4,100.0,76.03,3.0,32.0,0,0,43103,111.15
1785362299.397,4.4,100.0,76.98,3.0,73.0,0,0,43103,111.01
1785362300.397,5.6,100.0,77.18,3.0,101.0,0,0,43103,111.01
1785362301.397,4.2,100.0,77.33,4.0,100.0,0,0,43103,111.06
1785362302.397,4.3,100.0,77.29,3.0,100.0,0,0,43103,111.06
1785362303.397,8.1,100.0,77.59,80.0,33.0,45,32,43103,123.05
1785362304.397,7.8,100.0,77.74,80.0,5.0,49,37,43103,155.69
1785362305.397,7.1,100.0,77.74,105.0,8.0,58,41,43103,168.32
1785362306.397,7.2,99.0,77.23,103.0,11.0,57,41,43103,167.57
1785362307.398,4.8,100.0,77.21,107.0,8.0,54,38,43103,167.23
1785362308.398,5.4,100.0,77.19,116.0,20.0,53,38,43103,168.03
1785362309.398,4.7,100.0,77.19,118.0,25.0,52,37,43103,167.34
1785362310.398,5.0,100.0,77.12,110.0,18.0,52,37,43103,167.26
1785362311.398,5.2,100.0,77.06,107.0,9.0,52,36,43103,161.31
1785362312.398,4.7,100.0,77.04,93.0,8.0,6,5,43103,159.14
1785362313.398,7.0,100.0,77.01,106.0,7.0,56,39,43103,165.34
1785362314.398,7.2,100.0,76.99,104.0,9.0,57,40,43103,167.93
1785362315.398,5.8,82.2,76.99,115.5,12.9,53,36,43103,168.45
1785362316.398,6.9,99.0,77.46,97.4,7.0,59,44,43103,172.11
1785362317.399,6.9,100.0,77.49,100.0,5.0,53,37,43103,168.92
1785362318.399,6.4,100.0,77.47,75.0,5.0,20,14,43103,159.30
1785362319.399,7.1,100.0,77.45,96.0,6.0,58,41,43103,163.54
1785362320.399,5.6,100.0,77.42,112.0,12.0,52,37,43103,164.47
1785362321.399,4.9,100.0,77.37,110.0,11.0,53,38,43103,163.59
1785362322.399,5.4,100.0,77.36,109.0,9.0,52,37,43103,163.78
1785362323.399,4.7,100.0,77.36,108.0,10.0,54,39,43103,166.48
1785362324.399,5.6,100.0,77.35,106.0,10.0,58,41,43103,166.40
1785362325.399,7.4,100.0,77.35,106.0,10.0,58,41,43103,170.44
1785362326.399,6.7,99.0,77.33,113.0,16.0,51,36,43103,170.49
1785362327.400,6.5,94.9,76.88,115.0,17.0,57,41,43103,171.48
1785362328.400,6.5,100.0,77.25,113.0,14.0,57,41,43103,168.62
1785362329.400,5.3,100.0,77.24,102.0,8.0,52,36,43103,169.24
1785362330.400,5.2,100.0,77.20,107.0,8.0,52,37,43103,162.16
1785362331.400,6.1,100.0,77.18,109.0,11.0,51,36,43103,162.46
1785362332.400,6.5,100.0,77.16,107.0,11.0,58,41,43103,171.83
1785362333.400,7.1,100.0,77.19,103.0,9.0,53,37,43103,170.35
1785362334.400,5.9,100.0,77.18,104.0,7.0,59,41,43103,169.71
1785362335.400,4.9,100.0,77.14,117.6,15.1,48,35,43103,171.74
1785362336.400,6.5,93.9,77.13,117.4,15.9,49,34,43103,172.77
1785362337.401,9.5,76.8,76.90,106.0,10.0,60,41,43103,170.39
1785362338.401,9.0,99.0,77.23,108.0,11.0,59,41,43103,169.95
1785362339.401,8.3,100.0,77.23,114.0,15.0,56,41,43103,171.29
1785362340.401,8.5,100.0,77.22,115.0,16.0,49,34,43103,170.03
1785362341.401,7.4,100.0,77.28,118.0,17.0,53,38,43103,178.67
1785362342.401,8.0,99.0,77.26,118.0,21.0,53,39,43103,177.39
1785362343.401,6.0,79.8,77.26,107.0,13.0,59,41,43103,166.49
1785362344.401,6.9,100.0,77.27,97.0,5.0,55,40,43103,161.45
1785362345.401,5.0,100.0,77.27,101.0,7.0,56,41,43103,169.30
1785362346.401,6.6,100.0,77.26,96.0,6.0,58,43,43103,174.29
1785362347.402,5.9,100.0,77.24,61.0,2.0,53,36,43103,150.55
1785362348.402,5.8,100.0,77.22,102.0,6.0,55,40,43103,172.25
1785362349.402,6.9,100.0,77.20,97.0,7.0,58,41,43103,172.74
1785362350.402,7.0,63.0,76.78,111.0,10.0,48,32,43103,169.51
1785362351.402,6.1,100.0,76.87,113.0,13.0,56,40,43103,171.27
1785362352.402,6.7,100.0,76.86,105.0,12.0,55,39,43103,170.60
1785362353.402,6.5,100.0,76.83,101.5,7.0,60,41,43103,165.38
1785362354.402,6.7,100.0,76.84,93.5,5.0,49,36,43103,170.51
1785362355.402,6.6,100.0,75.33,6.0,0.0,0,0,43103,122.47
1785362356.402,4.2,100.0,75.50,3.0,0.0,0,0,43103,113.87
1785362357.403,3.6,100.0,75.49,5.0,0.0,0,0,43103,113.76
1785362358.403,8.2,100.0,75.69,2.0,209.0,0,0,43103,113.56
1785362359.403,6.0,100.0,75.69,1.0,53.0,0,0,43103,113.49
1785362360.403,5.5,100.0,75.67,2.0,36.0,0,0,43103,113.39
1785362361.403,7.2,100.0,75.64,3.0,35.0,0,0,43103,113.25
1785362362.403,6.7,100.0,75.66,2.0,42.0,0,0,43103,113.20
1785362363.403,4.4,100.0,75.67,3.0,19.0,0,0,43103,113.15
1785362364.403,6.2,100.0,75.67,4.0,39.0,0,0,43103,113.10
1785362365.403,6.1,100.0,75.67,1.0,60.0,0,0,43103,113.00
1785362366.403,6.1,100.0,75.97,2.0,40.0,0,0,43103,112.91
1785362367.404,7.0,100.0,75.97,2.0,45.0,0,0,43103,113.10
1785362368.404,6.2,100.0,75.98,3.0,39.0,0,0,43103,113.00
1785362369.404,7.0,100.0,75.74,1.0,39.0,0,0,43103,112.62
1785362370.404,5.3,100.0,75.73,4.0,50.0,0,0,43103,112.62
1785362371.404,7.4,100.0,75.78,3.0,20.0,0,0,43103,112.61
1785362372.404,7.7,100.0,75.80,2.0,40.0,0,0,43103,112.52
1785362373.404,7.2,100.0,75.85,3.0,56.0,0,0,43103,112.42
1785362374.404,7.4,100.0,75.88,1.0,69.0,0,0,43103,112.42
1785362375.404,7.2,100.0,75.87,3.0,33.0,0,0,43103,112.42
1785362376.404,6.6,100.0,75.90,3.0,32.0,0,0,43103,112.32
1785362377.405,7.8,100.0,75.86,2.0,63.0,0,0,43103,112.27
1785362378.405,9.9,100.0,75.82,2.0,55.0,0,0,43103,112.32
1785362379.405,7.3,99.0,75.82,3.0,46.0,0,0,43103,112.52
1785362380.405,7.1,86.1,75.93,2.0,54.0,0,0,43103,112.43
1785362381.405,5.4,100.0,75.92,3.0,38.0,0,0,43103,112.08
1785362382.405,4.9,100.0,75.90,4.0,35.0,0,0,43103,112.08
1785362383.405,7.1,100.0,75.89,3.0,37.0,0,0,43103,112.37
1785362384.405,8.2,100.0,75.89,2.0,22.0,0,0,43103,112.32
1785362385.405,7.0,100.0,75.86,2.0,33.0,0,0,43103,112.03
1785362386.405,5.6,100.0,75.86,2.0,33.0,0,0,43103,112.03
1785362387.406,6.1,100.0,75.87,3.0,32.0,0,0,43103,112.05
1785362388.406,5.8,100.0,75.85,3.0,22.0,0,0,43103,112.00
1785362389.406,5.6,99.0,75.85,2.0,27.0,0,0,43103,111.94
1785362390.406,6.4,100.0,75.64,3.0,23.0,0,0,43103,111.88
1785362391.406,5.7,100.0,75.64,1.0,36.0,0,0,43103,111.84
1785362392.406,6.5,100.0,75.62,4.0,31.0,0,0,43103,111.84
1785362393.406,5.7,100.0,75.62,2.0,34.0,0,0,43103,111.79
1785362394.406,6.3,100.0,75.60,1.0,32.0,0,0,43103,111.74
1785362395.406,6.5,100.0,75.59,2.0,35.0,0,0,43103,111.89
1785362396.406,6.9,100.0,75.60,5.0,34.9,0,0,43103,111.83
1785362397.407,9.3,100.0,75.61,1.0,38.1,0,0,43103,111.69
1785362398.407,8.1,100.0,75.62,2.0,38.0,0,0,43103,111.69
1785362399.407,7.2,100.0,75.62,3.0,27.0,0,0,43103,111.64
1785362400.407,7.6,100.0,75.63,2.0,28.0,0,0,43103,111.64
1785362401.407,8.8,100.0,75.66,2.0,30.0,0,0,43103,111.69
1785362402.407,8.7,100.0,75.78,2.0,21.0,0,0,43103,111.69
1785362404.048,6.8,75.6,75.76,3.0,21.9,0,0,43103,111.69
1785362405.048,7.2,100.0,75.77,1.0,18.0,0,0,43103,111.79
1785362406.048,6.8,100.0,75.73,4.0,20.0,0,0,43103,111.74
1785362407.049,9.8,100.0,75.96,2.0,26.0,0,0,43103,111.69
1785362408.049,7.8,100.0,76.46,3.0,30.0,0,0,43370,111.78
1785362409.049,7.8,100.0,76.85,2.0,31.0,0,0,43370,111.72
1785362410.049,6.9,100.0,76.64,4.0,20.0,0,0,43103,111.76
1785362411.049,7.2,100.0,75.80,2.0,15.0,0,0,43103,111.69
1785362412.049,6.8,100.0,76.10,2.0,23.0,0,0,43103,111.71
1785362413.049,7.4,100.0,76.11,1.0,48.0,0,0,43103,111.61
1785362414.049,8.9,100.0,76.17,4.0,194.0,0,0,43103,111.59
1785362415.049,7.2,100.0,76.19,1.0,43.0,0,0,43103,111.54
1785362416.049,6.7,100.0,76.18,2.0,33.0,0,0,43103,111.45
1785362417.050,5.9,100.0,76.17,2.0,29.0,0,0,43103,111.45
1785362418.050,6.5,100.0,76.17,1.0,56.0,0,0,43103,111.50
1785362419.050,4.7,100.0,76.15,4.0,44.0,0,0,43103,111.45
1785362420.050,4.9,100.0,76.11,4.0,39.0,0,0,43103,111.40
1785362421.050,5.1,100.0,76.10,2.0,48.0,0,0,43103,111.40
1785362422.050,5.2,100.0,76.06,4.0,33.0,0,0,43103,111.40
1785362423.050,7.3,87.0,76.10,3.0,61.0,0,0,43103,111.40
1785362424.050,7.1,100.0,76.12,1.0,56.0,0,0,43103,111.40
1785362425.050,9.4,100.0,76.14,3.0,188.0,0,0,43103,111.39
1785362426.050,8.6,100.0,76.19,2.0,18.0,0,0,43103,111.43
1785362427.050,4.7,100.0,76.20,3.0,14.0,0,0,43103,111.44
1785362428.051,5.4,100.0,76.20,3.0,16.0,0,0,43103,111.35
1785362429.051,7.0,100.0,76.18,4.0,25.0,0,0,43103,111.40
1785362430.051,5.9,100.0,76.20,3.0,43.0,0,0,43103,111.54
1785362431.051,6.4,100.0,76.18,4.0,42.0,0,0,43103,111.44
1785362432.051,8.9,81.0,76.53,1.0,56.0,0,0,43103,111.35
1785362433.051,8.8,100.0,76.10,2.0,44.0,0,0,43103,111.40
1785362434.051,6.4,100.0,76.03,3.0,29.0,0,0,43103,111.35
1785362435.051,6.7,100.0,76.12,2.0,26.0,0,0,43103,111.64
1785362436.051,8.2,100.0,76.23,3.0,21.0,0,0,43103,111.69
1785362437.051,6.8,100.0,76.20,2.0,67.0,0,0,43103,111.40
1785362438.052,6.2,100.0,76.20,2.0,40.0,0,0,43103,111.40
1785362439.052,6.3,100.0,76.17,3.0,42.0,0,0,43103,111.35
1785362440.052,7.3,100.0,76.15,2.0,46.0,0,0,43103,111.30
1785362441.052,5.0,100.0,76.13,2.0,42.0,0,0,43103,111.31
1785362442.052,4.7,80.0,76.12,5.0,32.0,0,0,43103,111.21
1785362443.052,7.2,99.0,76.48,2.0,45.0,0,0,43103,111.20
1785362444.052,9.2,100.0,77.46,1.0,74.2,0,0,43103,111.25
1785362445.052,7.9,100.0,77.59,3.0,99.6,0,0,43103,111.25
1785362446.052,7.5,100.0,77.86,1.0,100.0,0,0,43103,111.30
1785362447.052,7.2,100.0,77.77,4.0,100.0,0,0,43103,111.30
1785362448.053,7.8,100.0,77.76,117.0,47.0,54,40,43103,138.17
1785362449.053,8.1,100.0,77.74,143.0,37.0,52,39,43103,170.08
1785362450.053,7.3,100.0,77.75,93.6,11.9,52,36,43103,150.85
1785362451.053,6.3,100.0,77.70,102.4,8.0,53,37,43103,161.87
1785362452.053,5.9,100.0,77.68,111.0,10.0,50,35,43103,167.30
1785362453.053,5.7,100.0,77.66,121.0,18.0,59,43,43103,164.89
1785362454.053,7.7,100.0,77.65,124.0,21.0,57,41,43103,172.36
1785362455.053,7.7,100.0,78.12,126.0,24.0,55,40,43103,172.04
1785362456.053,5.5,79.0,78.15,126.9,23.0,50,37,43103,170.85
1785362457.053,10.3,100.0,78.14,116.0,14.0,57,41,43103,169.01
1785362458.054,7.3,89.0,78.08,106.0,9.0,51,34,43103,165.74
1785362459.054,6.4,100.0,78.04,109.0,11.0,56,40,43103,171.11
1785362460.054,8.4,100.0,78.03,106.0,10.0,56,39,43103,168.24
1785362461.054,7.2,100.0,78.03,115.0,16.0,55,40,43103,172.64
1785362462.054,9.9,100.0,78.04,110.0,11.0,54,38,43103,172.30
1785362463.054,7.5,100.0,78.04,107.0,12.0,55,39,43103,169.71
1785362464.054,8.1,100.0,78.02,113.0,14.0,56,40,43103,171.06
1785362465.054,8.5,100.0,77.92,107.0,13.0,53,38,43103,172.52
1785362466.054,7.0,99.0,78.05,119.0,16.0,54,39,43103,173.84
1785362467.054,6.7,100.0,78.04,115.0,19.0,55,39,43103,174.24
1785362468.055,6.8,100.0,78.04,112.0,13.0,59,41,43103,173.32
1785362469.055,4.3,93.1,77.99,108.9,11.0,51,36,43103,168.87
1785362470.055,6.2,88.0,77.99,110.0,12.0,55,39,43103,169.93
1785362471.055,5.9,99.0,77.97,113.0,13.0,56,41,43103,171.93
1785362472.055,6.3,77.0,78.03,119.0,16.0,51,36,43103,173.10
1785362473.055,4.6,73.3,78.02,109.9,10.0,51,36,43103,162.73
1785362474.055,5.3,81.8,78.02,107.0,10.0,59,41,43103,167.05
1785362475.055,3.7,75.0,77.99,106.0,9.0,50,36,43103,163.02
1785362476.056,4.2,72.0,77.91,76.0,8.0,55,39,43103,144.13
1785362477.056,6.6,77.0,77.91,113.0,13.0,54,38,43103,173.06
1785362478.056,7.3,100.0,77.91,112.4,14.0,56,39,43103,173.24
1785362479.056,5.6,99.0,77.89,105.7,12.0,59,41,43103,168.95
1785362480.056,6.6,100.0,77.90,112.0,13.0,58,41,43103,171.98
1785362481.056,6.3,99.0,77.87,110.0,12.0,58,42,43103,170.11
1785362482.056,4.3,73.7,77.84,118.9,15.0,47,33,43103,168.28
1785362483.056,5.9,81.0,77.81,115.0,15.0,57,40,43103,168.82
1785362484.056,5.0,100.0,77.79,114.0,15.0,56,40,43103,168.75
1785362485.057,4.4,81.2,77.79,120.9,19.0,48,34,43103,169.46
1785362486.057,5.2,89.1,77.79,111.0,14.0,56,40,43103,172.75
1785362487.057,6.4,96.0,77.78,103.0,10.0,56,38,43103,170.64
1785362488.057,4.8,72.7,77.90,110.9,11.0,54,37,43103,171.69
1785362489.057,5.7,100.0,77.86,109.0,8.0,49,37,43103,169.29
1785362490.057,6.2,76.0,77.86,108.0,12.0,58,41,43103,169.75
1785362491.057,6.9,100.0,77.83,110.0,12.0,57,40,43103,172.68
1785362492.057,5.7,74.0,77.81,117.0,16.0,48,33,43103,170.29
1785362493.057,5.9,100.0,77.81,113.0,16.0,60,43,43103,174.35
1785362494.058,6.0,100.0,77.81,115.0,15.0,57,41,43103,174.65
1785362495.058,6.6,99.0,77.83,108.0,12.0,59,42,43103,174.52
1785362496.058,9.0,100.0,77.79,111.8,10.0,52,37,43103,171.79
1785362497.058,7.8,100.0,77.79,119.1,14.0,55,38,43103,167.89
1785362498.058,5.6,100.0,77.78,113.0,9.0,49,35,43103,167.37
1785362499.058,5.6,100.0,77.78,117.0,14.0,53,37,43103,167.15
1785362500.058,4.6,100.0,77.76,105.0,8.0,56,41,43103,168.73
1785362501.058,7.4,100.0,77.87,96.0,10.0,53,39,43103,169.97
1785362502.059,3.9,100.0,76.32,4.0,0.0,0,0,43103,119.93
1785362503.059,3.3,100.0,76.30,3.0,0.0,0,0,43103,114.00
1785362504.059,5.3,100.0,76.40,2.0,0.0,0,0,43103,113.84
1785362505.059,7.4,100.0,76.48,5.0,207.2,0,0,43103,113.64
1785362506.059,6.4,99.0,76.59,4.0,29.1,0,0,43103,113.54
1785362507.059,6.7,100.0,76.56,1.0,46.0,0,0,43103,113.49
1785362508.059,5.9,100.0,76.56,3.0,38.0,0,0,43103,113.34
1785362509.059,6.3,100.0,76.56,2.0,39.0,0,0,43103,113.25
1785362510.059,4.2,100.0,76.54,2.0,18.0,0,0,43103,113.20
1785362511.059,5.6,100.0,76.53,2.0,41.0,0,0,43103,113.15
1785362512.060,5.2,100.0,76.52,5.0,55.0,0,0,43103,113.01
1785362513.060,6.6,100.0,76.44,1.0,36.0,0,0,43103,112.86
1785362514.060,6.2,99.0,76.47,2.0,44.0,0,0,43103,112.86
1785362515.060,6.1,100.0,76.33,2.0,25.0,0,0,43103,112.82
1785362516.060,7.7,100.0,76.44,2.0,43.0,0,0,43103,112.81
1785362517.060,9.0,100.0,76.37,4.0,47.0,0,0,43103,112.81
1785362518.060,8.3,100.0,76.35,3.0,26.8,0,0,43103,112.66
1785362519.060,6.7,100.0,76.33,4.0,26.2,0,0,43103,112.57
1785362520.060,7.1,100.0,76.51,1.0,54.0,0,0,43103,112.52
1785362521.060,7.2,100.0,76.50,1.0,66.0,0,0,43103,112.42
1785362522.061,6.1,100.0,76.51,3.0,41.0,0,0,43103,112.42
1785362523.061,8.5,92.0,76.51,3.0,29.0,0,0,43103,112.57
1785362524.061,5.7,84.0,76.47,4.0,21.0,0,0,43103,112.55
1785362525.061,7.5,93.9,76.23,3.0,60.3,0,0,43103,112.41
1785362526.061,6.0,100.0,76.21,3.0,54.8,0,0,43103,112.37
1785362527.061,6.4,100.0,76.19,0.0,46.2,0,0,43103,112.27
1785362528.061,7.3,85.0,76.19,3.0,55.8,0,0,43103,112.13
1785362529.061,6.0,100.0,76.18,3.0,35.1,0,0,43103,112.42
1785362530.061,7.0,100.0,76.16,0.0,33.0,0,0,43103,112.47
1785362531.061,6.3,99.0,76.14,3.0,35.0,0,0,43103,112.18
1785362532.061,6.9,100.0,76.12,2.0,34.9,0,0,43103,112.13
1785362533.062,6.3,100.0,76.09,2.0,37.2,0,0,43103,112.08
1785362534.062,7.3,69.4,76.08,2.0,20.0,0,0,43103,112.03
1785362535.062,4.4,92.0,76.25,3.0,34.0,0,0,43103,112.03
1785362536.062,6.4,100.0,76.34,2.0,35.0,0,0,43103,112.03
1785362537.062,7.0,100.0,76.41,2.0,37.0,0,0,43103,112.08
1785362538.062,5.9,100.0,76.40,1.0,36.0,0,0,43103,112.08
1785362539.062,6.1,100.0,76.38,3.0,33.0,0,0,43103,111.93
1785362540.062,6.0,99.0,76.37,2.0,34.0,0,0,43103,111.93
1785362541.062,4.1,100.0,76.36,2.0,29.0,0,0,43103,111.98
1785362542.062,7.8,100.0,76.34,2.0,35.8,0,0,43103,111.93
1785362543.062,6.1,100.0,76.52,2.0,33.2,0,0,43103,111.93
1785362544.062,6.3,100.0,76.51,1.0,33.8,0,0,43103,111.84
1785362545.062,8.1,100.0,76.51,2.0,46.0,0,0,43103,111.69
1785362546.063,5.0,100.0,76.46,3.0,28.0,0,0,43103,111.74
1785362547.063,6.3,100.0,76.45,2.0,27.0,0,0,43103,111.79
1785362548.063,6.3,100.0,76.45,2.0,28.0,0,0,43103,111.79
1785362549.063,6.8,100.0,76.74,2.0,28.0,0,0,43103,111.69
1785362550.063,5.7,100.0,76.73,2.0,11.0,0,0,43103,111.59
1785362551.063,7.3,100.0,76.72,3.0,32.1,0,0,43103,111.64
1785362552.063,6.1,100.0,76.80,1.0,27.1,0,0,43103,111.68
1785362553.063,6.4,100.0,76.80,2.0,28.0,0,0,43103,111.64
1785362554.063,4.4,100.0,76.82,4.0,29.8,0,0,43103,111.64
1785362555.063,8.0,92.0,76.93,2.0,30.2,0,0,43103,111.69
1785362556.063,5.5,100.0,76.93,2.0,16.9,0,0,43103,111.70
1785362557.063,4.6,100.0,76.91,2.0,19.1,0,0,43103,111.65
1785362558.064,5.1,99.0,76.92,2.0,37.0,0,0,43103,111.56
1785362559.064,7.5,100.0,76.87,2.0,165.2,0,0,43103,111.51
1785362560.064,7.0,100.0,76.59,2.0,43.9,0,0,43103,111.55
1785362561.064,7.0,100.0,76.74,3.0,46.2,0,0,43103,111.59
1785362562.064,7.2,100.0,76.73,2.0,12.9,0,0,43103,111.54
1785362563.064,6.1,100.0,76.72,3.0,47.0,0,0,43103,111.45
1785362564.064,7.8,100.0,76.70,1.0,47.0,0,0,43103,111.45
1785362565.064,6.5,100.0,76.71,3.0,44.0,0,0,43103,111.45
1785362566.064,5.5,100.0,76.71,2.0,46.0,0,0,43103,111.45
1785362567.064,6.1,100.0,76.68,2.0,52.0,0,0,43103,111.50
1785362568.064,6.0,100.0,76.67,3.0,59.0,0,0,43103,111.45
1785362569.065,6.5,100.0,76.68,2.0,61.0,0,0,43103,111.45
1785362570.065,7.9,100.0,76.68,1.0,181.1,0,0,43103,111.45
1785362571.065,5.8,100.0,76.68,2.0,17.0,0,0,43103,111.40
1785362572.065,6.0,100.0,76.67,4.0,16.0,0,0,43103,111.40
1785362573.065,7.6,100.0,76.75,1.0,17.0,0,0,43103,111.40
1785362574.065,5.9,100.0,76.79,3.0,43.0,0,0,43103,111.40
1785362575.065,6.6,100.0,76.80,1.0,47.0,0,0,43103,111.40
1785362576.065,6.5,100.0,76.79,3.0,60.0,0,0,43103,111.45
1785362577.065,8.5,84.2,76.79,2.0,49.0,0,0,43103,111.45
1785362578.066,8.5,92.0,76.79,2.0,30.0,0,0,43103,111.36
1785362579.066,6.6,99.0,76.79,3.0,20.0,0,0,43103,111.40
1785362580.066,5.9,100.0,76.87,1.0,16.0,0,0,43103,111.45
1785362581.066,6.7,100.0,76.87,4.0,43.8,0,0,43103,111.30
1785362582.066,6.9,100.0,76.88,3.0,62.1,0,0,43103,111.25
1785362583.066,6.4,100.0,76.88,2.0,37.1,0,0,43103,111.35
1785362584.066,7.4,100.0,76.87,2.0,52.0,0,0,43103,111.37
1785362585.066,5.5,100.0,76.89,3.0,40.0,0,0,43103,111.32
1785362586.066,6.7,91.0,76.88,4.0,39.0,0,0,43103,111.30
1785362587.067,5.6,100.0,77.05,3.0,13.0,0,0,43103,111.35
1785362588.067,5.7,93.9,77.50,3.0,73.0,0,0,43103,111.30
1785362589.067,4.3,100.0,78.38,3.0,99.9,0,0,43103,111.21
1785362590.067,5.1,100.0,78.36,3.0,99.1,0,0,43103,111.26
1785362591.067,6.6,100.0,78.56,2.0,101.0,0,0,43103,111.25
1785362592.067,6.2,78.0,78.44,42.0,80.0,42,29,43103,120.80
1785362593.067,6.7,100.0,78.48,134.0,52.0,68,50,43103,179.84
1785362594.067,5.9,75.5,78.42,115.0,25.0,53,38,43103,167.03
1785362595.068,6.4,99.0,78.40,131.0,25.0,45,32,43103,169.83
1785362596.068,5.7,79.8,78.40,132.0,25.0,51,37,43103,166.89
1785362597.068,7.0,100.0,77.59,128.0,26.0,57,41,43103,177.16
1785362598.068,4.4,100.0,77.60,127.0,25.0,58,43,43103,175.77
1785362599.068,4.9,99.0,77.60,116.0,21.0,71,52,43103,177.81
1785362600.068,4.7,86.9,77.57,123.9,21.0,54,39,43103,174.13
1785362601.068,5.6,73.0,77.56,130.0,23.0,50,36,43103,168.70
1785362602.068,4.4,88.1,77.53,127.0,18.0,46,30,43103,170.34
1785362603.068,6.3,99.0,77.58,107.0,18.0,52,37,43103,166.76
1785362604.069,6.5,100.0,77.59,118.0,21.0,52,37,43103,169.02
1785362605.069,6.0,100.0,77.57,130.0,26.0,56,41,43103,176.35
1785362606.069,7.2,97.0,77.58,130.0,26.0,56,40,43103,174.94
1785362607.069,5.9,100.0,77.58,129.0,25.0,58,42,43103,178.46
1785362608.069,6.0,100.0,77.57,122.0,19.0,59,42,43103,175.63
1785362609.069,6.9,100.0,77.60,112.0,14.0,49,34,43103,169.74
1785362610.069,6.3,97.0,77.62,124.9,22.0,51,36,43103,168.53
1785362611.069,4.4,43.9,77.62,132.1,25.0,56,41,43103,170.11
1785362612.069,5.4,82.2,77.61,127.9,21.0,50,34,43103,179.35
1785362613.070,4.5,90.0,77.61,131.0,28.0,53,38,43103,174.42
1785362614.070,6.1,76.0,77.61,133.0,25.0,55,39,43103,176.48
1785362615.070,4.6,99.0,77.59,129.0,26.0,56,41,43103,181.07
1785362616.070,5.0,100.0,77.60,130.0,26.0,53,38,43103,176.89
1785362617.070,4.3,97.0,77.59,130.9,23.0,48,34,43103,172.48
1785362618.070,5.2,74.5,77.56,125.0,21.0,58,42,43103,172.03
1785362619.070,4.4,100.0,77.57,116.0,16.0,56,40,43103,175.59
1785362620.070,5.0,99.0,77.58,102.0,9.0,58,43,43103,173.45
1785362621.070,5.0,100.0,77.52,100.0,7.0,57,43,43103,178.99
1785362622.070,4.4,99.0,75.99,14.0,0.0,0,0,43103,131.79
1785362623.071,6.2,83.0,75.74,2.0,0.0,0,0,43103,120.02
1785362624.071,3.3,100.0,75.73,3.0,0.0,0,0,43103,113.59
1785362625.071,5.3,100.0,75.90,3.0,54.0,0,0,43103,113.54
1785362626.071,7.4,100.0,75.94,4.0,196.0,0,0,43103,113.44
1785362627.071,5.2,100.0,75.93,1.0,50.0,0,0,43103,113.25
1785362628.071,5.0,100.0,75.92,2.0,36.0,0,0,43103,113.15
1785362629.071,4.9,100.0,75.91,2.0,35.0,0,0,43103,113.10
1785362630.071,5.8,100.0,75.90,4.0,36.0,0,0,43103,113.05
1785362631.071,5.5,100.0,75.91,2.0,23.0,0,0,43103,113.05
1785362632.071,6.4,100.0,76.13,2.0,59.0,0,0,43103,113.00
1785362633.072,5.8,100.0,76.18,2.0,45.0,0,0,43103,112.76
1785362634.072,3.7,100.0,76.20,2.0,40.0,0,0,43103,112.76
1785362635.072,5.0,100.0,76.22,4.0,45.0,0,0,43103,112.71
1785362636.072,6.8,100.0,76.20,3.0,42.0,0,0,43103,112.66
1785362637.072,8.7,100.0,76.21,1.0,50.0,0,0,43103,112.61
1785362638.072,7.9,100.0,76.19,3.0,22.0,0,0,43103,112.52
1785362639.072,6.3,100.0,76.20,2.0,40.0,0,0,43103,112.52
1785362640.072,5.7,100.0,76.22,0.0,57.0,0,0,43103,112.56
1785362641.072,7.4,100.0,76.22,4.0,66.0,0,0,43103,112.51
1785362642.072,5.6,100.0,76.09,1.0,25.0,0,0,43103,112.42
1785362643.073,5.3,100.0,76.14,2.0,30.0,0,0,43103,112.42
1785362644.073,6.5,100.0,76.16,4.0,60.0,0,0,43103,112.27
1785362645.073,8.6,100.0,76.16,2.0,57.0,0,0,43103,112.21
1785362646.073,4.8,100.0,76.17,2.0,48.0,0,0,43103,112.21
1785362647.073,4.5,100.0,76.36,2.0,55.0,0,0,43103,112.18
1785362648.073,4.1,74.3,76.35,3.0,37.0,0,0,43103,112.23
1785362649.073,6.1,100.0,76.51,2.0,27.0,0,0,43103,112.23
1785362650.073,6.6,100.0,76.52,3.0,37.0,0,0,43103,112.17
1785362651.073,5.5,100.0,76.50,1.0,37.0,0,0,43103,112.17
1785362652.073,6.0,100.0,76.47,3.0,38.0,0,0,43103,112.13
1785362653.073,5.9,100.0,76.46,1.0,34.0,0,0,43103,112.08
1785362654.074,6.3,100.0,76.48,3.0,31.0,0,0,43103,112.13
1785362655.074,5.1,100.0,76.48,2.0,33.0,0,0,43103,112.13
1785362656.074,5.4,100.0,75.78,2.0,26.0,0,0,43103,112.09
1785362657.074,4.9,100.0,75.94,3.0,35.0,0,0,43103,112.04
1785362658.074,6.1,100.0,75.90,3.0,34.9,0,0,43103,112.13
1785362659.074,4.3,100.0,75.90,2.0,33.0,0,0,43103,112.03
1785362660.074,3.3,100.0,75.89,3.0,32.1,0,0,43103,112.03
1785362661.074,3.8,100.0,75.89,3.0,35.0,0,0,43103,111.99
1785362662.074,4.3,100.0,75.87,2.0,35.0,0,0,43103,111.84
1785362663.074,4.1,100.0,75.87,2.0,33.0,0,0,43103,111.84
1785362664.074,5.7,100.0,75.85,2.0,45.0,0,0,43103,111.98
1785362665.075,4.7,100.0,75.85,2.0,28.0,0,0,43103,112.08
1785362666.075,4.1,100.0,75.82,2.0,27.0,0,0,43103,111.84
1785362667.075,4.8,99.0,75.64,4.0,22.0,0,0,43103,111.79
1785362668.075,3.7,100.0,75.56,1.0,22.0,0,0,43103,111.94
1785362669.075,4.7,100.0,75.57,1.0,27.0,0,0,43103,111.93
1785362670.075,5.0,100.0,75.59,4.0,19.0,0,0,43103,111.84
1785362671.075,5.1,100.0,75.58,1.0,30.0,0,0,43103,111.84
1785362672.075,5.5,100.0,75.58,5.0,28.0,0,0,43103,111.88
1785362673.075,5.5,100.0,75.58,1.0,27.0,0,0,43103,111.83
1785362674.075,5.1,100.0,75.58,3.0,31.0,0,0,43103,111.69
1785362675.076,5.7,100.0,75.59,1.0,26.0,0,0,43103,111.64
1785362676.076,4.8,100.0,75.57,2.0,18.0,0,0,43103,111.70
1785362677.076,4.9,100.0,75.57,2.0,34.0,0,0,43103,111.60
1785362678.076,4.6,99.0,75.57,1.0,46.0,0,0,43103,111.54
1785362679.076,6.4,93.9,75.99,4.0,186.0,0,0,43103,111.59
1785362680.076,2.8,66.0,75.98,3.0,35.0,0,0,43103,111.54
1785362681.076,4.2,100.0,75.99,3.0,43.0,0,0,43103,111.52
1785362682.076,4.6,100.0,76.00,2.0,16.0,0,0,43103,111.61
1785362683.076,3.5,100.0,75.99,2.0,39.0,0,0,43103,111.64
1785362684.076,7.9,100.0,76.03,2.0,51.0,0,0,43103,111.59
1785362685.077,5.8,100.0,76.02,4.0,49.0,0,0,43103,111.50
1785362686.077,5.5,100.0,76.04,0.0,47.0,0,0,43103,111.50
1785362687.077,5.2,99.0,76.02,4.0,42.0,0,0,43103,111.40
1785362688.077,5.8,93.9,75.82,1.0,53.0,0,0,43103,111.40
1785362689.077,5.3,100.0,75.83,2.0,53.0,0,0,43103,111.45
1785362690.077,7.2,100.0,75.87,3.0,165.0,0,0,43103,111.50
1785362691.077,4.5,100.0,75.87,1.0,18.0,0,0,43103,111.79
1785362692.077,5.0,100.0,75.86,2.0,16.0,0,0,43103,111.74
1785362693.077,5.4,100.0,75.86,2.0,19.0,0,0,43103,111.35
1785362694.077,5.8,100.0,75.85,3.0,34.0,0,0,43103,111.31
1785362695.077,2.9,100.0,75.87,3.0,48.0,0,0,43103,111.36
1785362696.078,2.6,100.0,75.88,3.0,47.0,0,0,43103,111.32
1785362697.078,5.6,79.8,75.89,4.0,41.0,0,0,43103,111.35
1785362698.078,7.1,81.2,76.22,2.0,52.0,0,0,43103,111.38
1785362699.078,5.7,100.0,76.24,3.0,33.0,0,0,43103,111.36
1785362700.078,5.3,100.0,76.25,1.0,17.0,0,0,43103,111.36
1785362701.078,5.6,100.0,76.25,4.0,43.0,0,0,43103,111.25
1785362702.078,6.1,100.0,76.27,2.0,64.0,0,0,43103,111.30
1785362703.078,4.9,100.0,76.27,2.0,41.9,0,0,43103,111.35
1785362704.078,4.9,100.0,76.25,2.0,45.0,0,0,43103,111.30
1785362705.078,3.4,100.0,76.26,4.0,43.0,0,0,43103,111.65
1785362706.078,5.6,100.0,76.29,3.0,42.0,0,0,43103,111.61
1785362707.079,3.8,100.0,76.27,4.0,9.0,0,0,43103,111.26
1785362708.079,5.1,100.0,76.70,2.0,71.0,0,0,43103,111.31
1785362709.079,6.1,100.0,77.63,2.0,99.0,0,0,43103,111.25
1785362710.079,5.2,100.0,77.65,2.0,100.0,0,0,43103,111.25
1785362711.079,6.2,100.0,77.85,2.0,100.0,0,0,43103,111.45
1785362712.079,5.5,100.0,77.75,54.0,72.0,43,30,43103,118.06
1785362713.079,5.8,100.0,77.75,102.0,8.0,57,39,43103,156.98
1785362714.079,7.8,100.0,77.74,107.0,14.0,56,40,43103,174.09
1785362715.079,6.3,100.0,77.77,128.0,23.0,54,39,43103,173.75
1785362716.079,7.6,100.0,77.76,122.0,22.0,57,41,43103,171.46
1785362717.080,6.3,100.0,77.76,113.0,14.0,56,40,43103,171.95
1785362718.080,7.1,100.0,77.75,115.0,16.0,54,38,43103,174.12
1785362719.080,7.5,100.0,77.74,117.0,13.0,51,36,43103,171.40
1785362720.080,5.1,100.0,77.74,117.0,10.0,54,38,43103,164.86
1785362721.080,5.7,87.0,77.72,117.0,17.0,58,41,43103,169.42
1785362722.080,6.6,76.0,77.48,132.0,21.0,50,35,43103,166.93
1785362723.080,7.3,100.0,77.50,136.0,18.0,59,42,43103,171.62
1785362724.080,6.4,100.0,77.50,122.0,19.0,55,40,43103,175.41
1785362725.080,7.0,100.0,77.47,117.0,19.0,58,43,43103,171.24
1785362726.081,5.4,100.0,77.48,118.0,19.0,56,41,43103,173.94
1785362727.081,5.8,100.0,77.48,121.0,22.0,55,39,43103,175.72
1785362728.081,4.5,100.0,77.47,133.0,20.0,53,36,43103,170.76
1785362729.081,5.2,100.0,77.42,124.0,20.0,56,41,43103,174.71
1785362730.081,6.0,94.0,77.70,127.0,23.0,54,39,43103,172.98
1785362731.081,4.6,99.0,77.73,131.0,23.0,55,40,43103,174.50
1785362732.081,6.2,100.0,77.70,132.0,26.0,56,41,43103,178.77
1785362733.081,6.5,100.0,77.70,129.0,24.0,57,41,43103,181.40
1785362734.081,5.7,100.0,77.67,107.0,10.0,58,41,43103,176.83
1785362735.081,7.1,100.0,77.68,105.0,11.0,57,40,43103,173.76
1785362736.082,7.3,100.0,77.68,113.0,13.0,59,41,43103,172.11
1785362737.082,7.4,100.0,77.68,113.0,15.0,58,41,43103,172.77
1785362738.082,6.7,100.0,77.67,106.0,13.0,57,40,43103,172.14
1785362739.082,6.1,100.0,77.66,101.0,5.0,52,39,43103,171.34
1785362740.082,4.0,100.0,76.31,43.0,0.0,0,0,43103,148.45
1785362741.082,2.1,91.0,76.14,4.0,0.0,0,0,43103,119.93
1785362742.082,4.6,100.0,75.93,3.0,0.0,0,0,43103,113.39
1785362743.082,6.2,100.0,76.29,3.0,0.0,0,0,43103,113.26
1785362744.083,4.9,79.2,76.31,0.0,43.0,0,0,43103,113.16
1785362745.083,6.1,100.0,76.32,5.0,40.0,0,0,43103,113.07
1785362746.083,3.2,100.0,76.31,2.0,36.0,0,0,43103,112.87
1785362747.083,3.0,100.0,76.33,4.0,38.0,0,0,43103,112.79
1785362748.083,2.6,100.0,76.32,3.0,18.0,0,0,43103,112.74
1785362749.083,3.6,100.0,76.34,3.0,54.1,0,0,43103,112.64
1785362750.083,4.9,98.0,76.33,4.0,46.9,0,0,43103,112.56
1785362751.083,5.7,100.0,75.69,4.0,38.1,0,0,43103,112.53
1785362752.083,5.0,100.0,75.71,2.0,48.0,0,0,43103,112.50
1785362753.083,4.7,100.0,75.71,2.0,38.0,0,0,43103,112.42
1785362754.083,4.9,99.0,75.72,3.0,34.0,0,0,43103,112.47
1785362755.084,5.1,100.0,75.80,1.0,49.0,0,0,43103,112.44
1785362756.084,5.6,100.0,75.78,2.0,22.0,0,0,43103,112.35
1785362757.084,7.8,100.0,75.78,3.0,34.0,0,0,43103,112.37
1785362758.084,6.8,100.0,75.81,3.0,54.0,0,0,43103,112.27
1785362759.084,3.7,100.0,75.81,1.0,64.0,0,0,43103,112.13
1785362760.084,4.6,100.0,75.81,3.0,40.0,0,0,43103,112.14
1785362761.084,4.5,100.0,75.78,3.0,30.0,0,0,43103,112.14
1785362762.084,3.9,100.0,75.78,2.0,51.0,0,0,43103,112.08
1785362763.084,5.3,100.0,75.79,2.0,56.0,0,0,43103,112.13
1785362764.085,7.1,100.0,75.77,4.0,53.0,0,0,43103,112.08
1785362765.085,6.2,100.0,75.76,2.0,46.0,0,0,43103,111.98
1785362766.085,6.6,100.0,76.37,1.0,51.0,0,0,43103,111.93
1785362767.085,8.1,100.0,76.33,3.0,34.0,0,0,43103,111.93
1785362768.085,6.4,100.0,76.34,2.0,28.0,0,0,43103,111.93
1785362769.085,6.3,100.0,76.30,3.0,29.0,0,0,43103,111.93
1785362770.085,7.0,100.0,76.33,3.0,26.0,0,0,43103,111.98
1785362771.085,5.8,100.0,76.32,2.0,31.0,0,0,43103,111.79
1785362772.085,6.1,100.0,76.40,2.0,29.0,0,0,43103,111.75
1785362773.085,4.2,97.0,76.39,5.0,21.0,0,0,43103,111.89
1785362774.086,7.3,71.4,76.28,2.0,21.0,0,0,43103,111.83
1785362775.086,9.0,100.0,76.27,3.0,32.0,0,0,43103,111.84
1785362776.086,5.3,100.0,76.29,1.0,33.0,0,0,43103,111.79
1785362777.086,7.0,100.0,76.28,4.0,31.0,0,0,43103,111.69
1785362778.086,6.3,100.0,76.27,2.0,33.0,0,0,43103,111.69
1785362779.086,4.8,100.0,76.25,2.0,29.0,0,0,43103,111.64
1785362780.086,5.7,97.0,76.24,5.0,34.0,0,0,43103,111.64
1785362781.086,4.5,100.0,76.30,2.0,24.0,0,0,43103,111.71
1785362782.086,6.7,100.0,76.26,4.0,31.0,0,0,43103,111.71
1785362783.086,6.7,100.0,76.24,1.0,41.0,0,0,43103,111.64
1785362784.086,5.2,100.0,76.24,1.0,27.0,0,0,43103,111.69
1785362785.087,8.0,100.0,76.23,2.0,24.0,0,0,43103,111.74
1785362786.087,6.7,100.0,76.22,3.0,27.0,0,0,43103,111.64
1785362787.087,5.5,100.0,76.22,3.0,29.0,0,0,43103,111.59
1785362788.087,7.4,100.0,76.20,3.0,18.0,0,0,43103,111.54
1785362789.087,4.5,100.0,76.18,3.0,25.0,0,0,43103,111.79
1785362790.087,4.1,75.8,75.28,3.0,23.0,0,0,43103,111.84
1785362791.087,5.9,100.0,75.62,2.0,23.0,0,0,43103,111.50
1785362792.087,4.8,100.0,75.63,4.0,23.0,0,0,43103,111.50
1785362793.087,5.7,100.0,75.61,2.0,26.0,0,0,43103,111.54
1785362794.087,4.9,100.0,75.62,3.0,29.0,0,0,43103,111.64
1785362795.087,6.0,72.0,75.63,3.0,17.0,0,0,43103,111.54
1785362796.088,6.7,99.0,75.61,2.0,20.0,0,0,43103,111.44
1785362797.088,5.6,100.0,75.61,1.0,30.0,0,0,43103,111.54
1785362798.088,6.5,99.0,75.93,4.0,48.2,0,0,43103,111.45
1785362799.088,7.5,100.0,75.93,2.0,191.5,0,0,43103,111.45
1785362800.088,6.6,100.0,75.95,2.0,42.0,0,0,43103,111.45
1785362801.088,5.6,100.0,75.96,2.0,28.0,0,0,43103,111.40
1785362802.088,4.8,100.0,75.98,3.0,28.0,0,0,43103,111.40
1785362803.088,6.0,100.0,75.96,3.0,55.0,0,0,43103,111.40
1785362804.088,6.1,100.0,75.96,2.0,45.0,0,0,43103,111.40
1785362805.088,4.1,100.0,75.98,2.0,39.0,0,0,43103,111.45
1785362806.088,6.9,100.0,75.98,4.0,52.0,0,0,43103,111.45
1785362807.089,5.1,66.0,75.98,4.0,51.0,0,0,43103,111.35
1785362808.089,4.8,70.0,76.26,3.0,49.0,0,0,43103,111.35
1785362809.089,4.4,100.0,76.28,4.0,65.0,0,0,43103,111.31
1785362810.089,5.2,100.0,76.30,3.0,178.9,0,0,43103,111.31
1785362811.089,6.5,100.0,76.28,4.0,13.0,0,0,43103,111.40
1785362812.089,5.7,100.0,76.29,3.0,14.0,0,0,43103,111.35
1785362813.089,5.5,100.0,76.29,1.0,15.0,0,0,43103,111.22
1785362814.089,6.1,100.0,76.27,4.0,23.0,0,0,43103,111.22
1785362815.089,4.7,100.0,76.25,3.0,37.0,0,0,43103,111.21
1785362816.090,4.8,100.0,76.28,4.0,46.0,0,0,43103,111.11
1785362817.090,8.1,69.7,76.28,2.0,42.0,0,0,43103,111.25
1785362818.090,6.5,86.0,76.18,3.0,50.0,0,0,43103,111.37
1785362819.090,4.3,100.0,76.19,3.0,36.0,0,0,43103,111.32
1785362820.090,5.5,100.0,76.20,4.0,25.0,0,0,43103,111.35
1785362821.090,4.9,100.0,76.22,3.0,15.0,0,0,43103,111.40
1785362822.090,7.5,100.0,76.23,2.0,39.0,0,0,43103,111.40
1785362823.090,5.4,100.0,76.24,3.0,61.3,0,0,43103,111.35
1785362824.090,6.5,100.0,76.25,3.0,37.0,0,0,43103,111.30
1785362825.090,6.3,92.0,76.25,2.0,33.0,0,0,43103,111.21
1785362826.091,5.6,99.0,76.20,2.0,36.0,0,0,43103,111.17
1785362827.091,7.1,100.0,76.19,2.0,34.0,0,0,43103,111.31
1785362828.091,7.8,100.0,76.21,2.0,45.9,0,0,43103,111.35
1785362829.091,5.9,100.0,76.22,2.0,13.0,0,0,43103,111.30
1785362830.091,6.5,100.0,76.33,2.0,50.0,0,0,43103,111.30
1785362831.091,4.7,100.0,77.57,2.0,101.1,0,0,43103,111.25
1785362832.091,5.0,100.0,77.57,4.0,98.7,0,0,43103,111.15
1785362833.091,6.3,100.0,77.77,2.0,101.3,0,0,43103,111.20
1785362834.091,5.9,100.0,77.66,7.0,96.0,0,0,43103,111.30
1785362835.091,6.0,92.0,77.66,149.0,29.0,48,35,43103,149.46
1785362836.091,9.3,80.2,77.83,145.0,38.0,54,41,43103,169.30
1785362837.091,7.1,100.0,77.84,95.0,9.0,60,42,43103,161.15
1785362838.091,6.7,100.0,77.83,118.0,20.0,56,40,43103,169.92
1785362839.092,8.2,100.0,77.79,128.0,23.0,55,40,43103,173.94
1785362840.092,6.0,100.0,77.79,126.0,23.0,52,38,43103,171.62
1785362841.092,6.6,100.0,77.80,131.0,24.0,55,40,43103,181.17
1785362842.092,7.6,100.0,77.81,128.4,23.9,55,38,43103,179.19
1785362843.092,5.9,82.8,77.81,123.0,20.0,51,37,43103,169.67
1785362844.092,5.9,100.0,77.80,129.0,25.0,53,39,43103,176.40
1785362845.092,4.9,78.8,77.80,133.0,27.0,47,34,43103,175.24
1785362846.092,4.3,85.1,77.77,123.0,20.0,54,39,43103,169.39
1785362847.092,4.5,80.8,77.77,123.0,18.0,50,37,43103,172.96
1785362848.092,6.5,89.9,77.77,121.0,20.0,58,42,43103,174.47
1785362849.092,5.5,91.0,77.76,121.0,20.0,56,40,43103,173.80
1785362850.093,6.8,80.0,77.77,118.0,14.0,55,39,43103,174.26
1785362851.093,5.7,100.0,77.79,117.0,17.0,57,41,43103,171.15
1785362852.093,7.0,99.0,77.76,124.0,21.0,51,36,43103,175.74
1785362853.093,6.0,81.0,77.75,124.0,21.0,58,42,43103,174.20
1785362854.093,6.6,100.0,77.73,124.0,23.0,57,42,43103,181.11
1785362855.093,6.2,99.0,77.70,119.0,19.0,57,41,43103,175.42
1785362856.093,4.5,80.0,77.68,115.0,16.0,56,40,43103,171.27
1785362857.093,5.0,85.1,77.67,119.0,14.0,53,38,43103,168.56
1785362858.093,5.5,86.0,77.63,119.6,19.1,54,38,43103,173.63
1785362859.093,5.5,100.0,77.64,116.4,15.9,57,41,43103,173.65
1785362860.094,6.6,100.0,77.64,123.0,19.0,54,39,43103,181.17
1785362861.094,6.1,99.0,77.62,125.0,20.0,55,39,43103,172.82
1785362862.094,5.6,78.8,77.60,106.5,11.1,55,39,43103,175.58
1785362863.094,4.0,77.0,77.58,97.6,7.0,60,41,43103,166.29
1785362864.094,6.0,78.8,76.11,39.1,0.0,0,0,43103,142.76
1785362865.094,4.3,91.1,76.12,4.0,0.0,0,0,43103,120.15
1785362866.094,5.1,79.8,76.13,2.0,0.0,0,0,43103,113.55
1785362867.094,8.1,100.0,76.31,0.9,200.9,0,0,43103,113.35
1785362868.094,5.9,89.1,76.32,1.1,43.9,0,0,43103,113.15
1785362869.094,3.5,83.0,76.33,3.0,43.0,0,0,43103,113.00
1785362870.094,4.0,81.0,76.31,2.0,36.0,0,0,43103,112.95
1785362871.094,4.5,100.0,76.31,2.0,31.0,0,0,43103,112.96
1785362872.094,5.6,100.0,76.30,2.0,30.0,0,0,43103,112.91
1785362873.095,4.0,82.0,76.30,3.0,20.0,0,0,43103,112.82
1785362874.095,5.0,100.0,76.30,1.0,66.7,0,0,43103,112.72
1785362875.095,4.4,83.0,76.33,2.0,38.0,0,0,43103,112.61
1785362876.095,5.1,96.0,76.31,2.0,36.0,0,0,43103,112.57
1785362877.095,8.3,92.9,76.33,3.0,37.0,0,0,43103,112.53
1785362878.095,5.1,84.0,76.33,3.0,20.0,0,0,43103,112.48
1785362879.095,4.9,97.0,76.30,4.0,27.0,0,0,43103,112.48
1785362880.095,4.5,100.0,76.32,5.0,30.0,0,0,43103,112.43
1785362881.095,3.1,45.0,76.34,1.0,24.0,0,0,43103,112.38
1785362882.096,4.1,93.9,76.35,5.0,43.0,0,0,43103,112.29
1785362883.096,4.0,100.0,76.33,3.0,21.0,0,0,43103,112.29
1785362884.096,3.1,65.0,76.34,3.0,17.0,0,0,43103,112.33
1785362885.096,3.3,87.8,76.35,3.0,17.0,0,0,43103,112.24
1785362886.096,3.0,61.6,76.35,2.0,17.0,0,0,43103,112.19
1785362887.096,3.7,99.0,76.31,2.0,20.0,0,0,43103,112.24
1785362888.096,5.2,100.0,76.29,3.0,42.0,0,0,43103,112.24
1785362889.096,7.9,83.2,76.27,1.0,42.0,0,0,43103,112.11
1785362890.097,5.3,100.0,76.27,4.0,30.0,0,0,43103,112.05
1785362891.097,6.2,99.0,76.29,2.0,55.0,0,0,43103,111.98
1785362892.097,4.8,100.0,76.29,2.0,40.0,0,0,43103,111.93
1785362893.097,5.0,100.0,76.26,2.0,23.0,0,0,43103,112.03
1785362894.097,3.8,49.5,76.24,4.0,17.0,0,0,43103,111.99
1785362895.097,3.0,48.0,76.24,3.0,23.0,0,0,43103,111.90
1785362896.097,5.7,100.0,76.23,3.0,52.0,0,0,43103,111.89
1785362897.097,3.4,49.5,76.22,3.0,44.0,0,0,43103,111.84
1785362898.097,5.6,74.0,76.22,3.0,35.0,0,0,43103,111.85
1785362899.098,6.4,98.0,76.24,3.0,44.0,0,0,43103,111.86
1785362900.098,5.3,98.0,76.23,3.0,50.0,0,0,43103,111.81
1785362901.098,4.9,100.0,76.24,4.0,25.0,0,0,43103,111.84
1785362902.098,6.2,94.1,76.40,3.0,28.0,0,0,43103,111.84
1785362903.098,5.8,100.0,76.40,2.0,21.0,0,0,43103,111.75
1785362904.098,5.4,100.0,76.49,4.0,31.0,0,0,43103,111.70
1785362905.098,6.2,100.0,76.47,2.0,36.0,0,0,43103,111.69
1785362906.098,5.3,100.0,76.45,2.0,35.0,0,0,43103,111.83
1785362907.098,5.5,100.0,76.43,2.0,31.0,0,0,43103,111.88
1785362908.099,6.2,100.0,76.42,2.0,34.0,0,0,43103,111.64
1785362909.099,6.6,100.0,76.41,3.0,36.0,0,0,43103,111.55
1785362910.099,5.7,100.0,76.42,2.0,31.0,0,0,43103,111.61
1785362911.099,6.2,100.0,76.40,1.0,33.0,0,0,43103,111.65
1785362912.099,6.6,71.3,76.39,3.0,24.0,0,0,43103,111.69
1785362913.099,3.8,100.0,76.38,5.0,32.0,0,0,43103,111.65
1785362914.099,4.9,100.0,76.37,3.0,32.0,0,0,43103,111.60
1785362915.099,6.4,100.0,76.37,1.0,22.0,0,0,43103,111.55
1785362916.099,3.9,100.0,75.78,4.0,32.0,0,0,43103,111.56
1785362917.099,4.7,100.0,75.78,1.0,34.0,0,0,43103,111.70
1785362918.100,5.1,100.0,75.77,2.0,30.0,0,0,43103,111.60
1785362919.100,5.2,100.0,75.75,3.0,45.0,0,0,43103,111.50
1785362920.100,4.9,100.0,75.73,2.0,30.0,0,0,43103,111.59
1785362921.100,4.2,100.0,75.70,4.0,28.0,0,0,43103,111.55
1785362922.100,4.3,100.0,75.70,1.0,27.0,0,0,43103,111.55
1785362923.100,4.9,100.0,75.68,1.0,29.0,0,0,43103,111.59
1785362924.100,4.3,60.4,75.68,4.0,18.0,0,0,43103,111.55
1785362925.100,3.9,100.0,75.70,2.0,27.9,0,0,43103,111.51
1785362926.100,2.1,100.0,75.70,3.0,25.0,0,0,43103,111.51
1785362927.100,2.4,65.7,75.67,5.0,22.0,0,0,43103,111.46
1785362928.100,6.5,100.0,76.15,2.0,25.9,0,0,43103,111.36
1785362929.101,5.7,100.0,76.16,2.0,29.1,0,0,43103,111.36
1785362930.101,7.1,100.0,76.15,4.0,29.0,0,0,43103,111.44
1785362931.101,6.0,100.0,76.14,5.0,16.0,0,0,43103,111.44
1785362932.101,5.7,100.0,76.13,0.0,18.0,0,0,43103,111.45
1785362933.101,7.0,100.0,76.12,2.0,38.0,0,0,43103,111.50
1785362934.160,8.0,100.0,76.12,1.9,195.1,0,0,43103,111.40
1785362935.160,6.0,100.0,76.13,5.0,36.9,0,0,43103,111.35
1785362936.160,5.6,100.0,76.14,3.0,38.0,0,0,43103,111.35
1785362937.160,7.7,83.2,76.13,3.0,25.0,0,0,43103,111.32
1785362938.160,7.9,96.0,76.28,3.0,16.0,0,0,43103,111.61
1785362939.160,6.6,100.0,76.28,3.0,55.0,0,0,43103,111.59
1785362940.160,5.9,100.0,76.30,3.0,45.0,0,0,43103,111.35
1785362941.160,3.9,100.0,76.31,2.0,34.0,0,0,43103,111.35
1785362942.160,7.0,100.0,76.33,4.0,45.0,0,0,43103,111.35
1785362943.161,6.2,100.0,76.35,3.0,47.0,0,0,43103,111.35
1785362944.161,5.8,100.0,76.37,2.0,55.0,0,0,43103,111.25
1785362945.161,4.2,75.0,76.39,3.0,39.0,0,0,43103,111.21
1785362946.161,4.6,100.0,76.38,2.0,53.0,0,0,43103,111.21
1785362947.161,9.2,100.0,76.35,3.0,172.0,0,0,43103,111.36
1785362948.161,6.2,100.0,76.36,2.0,18.0,0,0,43103,111.40
1785362949.161,6.2,100.0,76.36,2.0,16.0,0,0,43103,111.30
1785362950.161,8.5,100.0,76.35,3.0,19.0,0,0,43103,111.25
1785362951.161,6.3,100.0,76.36,2.0,42.0,0,0,43103,111.40
1785362952.161,4.1,100.0,76.36,2.0,46.1,0,0,43103,111.40
1785362953.161,6.5,100.0,76.37,1.0,48.9,0,0,43103,111.25
1785362954.162,7.6,100.0,76.35,4.0,60.0,0,0,43103,111.45
1785362955.162,5.8,100.0,76.36,1.0,29.0,0,0,43103,111.45
1785362956.162,6.4,100.0,76.34,2.0,27.0,0,0,43103,111.25
1785362957.162,4.8,93.1,76.36,2.0,13.0,0,0,43103,111.15
1785362958.162,6.0,100.0,76.38,2.0,29.0,0,0,43103,111.16
1785362959.162,5.4,100.0,76.40,3.0,71.0,0,0,43103,111.26
1785362960.162,4.5,100.0,76.41,3.0,42.0,0,0,43103,111.30
1785362961.162,6.9,100.0,76.40,2.0,41.0,0,0,43103,111.25
1785362962.162,7.1,100.0,76.40,4.0,42.0,0,0,43103,111.20
1785362963.162,5.9,100.0,76.40,1.0,38.9,0,0,43103,111.20
1785362964.162,6.4,100.0,76.40,4.0,31.0,0,0,43103,111.20
1785362965.163,4.4,80.0,76.70,2.0,39.9,0,0,43103,111.31
1785362966.163,7.2,100.0,77.60,3.0,73.8,0,0,43103,111.31
1785362967.163,8.5,100.0,77.90,3.0,99.2,0,0,43103,111.20
1785362968.163,8.3,100.0,78.01,1.0,99.9,0,0,43103,111.25
1785362969.163,6.5,100.0,78.02,2.0,101.0,0,0,43103,111.11
1785362970.163,7.5,100.0,78.01,108.0,50.0,52,38,43103,134.06
1785362971.163,8.0,100.0,78.04,142.0,38.0,53,40,43103,167.55
1785362972.163,7.5,100.0,78.07,120.0,20.0,50,36,43103,166.19
1785362973.163,9.5,100.0,78.02,136.0,27.0,55,41,43103,172.51
1785362974.163,7.4,100.0,78.07,134.0,29.0,52,35,43103,175.34
1785362975.163,9.2,100.0,78.11,127.0,24.0,56,41,43103,177.84
1785362976.163,7.4,100.0,78.11,139.0,29.0,52,38,43103,179.30
1785362977.164,9.0,100.0,78.09,133.5,23.9,54,39,43103,177.66
1785362978.164,9.6,100.0,78.08,120.0,21.0,59,43,43103,173.02
1785362979.164,9.3,100.0,78.08,134.0,25.0,52,39,43103,178.17
1785362980.164,9.4,100.0,78.06,135.0,27.0,55,40,43103,180.34
1785362981.164,10.0,100.0,78.03,127.0,25.0,55,38,43103,177.18
1785362982.164,8.9,97.0,78.02,129.0,25.0,56,41,43103,180.02
1785362983.164,9.3,100.0,78.15,135.0,27.0,56,41,43103,175.43
1785362984.164,10.1,100.0,78.13,136.0,28.0,53,37,43103,184.29
1785362985.164,7.3,100.0,78.13,134.0,27.0,59,42,43103,180.84
1785362986.164,8.3,100.0,78.09,139.0,31.0,61,43,43103,178.84
1785362987.165,9.7,100.0,78.42,142.0,31.0,53,39,43103,179.64
1785362988.165,7.7,100.0,78.41,120.0,21.0,57,42,43103,172.22
1785362989.165,7.5,100.0,78.40,114.0,16.0,51,37,43103,168.85
1785362990.165,6.1,100.0,78.39,99.0,6.0,53,39,43103,168.09
1785362991.165,5.9,100.0,78.36,96.0,5.0,58,43,43103,178.27
1785362992.165,7.3,99.0,76.62,16.0,0.0,0,0,43103,129.90
1785362993.165,4.4,100.0,76.60,3.0,0.0,0,0,43103,123.97
1785362994.165,7.7,100.0,76.60,2.0,0.0,0,0,43103,113.47
1785362995.165,8.9,100.0,76.83,2.0,207.0,0,0,43103,113.39
1785362996.165,5.8,100.0,76.81,3.0,45.9,0,0,43103,113.30
1785362997.166,9.7,100.0,76.83,3.0,44.1,0,0,43103,113.15
1785362998.166,8.4,100.0,76.82,1.0,37.0,0,0,43103,113.05
1785362999.166,6.6,100.0,76.82,2.0,39.2,0,0,43103,113.00
1785363000.166,6.8,100.0,76.80,1.0,17.9,0,0,43103,112.81
1785363001.166,5.9,100.0,76.79,4.0,43.1,0,0,43103,112.66
1785363002.166,4.3,76.2,76.84,3.0,68.1,0,0,43103,112.66
1785363003.166,5.0,100.0,77.02,2.0,34.9,0,0,43103,112.67
1785363004.166,5.7,100.0,77.00,3.0,36.8,0,0,43103,112.62
1785363005.166,4.4,100.0,77.01,4.0,44.1,0,0,43103,112.52
1785363006.166,4.4,100.0,77.02,2.0,45.0,0,0,43103,112.47
1785363007.166,4.1,100.0,77.01,3.0,44.0,0,0,43103,112.47
1785363008.167,4.2,100.0,77.01,3.0,27.0,0,0,43103,112.37
1785363009.167,4.6,64.6,76.99,3.0,18.0,0,0,43103,112.27
1785363010.167,6.1,100.0,76.55,4.0,46.0,0,0,43103,112.27
1785363011.167,9.6,100.0,76.54,2.0,51.1,0,0,43103,112.32
1785363012.167,7.1,100.0,76.53,2.0,61.9,0,0,43103,112.18
1785363013.167,6.0,100.0,76.50,3.0,26.0,0,0,43103,112.13
1785363014.167,5.6,100.0,76.49,3.0,34.0,0,0,43103,112.22
1785363015.167,4.0,100.0,76.47,3.0,61.0,0,0,43103,112.20
1785363016.167,3.8,85.0,76.44,4.0,44.0,0,0,43103,112.15
1785363017.167,5.2,91.8,76.58,2.0,33.0,0,0,43103,112.08
1785363018.168,6.4,100.0,76.59,3.0,52.0,0,0,43103,112.04
1785363019.168,7.1,100.0,76.57,2.0,50.0,0,0,43103,111.98
1785363020.168,4.3,79.0,76.57,3.0,32.0,0,0,43103,111.98
1785363021.168,3.5,100.0,76.56,2.0,30.0,0,0,43103,111.98
1785363022.168,5.8,100.0,76.53,3.0,36.0,0,0,43103,111.93
1785363023.168,6.0,100.0,76.52,2.0,35.0,0,0,43103,111.84
1785363024.168,6.1,100.0,76.51,3.0,35.0,0,0,43103,111.84
1785363025.168,6.2,99.0,76.50,2.0,30.0,0,0,43103,111.79
1785363026.168,6.6,100.0,76.74,2.0,28.0,0,0,43103,111.69
1785363027.168,5.7,100.0,76.75,2.0,26.0,0,0,43103,111.74
1785363028.168,5.9,100.0,76.71,5.0,34.0,0,0,43103,111.84
1785363029.169,6.2,100.0,76.71,1.0,30.0,0,0,43103,111.79
1785363030.169,8.1,99.0,76.68,2.0,29.0,0,0,43103,111.69
1785363031.169,6.8,74.0,76.53,5.0,22.0,0,0,43103,111.59
1785363032.169,5.8,100.0,76.50,3.0,30.0,0,0,43103,111.64
1785363033.169,7.7,100.0,76.49,2.0,29.0,0,0,43103,111.64
1785363034.169,6.0,100.0,76.56,4.0,32.0,0,0,43103,111.54
1785363035.169,7.5,100.0,76.59,2.0,32.0,0,0,43103,111.54
1785363036.169,8.7,100.0,76.75,2.0,31.0,0,0,43103,111.54
1785363037.169,7.3,100.0,76.74,4.0,46.0,0,0,43103,111.64
1785363038.169,5.8,100.0,76.73,1.0,24.0,0,0,43103,111.59
1785363039.169,4.6,100.0,76.72,4.0,24.0,0,0,43103,111.54
1785363040.170,4.5,100.0,76.72,4.0,23.0,0,0,43103,111.59
1785363041.170,6.5,100.0,76.71,1.0,28.0,0,0,43103,111.59
1785363042.170,6.0,99.0,76.69,2.0,22.0,0,0,43103,111.50
1785363043.170,7.7,92.9,76.81,3.0,18.0,0,0,43103,111.49
1785363044.170,7.8,100.0,76.70,1.0,22.0,0,0,43103,111.49
1785363045.170,7.4,100.0,76.72,4.0,27.0,0,0,43103,111.45
1785363046.170,6.7,100.0,76.67,1.0,26.0,0,0,43103,111.50
1785363047.170,7.5,100.0,76.68,3.0,26.0,0,0,43103,111.45
1785363048.170,5.4,100.0,76.66,1.0,29.0,0,0,43103,111.40
1785363049.170,5.4,100.0,76.63,2.0,23.0,0,0,43103,111.36
1785363050.170,6.2,100.0,76.62,4.0,14.0,0,0,43103,111.36
1785363051.171,5.3,84.0,76.60,3.0,19.0,0,0,43103,111.42
1785363052.171,4.4,81.0,76.49,3.0,28.0,0,0,43103,111.39
1785363053.171,5.8,100.0,76.55,3.0,48.0,0,0,43103,111.32
1785363054.171,6.8,100.0,76.54,2.0,121.0,0,0,43103,111.30
1785363055.171,6.6,100.0,76.55,3.0,32.0,0,0,43103,111.30
1785363056.171,6.6,100.0,76.46,2.0,39.0,0,0,43103,111.35
1785363057.171,8.5,100.0,76.45,5.0,10.0,0,0,43103,111.35
1785363058.171,7.5,100.0,76.44,2.0,53.0,0,0,43103,111.30
1785363059.171,7.9,100.0,76.46,3.0,42.0,0,0,43103,111.40
1785363060.171,7.4,100.0,76.47,3.0,40.0,0,0,43103,111.35
1785363061.171,5.8,99.0,76.48,1.0,32.0,0,0,43103,111.21
1785363062.172,6.9,100.0,76.62,3.0,41.0,0,0,43103,111.45
1785363063.172,6.0,100.0,76.62,3.0,46.0,0,0,43103,111.45
1785363064.172,4.1,100.0,76.62,3.0,52.0,0,0,43103,111.26
1785363065.172,6.0,100.0,76.86,3.0,61.0,0,0,43103,111.26
1785363066.172,9.0,100.0,76.85,2.0,136.0,0,0,43103,111.20
1785363067.172,7.3,100.0,76.85,2.0,17.0,0,0,43103,111.25
1785363068.172,5.9,100.0,76.83,4.0,17.0,0,0,43103,111.20
1785363069.172,5.3,100.0,76.80,4.0,17.0,0,0,43103,111.25
1785363070.172,6.8,100.0,76.78,3.0,34.0,0,0,43103,111.39
1785363071.172,7.6,100.0,76.78,0.0,48.0,0,0,43103,111.29
1785363072.173,9.2,100.0,76.78,4.0,50.0,0,0,43103,111.21
1785363073.173,8.1,100.0,77.13,1.0,56.0,0,0,43103,111.27
1785363074.173,5.3,100.0,77.11,2.0,33.0,0,0,43103,111.22
1785363075.173,5.8,100.0,77.14,3.0,25.0,0,0,43103,111.21
1785363076.173,5.8,100.0,77.11,5.0,20.0,0,0,43103,111.30
1785363077.173,6.2,100.0,77.10,1.0,60.0,0,0,43103,111.25
1785363078.173,6.3,100.0,77.12,2.0,45.0,0,0,43103,111.15
1785363079.173,6.3,100.0,77.12,2.0,39.0,0,0,43103,111.15
1785363080.173,4.1,100.0,77.13,3.0,48.0,0,0,43103,111.20
1785363081.174,5.0,100.0,77.12,3.0,39.0,0,0,43103,111.20
1785363082.174,5.9,94.9,77.08,2.0,34.0,0,0,43103,111.15
1785363083.174,5.8,99.0,77.13,3.0,30.0,0,0,43103,111.11
1785363084.174,7.5,100.0,78.02,2.0,74.0,0,0,43103,111.15
1785363085.174,6.5,100.0,78.41,1.0,100.0,0,0,43103,111.20
1785363086.174,6.0,100.0,78.51,3.0,100.0,0,0,43103,111.20
1785363087.174,6.4,100.0,78.49,2.0,100.0,0,0,43103,111.15
1785363088.174,7.1,100.0,78.48,85.0,43.0,52,36,43103,123.49
1785363089.174,5.4,100.0,78.44,118.0,15.0,52,37,43103,166.73
1785363090.174,5.5,100.0,78.43,138.0,25.0,49,35,43103,174.57
1785363091.174,6.3,100.0,78.47,128.0,24.0,52,37,43103,170.93
1785363092.175,5.9,100.0,78.44,128.0,21.0,57,42,43103,171.07
1785363093.175,6.6,100.0,78.43,115.0,16.0,53,38,43103,167.47
1785363094.175,7.2,100.0,78.42,128.0,21.0,51,36,43103,170.89
1785363095.175,7.7,100.0,78.43,132.0,27.0,55,39,43103,174.46
1785363096.175,9.2,100.0,78.48,128.2,23.0,53,38,43103,174.04
1785363097.175,6.2,100.0,78.53,127.8,23.0,53,37,43103,174.70
1785363098.175,6.6,100.0,78.52,134.0,27.0,57,41,43103,173.97
1785363099.175,8.7,99.0,78.49,145.0,32.0,56,41,43103,186.09
1785363100.175,7.6,94.0,78.27,138.0,30.0,50,35,43103,176.79
1785363101.175,6.8,100.0,78.26,145.0,34.0,55,39,43103,179.20
1785363102.176,6.9,100.0,78.25,136.0,30.0,55,41,43103,181.18
1785363103.176,5.7,100.0,78.23,131.0,24.0,57,42,43103,172.42
1785363104.176,7.3,100.0,78.21,123.0,22.0,53,38,43103,175.64
1785363105.176,6.7,100.0,78.19,115.0,18.0,56,40,43103,172.33
1785363106.176,9.2,100.0,78.16,107.0,11.0,58,41,43103,168.60
1785363107.176,9.0,100.0,78.20,93.9,3.0,58,43,43103,176.16
1785363108.176,6.9,100.0,76.67,37.0,0.0,0,0,43103,137.19
1785363109.176,6.1,100.0,76.68,3.0,0.0,0,0,43103,119.99
1785363110.176,6.7,100.0,76.68,2.0,0.0,0,0,43103,113.25
1785363111.176,8.7,100.0,76.87,2.0,172.1,0,0,43103,113.10
1785363112.177,4.5,80.2,76.89,4.0,38.0,0,0,43103,112.81
1785363113.177,5.7,87.9,76.90,3.0,33.0,0,0,43103,112.61
1785363114.177,7.0,100.0,77.13,1.0,40.0,0,0,43103,112.52
1785363115.177,5.9,100.0,77.21,3.0,28.0,0,0,43103,112.52
1785363116.177,4.9,100.0,77.19,3.0,29.0,0,0,43103,112.52
1785363117.177,8.6,100.0,77.24,3.0,16.0,0,0,43103,112.47
1785363118.177,6.5,100.0,77.24,1.0,62.0,0,0,43103,112.32
1785363119.177,6.5,100.0,77.26,5.0,46.0,0,0,43103,112.22
1785363120.177,6.1,100.0,77.26,1.0,44.0,0,0,43103,112.22
1785363121.177,6.5,100.0,77.28,1.0,46.0,0,0,43103,112.27
1785363122.177,5.3,99.0,76.64,4.0,26.0,0,0,43103,112.32
1785363123.178,5.1,100.0,76.84,1.0,38.0,0,0,43103,112.22
1785363124.178,6.9,100.0,76.81,4.0,48.0,0,0,43103,112.13
1785363125.178,7.1,100.0,76.80,3.0,24.0,0,0,43103,112.03
1785363126.178,8.0,100.0,76.82,1.0,35.0,0,0,43103,111.98
1785363127.178,4.5,100.0,76.85,3.0,50.0,0,0,43103,112.03
1785363128.178,4.9,100.0,76.82,4.0,51.0,0,0,43103,112.03
1785363129.178,7.3,100.0,76.83,1.0,61.0,0,0,43103,111.88
1785363130.178,5.8,100.0,76.82,3.0,29.0,0,0,43103,111.84
1785363131.178,6.1,100.0,76.79,1.0,30.0,0,0,43103,111.89
1785363132.178,7.0,89.0,77.14,3.0,59.0,0,0,43103,111.89
1785363133.178,7.0,100.0,77.15,3.0,44.0,0,0,43103,111.89
1785363134.179,4.4,100.0,77.15,3.0,30.0,0,0,43103,111.84
1785363135.179,6.4,100.0,77.17,3.0,44.0,0,0,43103,111.83
1785363136.179,6.3,100.0,77.16,2.0,49.0,0,0,43103,111.79
1785363137.179,5.0,100.0,77.14,2.0,28.0,0,0,43103,111.64
1785363138.179,5.2,100.0,77.13,3.0,27.0,0,0,43103,111.69
1785363139.179,5.2,100.0,77.11,3.0,28.0,0,0,43103,111.74
1785363140.179,5.0,100.0,77.09,3.0,28.0,0,0,43103,111.74
1785363141.179,5.6,100.0,77.09,4.0,35.0,0,0,43103,111.64
1785363142.179,5.7,99.0,77.07,1.0,31.0,0,0,43103,111.59
1785363143.179,6.8,100.0,76.86,2.0,30.0,0,0,43103,111.65
1785363144.180,4.7,100.0,76.84,5.0,28.0,0,0,43103,111.60
1785363145.180,4.7,100.0,76.84,2.0,22.0,0,0,43103,111.60
1785363146.180,5.5,100.0,76.84,2.0,26.0,0,0,43103,111.60
1785363147.180,3.8,100.0,76.85,4.0,26.0,0,0,43103,111.69
1785363148.180,3.9,100.0,76.85,2.0,33.0,0,0,43103,111.65
1785363149.180,4.4,100.0,76.83,2.0,28.0,0,0,43103,111.52
1785363150.180,6.0,100.0,76.81,3.0,19.0,0,0,43103,111.51
1785363151.180,6.3,100.0,76.81,2.0,23.0,0,0,43103,111.54
1785363152.180,4.5,100.0,76.80,2.0,26.0,0,0,43103,111.54
1785363153.180,5.2,100.0,76.79,2.0,28.0,0,0,43103,111.54
1785363154.180,6.6,100.0,76.78,4.0,34.0,0,0,43103,111.54
1785363155.181,5.7,86.1,76.76,3.0,44.0,0,0,43103,111.45
1785363156.181,8.1,100.0,76.83,2.0,23.0,0,0,43103,111.45
1785363157.181,7.4,100.0,76.85,2.0,27.0,0,0,43103,111.45
1785363158.181,4.7,100.0,76.85,2.0,26.0,0,0,43103,111.40
1785363159.181,5.2,100.0,76.84,3.0,20.0,0,0,43103,111.50
1785363160.181,3.8,100.0,76.81,4.0,24.0,0,0,43103,111.64
1785363161.181,4.9,100.0,76.81,3.0,23.0,0,0,43103,111.61
1785363162.181,6.6,100.0,76.77,3.0,14.0,0,0,43103,111.48
1785363163.181,5.9,100.0,76.76,1.0,28.0,0,0,43103,111.40
1785363164.181,6.7,100.0,76.79,3.0,24.0,0,0,43103,111.39
1785363165.182,5.7,100.0,76.76,2.0,25.0,0,0,43103,111.34
1785363166.182,6.1,100.0,76.73,3.0,26.0,0,0,43103,111.34
1785363167.182,5.7,77.0,76.70,2.0,24.0,0,0,43103,111.35
1785363168.182,5.5,100.0,76.72,4.0,28.0,0,0,43103,111.36
1785363169.182,4.9,100.0,76.70,2.0,22.0,0,0,43103,111.40
1785363170.182,4.9,100.0,76.68,2.0,15.0,0,0,43103,111.40
1785363171.182,6.0,100.0,76.69,3.0,17.0,0,0,43103,111.36
1785363172.182,7.6,100.0,76.71,2.0,36.0,0,0,43103,111.27
1785363173.182,7.5,89.1,76.71,1.0,46.0,0,0,43103,111.20
1785363174.182,7.7,87.9,76.87,5.0,192.1,0,0,43103,111.26
1785363175.182,4.8,78.2,76.87,2.0,36.0,0,0,43103,111.31
1785363176.183,6.5,100.0,76.86,2.0,31.0,0,0,43103,111.25
1785363177.183,8.7,100.0,76.85,4.0,12.0,0,0,43103,111.25
1785363178.183,6.5,100.0,76.85,1.0,29.0,0,0,43103,111.35
1785363179.183,6.5,100.0,76.87,2.0,46.0,0,0,43103,111.35
1785363180.183,6.2,100.0,76.88,4.0,30.0,0,0,43103,111.24
1785363181.183,6.9,100.0,76.89,2.0,41.0,0,0,43103,111.19
1785363182.183,6.4,100.0,76.88,1.0,41.0,0,0,43103,111.20
1785363183.183,5.8,100.0,76.87,4.0,40.0,0,0,43103,111.35
1785363184.183,5.1,100.0,76.88,3.0,50.0,0,0,43103,111.35
1785363185.183,4.6,100.0,76.88,2.0,36.0,0,0,43103,111.20
1785363186.183,5.7,83.2,76.88,3.0,58.0,0,0,43103,111.25
1785363187.184,7.2,100.0,76.92,3.0,192.0,0,0,43103,111.45
1785363188.184,4.5,72.0,76.93,3.0,18.0,0,0,43103,111.37
1785363189.184,3.5,86.7,76.93,6.0,18.0,0,0,43103,111.21
1785363190.184,3.8,66.7,76.92,2.0,15.0,0,0,43103,111.21
1785363191.184,6.3,100.0,76.93,4.0,12.0,0,0,43103,111.18
1785363192.184,5.9,92.9,76.92,2.0,13.0,0,0,43103,111.15
1785363193.184,5.4,100.0,76.91,3.0,12.0,0,0,43103,111.11
1785363194.184,7.5,99.0,76.90,5.0,19.0,0,0,43103,111.11
1785363195.185,6.1,100.0,76.91,1.0,31.0,0,0,43103,111.20
1785363196.185,4.5,89.1,76.92,3.0,26.0,0,0,43103,111.20
1785363197.185,5.8,99.0,76.91,4.0,36.0,0,0,43103,111.11
1785363198.185,4.7,100.0,76.93,1.0,43.0,0,0,43103,111.06
1785363199.185,4.8,99.0,76.91,5.0,29.0,0,0,43103,111.21
1785363200.185,4.4,79.0,76.92,4.0,45.0,0,0,43103,111.27
1785363201.185,4.2,69.4,76.92,2.0,20.0,0,0,43103,111.14
1785363202.185,4.8,99.0,76.92,2.0,22.0,0,0,43103,111.16
1785363203.185,3.7,90.9,76.91,4.0,19.0,0,0,43103,111.21
1785363204.186,3.8,71.0,76.94,4.0,18.0,0,0,43103,111.20
1785363205.186,5.4,100.0,76.92,4.0,9.0,0,0,43103,111.09
1785363206.186,5.1,100.0,76.93,3.0,23.0,0,0,43103,111.11
1785363207.186,5.3,99.0,76.95,3.0,59.0,0,0,43103,111.21
1785363208.186,5.0,100.0,76.97,2.0,36.0,0,0,43103,111.20
1785363209.186,2.5,66.0,76.96,5.0,22.0,0,0,43103,111.19
1785363210.186,5.0,79.0,76.97,3.0,23.0,0,0,43103,111.16
1785363211.186,5.8,99.0,76.97,2.0,33.0,0,0,43103,111.13
1785363212.186,4.5,79.0,76.99,3.0,32.0,0,0,43103,111.15
1785363213.186,5.7,77.7,77.00,4.0,23.0,0,0,43103,111.18
1785363214.187,4.7,100.0,76.98,4.0,21.0,0,0,43103,111.47
1785363215.187,5.5,99.0,77.01,2.0,30.0,0,0,43103,111.50
1785363216.187,5.0,100.0,77.07,2.0,27.0,0,0,43103,111.15
1785363217.187,4.5,77.0,77.60,4.0,74.0,0,0,43103,111.11
1785363218.187,6.0,100.0,78.41,3.0,100.0,0,0,43103,111.12
1785363219.187,5.9,100.0,78.55,3.0,99.0,0,0,43103,111.16
1785363220.187,6.2,100.0,78.52,2.0,101.0,0,0,43103,111.15
1785363221.187,5.8,75.0,78.50,116.0,46.0,54,39,43103,138.20
1785363222.187,7.1,99.0,78.48,137.0,41.0,48,36,43103,165.68
1785363223.188,7.2,100.0,78.46,116.9,23.0,56,39,43103,159.10
1785363224.188,7.7,71.0,78.44,133.0,27.0,53,38,43103,172.73
1785363225.188,4.7,77.0,78.44,142.8,33.0,52,37,43103,169.50
1785363226.188,5.4,74.7,78.43,149.1,36.0,53,38,43103,173.06
1785363227.188,6.8,100.0,78.41,149.0,37.0,51,36,43103,180.10
1785363228.188,6.6,99.0,78.40,147.0,37.0,51,36,43103,179.98
1785363229.188,6.5,100.0,78.40,143.1,36.0,54,40,43103,176.81
1785363230.188,8.0,74.7,78.37,138.8,30.0,49,35,43103,177.65
1785363231.189,6.0,99.0,78.35,137.0,28.0,52,38,43103,170.95
1785363232.189,6.9,100.0,78.33,146.1,32.0,53,39,43103,173.27
1785363233.189,6.7,100.0,78.31,131.7,27.9,43,30,43103,172.06
1785363234.189,6.1,73.7,78.31,144.2,33.1,51,35,43103,171.97
1785363235.189,7.2,100.0,78.29,135.1,29.0,57,41,43103,180.38
1785363236.189,6.7,79.0,78.32,130.0,24.0,50,36,43103,175.04
1785363237.189,8.5,100.0,78.33,147.0,29.0,51,37,43103,174.86
1785363238.189,7.5,86.9,78.32,136.0,22.0,52,36,43103,178.57
1785363239.189,6.2,100.0,78.33,130.0,14.0,56,41,43103,175.59
1785363240.190,6.1,96.0,78.33,122.0,18.0,57,41,43103,172.86
1785363241.190,6.4,73.0,78.31,110.7,13.0,59,42,43103,170.31
1785363242.190,5.9,99.0,78.15,62.1,40.1,0,0,43103,151.38
1785363243.190,4.8,87.9,76.76,4.0,0.0,0,0,43103,119.46
1785363244.190,5.4,100.0,76.76,2.0,0.0,0,0,43103,113.09
1785363245.190,5.6,99.0,76.87,5.0,0.0,0,0,43103,113.02
1785363246.190,6.8,96.0,76.95,1.0,154.0,0,0,43103,112.92
1785363247.190,4.6,99.0,77.00,3.0,32.0,0,0,43103,112.77
1785363248.190,3.9,77.0,77.01,3.0,30.0,0,0,43103,112.61
1785363249.191,4.8,71.7,77.02,4.0,32.0,0,0,43103,112.54
1785363250.191,5.2,95.0,77.00,5.0,20.0,0,0,43103,112.49
1785363251.191,4.2,78.8,77.00,5.0,20.0,0,0,43103,112.42
1785363252.191,5.5,79.2,76.99,3.0,30.0,0,0,43103,112.42
1785363253.191,6.6,87.1,77.01,3.0,14.0,0,0,43103,112.37
1785363254.191,9.0,100.0,76.94,2.0,30.0,0,0,43103,112.27
1785363255.191,9.2,100.0,76.94,2.0,21.0,0,0,43103,112.22
1785363256.191,5.3,100.0,77.04,5.0,10.0,0,0,43103,112.18
1785363257.191,6.9,100.0,77.08,4.0,13.0,0,0,43103,112.18
1785363258.192,4.5,100.0,77.09,3.0,15.0,0,0,43103,112.18
1785363259.192,6.3,100.0,77.10,4.0,34.9,0,0,43103,112.08
1785363260.192,6.0,100.0,77.09,1.0,59.0,0,0,43103,111.98
1785363261.192,5.4,100.0,77.12,5.0,43.0,0,0,43103,112.13
1785363262.192,6.7,100.0,77.11,1.0,45.0,0,0,43103,112.08
1785363263.192,5.9,100.0,77.10,3.0,37.0,0,0,43103,111.89
1785363264.192,6.6,100.0,77.09,3.0,33.0,0,0,43103,111.93
1785363265.192,6.1,100.0,77.00,1.0,49.0,0,0,43103,111.98
1785363266.192,5.6,100.0,77.00,3.0,22.0,0,0,43103,111.93
1785363267.192,6.8,100.0,76.99,3.0,37.0,0,0,43103,111.88
1785363268.193,6.7,100.0,76.99,2.0,57.0,0,0,43103,111.89
1785363269.193,4.7,100.0,77.00,2.0,65.0,0,0,43103,112.13
1785363270.193,7.0,100.0,77.01,4.0,41.0,0,0,43103,112.08
1785363271.193,6.2,100.0,76.99,1.0,28.0,0,0,43103,111.74
1785363272.193,5.8,77.2,77.04,2.0,33.0,0,0,43103,111.70
1785363273.193,7.8,100.0,77.13,4.0,66.0,0,0,43103,111.65
1785363274.193,5.5,100.0,77.18,2.0,41.0,0,0,43103,111.64
1785363275.193,6.5,100.0,77.17,2.0,55.0,0,0,43103,111.69
1785363276.193,6.2,100.0,77.16,2.0,50.0,0,0,43103,111.64
1785363277.193,5.6,100.0,77.13,3.0,39.0,0,0,43103,111.64
1785363278.193,7.2,100.0,77.11,2.0,36.0,0,0,43103,111.69
1785363279.193,7.4,100.0,77.09,0.0,34.0,0,0,43103,111.69
1785363280.194,7.1,100.0,77.09,4.0,36.0,0,0,43103,111.59
1785363281.194,6.1,81.8,77.08,2.0,32.0,0,0,43103,111.45
1785363282.194,3.7,100.0,77.08,5.0,20.0,0,0,43103,111.52
1785363283.194,6.7,89.9,77.18,3.0,33.0,0,0,43103,111.76
1785363284.194,7.2,100.0,77.15,1.0,25.0,0,0,43103,111.54
1785363285.194,5.1,100.0,77.13,2.0,31.0,0,0,43103,111.45
1785363286.194,5.3,100.0,77.12,4.0,34.0,0,0,43103,111.64
1785363287.194,4.2,100.0,77.11,2.0,33.0,0,0,43103,111.54
1785363288.194,5.7,100.0,77.11,2.0,32.0,0,0,43103,111.54
1785363289.195,5.9,100.0,77.11,3.0,32.0,0,0,43103,111.54
1785363290.195,6.1,100.0,77.12,3.0,34.0,0,0,43103,111.45
1785363291.195,6.2,100.0,77.12,2.0,33.0,0,0,43103,111.40
1785363292.195,5.6,85.0,77.10,1.0,28.0,0,0,43103,111.35
1785363293.195,6.0,100.0,77.10,4.0,41.0,0,0,43103,111.40
1785363294.195,7.5,100.0,77.10,2.0,28.0,0,0,43103,111.40
1785363295.195,7.4,100.0,77.10,3.0,25.0,0,0,43103,111.30
1785363296.195,3.9,100.0,77.09,3.0,29.0,0,0,43103,111.35
1785363297.195,9.6,100.0,77.09,2.0,30.0,0,0,43103,111.40
1785363298.195,7.1,100.0,77.05,3.0,19.0,0,0,43103,111.36
1785363299.196,6.5,100.0,77.05,2.0,28.0,0,0,43103,111.31
1785363300.196,6.9,100.0,77.32,3.0,26.0,0,0,43103,111.35
1785363301.196,6.2,66.0,77.24,3.0,20.0,0,0,43103,111.37
1785363302.196,7.8,100.0,77.31,3.0,28.0,0,0,43103,111.34
1785363303.880,6.1,100.0,77.23,1.8,29.1,0,0,43103,111.34
1785363304.880,8.4,100.0,77.25,3.0,17.0,0,0,43103,111.44
1785363305.880,7.6,100.0,77.23,2.0,25.0,0,0,43103,111.45
1785363306.880,7.5,100.0,77.42,3.0,43.0,0,0,43103,111.30
1785363307.880,8.6,100.0,77.83,4.0,193.0,0,0,43370,111.40
1785363308.880,6.3,100.0,78.15,3.0,40.0,0,0,43370,111.40
1785363309.881,6.0,82.0,77.98,3.0,37.0,0,0,43103,111.44
1785363310.881,7.6,57.0,77.15,2.0,11.0,0,0,43103,111.40
1785363311.881,7.3,100.0,77.57,3.0,48.0,0,0,43103,111.39
1785363312.881,7.4,100.0,77.65,4.0,49.0,0,0,43103,111.23
1785363313.881,6.6,100.0,77.66,4.0,44.0,0,0,43103,111.29
1785363314.881,6.8,100.0,77.66,4.0,50.0,0,0,43103,111.30
1785363315.881,7.9,100.0,77.61,0.0,53.0,0,0,43103,111.25
1785363316.881,7.8,100.0,77.55,3.0,55.0,0,0,43103,111.20
1785363317.881,6.4,100.0,77.52,3.0,65.0,0,0,43103,111.20
1785363318.882,7.3,100.0,77.51,3.0,177.0,0,0,43103,111.30
1785363319.882,7.7,100.0,77.61,1.0,17.0,0,0,43103,111.25
1785363320.882,5.2,99.0,77.56,2.0,18.0,0,0,43103,111.15
1785363321.882,6.8,100.0,77.39,3.0,18.0,0,0,43103,111.11
1785363322.882,4.7,100.0,77.37,3.0,29.0,0,0,43103,111.11
1785363323.882,5.7,100.0,77.46,3.0,47.0,0,0,43103,111.15
1785363324.882,7.2,100.0,77.42,2.0,53.0,0,0,43103,111.11
1785363325.882,4.9,100.0,77.38,4.0,45.7,0,0,43103,111.01
1785363326.882,5.1,90.9,77.34,3.0,50.2,0,0,43103,111.06
1785363327.883,6.7,100.0,77.32,12.0,25.0,0,0,43103,111.18
1785363328.883,5.4,100.0,77.31,1.0,28.0,0,0,43103,111.22
1785363329.883,6.2,100.0,77.26,3.0,20.0,0,0,43103,111.22
1785363330.883,7.8,100.0,77.24,3.0,64.1,0,0,43103,111.17
1785363331.883,6.0,72.7,77.22,1.0,39.9,0,0,43103,111.15
1785363332.883,8.0,99.0,77.23,2.0,40.0,0,0,43103,111.16
1785363333.883,5.4,100.0,77.20,5.0,50.9,0,0,43103,111.16
1785363334.883,3.8,100.0,77.21,4.0,37.0,0,0,43103,111.15
1785363335.883,5.7,100.0,77.22,2.0,44.1,0,0,43103,111.15
1785363336.883,6.1,100.0,77.21,3.0,8.0,0,0,43103,111.11
1785363337.883,4.6,78.4,77.60,3.0,73.0,0,0,43103,111.16
1785363338.884,4.6,100.0,78.54,4.0,99.0,0,0,43103,111.21
1785363339.884,4.4,100.0,78.50,3.0,100.0,0,0,43103,111.11
1785363340.884,6.3,100.0,78.08,3.0,99.9,0,0,43103,111.06
1785363341.884,7.2,99.0,77.97,25.0,90.0,13,9,43103,111.89
1785363342.884,7.0,100.0,78.25,132.0,38.0,55,40,43103,165.10
1785363343.884,9.4,100.0,78.20,125.7,29.2,55,39,43103,164.19
1785363344.884,6.6,100.0,78.21,131.3,26.9,57,41,43103,174.99
1785363345.884,6.5,100.0,78.20,139.0,29.0,54,37,43103,177.05
1785363346.884,5.9,100.0,78.17,146.0,32.0,52,37,43103,175.77
1785363347.884,6.1,100.0,78.17,146.0,29.0,54,34,43103,186.67
1785363348.884,6.7,100.0,78.26,134.0,27.0,49,36,43103,168.97
1785363349.885,5.8,100.0,78.26,144.0,31.0,50,37,43103,178.80
1785363350.885,5.3,90.9,78.23,138.0,30.0,51,38,43103,175.52
1785363351.885,6.4,75.2,78.23,142.0,31.0,54,38,43103,168.38
1785363352.885,8.0,98.0,78.21,153.0,36.0,52,36,43103,175.99
1785363353.885,5.8,74.0,78.21,153.0,38.0,51,35,43103,179.08
1785363354.885,7.9,80.0,78.19,153.0,37.0,51,35,43103,180.60
1785363355.885,9.0,99.0,78.19,152.0,36.0,52,37,43103,178.67
1785363356.885,11.5,90.0,78.18,133.0,28.0,51,38,43103,168.96
1785363357.885,7.4,73.0,78.19,120.9,18.0,51,37,43103,170.19
1785363358.885,8.4,75.5,78.50,114.0,12.0,55,38,43103,166.68
1785363359.886,6.5,98.0,78.32,108.0,8.0,52,38,43103,165.21
1785363360.886,5.3,99.0,78.18,55.0,48.0,0,0,43103,139.48
1785363361.886,4.7,84.8,76.83,3.0,0.0,0,0,43103,119.55
1785363362.886,4.0,58.0,76.82,3.0,0.0,0,0,43103,112.89
1785363363.886,4.7,100.0,76.94,2.0,0.0,0,0,43103,112.82
1785363364.886,7.4,100.0,77.01,3.0,204.4,0,0,43103,112.68
1785363365.886,6.1,82.0,76.99,5.0,32.0,0,0,43103,112.52
1785363366.886,4.5,100.0,76.98,2.0,28.0,0,0,43103,112.42
1785363367.887,6.5,99.0,76.96,2.0,34.0,0,0,43103,112.37
1785363368.887,6.0,68.0,76.95,4.0,19.0,0,0,43103,112.33
1785363369.887,4.8,89.1,76.94,5.0,27.0,0,0,43103,112.30
1785363370.887,6.4,80.8,76.93,3.0,22.0,0,0,43103,112.29
1785363371.887,5.2,75.5,76.93,5.0,17.0,0,0,43103,112.18
1785363372.887,4.7,72.4,76.93,2.0,33.0,0,0,43103,112.08
1785363373.887,6.5,100.0,76.94,2.0,17.0,0,0,43103,112.13
1785363374.887,5.1,96.0,76.94,3.0,15.0,0,0,43103,112.13
1785363375.888,5.8,95.0,77.02,5.0,17.0,0,0,43103,112.08
1785363376.888,6.5,100.0,77.02,1.0,16.0,0,0,43103,112.04
1785363377.888,4.1,100.0,77.02,4.0,37.0,0,0,43103,111.98
1785363378.888,5.6,100.0,77.02,3.0,62.0,0,0,43103,111.92
1785363379.888,5.0,100.0,77.00,4.0,35.0,0,0,43103,111.88
1785363380.888,6.1,100.0,77.03,1.0,44.0,0,0,43103,111.88
1785363381.888,7.3,96.0,77.03,4.0,40.0,0,0,43103,111.84
1785363382.888,5.5,96.0,76.79,2.0,31.0,0,0,43103,111.80
1785363383.888,4.8,100.0,76.78,3.0,43.0,0,0,43103,111.75
1785363384.888,3.8,100.0,76.81,3.0,52.0,0,0,43103,111.79
1785363385.889,3.7,100.0,76.79,2.0,18.0,0,0,43103,111.79
1785363386.889,4.5,100.0,76.78,3.0,49.0,0,0,43103,111.65
1785363387.889,5.9,100.0,76.76,3.0,57.0,0,0,43103,111.65
1785363388.889,7.4,100.0,76.79,2.0,63.0,0,0,43103,111.69
1785363389.889,4.4,100.0,76.77,2.0,29.0,0,0,43103,111.70
1785363390.889,6.4,100.0,76.78,2.0,43.0,0,0,43103,111.70
1785363391.889,6.1,100.0,76.77,3.0,62.0,0,0,43103,111.64
1785363392.889,5.8,100.0,76.79,3.0,51.0,0,0,43103,111.59
1785363393.889,6.0,100.0,76.79,1.0,51.0,0,0,43103,111.61
1785363394.889,7.3,100.0,76.78,3.0,49.0,0,0,43103,111.61
1785363395.889,5.6,100.0,76.79,3.0,35.0,0,0,43103,111.59
1785363396.890,5.9,100.0,76.81,2.0,37.0,0,0,43103,111.54
1785363397.890,6.4,100.0,76.87,2.0,35.0,0,0,43103,111.50
1785363398.890,5.7,82.2,76.87,3.0,30.0,0,0,43103,111.51
1785363399.890,5.0,100.0,76.87,2.0,34.0,0,0,43103,111.50
1785363400.890,5.2,99.0,76.86,3.0,31.9,0,0,43103,111.50
1785363401.890,4.7,92.0,76.84,2.0,31.1,0,0,43103,111.45
1785363402.890,6.0,100.0,76.84,4.0,29.0,0,0,43103,111.45
1785363403.890,4.8,97.0,76.83,2.0,32.0,0,0,43103,111.60
1785363404.890,4.5,83.0,76.86,2.0,26.0,0,0,43103,111.54
1785363405.890,5.3,93.1,76.86,3.0,29.0,0,0,43103,111.39
1785363406.891,2.9,86.9,76.85,3.0,32.0,0,0,43103,111.38
1785363407.891,2.7,82.8,76.84,3.0,30.0,0,0,43103,111.43
1785363408.891,4.1,83.0,76.85,2.0,31.0,0,0,43103,111.46
1785363409.891,5.1,86.1,76.85,4.0,31.0,0,0,43103,111.36
1785363410.891,6.1,81.8,76.37,3.0,27.0,0,0,43103,111.30
1785363411.891,8.0,100.0,76.76,3.0,36.0,0,0,43103,111.45
1785363412.891,3.6,100.0,76.77,4.0,31.0,0,0,43103,111.50
1785363413.891,4.4,100.0,76.77,2.0,26.0,0,0,43103,111.35
1785363414.891,6.0,100.0,76.75,4.0,26.0,0,0,43103,111.35
1785363415.891,5.4,100.0,76.76,3.0,23.0,0,0,43103,111.40
1785363416.892,10.9,100.0,76.77,0.0,30.0,0,0,43103,111.35
1785363417.892,8.0,100.0,76.77,3.0,18.0,0,0,43103,111.30
1785363418.892,6.2,79.0,76.78,2.0,28.0,0,0,43103,111.35
1785363419.892,6.3,100.0,76.78,3.0,29.0,0,0,43103,111.35
1785363420.892,5.5,100.0,76.76,2.0,27.0,0,0,43103,111.35
1785363421.892,5.7,100.0,76.80,2.0,21.0,0,0,43103,111.35
1785363422.892,6.5,100.0,77.05,3.0,31.0,0,0,43103,111.35
1785363423.892,6.1,100.0,77.04,3.0,29.0,0,0,43103,111.35
1785363424.892,5.7,100.0,77.05,1.0,17.0,0,0,43103,111.30
1785363425.892,6.1,100.0,77.06,3.0,30.0,0,0,43103,111.30
1785363426.892,6.4,100.0,77.03,2.0,52.0,0,0,43103,111.25
1785363427.893,7.7,100.0,77.05,2.0,193.0,0,0,43103,111.25
1785363428.893,5.8,100.0,77.04,3.0,35.0,0,0,43103,111.21
1785363429.893,8.1,100.0,77.06,3.0,41.0,0,0,43103,111.21
1785363430.893,6.3,100.0,77.09,2.0,23.0,0,0,43103,111.25
1785363431.893,5.0,100.0,77.10,2.0,54.0,0,0,43103,111.20
1785363432.893,4.6,100.0,77.09,3.0,45.0,0,0,43103,111.26
1785363433.893,7.1,100.0,76.97,4.0,42.0,0,0,43103,111.22
1785363434.893,7.0,100.0,76.80,1.0,53.0,0,0,43103,111.16
1785363435.893,8.1,100.0,76.79,4.0,56.0,0,0,43103,111.15
1785363436.893,6.2,99.0,76.79,1.0,54.0,0,0,43103,111.11
1785363437.893,8.6,100.0,76.80,3.0,64.3,0,0,43103,111.20
1785363438.894,8.5,99.0,76.84,1.0,180.2,0,0,43103,111.20
1785363439.894,6.4,100.0,76.85,2.0,19.0,0,0,43103,111.20
1785363440.894,6.6,100.0,76.82,2.0,20.0,0,0,43103,111.25
1785363441.894,7.6,100.0,76.83,3.0,27.0,0,0,43103,111.20
1785363442.894,5.7,100.0,76.86,0.0,44.0,0,0,43103,111.15
1785363443.894,7.0,100.0,76.88,3.0,54.0,0,0,43103,111.45
1785363444.894,5.3,100.0,76.43,3.0,52.0,0,0,43103,111.45
1785363445.894,4.8,100.0,76.79,3.0,52.0,0,0,43103,111.11
1785363446.894,6.0,100.0,76.78,3.0,31.0,0,0,43103,111.11
1785363447.894,5.7,99.0,76.80,2.0,17.0,0,0,43103,111.15
1785363448.894,5.7,86.0,76.95,3.0,48.0,0,0,43103,111.30
1785363449.894,6.3,100.0,76.93,2.0,64.0,0,0,43103,111.30
1785363450.895,7.9,100.0,76.96,2.0,39.0,0,0,43103,111.20
1785363451.895,8.6,100.0,76.98,1.0,52.0,0,0,43103,111.20
1785363452.895,8.3,100.0,76.98,4.0,39.0,0,0,43103,111.20
1785363453.895,7.2,100.0,76.99,3.0,39.0,0,0,43103,111.39
1785363454.895,8.6,100.0,77.06,0.0,21.0,0,0,43103,111.40
1785363455.895,7.9,100.0,77.76,3.0,74.0,0,0,43103,111.20
1785363456.895,4.8,100.0,78.45,3.0,99.0,0,0,43103,111.20
1785363457.895,7.7,100.0,78.63,2.0,101.0,0,0,43103,111.21
1785363458.895,7.2,100.0,78.78,3.0,100.0,0,0,43103,111.21
1785363459.895,8.3,100.0,78.64,56.0,69.0,41,29,43103,118.42
1785363460.895,7.5,100.0,78.74,117.0,15.0,57,41,43103,162.27
1785363461.896,9.2,100.0,78.82,140.0,30.0,55,40,43103,178.51
1785363462.896,8.8,100.0,78.81,136.0,28.0,55,39,43103,177.37
1785363463.896,8.8,100.0,78.77,123.1,19.0,55,40,43103,175.99
1785363464.896,9.3,100.0,78.77,135.0,30.0,57,41,43103,175.14
1785363465.896,8.8,100.0,78.76,140.8,31.0,55,39,43103,176.25
1785363466.896,7.8,93.0,78.75,135.0,30.0,52,37,43103,173.47
1785363467.896,9.5,100.0,78.57,141.0,33.0,57,37,43103,177.99
1785363468.896,9.8,100.0,78.55,146.4,34.1,52,37,43103,185.20
1785363469.896,7.6,100.0,78.55,150.6,41.9,55,40,43103,186.26
1785363470.896,8.7,100.0,78.48,146.3,36.8,57,43,43103,183.33
1785363471.897,7.7,100.0,78.48,141.7,33.2,55,38,43103,179.18
1785363472.897,6.9,100.0,78.48,131.0,31.0,54,40,43103,179.55
1785363473.897,7.8,100.0,78.44,112.4,15.9,58,41,43103,169.96
1785363474.897,5.9,100.0,78.40,102.5,8.0,52,39,43103,171.27
1785363475.897,5.5,71.7,78.37,99.0,5.0,58,43,43103,174.20
1785363476.897,9.5,99.0,77.13,5.0,0.0,0,0,43103,119.51
1785363477.897,9.2,100.0,77.16,3.0,0.0,0,0,43103,112.88
1785363478.897,7.6,100.0,77.23,1.0,0.0,0,0,43103,112.81
1785363479.897,8.8,100.0,77.36,4.0,139.0,0,0,43103,112.66
1785363480.898,6.3,100.0,77.36,3.0,51.0,0,0,43103,112.57
1785363481.898,7.2,100.0,77.35,0.0,33.0,0,0,43103,112.52
1785363482.898,6.3,100.0,77.34,5.0,34.0,0,0,43103,112.42
1785363483.898,5.6,100.0,77.33,1.0,38.0,0,0,43103,112.37
1785363484.898,7.5,100.0,77.30,2.0,24.0,0,0,43103,112.37
1785363485.898,6.1,100.0,77.29,3.0,74.0,0,0,43103,112.13
1785363486.898,6.2,99.0,77.29,1.0,36.0,0,0,43103,111.93
1785363487.898,6.2,100.0,77.02,4.0,30.0,0,0,43103,112.03
1785363488.898,6.4,100.0,77.01,2.0,45.0,0,0,43103,112.03
1785363489.898,6.7,100.0,77.02,2.0,46.0,0,0,43103,112.03
1785363490.898,7.0,100.0,77.03,3.0,45.0,0,0,43103,112.03
1785363491.899,6.0,100.0,77.01,1.0,24.0,0,0,43103,111.98
1785363492.899,6.4,100.0,76.99,3.0,34.0,0,0,43103,112.18
1785363493.899,7.2,99.0,77.00,3.0,50.0,0,0,43103,112.13
1785363494.899,7.0,100.0,77.19,0.0,44.0,0,0,43103,111.88
1785363495.899,6.7,100.0,77.19,4.0,60.0,0,0,43103,111.93
1785363496.899,6.8,100.0,77.19,3.0,31.0,0,0,43103,111.88
1785363497.899,7.8,100.0,77.15,1.0,44.0,0,0,43103,111.74
1785363498.899,8.5,100.0,77.17,3.0,64.0,0,0,43103,111.74
1785363499.899,6.5,100.0,77.18,2.0,44.0,0,0,43103,111.79
1785363500.899,5.8,100.0,77.16,2.0,54.0,0,0,43103,111.79
1785363501.900,7.4,100.0,77.15,3.0,51.0,0,0,43103,111.84
1785363502.900,5.4,100.0,77.16,2.0,21.0,0,0,43103,111.79
1785363503.900,6.6,99.0,77.03,3.0,33.0,0,0,43103,111.69
1785363504.900,6.2,100.0,77.02,3.0,39.0,0,0,43103,111.64
1785363505.900,4.7,100.0,77.00,3.0,38.0,0,0,43103,111.59
1785363506.900,5.1,100.0,76.98,1.0,35.0,0,0,43103,111.59
1785363507.900,6.2,100.0,76.98,3.0,25.0,0,0,43103,111.59
1785363508.900,7.9,100.0,77.08,3.0,32.0,0,0,43103,111.63
1785363509.900,7.9,100.0,77.11,1.0,33.0,0,0,43103,111.63
1785363510.900,7.8,100.0,77.12,4.0,31.1,0,0,43103,111.79
1785363511.901,7.5,100.0,77.12,0.0,34.9,0,0,43103,111.69
1785363512.901,9.8,100.0,77.50,2.0,34.1,0,0,43103,111.59
1785363513.901,6.6,100.0,77.49,3.0,34.0,0,0,43103,111.64
1785363514.901,7.8,100.0,77.81,1.0,31.9,0,0,43103,111.50
1785363515.901,6.6,100.0,77.62,3.0,35.0,0,0,43103,111.50
1785363516.901,6.3,100.0,77.60,3.0,33.0,0,0,43103,111.45
1785363517.901,6.9,100.0,77.60,1.0,34.8,0,0,43103,111.59
1785363518.901,6.6,100.0,77.61,4.0,42.2,0,0,43103,111.59
1785363519.901,6.9,100.0,77.58,1.0,28.0,0,0,43103,111.49
1785363520.901,6.5,68.3,76.91,3.0,18.0,0,0,43103,111.54
1785363521.901,6.1,100.0,77.09,2.0,28.0,0,0,43103,111.45
1785363522.902,8.0,100.0,77.06,4.0,30.0,0,0,43103,111.44
1785363523.902,8.5,100.0,77.07,3.0,19.0,0,0,43103,111.39
1785363524.902,7.2,100.0,77.05,1.0,31.0,0,0,43103,111.34
1785363525.902,9.4,100.0,77.06,2.0,28.0,0,0,43103,111.44
1785363526.902,6.4,100.0,77.36,3.0,29.0,0,0,43103,111.39
1785363527.902,7.9,100.0,77.27,1.0,30.1,0,0,43103,111.34
1785363528.902,7.5,100.0,77.26,2.0,29.9,0,0,43103,111.34
1785363529.902,6.4,100.0,77.42,3.0,16.0,0,0,43103,111.30
1785363530.902,5.5,77.2,77.40,1.0,15.0,0,0,43103,111.40
1785363531.902,4.5,100.0,77.36,3.0,12.0,0,0,43103,111.50
1785363532.903,5.4,76.0,77.34,4.0,28.0,0,0,43103,111.42
1785363533.903,6.2,99.0,77.75,2.0,36.0,0,0,43103,111.37
1785363534.903,7.6,100.0,77.72,3.0,32.9,0,0,43103,111.40
1785363535.903,8.8,100.0,77.69,2.0,182.3,0,0,43103,111.40
1785363536.903,7.8,100.0,77.69,1.0,46.1,0,0,43103,111.45
1785363537.903,8.2,100.0,77.66,3.0,23.9,0,0,43103,111.40
1785363538.903,8.8,100.0,77.64,2.0,33.0,0,0,43103,111.30
1785363539.903,8.2,100.0,77.64,2.0,56.0,0,0,43103,111.30
1785363540.903,4.8,100.0,77.64,4.0,45.0,0,0,43103,111.59
1785363541.903,6.1,100.0,77.66,2.0,42.0,0,0,43103,111.59
1785363542.904,5.9,100.0,77.62,1.0,50.0,0,0,43103,111.29
1785363543.904,6.9,100.0,77.55,2.0,57.0,0,0,43103,111.25
1785363544.904,7.5,100.0,77.56,4.0,55.0,0,0,43103,111.25
1785363545.904,6.2,99.0,77.56,2.0,48.0,0,0,43103,111.30
1785363546.904,9.6,97.0,77.19,3.0,173.0,0,0,43103,111.34
1785363547.904,6.3,100.0,77.13,1.0,17.0,0,0,43103,111.34
1785363548.904,6.2,100.0,77.05,2.0,17.0,0,0,43103,111.25
1785363549.904,7.2,100.0,77.04,2.0,23.0,0,0,43103,111.20
1785363550.904,8.0,100.0,77.06,4.0,39.0,0,0,43103,111.15
1785363551.904,7.7,100.0,77.04,1.0,49.0,0,0,43103,111.11
1785363552.905,6.5,100.0,77.03,3.0,55.0,0,0,43103,111.15
1785363553.905,5.6,100.0,76.98,2.0,50.0,0,0,43103,111.25
1785363554.905,7.7,100.0,77.10,1.0,29.0,0,0,43103,111.25
1785363555.905,7.9,100.0,77.10,4.0,19.0,0,0,43103,111.20
1785363556.905,4.6,100.0,77.09,4.0,22.0,0,0,43103,111.20
1785363557.905,8.3,100.0,77.08,1.0,63.9,0,0,43103,111.20
1785363558.905,6.9,100.0,77.09,3.0,42.0,0,0,43103,111.20
1785363559.905,7.6,78.0,77.25,2.0,29.0,0,0,43103,111.20
1785363560.905,7.8,99.0,77.32,3.0,43.0,0,0,43103,111.20
1785363561.905,5.5,100.0,77.30,1.0,40.0,0,0,43103,111.15
1785363562.905,5.7,100.0,77.31,4.0,45.0,0,0,43103,111.11
1785363563.906,7.5,100.0,77.27,1.0,8.0,0,0,43103,111.15
1785363564.906,7.6,100.0,77.76,2.0,71.0,0,0,43103,111.25
1785363565.906,7.5,100.0,78.74,4.0,100.0,0,0,43103,111.30
1785363566.906,5.4,100.0,78.72,2.0,99.0,0,0,43103,111.25
1785363567.906,5.7,100.0,78.91,4.0,101.0,0,0,43103,111.20
1785363568.906,8.8,100.0,78.90,63.0,70.0,55,40,43103,140.10
1785363569.906,8.0,100.0,78.92,146.9,37.0,48,36,43103,169.49
1785363570.906,9.1,100.0,78.92,133.0,30.0,42,29,43103,159.31
1785363571.907,7.6,100.0,78.91,133.0,24.0,53,38,43103,170.23
1785363572.907,8.3,100.0,78.90,137.0,27.0,61,41,43103,179.37
1785363573.907,9.4,100.0,78.87,153.0,36.0,49,34,43103,182.11
1785363574.907,9.8,100.0,78.85,151.0,42.0,62,46,43103,185.88
1785363575.907,7.8,100.0,78.84,144.0,35.0,52,37,43103,179.32
1785363576.907,8.7,100.0,78.83,143.0,36.0,51,36,43103,183.16
1785363577.907,7.9,100.0,78.78,141.0,31.0,55,40,43103,179.08
1785363578.907,9.8,100.0,78.94,139.0,30.0,59,42,43103,174.60
1785363579.907,7.4,100.0,78.91,142.0,33.0,55,40,43103,181.91
1785363580.907,7.9,100.0,78.88,134.0,29.0,55,40,43103,178.19
1785363581.907,8.3,100.0,78.87,137.0,29.0,54,38,43103,177.23
1785363582.908,8.5,100.0,78.84,136.0,26.0,55,40,43103,181.31
1785363583.908,7.3,100.0,78.84,125.0,24.0,55,40,43103,178.22
1785363584.908,8.1,100.0,78.94,108.0,12.0,57,41,43103,172.98
1785363585.908,7.4,100.0,79.08,99.0,18.0,0,0,43103,162.54
1785363586.908,5.9,100.0,77.58,3.0,0.0,0,0,43103,120.43
1785363587.908,5.7,100.0,77.57,2.0,0.0,0,0,43103,113.08
1785363588.908,7.6,100.0,77.64,2.0,0.0,0,0,43103,112.95
1785363589.908,8.1,100.0,77.74,2.0,203.9,0,0,43103,112.81
1785363590.908,4.8,100.0,77.73,2.0,52.0,0,0,43103,112.67
1785363591.908,4.2,100.0,77.73,4.0,33.0,0,0,43103,112.57
1785363592.908,3.9,83.8,77.70,4.0,33.0,0,0,43103,112.52
1785363593.909,5.9,89.0,77.72,1.0,38.0,0,0,43103,112.43
1785363594.909,7.2,100.0,77.72,4.0,18.0,0,0,43103,112.37
1785363595.909,7.1,100.0,77.75,3.0,72.0,0,0,43103,112.37
1785363596.909,7.6,100.0,77.77,2.0,38.0,0,0,43103,112.33
1785363597.909,8.4,100.0,77.78,3.0,34.0,0,0,43103,112.23
1785363598.909,7.0,100.0,77.79,3.0,46.0,0,0,43103,112.22
1785363599.909,6.7,100.0,77.80,2.0,44.0,0,0,43103,112.12
1785363600.909,7.9,100.0,77.81,4.0,46.0,0,0,43103,112.03
1785363601.909,4.2,90.0,77.79,4.0,28.0,0,0,43103,112.10
1785363602.909,6.4,98.0,77.38,1.0,17.0,0,0,43103,112.10
1785363603.909,6.8,98.0,77.40,3.0,52.0,0,0,43103,112.03
1785363604.910,8.1,100.0,77.39,2.0,58.0,0,0,43103,112.03
1785363605.910,8.0,100.0,77.38,3.0,69.0,0,0,43103,111.98
1785363606.910,8.4,100.0,77.39,2.0,27.0,0,0,43103,111.89
1785363607.910,7.9,100.0,77.41,2.0,37.0,0,0,43103,111.89
1785363608.910,7.7,100.0,77.41,1.0,58.0,0,0,43103,111.93
1785363609.910,8.8,100.0,77.42,4.0,45.0,0,0,43103,111.93
1785363610.910,9.3,100.0,77.44,1.0,52.0,0,0,43103,111.84
1785363611.910,8.6,100.0,77.68,3.0,46.0,0,0,43103,111.75
1785363612.910,6.9,100.0,77.86,4.0,29.0,0,0,43103,111.70
1785363613.911,6.6,92.0,77.86,5.0,23.0,0,0,43103,111.72
1785363614.911,6.9,97.0,77.84,2.0,20.0,0,0,43103,111.66
1785363615.911,6.6,92.9,77.85,4.0,22.0,0,0,43103,111.65
1785363616.911,6.2,100.0,77.84,4.0,23.0,0,0,43103,111.77
1785363617.911,6.8,100.0,77.83,5.0,25.0,0,0,43103,111.71
1785363618.911,6.6,100.0,77.83,3.0,32.0,0,0,43103,111.64
1785363619.911,7.4,100.0,77.84,3.0,34.0,0,0,43103,111.69
1785363620.911,9.4,100.0,78.00,1.0,33.0,0,0,43103,111.64
1785363621.911,7.7,100.0,78.00,3.0,33.0,0,0,43103,111.64
1785363622.912,8.1,100.0,77.97,3.0,32.0,0,0,43103,111.69
1785363623.912,6.0,100.0,77.96,4.0,35.0,0,0,43103,111.69
1785363624.912,6.5,100.0,77.97,3.0,33.0,0,0,43103,111.64
1785363625.912,6.7,100.0,77.94,2.0,29.0,0,0,43103,111.64
1785363626.912,7.3,100.0,77.91,2.0,33.0,0,0,43103,111.64
1785363627.912,6.1,100.0,77.88,2.0,31.0,0,0,43103,111.59
1785363628.912,6.4,100.0,77.85,3.0,34.0,0,0,43103,111.59
1785363629.912,6.9,100.0,77.85,2.0,35.0,0,0,43103,111.54
1785363630.912,5.2,100.0,77.86,2.0,38.0,0,0,43103,111.54
1785363631.912,5.2,100.0,77.85,3.0,38.0,0,0,43103,111.54
1785363632.913,4.0,100.0,77.83,4.0,26.0,0,0,43103,111.54
1785363633.913,3.9,95.0,77.80,1.0,21.0,0,0,43103,111.50
1785363634.913,6.0,57.6,77.78,4.0,17.0,0,0,43103,111.50
1785363635.913,4.7,98.0,77.80,3.0,23.0,0,0,43103,111.54
1785363636.913,3.8,100.0,77.78,3.0,23.0,0,0,43103,111.50
1785363637.913,6.0,100.0,77.79,3.0,19.0,0,0,43103,111.54
1785363638.913,6.5,100.0,77.80,2.0,26.0,0,0,43103,111.54
1785363639.913,7.3,100.0,77.80,2.0,27.0,0,0,43103,111.50
1785363640.913,6.8,100.0,77.79,2.0,27.0,0,0,43103,111.40
1785363641.913,6.8,100.0,77.75,3.0,30.0,0,0,43103,111.35
1785363642.914,7.2,100.0,77.78,2.0,19.0,0,0,43103,111.45
1785363643.914,6.8,89.0,77.06,2.0,23.0,0,0,43103,111.45
1785363644.914,7.5,100.0,77.06,3.0,13.0,0,0,43103,111.40
1785363645.914,5.2,100.0,77.06,3.0,26.0,0,0,43103,111.35
1785363646.914,4.9,95.0,77.05,2.0,49.0,0,0,43103,111.40
1785363647.914,5.8,100.0,77.03,3.0,189.0,0,0,43103,111.45
1785363648.914,5.2,100.0,77.03,3.0,38.0,0,0,43103,111.35
1785363649.914,6.9,100.0,77.02,3.0,38.0,0,0,43103,111.32
1785363650.914,7.4,100.0,76.45,0.0,17.0,0,0,43103,111.32
1785363651.915,6.2,100.0,75.90,4.0,57.2,0,0,43103,111.31
1785363652.915,3.8,98.0,76.29,2.0,25.9,0,0,43103,111.31
1785363653.915,2.8,100.0,76.29,3.0,32.0,0,0,43103,111.32
1785363654.915,5.7,100.0,76.29,2.0,51.0,0,0,43103,111.33
1785363655.915,5.5,100.0,76.25,2.0,57.0,0,0,43103,111.26
1785363656.915,8.3,100.0,76.26,2.0,51.0,0,0,43103,111.21
1785363657.960,8.3,100.0,76.30,2.7,186.9,0,0,43103,111.20
1785363658.960,4.7,100.0,76.31,2.2,19.9,0,0,43103,111.21
1785363659.960,5.7,100.0,76.33,4.0,13.0,0,0,43103,111.26
1785363660.960,7.1,98.0,76.32,3.0,16.0,0,0,43103,111.33
1785363661.960,8.0,99.0,76.72,3.0,17.0,0,0,43103,111.27
1785363662.960,7.1,100.0,76.74,2.0,26.0,0,0,43103,111.26
1785363663.960,5.7,100.0,76.76,3.0,44.0,0,0,43103,111.65
1785363664.960,4.2,53.5,76.75,2.0,52.0,0,0,43103,111.60
1785363665.960,4.5,100.0,76.76,3.0,52.0,0,0,43103,111.32
1785363666.960,4.3,80.2,76.73,2.0,46.0,0,0,43103,111.37
1785363667.961,3.6,100.0,76.73,4.0,25.0,0,0,43103,111.36
1785363668.961,4.1,75.2,76.75,2.0,23.0,0,0,43103,111.36
1785363669.961,4.8,100.0,76.77,3.0,16.0,0,0,43103,111.26
1785363670.961,3.5,99.0,76.78,2.0,15.0,0,0,43103,111.26
1785363671.961,3.4,100.0,76.79,2.0,19.0,0,0,43103,111.26
1785363672.961,1.8,29.0,76.77,4.0,23.0,0,0,43103,111.18
1785363673.961,6.3,62.2,76.77,5.0,64.0,0,0,43103,111.23
1785363674.961,4.8,100.0,76.76,1.0,26.0,0,0,43103,111.31
1785363675.961,4.3,95.0,76.78,4.0,29.0,0,0,43103,111.31
1785363676.962,1.7,38.9,76.77,1.0,24.0,0,0,43103,111.28
1785363677.962,1.0,28.6,76.76,4.0,26.0,0,0,43103,111.25
1785363678.962,5.2,79.0,76.31,2.0,36.0,0,0,43103,111.23
1785363679.962,6.2,100.0,76.33,4.0,21.0,0,0,43103,111.26
1785363680.962,3.7,100.0,76.33,3.0,27.0,0,0,43103,111.25
1785363681.962,6.5,100.0,76.32,2.0,26.0,0,0,43103,111.15
1785363682.962,3.9,100.0,76.32,2.0,33.0,0,0,43103,111.11
1785363683.962,4.7,100.0,76.40,1.0,37.0,0,0,43103,111.26
1785363684.962,6.1,100.0,77.39,4.0,74.1,0,0,43103,111.45
1785363685.963,6.3,100.0,77.70,3.0,99.9,0,0,43103,111.36
1785363686.963,6.7,100.0,77.83,1.0,99.9,0,0,43103,111.26
1785363687.963,5.4,100.0,77.86,2.0,101.0,0,0,43103,111.50
1785363688.963,5.3,100.0,77.74,83.6,65.7,52,37,43103,128.60
1785363689.963,5.1,99.0,77.72,150.2,42.1,52,38,43103,171.21
1785363690.963,6.1,100.0,77.74,136.3,32.1,56,40,43103,166.65
1785363691.963,6.3,100.0,77.74,148.0,39.0,56,41,43103,184.28
1785363692.963,6.0,100.0,77.74,159.0,48.0,51,37,43103,185.41
1785363693.963,5.0,100.0,77.74,152.0,46.0,66,48,43103,185.80
1785363694.964,6.3,87.8,77.74,156.0,44.0,51,38,43103,184.87
1785363695.964,5.2,72.0,77.72,158.0,44.0,55,39,43103,178.19
1785363696.964,7.1,100.0,77.71,160.6,54.2,56,43,43103,192.95
1785363697.964,4.9,70.0,77.71,162.4,55.8,53,40,43103,187.38
1785363698.964,4.0,71.0,77.68,153.0,50.0,49,37,43103,183.39
1785363699.964,6.3,100.0,77.66,147.0,35.0,53,40,43103,169.56
1785363700.964,5.3,97.0,77.67,125.0,24.0,57,42,43103,173.62
1785363701.965,6.9,100.0,77.65,109.0,14.0,59,42,43103,172.27
1785363702.965,7.5,99.0,78.01,107.0,8.0,58,41,43103,169.24
1785363703.965,5.6,100.0,76.30,20.0,0.0,0,0,43103,130.26
1785363704.965,4.6,100.0,76.29,3.0,0.0,0,0,43103,120.02
1785363705.965,3.7,100.0,76.27,1.0,0.0,0,0,43103,112.91
1785363706.965,3.0,51.5,76.39,4.0,54.2,0,0,43103,112.82
1785363707.965,6.0,80.0,76.42,3.0,115.7,0,0,43103,112.70
1785363708.965,6.0,100.0,76.44,3.0,32.0,0,0,43103,112.62
1785363709.966,4.0,100.0,76.44,2.0,28.0,0,0,43103,112.61
1785363710.966,2.9,35.1,76.42,3.0,27.0,0,0,43103,112.52
1785363711.966,4.3,92.9,76.38,4.0,19.0,0,0,43103,112.37
1785363712.966,4.0,99.0,76.39,4.0,24.0,0,0,43103,112.25
1785363713.966,5.5,100.0,76.39,3.0,22.0,0,0,43103,112.21
1785363714.966,4.2,98.0,76.38,5.0,15.0,0,0,43103,112.21
1785363715.966,4.9,99.0,76.37,0.0,32.0,0,0,43103,112.21
1785363716.966,7.2,100.0,76.36,4.0,18.0,0,0,43103,112.21
1785363717.966,5.0,100.0,76.33,2.0,16.0,0,0,43103,112.14
1785363718.967,5.1,99.0,76.33,2.0,15.0,0,0,43103,112.14
1785363719.967,4.8,77.8,76.28,3.0,16.0,0,0,43103,112.11
1785363720.967,2.9,59.0,76.28,3.0,31.0,0,0,43103,112.01
1785363721.967,3.9,62.6,76.30,1.0,61.0,0,0,43103,112.16
1785363722.967,3.9,76.8,76.61,5.0,30.0,0,0,43103,112.12
1785363723.967,3.1,100.0,76.60,3.0,22.0,0,0,43103,111.91
1785363724.967,5.8,100.0,76.62,2.0,31.0,0,0,43103,112.08
1785363725.967,5.6,100.0,76.62,2.0,24.0,0,0,43103,112.13
1785363726.967,4.9,100.0,76.61,2.0,45.0,0,0,43103,111.88
1785363727.968,5.7,100.0,76.63,1.0,41.0,0,0,43103,111.84
1785363728.968,4.9,100.0,76.62,3.0,48.0,0,0,43103,111.84
1785363729.968,6.4,99.0,76.63,1.0,22.0,0,0,43103,111.79
1785363730.968,7.4,100.0,76.61,4.0,37.0,0,0,43103,111.79
1785363731.968,8.5,100.0,76.63,1.0,54.0,0,0,43103,111.84
1785363732.968,6.7,99.0,76.63,1.0,65.0,0,0,43103,111.84
1785363733.968,5.6,100.0,75.81,2.0,25.0,0,0,43103,111.69
1785363734.968,5.4,100.0,76.20,3.0,31.0,0,0,43103,111.70
1785363735.968,5.8,100.0,76.55,3.0,51.0,0,0,43103,111.89
1785363736.968,5.2,100.0,76.56,3.0,56.0,0,0,43103,111.79
1785363737.969,5.6,100.0,76.57,2.0,48.0,0,0,43103,111.61
1785363738.969,4.9,100.0,76.58,2.0,53.0,0,0,43103,111.63
1785363739.969,3.8,100.0,76.58,3.0,47.0,0,0,43103,111.72
1785363740.969,3.5,100.0,76.57,3.0,37.0,0,0,43103,111.65
1785363741.969,5.9,100.0,76.54,3.0,35.0,0,0,43103,111.55
1785363742.969,8.5,100.0,76.55,3.0,37.0,0,0,43103,111.54
1785363743.969,4.9,100.0,76.55,2.0,36.0,0,0,43103,111.54
1785363744.969,4.1,100.0,76.55,2.0,35.0,0,0,43103,111.59
1785363745.969,4.5,100.0,76.55,3.0,36.0,0,0,43103,111.59
1785363746.969,4.2,99.0,76.52,2.0,22.0,0,0,43103,111.55
1785363747.969,3.6,100.0,76.49,1.0,20.0,0,0,43103,111.51
1785363748.970,4.7,75.0,76.49,5.0,27.8,0,0,43103,111.47
1785363749.970,3.5,92.0,76.48,2.0,27.2,0,0,43103,111.47
1785363750.970,4.7,99.0,76.47,2.0,23.0,0,0,43103,111.51
1785363751.970,2.6,39.8,76.47,1.0,22.0,0,0,43103,111.46
1785363752.970,3.9,100.0,76.48,4.0,21.0,0,0,43103,111.46
1785363753.970,4.7,100.0,76.45,1.0,21.0,0,0,43103,111.46
1785363754.970,6.7,100.0,76.48,4.0,17.0,0,0,43103,111.45
1785363755.970,3.7,94.0,76.47,2.0,18.0,0,0,43103,111.60
1785363756.970,3.2,80.0,76.48,2.0,21.0,0,0,43103,111.51
1785363757.970,1.3,15.3,76.47,4.0,21.0,0,0,43103,111.41
1785363758.971,3.7,84.0,76.43,3.0,21.0,0,0,43103,111.82
1785363759.971,4.5,99.0,76.43,2.0,19.0,0,0,43103,111.77
1785363760.971,5.8,100.0,76.48,3.0,20.0,0,0,43103,111.31
1785363761.971,3.3,100.0,76.48,1.0,19.0,0,0,43103,111.56
1785363762.971,3.7,100.0,76.46,2.0,24.0,0,0,43103,111.65
1785363763.971,4.0,100.0,76.45,2.0,34.0,0,0,43103,111.41
1785363764.971,3.4,99.0,76.45,2.0,17.0,0,0,43103,111.41
1785363765.971,6.1,100.0,76.46,3.0,15.0,0,0,43103,111.36
1785363766.972,4.4,100.0,76.47,3.0,16.0,0,0,43103,111.31
1785363767.972,4.7,99.0,76.46,2.0,17.0,0,0,43103,111.31
1785363768.972,3.7,100.0,76.43,2.0,17.0,0,0,43103,111.31
1785363769.972,3.6,99.0,76.44,2.0,16.0,0,0,43103,111.26
1785363770.972,4.0,100.0,76.42,4.0,11.0,0,0,43103,111.31
1785363771.972,5.1,99.0,76.44,0.0,19.0,0,0,43103,111.36
1785363772.972,4.3,100.0,76.44,4.0,8.0,0,0,43103,111.26
1785363773.972,3.9,99.0,76.43,1.0,11.0,0,0,43103,111.26
1785363774.972,2.2,24.0,76.41,2.0,11.0,0,0,43103,111.31
1785363775.973,2.5,65.0,76.40,6.0,9.0,0,0,43103,111.28
1785363776.973,6.6,99.0,76.39,1.0,14.0,0,0,43103,111.28
1785363777.973,9.7,100.0,76.39,2.0,22.0,0,0,43103,111.26
1785363778.973,2.7,41.4,76.35,3.0,17.0,0,0,43103,111.23
1785363779.973,3.5,100.0,76.36,1.0,17.0,0,0,43103,111.33
1785363780.973,4.1,99.0,76.32,3.0,17.0,0,0,43103,111.31
1785363781.973,2.7,100.0,76.32,3.0,17.0,0,0,43103,111.22
1785363782.973,5.5,100.0,76.31,2.0,18.0,0,0,43103,111.62
1785363783.973,7.2,100.0,76.35,2.0,17.0,0,0,43103,111.67
1785363784.973,3.7,99.0,76.35,2.0,17.0,0,0,43103,111.26
1785363785.974,4.5,100.0,76.35,2.0,20.0,0,0,43103,111.22
1785363786.974,2.9,99.0,76.36,3.0,15.0,0,0,43103,111.17
1785363787.974,3.8,100.0,76.35,3.0,23.0,0,0,43103,111.17
1785363788.974,4.6,99.0,76.34,2.0,16.0,0,0,43103,111.22
1785363789.974,3.6,100.0,76.35,1.0,16.0,0,0,43103,111.17
1785363790.974,4.1,100.0,76.30,3.0,16.0,0,0,43103,111.12
1785363791.974,4.0,99.0,76.31,1.0,15.0,0,0,43103,111.12
1785363792.974,3.1,97.0,76.32,2.0,15.0,0,0,43103,111.17
1785363793.974,4.3,65.0,76.30,4.0,13.0,0,0,43103,111.25
1785363794.975,5.6,96.0,76.32,3.0,20.0,0,0,43103,111.15
1785363795.975,3.9,100.0,76.32,1.0,26.0,0,0,43103,111.28
1785363796.975,3.1,100.0,76.31,3.0,32.0,0,0,43103,111.33
1785363797.975,3.8,99.0,76.32,0.0,26.0,0,0,43103,111.12
1785363798.975,5.1,100.0,76.34,3.0,138.0,0,0,43103,111.41
1785363799.975,3.4,100.0,76.33,3.0,26.0,0,0,43103,111.45
1785363800.975,7.6,100.0,76.34,1.0,34.1,0,0,43103,111.21
1785363801.975,4.0,99.0,76.35,3.0,22.0,0,0,43103,111.22
1785363802.976,3.9,100.0,76.35,1.0,10.0,0,0,43103,111.17
1785363803.976,5.4,100.0,76.35,3.0,12.0,0,0,43103,111.11
1785363804.976,3.1,99.0,76.36,2.0,14.0,0,0,43103,111.21
1785363805.976,2.1,37.4,76.34,2.0,33.0,0,0,43103,111.22
1785363806.976,4.9,87.0,76.32,3.0,43.0,0,0,43103,111.09
1785363807.976,3.1,97.0,76.33,3.0,25.0,0,0,43103,111.14
1785363808.976,3.3,98.0,76.31,5.0,36.0,0,0,43103,111.22
1785363809.976,5.5,100.0,76.32,1.0,25.0,0,0,43103,111.16
1785363810.976,4.9,100.0,76.34,3.0,28.0,0,0,43103,111.25
1785363811.976,5.8,99.0,76.35,0.0,29.0,0,0,43103,111.31
1785363812.977,7.6,97.0,76.32,4.0,38.0,0,0,43103,111.36
1785363813.977,6.0,100.0,76.31,2.0,30.0,0,0,43103,111.35
1785363814.977,6.7,100.0,76.33,1.0,48.0,0,0,43103,111.15
1785363815.977,6.2,100.0,76.35,3.0,38.0,0,0,43103,111.15
1785363816.977,6.5,100.0,76.35,0.0,51.0,0,0,43103,111.20
1785363817.977,9.5,100.0,76.69,4.0,180.0,0,0,43103,111.20
1785363818.977,4.7,100.0,76.63,1.0,17.0,0,0,43103,111.15
1785363819.977,4.7,100.0,76.61,1.0,18.0,0,0,43103,111.11
1785363820.978,4.6,100.0,76.60,2.0,24.0,0,0,43103,111.36
1785363821.978,4.4,100.0,76.61,5.0,39.0,0,0,43103,111.35
1785363822.978,4.3,100.0,76.60,2.0,38.0,0,0,43103,111.16
1785363823.978,7.2,68.0,76.63,2.0,36.0,0,0,43103,111.18
1785363824.978,3.9,99.0,76.64,3.0,43.0,0,0,43103,111.13
1785363825.978,3.5,50.0,76.66,2.0,41.0,0,0,43103,111.18
1785363826.978,2.1,78.0,76.64,3.0,33.0,0,0,43103,111.22
1785363827.979,1.7,28.7,76.64,5.0,17.0,0,0,43103,111.19
1785363828.979,3.0,74.7,76.62,2.0,18.0,0,0,43103,111.24
1785363829.979,5.2,99.0,76.59,3.0,19.0,0,0,43103,111.27
1785363830.979,3.2,51.0,76.60,2.0,15.0,0,0,43103,111.18
1785363831.979,4.3,81.0,76.61,4.0,15.0,0,0,43103,111.14
1785363832.979,3.8,99.0,76.59,1.0,14.0,0,0,43103,111.16
1785363833.979,3.9,93.9,76.58,2.0,25.0,0,0,43103,111.20
1785363834.979,2.9,45.0,76.58,4.0,39.0,0,0,43103,111.21
1785363835.980,4.0,55.1,76.62,2.0,55.0,0,0,43103,111.17
1785363836.980,7.2,56.4,76.63,4.0,29.0,0,0,43103,111.14
1785363837.980,6.0,100.0,76.61,3.0,23.0,0,0,43103,111.15
1785363838.980,3.9,99.0,76.61,3.0,24.0,0,0,43103,111.18
1785363839.980,3.9,87.1,76.61,1.0,33.0,0,0,43103,111.21
1785363840.980,3.2,27.6,76.60,4.0,31.0,0,0,43103,111.25
1785363841.980,2.2,38.0,76.64,3.0,22.0,0,0,43103,111.28
1785363842.980,1.8,23.8,76.62,3.0,28.0,0,0,43103,111.29
1785363843.980,2.4,69.7,76.61,4.0,22.0,0,0,43103,111.28
1785363844.981,5.5,100.0,76.59,3.0,29.0,0,0,43103,111.29
1785363845.981,3.4,87.0,76.66,1.0,38.0,0,0,43103,111.22
1785363846.981,5.8,79.0,77.24,4.0,73.0,0,0,43103,111.20
1785363847.981,3.3,100.0,78.00,3.0,100.0,0,0,43103,111.28
1785363848.981,3.7,100.0,77.99,3.0,99.1,0,0,43103,111.28
1785363849.981,4.3,100.0,78.19,2.0,101.0,0,0,43103,111.25
1785363850.981,4.4,100.0,78.08,34.0,84.0,22,15,43103,114.33
1785363851.981,5.0,99.0,78.08,135.0,26.0,54,37,43103,168.40
1785363852.982,5.4,73.5,78.08,155.0,38.0,56,39,43103,175.18
1785363853.982,4.0,74.3,78.07,152.0,37.0,49,33,43103,175.70
1785363854.982,4.5,75.0,78.05,156.0,41.0,55,40,43103,177.22
1785363855.982,5.6,85.9,78.03,153.0,45.0,53,36,43103,182.80
1785363856.982,5.3,74.0,78.00,162.0,46.0,48,36,43103,180.33
1785363857.982,5.3,73.7,77.98,161.0,55.0,48,37,43103,191.06
1785363858.982,6.8,99.0,77.96,154.0,53.0,53,38,43103,189.26
1785363859.982,6.3,100.0,77.94,151.0,48.0,52,39,43103,186.36
1785363860.983,3.8,72.3,77.92,140.0,35.0,54,40,43103,172.70
1785363861.983,3.9,100.0,77.89,116.0,18.0,58,42,43103,173.94
1785363862.983,4.6,76.8,77.87,106.0,10.0,53,39,43103,172.99
1785363863.983,5.9,97.0,77.74,67.9,36.0,0,0,43103,150.82
1785363864.983,4.2,38.6,76.36,3.0,0.0,0,0,43103,118.91
1785363865.983,1.8,83.0,76.36,3.0,0.0,0,0,43103,112.66
1785363866.983,3.0,93.1,76.45,2.0,0.0,0,0,43103,112.61
1785363867.983,3.3,49.0,76.56,2.0,132.0,0,0,43103,112.43
1785363868.984,2.1,44.0,76.56,4.0,31.0,0,0,43103,112.24
1785363869.984,4.8,73.7,76.57,4.0,27.0,0,0,43103,112.21
1785363870.984,4.7,92.0,76.55,3.0,33.0,0,0,43103,112.21
1785363871.984,4.3,92.1,76.54,3.0,21.0,0,0,43103,112.19
1785363872.984,3.3,99.0,76.54,3.0,21.0,0,0,43103,112.24
1785363873.984,4.2,100.0,76.54,1.0,29.0,0,0,43103,112.19
1785363874.984,1.6,33.0,76.54,5.0,14.0,0,0,43103,112.04
1785363875.984,4.8,52.5,76.54,4.0,30.0,0,0,43103,112.03
1785363876.985,3.2,69.3,76.53,2.0,22.0,0,0,43103,112.22
1785363877.985,1.6,51.5,76.52,3.0,19.0,0,0,43103,112.11
1785363878.985,3.3,84.0,76.52,3.0,17.0,0,0,43103,111.86
1785363879.985,4.1,99.0,76.50,1.0,14.0,0,0,43103,111.80
1785363880.985,4.9,100.0,76.45,2.0,28.0,0,0,43103,111.75
1785363881.985,4.9,64.0,76.49,4.0,62.0,0,0,43103,111.75
1785363882.985,3.9,81.0,76.49,2.0,33.0,0,0,43103,111.77
1785363883.985,4.0,100.0,76.49,2.0,19.1,0,0,43103,111.82
1785363884.985,3.4,100.0,76.50,2.0,23.9,0,0,43103,111.75
1785363885.986,3.5,83.7,76.50,3.0,23.0,0,0,43103,111.67
1785363886.986,4.4,75.2,76.50,3.0,35.1,0,0,43103,111.65
1785363887.986,3.1,79.8,76.50,3.0,20.0,0,0,43103,111.68
1785363888.986,3.5,86.0,76.50,3.0,23.0,0,0,43103,111.65
1785363889.986,2.4,67.3,76.50,1.0,29.0,0,0,43103,111.56
1785363890.986,3.1,39.4,76.47,4.0,22.0,0,0,43103,111.57
1785363891.986,4.0,100.0,76.45,2.0,41.0,0,0,43103,111.62
1785363892.986,5.7,99.0,76.45,2.0,19.0,0,0,43103,111.56
1785363893.986,3.0,100.0,76.43,2.0,15.0,0,0,43103,111.51
1785363894.987,4.0,86.9,76.39,5.0,17.0,0,0,43103,111.51
1785363895.987,4.6,99.0,76.40,0.0,16.0,0,0,43103,111.56
1785363896.987,8.3,100.0,76.71,2.0,19.0,0,0,43103,111.56
1785363897.987,7.0,100.0,76.72,3.0,46.0,0,0,43103,111.45
1785363898.987,4.9,100.0,76.71,3.0,35.0,0,0,43103,111.40
1785363899.987,3.6,100.0,76.72,4.0,32.0,0,0,43103,111.45
1785363900.987,4.0,100.0,76.73,4.0,66.0,0,0,43103,111.45
1785363901.987,2.7,100.0,76.74,4.0,37.0,0,0,43103,111.51
1785363902.988,3.3,100.0,76.73,3.0,30.0,0,0,43103,111.46
1785363903.988,3.7,100.0,76.72,3.0,67.0,0,0,43103,111.31
1785363904.988,5.1,77.8,76.72,4.0,38.0,0,0,43103,111.31
1785363905.988,6.0,100.0,76.73,3.0,49.0,0,0,43103,111.40
1785363906.988,5.7,100.0,76.71,5.0,59.0,0,0,43103,111.45
1785363907.988,4.6,100.0,76.71,2.0,40.0,0,0,43103,111.40
1785363908.988,5.0,100.0,76.70,2.0,35.0,0,0,43103,111.40
1785363909.988,5.1,100.0,76.68,2.0,38.0,0,0,43103,111.36
1785363910.988,5.9,97.0,76.51,1.0,27.0,0,0,43103,111.46
1785363911.989,3.3,100.0,76.70,4.0,36.0,0,0,43103,111.51
1785363912.989,3.7,100.0,76.70,2.0,37.0,0,0,43103,111.31
1785363913.989,3.3,100.0,76.66,4.0,29.0,0,0,43103,111.26
1785363914.989,2.5,100.0,76.65,5.0,34.0,0,0,43103,111.36
1785363915.989,4.2,100.0,76.64,2.0,36.0,0,0,43103,111.31
1785363916.989,2.5,100.0,76.66,3.0,35.0,0,0,43103,111.26
1785363917.989,2.8,100.0,76.63,3.0,32.0,0,0,43103,111.36
1785363918.989,2.8,100.0,76.63,3.0,33.0,0,0,43103,111.36
1785363919.989,2.2,100.0,76.63,3.0,32.0,0,0,43103,111.31
1785363920.989,4.3,100.0,76.61,4.0,36.0,0,0,43103,111.26
1785363921.989,5.7,100.0,76.60,3.0,34.0,0,0,43103,111.26
1785363922.990,4.2,100.0,76.59,3.0,40.0,0,0,43103,111.26
1785363923.990,4.8,100.0,76.58,3.0,32.0,0,0,43103,111.36
1785363924.990,4.6,99.0,76.44,1.0,24.0,0,0,43103,111.36
1785363925.990,4.6,100.0,76.45,3.0,28.0,0,0,43103,111.26
1785363926.990,4.2,100.0,76.45,4.0,29.0,0,0,43103,111.31
1785363927.990,5.3,100.0,76.43,9.0,31.0,0,0,43103,111.25
1785363928.990,5.8,100.0,76.43,4.0,12.0,0,0,43103,111.25
1785363929.990,6.8,100.0,76.78,3.0,32.0,0,0,43103,111.25
1785363930.990,3.4,100.0,76.75,3.0,28.0,0,0,43103,111.26
1785363931.990,3.0,100.0,76.75,2.0,29.0,0,0,43103,111.31
1785363932.991,2.3,100.0,76.72,2.0,30.0,0,0,43103,111.26
1785363933.991,2.7,100.0,76.69,4.0,27.0,0,0,43103,111.22
1785363934.991,4.4,100.0,76.68,3.0,16.0,0,0,43103,111.22
1785363935.991,4.3,99.0,76.68,2.0,19.0,0,0,43103,111.21
1785363936.991,4.7,100.0,76.61,4.0,33.0,0,0,43103,111.21
1785363938.060,6.3,100.0,76.58,0.9,194.6,0,0,43103,111.26
1785363939.060,2.7,100.0,76.58,3.0,36.8,0,0,43103,111.23
1785363940.060,3.2,100.0,76.57,4.0,39.0,0,0,43103,111.28
1785363941.060,3.6,100.0,76.58,1.0,20.0,0,0,43103,111.31
1785363942.060,4.3,100.0,76.58,3.0,32.8,0,0,43103,111.16
1785363943.060,4.4,100.0,76.58,4.0,55.1,0,0,43103,111.15
1785363944.060,3.6,100.0,76.60,3.0,45.1,0,0,43103,111.21
1785363945.060,2.0,42.0,76.58,3.0,34.0,0,0,43103,111.26
1785363946.060,5.5,78.2,76.27,4.0,40.0,0,0,43103,111.22
1785363947.061,4.4,100.0,76.28,2.0,50.0,0,0,43103,111.17
1785363948.061,5.6,100.0,76.30,2.0,51.0,0,0,43103,111.23
1785363949.061,4.1,100.0,76.31,5.0,63.0,0,0,43103,111.23
1785363950.061,4.4,100.0,76.35,2.0,179.9,0,0,43103,111.16
1785363951.061,2.8,100.0,76.36,4.0,17.0,0,0,43103,111.12
1785363952.061,2.9,100.0,76.35,3.0,16.0,0,0,43103,111.22
1785363953.061,4.9,100.0,76.34,2.0,24.0,0,0,43103,111.22
1785363954.061,5.6,100.0,76.37,4.0,37.0,0,0,43103,111.11
1785363955.061,5.2,100.0,76.35,4.0,51.9,0,0,43103,111.11
1785363956.061,3.0,96.0,76.33,4.0,29.1,0,0,43103,111.16
1785363957.062,7.8,72.0,76.64,2.0,53.2,0,0,43103,111.17
1785363958.062,8.1,100.0,76.65,3.0,44.8,0,0,43103,111.16
1785363959.062,4.7,100.0,76.65,4.0,27.0,0,0,43103,111.15
1785363960.062,6.6,100.0,76.68,2.0,18.0,0,0,43103,111.15
1785363961.062,6.7,100.0,76.68,2.0,52.0,0,0,43103,111.15
1785363962.062,6.1,100.0,77.00,2.0,58.0,0,0,43103,111.11
1785363963.062,5.0,100.0,76.85,4.0,39.0,0,0,43103,111.09
1785363964.062,2.7,100.0,76.86,1.0,51.0,0,0,43103,111.10
1785363965.062,2.8,100.0,76.87,5.0,39.0,0,0,43103,111.18
1785363966.062,3.9,100.0,76.87,3.0,37.0,0,0,43103,111.20
1785363967.062,4.0,100.0,76.89,3.0,11.0,0,0,43103,111.09
1785363968.063,3.2,100.0,77.42,4.0,73.0,0,0,43103,111.09
1785363969.063,3.5,100.0,78.26,1.0,100.0,0,0,43103,111.15
1785363970.063,2.9,100.0,78.25,6.0,101.0,0,0,43103,111.14
1785363971.063,3.6,100.0,78.46,3.0,99.0,0,0,43103,111.04
1785363972.063,4.9,100.0,78.35,73.0,64.0,52,39,43103,132.34
1785363973.063,4.1,100.0,78.31,142.0,34.0,47,36,43103,165.17
1785363974.063,5.1,100.0,78.29,127.0,27.0,29,22,43103,165.51
1785363975.063,4.8,100.0,78.25,145.0,29.0,55,40,43103,173.26
1785363976.063,6.5,100.0,78.22,159.0,39.0,54,39,43103,186.77
1785363977.064,5.4,72.0,78.20,156.8,47.0,46,34,43103,184.60
1785363978.064,5.7,79.0,78.00,160.0,51.0,50,36,43103,187.38
1785363979.064,7.2,100.0,78.17,159.0,47.0,52,37,43103,191.47
1785363980.064,5.4,100.0,78.13,155.0,43.0,50,36,43103,182.15
1785363981.064,6.1,100.0,78.10,155.0,43.0,57,41,43103,183.70
1785363982.064,7.0,100.0,78.10,152.0,42.0,56,41,43103,189.29
1785363983.064,5.5,100.0,78.09,135.0,30.0,55,41,43103,176.40
1785363984.064,4.1,100.0,78.08,116.0,18.0,50,36,43103,170.83
1785363985.064,4.1,100.0,78.06,110.0,12.0,54,40,43103,169.51
1785363986.064,4.3,100.0,76.88,57.0,0.0,0,0,43103,144.27
1785363987.064,6.0,100.0,76.49,2.0,0.0,0,0,43103,118.82
1785363988.065,3.0,100.0,76.47,6.0,0.0,0,0,43103,112.71
1785363989.065,3.7,91.9,76.66,1.0,0.0,0,0,43103,112.67
1785363990.065,5.0,100.0,76.69,2.0,62.8,0,0,43103,112.54
1785363991.065,4.4,98.0,76.41,1.0,35.0,0,0,43103,112.42
1785363992.065,2.6,100.0,76.89,3.0,39.0,0,0,43103,112.37
1785363993.065,5.5,100.0,76.88,4.0,34.0,0,0,43103,112.30
1785363994.065,3.9,100.0,76.87,2.0,40.0,0,0,43103,112.22
1785363995.065,4.5,100.0,76.85,3.0,17.0,0,0,43103,112.18
1785363996.065,5.5,100.0,76.86,3.0,69.0,0,0,43103,112.04
1785363997.065,4.2,100.0,76.87,2.0,42.0,0,0,43103,111.94
1785363998.065,4.1,100.0,76.86,2.0,41.0,0,0,43103,111.98
1785363999.066,5.2,99.0,76.86,3.0,46.0,0,0,43103,111.99
1785364000.066,3.4,60.0,76.88,3.0,23.0,0,0,43103,112.00
1785364001.066,3.2,84.0,76.74,3.0,40.0,0,0,43103,111.95
1785364002.066,3.0,70.3,76.73,4.0,46.0,0,0,43103,111.95
1785364003.066,2.3,100.0,76.71,3.0,19.0,0,0,43103,111.85
1785364004.066,3.9,100.0,76.69,2.0,57.0,0,0,43103,111.80
1785364005.066,4.0,100.0,76.71,3.0,63.0,0,0,43103,111.84
1785364006.066,4.5,100.0,76.72,4.0,54.0,0,0,43103,111.75
1785364007.066,5.0,100.0,76.71,2.0,32.0,0,0,43103,111.89
1785364008.066,4.8,100.0,76.72,4.0,52.1,0,0,43103,111.87
1785364009.067,4.8,100.0,76.72,3.0,60.0,0,0,43103,111.68
1785364010.067,4.2,100.0,76.72,2.0,51.0,0,0,43103,111.71
1785364011.067,2.8,69.3,76.70,4.0,38.0,0,0,43103,111.71
1785364012.067,3.1,100.0,76.71,4.0,37.0,0,0,43103,111.62
1785364013.067,1.2,23.0,76.73,3.0,24.0,0,0,43103,111.71
1785364014.067,2.7,75.0,76.71,2.0,23.0,0,0,43103,111.78
1785364015.067,3.0,25.0,76.72,4.0,21.0,0,0,43103,111.68
1785364016.067,3.6,71.3,76.72,3.0,21.0,0,0,43103,111.61
1785364017.067,6.3,80.2,76.73,5.0,25.0,0,0,43103,111.62
1785364018.067,6.5,97.0,76.72,3.0,23.0,0,0,43103,111.65
1785364019.068,5.5,80.0,77.01,5.0,22.0,0,0,43103,111.55
1785364020.068,3.4,54.0,77.03,3.0,23.0,0,0,43103,111.50
1785364021.068,3.1,69.4,77.00,3.0,23.0,0,0,43103,111.48
1785364022.068,3.0,99.0,76.99,4.0,20.0,0,0,43103,111.58
1785364023.068,1.5,23.0,76.97,3.0,23.0,0,0,43103,111.62
1785364024.068,4.4,78.8,76.95,5.0,22.0,0,0,43103,111.54
1785364025.068,4.1,99.0,76.99,1.0,21.0,0,0,43103,111.49
1785364026.068,3.1,79.8,76.97,2.0,21.0,0,0,43103,111.43
1785364027.068,2.4,30.0,76.95,4.0,20.0,0,0,43103,111.50
1785364028.069,5.7,74.3,76.93,4.0,21.0,0,0,43103,111.63
1785364029.069,4.2,90.1,76.92,2.0,22.0,0,0,43103,111.51
1785364030.069,2.1,28.0,76.91,3.0,23.0,0,0,43103,111.36
1785364031.069,2.0,80.0,76.89,5.0,21.0,0,0,43103,111.42
1785364032.069,1.6,29.6,76.88,3.0,22.0,0,0,43103,111.47
1785364033.069,2.7,90.0,76.85,3.0,23.0,0,0,43103,111.44
1785364034.069,3.7,62.0,76.85,4.0,19.0,0,0,43103,111.39
1785364035.069,2.2,24.0,76.82,3.0,20.0,0,0,43103,111.39
1785364036.070,3.3,76.0,76.78,3.0,20.0,0,0,43103,111.42
1785364037.070,3.4,99.0,76.78,1.0,19.0,0,0,43103,111.39
1785364038.070,2.6,61.5,76.78,4.0,17.0,0,0,43103,111.32
1785364039.070,4.4,100.0,76.76,3.0,23.0,0,0,43103,111.32
1785364040.070,3.5,98.0,76.74,3.0,26.0,0,0,43103,111.36
1785364041.070,3.9,100.0,76.73,1.0,24.0,0,0,43103,111.31
1785364042.070,3.2,99.0,76.72,3.0,20.0,0,0,43103,111.25
1785364043.070,3.8,99.0,76.71,2.0,21.0,0,0,43103,111.25
1785364044.070,3.7,80.0,76.71,2.0,25.0,0,0,43103,111.30
1785364045.071,4.9,99.0,76.69,2.0,32.0,0,0,43103,111.26
1785364046.071,4.1,99.0,76.69,3.0,16.0,0,0,43103,111.21
1785364047.071,6.0,99.0,76.58,3.0,17.0,0,0,43103,111.25
1785364048.071,5.7,100.0,76.56,1.0,18.0,0,0,43103,111.25
1785364049.071,5.0,100.0,76.55,2.0,15.0,0,0,43103,111.27
1785364050.071,3.0,100.0,76.56,3.0,17.0,0,0,43103,111.31
1785364051.071,3.8,100.0,76.55,2.0,24.0,0,0,43103,111.26
1785364052.071,4.0,100.0,76.55,5.0,31.0,0,0,43103,111.21
1785364053.071,3.1,100.0,76.55,3.0,19.0,0,0,43103,111.22
1785364054.071,2.8,100.0,76.55,3.0,30.0,0,0,43103,111.22
1785364055.072,3.8,88.0,76.53,2.0,28.0,0,0,43103,111.21
1785364056.072,3.5,97.0,76.40,4.0,21.0,0,0,43103,111.18
1785364057.072,4.9,100.0,76.40,4.0,27.0,0,0,43103,111.27
1785364058.072,5.7,100.0,76.63,3.0,31.0,0,0,43103,111.35
1785364059.072,4.9,100.0,76.54,4.0,24.0,0,0,43103,111.20
1785364060.072,2.7,100.0,76.52,3.0,18.0,0,0,43103,111.13
1785364061.072,3.3,100.0,76.49,3.0,39.0,0,0,43103,111.28
1785364062.160,5.5,100.0,76.47,1.8,190.4,0,0,43103,111.26
1785364063.160,5.4,100.0,76.48,4.0,36.8,0,0,43103,111.16
1785364064.160,5.5,100.0,76.49,3.0,44.0,0,0,43103,111.20
1785364065.160,3.7,100.0,76.50,1.0,19.0,0,0,43103,111.16
1785364066.160,4.9,85.0,76.73,3.0,15.0,0,0,43103,111.16
1785364067.160,4.1,85.0,76.73,4.0,54.0,0,0,43103,111.24
1785364068.160,2.5,100.0,76.72,2.0,47.0,0,0,43103,111.31
1785364069.160,3.4,100.0,76.74,6.0,44.0,0,0,43103,111.28
1785364070.160,2.9,100.0,76.73,3.0,51.0,0,0,43103,111.18
1785364071.160,2.9,100.0,76.69,3.0,59.0,0,0,43103,111.14
1785364072.161,3.9,100.0,76.69,4.0,53.0,0,0,43103,111.09
1785364073.161,4.8,100.0,76.70,2.7,195.1,0,0,43103,111.10
1785364074.161,3.1,100.0,76.70,4.2,23.1,0,0,43103,111.14
1785364075.161,4.6,100.0,76.70,3.0,17.0,0,0,43103,111.13
1785364076.161,4.4,100.0,76.70,3.0,19.0,0,0,43103,111.18
1785364077.161,6.0,100.0,76.68,5.0,29.0,0,0,43103,111.23
1785364078.161,5.1,100.0,76.70,3.0,49.0,0,0,43103,111.18
1785364079.161,2.6,75.0,76.72,3.0,48.0,0,0,43103,111.15
1785364080.161,3.5,42.0,76.55,4.0,46.0,0,0,43103,111.18
1785364081.161,4.9,100.0,76.55,3.0,51.1,0,0,43103,111.17
1785364082.161,4.4,100.0,76.56,3.0,31.0,0,0,43103,111.18
1785364083.162,2.8,100.0,76.56,4.0,20.0,0,0,43103,111.16
1785364084.162,3.0,100.0,76.53,4.0,39.0,0,0,43103,111.06
1785364085.162,3.8,100.0,76.54,4.0,66.0,0,0,43103,111.11
1785364086.162,6.3,100.0,76.55,2.0,44.0,0,0,43103,111.17
1785364087.162,4.3,100.0,76.52,5.0,45.0,0,0,43103,111.31
1785364088.162,2.6,63.4,76.54,3.0,40.0,0,0,43103,111.31
1785364089.162,4.6,79.0,76.56,2.0,30.0,0,0,43103,111.10
1785364090.162,1.8,34.7,76.57,3.0,37.0,0,0,43103,111.12
1785364091.162,3.1,83.8,76.59,4.0,9.0,0,0,43103,111.23
1785364092.162,3.2,65.3,76.71,4.0,57.0,0,0,43103,111.23
1785364093.162,3.0,99.0,77.96,3.0,100.0,0,0,43103,111.16
1785364094.163,3.4,100.0,77.97,4.0,100.0,0,0,43103,111.11
1785364095.163,3.0,100.0,78.20,2.0,99.0,0,0,43103,111.07
1785364096.163,5.5,100.0,78.28,2.0,101.1,0,0,43103,111.12
1785364097.163,7.4,81.2,78.29,120.8,49.9,54,38,43103,132.23
1785364098.163,4.0,72.7,78.31,151.0,37.0,48,35,43103,166.53
1785364099.163,4.5,69.7,78.29,150.8,33.0,49,35,43103,167.02
1785364100.163,4.9,71.7,78.30,169.0,49.0,50,33,43103,180.04
1785364101.164,3.7,71.0,78.28,161.0,50.0,55,38,43103,195.81
1785364102.164,5.2,73.7,78.28,164.0,57.0,45,34,43103,185.77
1785364103.164,6.2,75.0,78.28,167.0,61.0,58,42,43103,184.63
1785364104.164,4.4,72.4,78.25,164.0,65.0,58,44,43103,201.93
1785364105.164,6.2,70.7,78.25,153.9,60.0,45,35,43103,190.65
1785364106.164,5.2,72.3,78.25,152.0,42.0,52,39,43103,170.07
1785364107.164,3.9,59.0,78.25,138.0,30.0,49,36,43103,166.58
1785364108.164,4.9,74.7,78.38,121.9,17.0,53,39,43103,171.98
1785364109.164,7.4,100.0,77.86,112.0,12.0,50,36,43103,166.22
1785364110.165,4.3,99.0,77.84,106.0,9.0,59,45,43103,170.20
1785364111.165,5.2,99.0,77.88,99.0,9.0,59,44,43103,178.86
1785364112.165,4.8,99.0,76.39,5.0,0.0,0,0,43103,124.98
1785364113.165,2.1,80.0,76.38,4.0,0.0,0,0,43103,119.42
1785364114.165,3.2,39.6,76.36,1.0,0.0,0,0,43103,112.92
1785364115.165,2.5,52.5,76.50,5.0,52.0,0,0,43103,112.76
1785364116.165,5.0,56.0,76.53,4.0,185.9,0,0,43103,112.53
1785364117.165,2.4,100.0,76.56,2.0,38.0,0,0,43103,112.53
1785364118.166,1.9,23.0,76.54,5.0,30.0,0,0,43103,112.39
1785364119.166,3.3,67.3,76.56,4.0,27.0,0,0,43103,112.37
1785364120.166,2.7,46.5,76.59,1.0,19.0,0,0,43103,112.37
1785364121.166,3.2,58.6,76.60,5.0,30.0,0,0,43103,112.33
1785364122.166,4.3,99.0,76.60,2.0,16.0,0,0,43103,112.11
1785364123.166,2.3,86.0,76.61,3.0,26.0,0,0,43103,112.11
1785364124.166,3.5,40.0,76.63,5.0,26.0,0,0,43103,112.19
1785364125.166,5.0,99.0,76.63,1.0,15.0,0,0,43103,112.19
1785364126.166,4.4,59.0,76.65,4.0,18.0,0,0,43103,112.12
1785364127.167,2.8,34.0,76.64,4.0,17.0,0,0,43103,112.38
1785364128.167,3.6,90.0,76.63,4.0,16.0,0,0,43103,112.38
1785364129.167,2.2,26.3,76.63,5.0,41.0,0,0,43103,112.35
1785364130.167,3.2,79.8,76.66,3.0,68.1,0,0,43103,111.99
1785364131.167,4.0,75.3,76.66,2.0,20.0,0,0,43103,111.99
1785364132.167,4.0,99.0,76.70,4.0,23.0,0,0,43103,111.87
1785364133.167,2.8,77.3,76.70,4.0,27.0,0,0,43103,111.85
1785364134.167,1.4,19.2,76.70,3.0,25.0,0,0,43103,111.87
1785364135.167,2.7,79.4,76.71,5.0,33.0,0,0,43103,111.87
1785364136.168,1.4,26.7,76.72,3.0,22.0,0,0,43103,111.81
1785364137.168,7.0,89.7,76.72,5.0,22.0,0,0,43103,111.71
1785364138.168,4.6,83.3,76.74,3.0,27.0,0,0,43103,111.71
1785364139.168,3.3,26.3,76.74,4.0,24.0,0,0,43103,111.71
1785364140.168,2.2,79.8,76.74,4.0,25.0,0,0,43103,111.78
1785364141.168,2.9,32.3,76.75,3.0,40.0,0,0,43103,111.73
1785364142.168,4.9,99.0,76.72,5.0,21.0,0,0,43103,111.64
1785364143.168,5.2,100.0,76.73,4.0,15.0,0,0,43103,111.64
1785364144.169,2.6,30.7,76.72,4.0,17.0,0,0,43103,111.66
1785364145.169,3.3,61.5,76.73,4.0,16.0,0,0,43103,111.68
1785364146.169,2.8,49.5,76.72,4.0,18.0,0,0,43103,111.63
1785364147.169,3.6,59.4,76.71,3.0,38.0,0,0,43103,111.58
1785364148.169,3.6,56.6,76.72,4.0,37.0,0,0,43103,111.68
1785364149.169,6.4,78.8,76.75,2.0,36.0,0,0,43103,111.64
1785364150.169,6.0,80.0,76.75,5.0,54.0,0,0,43103,111.84
1785364151.169,5.9,85.9,76.75,3.0,39.0,0,0,43103,111.84
1785364152.169,4.4,99.0,76.76,2.0,19.0,0,0,43103,111.83
1785364153.170,4.0,73.0,76.75,5.0,22.0,0,0,43103,111.55
1785364154.170,3.7,48.5,76.75,4.0,18.0,0,0,43103,111.50
1785364155.170,3.4,46.5,76.75,2.0,18.0,0,0,43103,111.50
1785364156.170,3.1,100.0,76.72,5.0,39.0,0,0,43103,111.46
1785364157.170,2.3,100.0,76.74,3.0,47.0,0,0,43103,111.41
1785364158.170,3.1,100.0,76.73,4.0,34.0,0,0,43103,111.41
1785364159.170,3.7,100.0,76.73,1.0,33.0,0,0,43103,111.41
1785364160.170,3.1,100.0,76.74,4.0,32.0,0,0,43103,111.45
1785364161.171,3.0,100.0,76.75,2.0,31.0,0,0,43103,111.45
1785364162.171,4.7,100.0,76.74,3.0,36.0,0,0,43103,111.35
1785364163.171,4.8,100.0,76.75,4.0,28.0,0,0,43103,111.35
1785364164.171,4.0,100.0,76.76,2.0,25.0,0,0,43103,111.50
1785364165.171,2.3,100.0,76.78,2.0,21.0,0,0,43103,111.46
1785364166.171,3.5,100.0,76.79,3.0,20.0,0,0,43103,111.38
1785364167.171,3.4,100.0,76.79,5.0,21.0,0,0,43103,111.54
1785364168.171,2.4,100.0,76.78,1.0,23.0,0,0,43103,111.48
1785364169.171,3.7,100.0,76.79,3.0,24.0,0,0,43103,111.33
1785364170.172,4.5,100.0,76.79,3.0,20.0,0,0,43103,111.39
1785364171.172,4.6,100.0,76.50,1.0,27.0,0,0,43103,111.42
1785364172.172,4.4,100.0,76.47,4.0,24.0,0,0,43103,111.40
1785364173.172,4.8,100.0,76.48,3.0,23.0,0,0,43103,111.30
1785364174.172,5.6,100.0,76.48,2.0,22.0,0,0,43103,111.25
1785364175.172,5.1,100.0,76.48,4.0,28.0,0,0,43103,111.35
1785364176.172,4.8,98.0,76.49,2.0,31.0,0,0,43103,111.45
1785364177.172,5.5,100.0,76.50,2.0,38.0,0,0,43103,111.45
1785364178.172,4.4,92.0,76.50,4.0,31.0,0,0,43103,111.31
1785364179.173,3.3,100.0,76.51,2.0,22.0,0,0,43103,111.31
1785364180.173,2.9,100.0,76.51,2.0,23.0,0,0,43103,111.28
1785364181.173,2.2,100.0,76.52,5.0,32.0,0,0,43103,111.22
1785364182.173,2.3,100.0,76.52,2.0,31.0,0,0,43103,111.26
1785364183.173,4.8,100.0,76.48,4.0,33.8,0,0,43103,111.31
1785364184.173,5.9,99.0,76.49,2.0,27.1,0,0,43103,111.28
1785364185.173,4.6,98.0,76.13,3.0,24.0,0,0,43103,111.22
1785364186.173,6.6,100.0,76.64,2.0,47.0,0,0,43103,111.25
1785364187.173,5.0,99.0,76.64,2.0,27.0,0,0,43103,111.26
1785364188.173,3.6,100.0,76.64,3.0,26.0,0,0,43103,111.15
1785364189.174,4.7,100.0,76.63,1.0,26.0,0,0,43103,111.20
1785364190.174,3.4,100.0,76.62,3.0,29.0,0,0,43103,111.32
1785364191.174,2.3,89.0,76.62,4.0,18.0,0,0,43103,111.35
1785364192.174,2.7,100.0,76.60,2.0,31.0,0,0,43103,111.25
1785364193.174,2.9,67.7,76.61,3.0,27.0,0,0,43103,111.18
1785364194.174,5.9,100.0,76.63,3.0,28.9,0,0,43103,111.21
1785364195.174,7.2,100.0,76.61,4.0,32.0,0,0,43103,111.20
1785364196.174,5.5,100.0,76.61,1.0,33.1,0,0,43103,111.15
1785364197.174,7.6,100.0,76.62,3.0,17.0,0,0,43103,111.11
1785364198.174,5.9,99.0,76.62,2.0,15.0,0,0,43103,111.22
1785364199.174,3.1,25.5,75.84,3.0,29.0,0,0,43103,111.22
1785364200.175,3.8,100.0,76.72,2.0,50.0,0,0,43103,111.15
1785364201.175,7.2,100.0,76.72,2.0,193.0,0,0,43103,111.16
1785364202.175,5.8,100.0,76.89,3.0,38.0,0,0,43103,111.18
1785364204.082,4.9,84.3,76.91,2.6,22.0,0,0,43103,111.18
1785364205.082,4.1,100.0,76.95,2.0,36.0,0,0,43103,111.25
1785364206.082,5.7,100.0,76.95,5.0,47.0,0,0,43103,111.26
1785364207.083,9.8,100.0,77.26,1.0,42.0,0,0,43103,111.26
1785364208.083,7.4,100.0,77.25,3.0,43.0,0,0,43370,111.27
1785364209.083,3.8,100.0,77.59,5.0,58.0,0,0,43370,111.20
1785364210.083,4.3,100.0,76.67,3.0,51.0,0,0,43103,111.47
1785364211.083,6.7,100.0,76.73,4.0,64.0,0,0,43103,111.44
1785364212.083,8.0,100.0,76.83,1.0,143.0,0,0,43103,111.13
1785364213.083,6.0,100.0,76.80,2.0,17.0,0,0,43103,111.11
1785364214.083,4.4,41.0,76.85,4.0,18.0,0,0,43103,111.08
1785364215.083,2.3,74.3,76.80,2.0,18.0,0,0,43103,111.04
1785364216.083,2.4,100.0,76.75,4.0,32.0,0,0,43103,111.07
1785364217.083,4.9,100.0,76.76,3.0,47.0,0,0,43103,111.09
1785364218.084,6.7,100.0,76.63,3.0,51.0,0,0,43103,111.08
1785364219.084,4.3,100.0,76.66,3.0,60.0,0,0,43103,111.11
1785364220.084,5.0,100.0,76.63,3.0,40.0,0,0,43103,111.18
1785364221.084,2.1,100.0,76.61,2.0,26.0,0,0,43103,111.15
1785364222.084,3.9,100.0,76.59,4.0,21.0,0,0,43103,111.03
1785364223.084,5.2,100.0,76.57,2.0,64.0,0,0,43103,111.11
1785364224.084,5.1,100.0,76.56,2.0,47.0,0,0,43103,111.16
1785364225.084,4.3,100.0,76.56,3.0,44.0,0,0,43103,111.11
1785364226.084,4.5,100.0,76.55,2.0,46.0,0,0,43103,111.11
1785364227.084,4.3,99.0,76.55,2.0,36.0,0,0,43103,111.06
1785364228.084,5.4,99.0,76.48,2.0,36.0,0,0,43103,111.36
1785364229.085,5.0,100.0,76.50,3.0,14.0,0,0,43103,111.41
1785364230.085,4.7,100.0,77.06,3.0,74.0,0,0,43103,111.07
1785364231.085,5.7,100.0,77.88,3.0,100.0,0,0,43103,111.01
1785364232.085,5.4,100.0,77.90,3.0,101.0,0,0,43103,111.01
1785364233.085,5.9,100.0,78.13,2.0,100.0,0,0,43103,111.01
1785364234.085,5.3,100.0,78.02,56.0,67.0,34,24,43103,120.16
1785364235.085,7.6,100.0,78.02,144.8,31.0,56,41,43103,185.56
1785364236.085,6.7,100.0,77.99,154.0,40.0,52,37,43103,186.59
1785364237.085,7.5,99.0,77.98,156.0,48.0,58,41,43103,185.71
1785364238.086,6.9,100.0,77.99,158.0,54.0,57,40,43103,193.89
1785364239.086,7.4,99.0,78.35,154.0,59.0,57,43,43103,210.20
1785364240.086,8.1,100.0,78.33,155.0,58.0,57,41,43103,199.72
1785364241.086,7.6,100.0,78.32,152.0,47.0,49,37,43103,178.25
1785364242.086,7.2,100.0,78.30,137.0,32.0,54,40,43103,172.97
1785364243.086,6.8,100.0,78.28,113.0,17.0,56,41,43103,174.49
1785364244.086,7.1,100.0,78.27,104.0,9.0,58,41,43103,172.33
1785364245.086,7.0,100.0,77.20,49.0,0.0,0,0,43103,149.58
1785364246.086,6.0,100.0,77.02,3.0,0.0,0,0,43103,122.95
1785364247.086,3.5,100.0,77.02,5.0,0.0,0,0,43103,112.54
1785364248.160,6.0,52.8,77.16,1.9,0.0,0,0,43103,112.45
1785364249.160,4.8,86.1,76.56,2.0,40.8,0,0,43103,112.30
1785364250.160,5.2,100.0,76.57,3.0,46.0,0,0,43103,112.25
1785364251.160,5.3,100.0,76.56,1.0,37.0,0,0,43103,112.22
1785364252.160,5.3,100.0,76.56,3.0,29.0,0,0,43103,112.09
1785364253.160,5.6,100.0,76.53,2.0,33.0,0,0,43103,112.04
1785364254.160,6.1,100.0,76.53,1.0,21.0,0,0,43103,112.13
1785364255.161,4.2,100.0,76.53,4.0,73.0,0,0,43103,112.08
1785364256.161,5.0,100.0,76.56,3.0,37.0,0,0,43103,111.93
1785364257.161,10.1,100.0,76.55,4.0,40.8,0,0,43103,111.88
1785364258.161,8.3,100.0,76.52,2.0,41.1,0,0,43103,111.88
1785364259.161,5.6,100.0,76.52,3.0,42.0,0,0,43103,111.93
1785364260.161,4.3,100.0,76.52,4.0,49.0,0,0,43103,111.91
1785364261.161,5.7,100.0,76.86,1.0,24.0,0,0,43103,111.81
1785364262.161,6.8,100.0,76.69,2.0,34.0,0,0,43103,111.79
1785364263.161,8.3,100.0,76.74,3.0,53.0,0,0,43103,111.74
1785364264.161,4.6,100.0,76.74,3.0,65.0,0,0,43103,111.65
1785364265.162,3.9,100.0,76.71,2.0,42.0,0,0,43103,111.60
1785364266.162,3.1,76.0,76.72,1.0,22.0,0,0,43103,111.64
1785364267.162,3.7,93.0,76.72,4.0,19.0,0,0,43103,111.74
1785364268.162,4.0,84.0,76.72,2.0,44.0,0,0,43103,111.70
1785364269.162,3.6,53.5,76.70,2.0,53.0,0,0,43103,111.61
1785364270.162,5.3,99.0,76.70,4.0,24.0,0,0,43103,111.65
1785364271.162,2.5,74.0,76.69,1.0,27.0,0,0,43103,111.61
1785364272.162,5.1,58.0,76.67,4.0,36.0,0,0,43103,111.51
1785364273.163,5.5,99.0,76.64,3.0,32.8,0,0,43103,111.61
1785364274.163,5.6,100.0,76.67,3.0,36.2,0,0,43103,111.65
1785364275.163,4.3,50.0,76.65,3.0,24.0,0,0,43103,111.56
1785364276.163,3.2,64.6,76.64,3.0,24.0,0,0,43103,111.55
1785364277.163,3.7,50.0,76.61,3.0,22.0,0,0,43103,111.50
1785364278.163,3.6,59.6,76.58,3.0,19.0,0,0,43103,111.46
1785364279.163,4.2,92.0,76.57,2.0,19.0,0,0,43103,111.45
1785364280.163,4.7,99.0,76.55,3.0,22.0,0,0,43103,111.40
1785364281.163,4.3,61.2,76.54,2.0,24.0,0,0,43103,111.40
1785364282.164,3.1,88.9,76.52,3.0,22.0,0,0,43103,111.41
1785364283.164,3.2,34.3,76.73,2.0,19.0,0,0,43103,111.46
1785364284.164,3.7,75.8,76.74,2.0,20.0,0,0,43103,111.51
1785364285.164,1.5,28.3,76.69,3.0,20.9,0,0,43103,111.45
1785364286.164,2.4,32.0,76.69,5.0,22.0,0,0,43103,111.44
1785364287.164,3.2,77.2,76.67,2.0,22.0,0,0,43103,111.44
1785364288.164,4.0,97.0,76.65,3.0,21.0,0,0,43103,111.38
1785364289.164,3.2,91.0,76.61,2.0,20.0,0,0,43103,111.36
1785364290.164,2.0,57.6,76.61,2.0,21.0,0,0,43103,111.37
1785364291.165,2.7,25.0,76.58,3.0,21.0,0,0,43103,111.32
1785364292.165,5.8,100.0,76.55,3.0,18.0,0,0,43103,111.30
1785364293.165,3.2,100.0,76.56,2.0,12.0,0,0,43103,111.35
1785364294.165,4.1,100.0,76.55,2.0,21.0,0,0,43103,111.38
1785364295.165,4.6,88.1,76.54,3.0,21.0,0,0,43103,111.38
1785364296.165,4.0,89.0,76.53,3.0,21.0,0,0,43103,111.35
1785364297.165,3.1,51.5,76.50,3.0,20.0,0,0,43103,111.32
1785364298.165,4.7,100.0,76.48,1.0,20.0,0,0,43103,111.30
1785364299.165,3.1,66.3,76.48,3.0,19.0,0,0,43103,111.31
1785364300.165,3.3,100.0,76.46,3.0,18.0,0,0,43103,111.36
1785364301.166,4.2,97.0,76.45,3.0,20.0,0,0,43103,111.36
1785364302.166,1.5,27.6,76.40,3.0,22.0,0,0,43103,111.31
1785364303.166,2.8,74.7,76.82,4.0,21.0,0,0,43103,111.31
1785364304.166,4.8,100.0,76.79,3.0,20.0,0,0,43103,111.36
1785364305.166,2.7,100.0,76.78,3.0,19.0,0,0,43103,111.36
1785364306.166,4.7,100.0,76.78,3.0,19.0,0,0,43103,111.26
1785364307.166,5.3,100.0,76.77,2.0,39.0,0,0,43103,111.20
1785364308.166,5.5,100.0,76.75,2.0,35.0,0,0,43103,111.15
1785364309.166,5.3,100.0,76.74,4.0,26.0,0,0,43103,111.21
1785364310.167,4.6,100.0,76.73,1.0,27.0,0,0,43103,111.21
1785364311.167,5.4,100.0,76.71,1.0,29.1,0,0,43103,111.11
1785364312.167,3.9,78.2,76.27,2.0,18.0,0,0,43103,111.46
1785364313.167,3.0,100.0,76.30,4.0,13.0,0,0,43103,111.51
1785364314.167,2.9,100.0,76.25,2.0,32.0,0,0,43103,111.26
1785364315.167,4.8,100.0,76.25,1.0,26.0,0,0,43103,111.25
1785364316.167,5.3,100.0,76.22,3.0,28.0,0,0,43103,111.21
1785364317.167,8.2,100.0,76.20,0.0,27.0,0,0,43103,111.21
1785364318.167,6.4,100.0,76.17,4.0,28.0,0,0,43103,111.11
1785364319.167,3.2,100.0,76.16,1.0,17.0,0,0,43103,111.11
1785364320.167,3.3,100.0,76.15,2.0,18.0,0,0,43103,111.15
1785364321.167,2.7,100.0,76.14,2.0,34.8,0,0,43103,111.15
1785364322.168,5.3,100.0,76.16,3.0,202.6,0,0,43103,111.30
1785364323.168,6.1,100.0,76.17,3.0,41.1,0,0,43103,111.21
1785364324.168,6.0,100.0,76.15,3.0,40.0,0,0,43103,111.31
1785364325.168,6.1,100.0,76.15,2.0,15.1,0,0,43103,111.45
1785364326.168,6.0,78.8,76.17,2.0,50.8,0,0,43103,111.20
1785364327.168,4.5,88.1,76.16,2.0,31.0,0,0,43103,111.16
1785364328.168,5.7,100.0,76.16,2.0,34.0,0,0,43103,111.22
1785364329.168,5.2,99.0,76.16,3.0,27.0,0,0,43103,111.16
1785364330.168,4.2,89.9,76.16,3.0,28.0,0,0,43103,111.11
1785364331.168,3.7,80.8,76.15,4.0,28.0,0,0,43103,111.11
1785364332.168,4.1,63.5,76.48,4.0,41.0,0,0,43103,111.12
1785364333.169,5.4,94.9,76.48,1.0,30.0,0,0,43103,111.13
1785364334.169,5.4,99.0,76.47,3.0,46.0,0,0,43103,111.17
1785364335.169,2.3,34.3,76.47,5.0,33.0,0,0,43103,111.17
1785364336.169,3.9,99.0,76.45,2.0,33.0,0,0,43103,111.12
1785364337.169,3.1,78.8,76.45,3.0,58.0,0,0,43103,111.07
1785364338.169,5.6,99.0,76.45,1.0,187.0,0,0,43103,111.11
1785364339.169,3.4,80.4,76.47,5.0,20.0,0,0,43103,111.13
1785364340.169,1.7,27.0,76.39,2.0,17.0,0,0,43103,111.11
1785364341.170,3.2,64.4,76.39,4.0,17.0,0,0,43103,111.14
1785364342.170,4.1,100.0,76.40,3.0,16.0,0,0,43103,111.17
1785364343.170,2.2,26.0,76.41,3.0,16.0,0,0,43103,111.11
1785364344.170,2.6,67.0,76.40,5.0,17.0,0,0,43103,111.11
1785364345.170,2.6,36.0,76.40,3.0,17.0,0,0,43103,111.17
1785364346.170,3.8,100.0,76.38,2.0,16.0,0,0,43103,111.12
1785364347.170,3.5,99.0,76.37,2.0,17.0,0,0,43103,111.07
1785364348.170,4.4,99.0,76.36,2.0,16.0,0,0,43103,111.12
1785364349.170,3.6,100.0,76.36,4.0,16.0,0,0,43103,111.14
1785364350.171,3.5,45.9,76.35,3.0,23.0,0,0,43103,111.12
1785364351.171,5.2,94.1,76.39,2.0,31.0,0,0,43103,111.12
1785364352.171,3.4,37.4,76.37,2.0,24.0,0,0,43103,111.07
1785364353.171,4.2,48.5,76.37,4.0,36.0,0,0,43103,111.02
1785364354.171,2.4,44.6,76.36,6.0,27.0,0,0,43103,111.02
1785364355.171,3.7,40.4,76.35,2.0,39.0,0,0,43103,110.97
1785364356.171,4.4,100.0,76.28,4.0,34.2,0,0,43103,110.97
1785364357.171,5.8,100.0,76.28,5.0,49.0,0,0,43103,111.06
1785364358.171,6.0,100.0,76.30,2.0,19.0,0,0,43103,111.09
1785364359.172,6.2,100.0,76.31,4.0,17.9,0,0,43103,111.07
1785364360.172,4.5,100.0,76.30,3.0,25.0,0,0,43103,111.08
1785364361.172,5.1,100.0,76.29,0.0,17.0,0,0,43103,111.11
1785364362.172,4.7,100.0,76.29,3.0,44.0,0,0,43103,111.16
1785364363.172,5.5,100.0,76.28,3.0,65.0,0,0,43103,111.16
1785364364.172,5.1,100.0,76.29,1.0,40.0,0,0,43103,111.07
1785364365.172,4.3,100.0,76.30,2.0,54.0,0,0,43103,111.01
1785364366.172,5.1,100.0,76.29,4.0,41.0,0,0,43103,111.01
1785364367.172,3.1,100.0,76.30,3.0,41.0,0,0,43103,111.36
1785364368.172,2.8,100.0,76.30,3.0,20.0,0,0,43103,111.35
1785364369.173,5.2,100.0,76.97,2.0,74.0,0,0,43103,111.06
1785364370.173,4.5,100.0,77.85,2.0,100.0,0,0,43103,111.42
1785364371.173,5.1,100.0,78.07,3.0,100.0,0,0,43103,111.44
1785364372.173,4.9,100.0,78.25,3.0,101.0,0,0,43103,111.08
1785364373.173,3.0,100.0,78.13,55.0,73.0,66,45,43103,127.04
1785364374.173,4.8,100.0,78.11,143.0,38.0,49,37,43103,171.32
1785364375.173,6.7,100.0,78.10,133.0,30.0,43,29,43103,161.12
1785364376.173,6.9,100.0,78.09,157.0,36.0,67,43,43103,189.68
1785364377.173,9.8,100.0,78.12,159.0,57.0,64,46,43103,194.49
1785364378.173,7.9,100.0,78.11,154.0,52.0,50,36,43103,196.16
1785364379.174,4.9,100.0,78.11,162.0,57.0,59,46,43103,210.65
1785364380.174,5.6,87.9,78.12,155.0,59.0,59,45,43103,201.64
1785364381.174,7.4,100.0,78.12,155.0,54.0,56,44,43103,204.38
1785364382.174,5.7,100.0,78.10,142.0,40.0,51,38,43103,177.60
1785364383.174,5.2,100.0,78.07,124.0,22.0,49,36,43103,169.79
1785364384.174,4.3,100.0,78.08,114.0,16.0,51,37,43103,169.09
1785364385.174,4.0,100.0,78.08,108.0,9.0,52,38,43103,167.05
1785364386.174,5.3,100.0,77.75,53.3,0.0,0,0,43103,151.93
1785364387.174,3.6,100.0,76.57,2.0,0.0,0,0,43103,119.20
1785364388.174,3.5,88.0,76.56,2.0,0.0,0,0,43103,113.33
1785364389.260,6.0,75.0,76.57,2.7,0.0,0,0,43103,112.92
1785364390.260,5.1,100.0,76.60,3.0,46.8,0,0,43103,112.48
1785364391.260,4.7,100.0,76.60,2.0,43.0,0,0,43103,112.43
1785364392.260,3.1,100.0,76.58,2.0,40.0,0,0,43103,112.32
1785364393.260,4.1,100.0,76.59,4.0,40.0,0,0,43103,112.28
1785364394.260,6.8,100.0,76.60,1.0,19.0,0,0,43103,112.18
1785364395.260,5.9,100.0,76.59,2.0,45.0,0,0,43103,112.08
1785364396.260,5.7,100.0,76.59,3.0,53.0,0,0,43103,112.13
1785364397.260,6.4,100.0,76.61,2.0,47.0,0,0,43103,112.13
1785364398.260,5.2,100.0,76.61,3.0,36.0,0,0,43103,111.98
1785364399.261,6.8,100.0,76.90,2.0,34.0,0,0,43103,111.94
1785364400.261,4.9,100.0,76.89,3.0,39.0,0,0,43103,111.99
1785364401.261,5.8,100.0,76.91,2.0,51.0,0,0,43103,111.93
1785364402.261,5.4,100.0,76.89,2.0,17.0,0,0,43103,111.88
1785364403.261,4.4,100.0,76.89,3.0,50.0,0,0,43103,111.86
1785364404.261,3.4,100.0,76.89,3.0,48.0,0,0,43103,111.86
1785364405.261,3.2,100.0,76.89,2.0,66.0,0,0,43103,111.84
1785364406.261,3.2,29.7,76.76,5.0,22.0,0,0,43103,111.70
1785364407.261,5.3,100.0,76.76,2.0,24.0,0,0,43103,111.60
1785364408.261,6.4,100.0,76.78,2.0,55.0,0,0,43103,111.64
1785364409.261,5.9,100.0,76.79,4.0,53.0,0,0,43103,111.69
1785364410.262,4.4,100.0,76.81,4.0,47.0,0,0,43103,111.64
1785364411.262,4.7,100.0,76.80,3.0,44.0,0,0,43103,111.59
1785364412.262,6.0,100.0,76.80,3.0,49.0,0,0,43103,111.64
1785364413.262,6.6,100.0,76.95,1.0,33.0,0,0,43103,111.69
1785364414.262,7.3,100.0,77.10,3.0,34.0,0,0,43103,111.65
1785364415.262,4.6,100.0,77.09,3.0,31.0,0,0,43103,111.60
1785364416.262,4.8,85.0,76.29,3.0,31.0,0,0,43103,111.66
1785364417.262,4.5,100.0,76.26,0.0,34.0,0,0,43103,111.61
1785364418.262,3.7,100.0,76.24,5.0,35.0,0,0,43103,111.55
1785364419.262,4.4,100.0,76.24,3.0,34.0,0,0,43103,111.90
1785364420.263,5.9,100.0,76.20,1.0,34.0,0,0,43103,111.84
1785364421.263,5.1,100.0,76.18,3.0,35.0,0,0,43103,111.45
1785364422.263,6.3,100.0,76.17,1.0,29.0,0,0,43103,111.50
1785364423.263,5.8,99.0,76.39,2.0,27.0,0,0,43103,111.59
1785364424.263,6.9,100.0,76.53,5.0,27.0,0,0,43103,111.59
1785364425.263,5.4,100.0,76.54,2.0,33.0,0,0,43103,111.50
1785364426.263,4.4,100.0,76.50,2.0,35.0,0,0,43103,111.45
1785364427.263,5.1,100.0,76.47,2.0,34.0,0,0,43103,111.40
1785364428.263,4.3,100.0,76.45,3.0,38.0,0,0,43103,111.36
1785364429.263,5.1,100.0,76.47,0.0,39.0,0,0,43103,111.40
1785364430.264,5.0,100.0,76.46,2.0,27.0,0,0,43103,111.50
1785364431.264,4.2,99.0,76.65,3.0,18.0,0,0,43103,111.47
1785364432.264,4.8,100.0,76.64,3.0,29.0,0,0,43103,111.33
1785364433.264,5.6,100.0,76.64,1.0,29.0,0,0,43103,111.26
1785364434.264,2.5,100.0,76.60,4.0,13.0,0,0,43103,111.22
1785364435.264,5.6,100.0,76.60,2.0,32.0,0,0,43103,111.22
1785364436.264,4.7,100.0,76.58,3.0,29.0,0,0,43103,111.32
1785364437.264,6.2,100.0,76.56,1.0,30.0,0,0,43103,111.37
1785364438.264,5.4,100.0,76.56,4.0,29.0,0,0,43103,111.35
1785364439.264,3.1,100.0,76.54,4.0,29.0,0,0,43103,111.40
1785364440.265,5.0,100.0,76.49,2.0,16.0,0,0,43103,111.36
1785364441.265,4.8,100.0,76.77,2.0,16.0,0,0,43103,111.35
1785364442.265,5.0,100.0,76.76,2.0,32.0,0,0,43103,111.45
1785364443.265,6.1,100.0,76.76,3.0,49.0,0,0,43103,111.35
1785364444.265,7.8,100.0,76.73,2.0,196.0,0,0,43103,111.25
1785364445.265,5.3,100.0,76.72,2.0,41.0,0,0,43103,111.30
1785364446.265,3.7,100.0,76.71,4.0,23.0,0,0,43103,111.30
1785364447.265,4.2,100.0,76.70,3.0,22.0,0,0,43103,111.30
1785364448.265,5.7,100.0,76.67,2.0,54.1,0,0,43103,111.20
1785364449.265,6.5,100.0,76.67,3.0,45.0,0,0,43103,111.11
1785364450.266,5.7,99.0,76.64,1.0,42.0,0,0,43103,111.15
1785364451.266,5.1,100.0,76.62,3.0,48.0,0,0,43103,111.25
1785364452.266,4.3,100.0,76.61,3.0,52.0,0,0,43103,111.31
1785364453.266,5.2,87.1,76.09,3.0,52.0,0,0,43103,111.26
1785364454.266,8.2,100.0,76.10,3.0,211.0,0,0,43103,111.20
1785364455.266,7.1,100.0,76.11,3.0,25.0,0,0,43103,111.20
1785364456.266,7.3,100.0,76.08,2.0,18.0,0,0,43103,111.15
1785364457.266,6.0,100.0,76.07,3.0,17.0,0,0,43103,111.20
1785364458.266,5.3,100.0,76.06,1.0,26.0,0,0,43103,111.25
1785364459.266,6.8,100.0,76.07,2.0,45.0,0,0,43103,111.25
1785364460.266,6.0,100.0,76.04,3.0,54.0,0,0,43103,111.25
1785364461.267,6.1,100.0,76.04,1.0,54.0,0,0,43103,111.20
1785364462.267,6.2,99.0,76.04,4.0,47.0,0,0,43103,111.30
1785364463.267,3.9,83.8,76.49,4.0,27.0,0,0,43103,111.27
1785364464.267,4.8,100.0,76.48,2.0,16.0,0,0,43103,111.13
1785364465.267,6.0,100.0,76.46,2.0,46.1,0,0,43103,111.15
1785364466.267,8.3,100.0,76.46,2.0,60.0,0,0,43103,111.11
1785364467.267,8.2,100.0,76.48,2.0,37.0,0,0,43103,111.11
1785364468.267,8.7,100.0,76.49,2.0,53.0,0,0,43103,111.20
1785364469.267,8.3,100.0,76.49,4.0,42.0,0,0,43103,111.19
1785364470.267,7.8,100.0,76.59,0.0,39.0,0,0,43103,111.20
1785364471.268,6.6,100.0,76.52,4.0,11.0,0,0,43103,111.15
1785364472.268,6.7,100.0,76.98,1.0,73.0,0,0,43103,111.25
1785364473.268,4.9,100.0,77.91,2.0,101.0,0,0,43103,111.25
1785364474.268,7.9,100.0,77.42,4.0,99.0,0,0,43103,111.11
1785364475.268,8.7,100.0,77.65,2.0,100.0,0,0,43103,111.11
1785364476.268,7.5,100.0,77.54,27.0,86.0,0,0,43103,111.60
1785364477.268,8.1,100.0,77.54,146.8,39.0,53,38,43103,168.77
1785364478.268,8.8,100.0,77.52,155.2,49.0,24,16,43103,164.32
1785364479.268,8.9,100.0,77.52,150.0,41.0,47,38,43103,255.53
1785364480.268,9.7,100.0,77.47,149.0,69.0,43,34,43103,184.14
1785364481.269,9.3,100.0,77.49,147.0,67.0,47,37,43103,184.59
1785364482.269,8.8,100.0,77.49,145.0,56.0,49,38,43103,178.96
1785364483.269,9.9,100.0,77.71,140.0,38.0,60,45,43103,177.44
1785364484.269,7.0,69.0,77.66,124.0,24.0,52,38,43103,169.91
1785364485.269,7.2,79.0,78.03,115.0,17.0,57,41,43103,173.67
1785364486.269,7.4,100.0,78.01,96.0,5.0,59,44,43103,177.28
1785364487.269,7.1,100.0,78.01,93.0,6.0,59,45,43103,178.18
1785364488.269,7.7,100.0,78.05,94.0,6.0,59,45,43103,178.42
1785364489.269,8.3,100.0,78.08,98.0,4.0,58,43,43103,177.82
1785364490.269,7.5,100.0,76.58,5.0,0.0,0,0,43103,124.98
1785364491.270,8.2,100.0,76.52,2.0,0.0,0,0,43103,119.17
1785364492.270,6.3,100.0,76.59,2.0,0.0,0,0,43103,112.74
1785364493.270,7.1,80.8,76.67,2.0,202.1,0,0,43103,112.68
1785364494.270,7.0,100.0,76.68,1.0,52.0,0,0,43103,112.61
1785364495.270,6.2,100.0,76.68,4.0,36.0,0,0,43103,112.47
1785364496.270,7.3,100.0,76.65,3.0,33.0,0,0,43103,112.23
1785364497.270,9.4,100.0,76.79,1.0,39.0,0,0,43103,112.18
1785364498.270,7.3,100.0,76.92,3.0,23.0,0,0,43103,112.18
1785364499.270,6.1,100.0,76.94,2.0,72.0,0,0,43103,112.18
1785364500.270,6.2,100.0,76.95,2.0,41.0,0,0,43103,112.13
1785364501.270,8.1,100.0,76.97,3.0,38.0,0,0,43103,112.08
1785364502.271,8.5,100.0,76.98,2.0,46.0,0,0,43103,112.03
1785364503.271,6.2,100.0,76.99,2.0,40.1,0,0,43103,112.03
1785364504.271,6.4,100.0,76.98,2.0,47.9,0,0,43103,112.03
1785364505.271,5.6,100.0,76.96,2.0,24.0,0,0,43103,111.98
1785364506.271,6.1,100.0,76.96,2.0,37.0,0,0,43103,111.93
1785364507.271,6.3,100.0,76.98,2.0,51.9,0,0,43103,111.88
1785364508.271,6.0,100.0,76.99,2.0,69.1,0,0,43103,111.83
1785364509.271,5.5,100.0,76.95,3.0,39.0,0,0,43103,111.93
1785364510.271,6.0,100.0,76.96,3.0,29.0,0,0,43103,111.93
1785364511.271,7.2,100.0,76.92,2.0,63.0,0,0,43103,111.74
1785364512.271,6.7,100.0,76.90,3.0,56.0,0,0,43103,111.69
1785364513.272,5.4,100.0,76.89,1.0,50.0,0,0,43103,111.69
1785364514.272,6.0,100.0,76.90,2.0,47.0,0,0,43103,111.74
1785364515.272,6.2,100.0,76.90,3.0,41.0,0,0,43103,111.74
1785364516.272,7.9,100.0,76.90,3.0,35.0,0,0,43103,111.64
1785364517.272,6.4,100.0,76.89,3.0,38.0,0,0,43103,111.59
1785364518.272,6.0,100.0,76.90,1.0,37.0,0,0,43103,111.59
1785364519.272,5.9,99.0,76.90,3.0,32.0,0,0,43103,111.60
1785364520.272,4.5,83.0,76.88,3.0,31.0,0,0,43103,111.60
1785364521.272,5.7,81.0,76.86,2.0,32.0,0,0,43103,111.55
1785364522.272,5.1,99.0,76.85,2.0,29.0,0,0,43103,111.89
1785364523.272,5.9,100.0,76.85,2.0,32.0,0,0,43103,111.88
1785364524.273,3.5,70.0,76.83,3.0,24.0,0,0,43103,111.55
1785364525.273,3.5,88.9,76.83,3.0,32.0,0,0,43103,111.55
1785364526.273,3.1,81.0,76.82,3.0,31.0,0,0,43103,111.45
1785364527.273,3.8,83.2,76.82,4.0,29.0,0,0,43103,111.50
1785364528.273,6.0,100.0,76.80,11.0,29.0,0,0,43103,111.55
1785364529.273,4.6,78.0,76.80,1.0,33.0,0,0,43103,111.51
1785364530.273,5.6,80.0,76.76,3.0,31.0,0,0,43103,111.43
1785364531.273,6.1,98.0,76.77,1.0,31.0,0,0,43103,111.33
1785364532.273,5.5,96.0,76.78,2.0,37.0,0,0,43103,111.40
1785364533.273,5.5,99.0,76.77,1.0,31.0,0,0,43103,111.40
1785364534.274,6.8,99.0,76.81,4.0,27.0,0,0,43103,111.36
1785364535.274,8.0,100.0,76.80,1.0,27.0,0,0,43103,111.40
1785364536.274,7.4,99.0,76.78,2.0,22.0,0,0,43103,111.45
1785364537.274,3.7,83.8,76.74,5.0,18.0,0,0,43103,111.45
1785364538.274,3.8,85.0,76.72,4.0,22.0,0,0,43103,111.41
1785364539.274,5.5,99.0,76.73,3.0,10.0,0,0,43103,111.36
1785364540.274,5.4,91.0,76.70,2.0,10.0,0,0,43103,111.30
1785364541.274,4.4,100.0,76.69,2.0,9.0,0,0,43103,111.36
1785364542.274,6.8,100.0,76.68,3.0,24.0,0,0,43103,111.36
1785364543.275,3.8,81.2,76.69,2.0,20.0,0,0,43103,111.26
1785364544.275,5.9,87.1,76.65,3.0,21.0,0,0,43103,111.26
1785364545.275,6.2,86.0,76.64,4.0,18.0,0,0,43103,111.30
1785364546.275,6.6,99.0,76.52,2.0,17.0,0,0,43103,111.50
1785364547.275,6.6,100.0,76.50,2.0,18.0,0,0,43103,111.49
1785364548.275,6.1,100.0,76.51,3.0,18.0,0,0,43103,111.25
1785364549.275,5.0,100.0,76.53,4.0,16.0,0,0,43103,111.30
1785364550.275,5.2,100.0,76.50,2.0,22.0,0,0,43103,111.30
1785364551.275,4.7,100.0,76.52,5.0,19.0,0,0,43103,111.25
1785364552.276,5.1,100.0,76.53,4.0,26.0,0,0,43103,111.16
1785364553.276,6.3,100.0,76.52,1.0,18.0,0,0,43103,111.26
1785364554.276,5.9,100.0,76.50,1.0,31.0,0,0,43103,111.30
1785364555.276,6.9,100.0,76.47,3.0,49.0,0,0,43103,111.20
1785364556.276,8.2,100.0,76.48,4.0,181.0,0,0,43103,111.20
1785364557.276,9.2,100.0,75.78,1.0,43.2,0,0,43103,111.20
1785364558.276,9.4,100.0,75.80,1.0,34.8,0,0,43103,111.20
1785364559.276,5.5,100.0,75.82,3.0,26.0,0,0,43103,111.20
1785364560.276,5.7,100.0,75.82,3.0,56.0,0,0,43103,111.15
1785364561.276,3.8,100.0,75.81,3.0,41.0,0,0,43103,111.15
1785364562.277,4.9,100.0,75.80,3.0,37.0,0,0,43103,111.20
1785364563.277,5.1,100.0,75.80,4.0,48.0,0,0,43103,111.16
1785364564.277,4.7,100.0,75.84,3.0,52.0,0,0,43103,111.11
1785364565.277,4.9,100.0,75.86,4.0,52.0,0,0,43103,111.15
1785364566.277,4.8,100.0,75.87,4.0,60.0,0,0,43103,111.50
1785364567.277,7.3,100.0,75.91,2.0,179.0,0,0,43103,111.45
1785364568.277,6.0,100.0,75.91,3.0,11.0,0,0,43103,111.11
1785364569.277,8.2,100.0,75.89,5.0,12.0,0,0,43103,111.15
1785364570.277,7.2,100.0,75.88,2.0,15.0,0,0,43103,111.20
1785364571.277,6.8,100.0,75.89,3.0,18.0,0,0,43103,111.25
1785364572.277,6.2,100.0,75.90,2.0,43.0,0,0,43103,111.25
1785364573.278,7.2,100.0,75.90,2.0,50.3,0,0,43103,111.20
1785364574.278,5.9,100.0,75.91,2.0,50.7,0,0,43103,111.15
1785364575.278,6.4,100.0,75.93,2.0,50.0,0,0,43103,111.11
1785364576.278,6.7,100.0,75.92,3.0,34.0,0,0,43103,111.11
1785364577.278,6.1,99.0,75.93,4.0,17.9,0,0,43103,111.11
1785364578.278,6.5,82.2,76.69,2.0,21.1,0,0,43103,111.21
1785364579.278,4.1,100.0,76.70,3.0,67.0,0,0,43103,111.30
1785364580.278,4.3,100.0,76.73,3.0,49.0,0,0,43103,111.20
1785364581.278,4.4,100.0,76.73,1.0,43.0,0,0,43103,111.15
1785364582.279,4.9,100.0,76.75,3.0,50.0,0,0,43103,111.15
1785364583.279,4.7,100.0,76.75,2.0,43.0,0,0,43103,111.15
1785364584.279,6.0,100.0,76.75,5.0,33.0,0,0,43103,111.15
1785364585.279,5.9,100.0,76.87,0.0,42.0,0,0,43103,111.11
1785364586.279,6.4,100.0,78.05,4.0,77.0,0,0,43103,111.11
1785364587.279,6.6,100.0,78.11,0.0,100.0,0,0,43103,111.11
1785364588.279,6.1,100.0,78.29,3.0,100.0,0,0,43103,111.11
1785364589.279,6.1,100.0,78.23,3.0,100.0,0,0,43103,111.11
1785364590.279,5.5,100.0,78.22,130.0,54.0,41,29,43103,129.62
1785364591.280,6.2,100.0,78.23,154.0,45.0,46,37,43103,238.31
1785364592.280,5.9,100.0,78.19,149.0,69.0,45,35,43103,180.61
1785364593.280,6.7,100.0,78.17,148.0,65.0,47,36,43103,179.79
1785364594.280,8.3,100.0,78.18,146.0,49.0,49,38,43103,176.24
1785364595.280,6.0,100.0,78.17,137.9,31.0,49,37,43103,172.85
1785364596.280,6.4,100.0,78.15,118.0,19.0,56,41,43103,171.55
1785364597.280,7.6,79.8,78.16,108.0,13.0,58,41,43103,170.23
1785364598.280,6.6,99.0,78.13,100.0,6.0,54,39,43103,167.56
1785364599.280,6.5,100.0,76.62,36.0,0.0,0,0,43103,139.86
1785364600.280,4.2,100.0,76.62,4.0,0.0,0,0,43103,118.50
1785364601.281,4.7,100.0,76.58,3.0,0.0,0,0,43103,112.49
1785364602.281,6.6,100.0,76.78,2.0,212.1,0,0,43103,112.32
1785364603.281,6.5,100.0,76.80,4.0,51.0,0,0,43103,112.18
1785364604.281,5.5,100.0,76.81,4.0,41.0,0,0,43103,112.13
1785364605.281,4.0,100.0,76.80,2.0,41.0,0,0,43103,112.03
1785364606.281,6.4,100.0,76.80,2.0,49.0,0,0,43103,111.98
1785364607.281,4.2,100.0,76.80,4.0,19.0,0,0,43103,112.03
1785364608.281,6.0,100.0,76.81,2.0,63.0,0,0,43103,112.03
1785364609.281,6.7,100.0,76.84,2.0,48.0,0,0,43103,111.88
1785364610.281,5.7,100.0,76.83,2.0,41.0,0,0,43103,111.79
1785364611.282,7.1,100.0,76.85,4.0,44.0,0,0,43103,111.79
1785364612.282,6.8,100.0,76.84,3.0,43.0,0,0,43103,111.79
1785364613.282,4.4,100.0,76.85,4.0,51.0,0,0,43103,111.79
1785364614.282,4.1,100.0,76.86,2.0,22.0,0,0,43103,111.74
1785364615.282,5.3,72.0,76.87,3.0,49.0,0,0,43103,111.69
1785364616.282,7.0,87.0,76.78,3.0,53.0,0,0,43103,111.70
1785364617.282,10.2,100.0,76.80,2.0,69.0,0,0,43103,111.65
1785364618.282,8.2,100.0,76.78,4.0,31.0,0,0,43103,111.59
1785364619.282,6.2,100.0,76.81,2.0,39.0,0,0,43103,111.59
1785364620.282,6.5,100.0,76.81,2.0,66.0,0,0,43103,111.79
1785364621.283,5.4,100.0,76.80,3.0,45.0,0,0,43103,111.74
1785364622.283,7.0,100.0,76.82,1.0,55.0,0,0,43103,111.54
1785364623.283,6.9,100.0,76.82,2.0,44.0,0,0,43103,111.59
1785364624.283,5.6,100.0,76.83,4.0,36.0,0,0,43103,111.54
1785364625.283,6.8,100.0,76.91,3.0,25.0,0,0,43103,111.50
1785364626.283,6.5,100.0,77.04,1.0,34.0,0,0,43103,111.50
1785364627.283,6.2,100.0,77.00,2.0,38.0,0,0,43103,111.50
1785364628.283,6.6,100.0,76.97,2.0,36.0,0,0,43103,111.40
1785364629.283,6.0,100.0,76.95,1.0,35.0,0,0,43103,111.40
1785364630.283,4.1,100.0,76.94,2.0,35.0,0,0,43103,111.45
1785364631.283,5.2,100.0,76.93,5.0,14.0,0,0,43103,111.35
1785364632.284,5.6,100.0,76.93,0.0,26.0,0,0,43103,111.40
1785364633.284,5.5,87.9,76.91,4.0,34.0,0,0,43103,111.45
1785364634.284,4.4,81.2,76.93,4.0,30.0,0,0,43103,111.40
1785364635.284,6.6,100.0,76.96,1.0,31.0,0,0,43103,111.50
1785364636.284,7.3,100.0,76.94,3.0,33.0,0,0,43103,111.50
1785364637.284,7.4,100.0,76.94,2.0,34.0,0,0,43103,111.35
1785364638.284,6.1,100.0,76.92,3.0,32.0,0,0,43103,111.30
1785364639.284,6.6,100.0,76.91,2.0,41.0,0,0,43103,111.36
1785364640.284,5.8,100.0,76.90,3.0,40.0,0,0,43103,111.36
1785364641.284,6.3,100.0,76.89,2.0,35.0,0,0,43103,111.30
1785364642.285,5.1,100.0,76.88,3.0,32.0,0,0,43103,111.25
1785364643.285,5.2,100.0,76.88,3.0,30.0,0,0,43103,111.20
1785364644.285,5.5,100.0,76.87,2.0,31.0,0,0,43103,111.30
1785364645.285,5.8,100.0,76.90,3.0,22.0,0,0,43103,111.31
1785364646.285,6.4,100.0,76.88,2.0,40.0,0,0,43103,111.26
1785364647.285,5.9,100.0,76.90,2.0,33.0,0,0,43103,111.30
1785364648.285,4.6,100.0,76.88,3.0,29.8,0,0,43103,111.30
1785364649.285,5.5,100.0,76.87,2.0,30.2,0,0,43103,111.25
1785364650.285,6.4,100.0,76.87,2.0,27.0,0,0,43103,111.20
1785364651.285,5.9,100.0,76.92,3.0,18.0,0,0,43103,111.26
1785364652.286,5.2,100.0,76.91,3.0,30.0,0,0,43103,111.26
1785364653.286,3.5,91.1,76.93,3.0,48.0,0,0,43103,111.21
1785364654.286,5.0,46.5,76.83,3.0,185.1,0,0,43103,111.26
1785364655.286,5.2,100.0,76.84,2.0,47.0,0,0,43103,111.31
1785364656.286,4.5,100.0,76.85,2.0,37.0,0,0,43103,111.21
1785364657.286,6.0,100.0,76.86,2.0,30.0,0,0,43103,111.31
1785364658.286,4.9,100.0,76.86,2.0,55.0,0,0,43103,111.31
1785364659.286,4.6,100.0,76.86,4.0,42.0,0,0,43103,111.16
1785364660.286,4.9,100.0,76.86,4.0,42.0,0,0,43103,111.30
1785364661.287,4.4,100.0,76.84,4.0,49.0,0,0,43103,111.30
1785364662.287,4.5,100.0,76.83,3.0,55.0,0,0,43103,111.20
1785364663.287,4.9,100.0,76.88,3.0,54.0,0,0,43103,111.20
1785364664.287,6.8,100.0,76.86,2.0,200.0,0,0,43103,111.23
1785364665.287,3.7,91.0,76.86,4.0,24.0,0,0,43103,111.28
1785364666.287,5.0,88.0,76.99,3.0,16.0,0,0,43103,111.26
1785364667.287,8.2,100.0,77.00,5.0,15.0,0,0,43103,111.11
1785364668.287,7.6,100.0,77.00,2.0,16.0,0,0,43103,111.15
1785364669.287,7.2,100.0,77.02,3.0,29.0,0,0,43103,111.25
1785364670.287,7.6,100.0,77.05,4.0,41.0,0,0,43103,111.15
1785364671.287,8.9,100.0,77.05,4.0,52.0,0,0,43103,111.15
1785364672.288,8.3,100.0,77.11,2.0,48.0,0,0,43103,111.20
1785364673.288,8.4,100.0,77.16,3.0,53.0,0,0,43103,111.20
1785364674.288,8.5,100.0,77.20,3.0,34.0,0,0,43103,111.20
1785364675.288,7.3,100.0,77.26,3.0,19.0,0,0,43103,111.15
1785364676.288,8.2,94.9,77.32,1.0,40.0,0,0,43103,111.20
1785364677.288,11.8,100.0,77.12,2.0,62.0,0,0,43103,111.25
1785364678.288,11.2,100.0,77.12,2.0,48.0,0,0,43103,111.20
1785364679.288,9.1,100.0,77.14,3.0,44.9,0,0,43103,111.20
1785364680.288,9.8,100.0,77.16,2.0,44.1,0,0,43103,111.15
1785364681.288,9.6,99.0,77.44,3.0,50.0,0,0,43103,111.35
1785364682.289,9.4,100.0,77.43,1.0,9.0,0,0,43103,111.40
1785364683.289,8.6,91.9,77.68,3.0,61.0,0,0,43103,111.20
1785364684.289,10.0,100.0,78.36,3.0,100.7,0,0,43103,111.16
1785364685.289,8.9,100.0,78.59,2.0,100.0,0,0,43103,111.11
1785364686.289,8.0,100.0,78.76,4.0,99.3,0,0,43103,111.20
1785364687.289,7.4,100.0,78.67,3.0,100.0,0,0,43103,111.15
1785364688.289,7.3,100.0,78.67,137.0,32.0,51,38,43103,147.00
1785364689.289,8.7,100.0,78.62,141.0,43.0,52,40,43103,165.89
1785364690.289,7.0,100.0,78.62,182.0,43.0,74,51,43103,197.84
1785364691.289,9.4,100.0,78.59,139.8,61.9,43,35,43103,227.54
1785364692.290,9.2,100.0,78.89,145.2,70.1,45,35,43103,174.20
1785364693.290,11.0,100.0,78.87,142.0,68.0,61,48,43103,185.73
1785364694.290,10.9,100.0,78.81,148.0,58.0,50,39,43103,176.43
1785364695.290,11.7,100.0,78.88,134.0,33.0,53,40,43103,172.15
1785364696.290,9.7,100.0,78.88,118.0,20.0,54,41,43103,170.29
1785364697.290,9.6,100.0,78.92,97.9,7.0,59,41,43103,165.94
1785364698.290,10.1,100.0,78.94,98.1,6.0,55,41,43103,170.01
1785364699.290,9.9,100.0,78.84,102.0,7.0,55,41,43103,172.02
1785364700.290,10.5,77.0,78.76,65.0,36.0,0,0,43103,155.24
1785364701.290,8.0,70.7,77.27,3.0,0.0,0,0,43103,117.38
1785364702.291,7.7,100.0,77.30,3.0,0.0,0,0,43103,112.68
1785364703.291,8.0,100.0,77.36,2.0,0.0,0,0,43103,112.57
1785364704.291,7.9,100.0,77.37,4.0,0.0,0,0,43103,112.38
1785364705.291,10.4,100.0,77.33,3.0,0.0,0,0,43103,112.28
1785364706.291,9.2,100.0,74.50,1.0,0.0,100,9,0,116.15
